customer_id,age,region,monthly_income,employment_status
C00001,41,Stockholms län,26400,Temporary/Probation/Freelance
C00002,68,Stockholms län,18900,Retired
C00003,56,Dalarnas län,30800,Permanent employment
C00004,49,Västra Götalands län,35700,Permanent employment
C00005,27,Östergötlands län,45900,Permanent employment
C00006,33,Skåne län,29900,Self-employed
C00007,20,Stockholms län,57100,Self-employed
C00008,67,Västra Götalands län,24000,Retired
C00009,48,Stockholms län,42600,Permanent employment
C00010,63,Västra Götalands län,40000,Permanent employment
C00011,22,Skåne län,9600,Student
C00012,70,Södermanlands län,28600,Retired
C00013,68,Dalarnas län,15300,Retired
C00014,25,Norrbottens län,37500,Permanent employment
C00015,32,Uppsala län,40700,Permanent employment
C00016,26,Örebro län,43200,Permanent employment
C00017,42,Västra Götalands län,52100,Permanent employment
C00018,50,Västra Götalands län,41700,Self-employed
C00019,42,Västerbottens län,35200,Permanent employment
C00020,40,Skåne län,15600,Unemployed
C00021,49,Västra Götalands län,42900,Self-employed
C00022,29,Örebro län,46400,Permanent employment
C00023,44,Skåne län,14800,Unemployed
C00024,44,Skåne län,53500,Permanent employment
C00025,52,Östergötlands län,41300,Permanent employment
C00026,61,Värmlands län,66900,Self-employed
C00027,32,Västra Götalands län,39100,Permanent employment
C00028,52,Skåne län,15700,Unemployed
C00029,51,Kalmar län,7100,Unemployed
C00030,21,Stockholms län,15600,Student
C00031,53,Stockholms län,13300,Unemployed
C00032,31,Skåne län,41500,Permanent employment
C00033,23,Kalmar län,8400,Student
C00034,75,Värmlands län,65700,Self-employed
C00035,79,Skåne län,25500,Retired
C00036,70,Västernorrlands län,24900,Retired
C00037,43,Stockholms län,45100,Temporary/Probation/Freelance
C00038,25,Norrbottens län,4000,Unemployed
C00039,56,Södermanlands län,40100,Permanent employment
C00040,35,Västra Götalands län,43900,Permanent employment
C00041,34,Skåne län,32200,Permanent employment
C00042,47,Jönköpings län,51000,Self-employed
C00043,22,Stockholms län,3300,Student
C00044,69,Stockholms län,14800,Retired
C00045,25,Västra Götalands län,32600,Parental leave
C00046,58,Jönköpings län,36600,Permanent employment
C00047,42,Västerbottens län,48600,Permanent employment
C00048,50,Östergötlands län,40800,Permanent employment
C00049,45,Norrbottens län,39100,Permanent employment
C00050,25,Stockholms län,31100,Permanent employment
C00051,67,Stockholms län,17200,Retired
C00052,64,Östergötlands län,20900,Retired
C00053,79,Dalarnas län,18300,Retired
C00054,72,Skåne län,23000,Retired
C00055,52,Stockholms län,32000,Permanent employment
C00056,77,Stockholms län,18000,Retired
C00057,27,Östergötlands län,46700,Permanent employment
C00058,31,Hallands län,29200,Permanent employment
C00059,23,Östergötlands län,25400,Permanent employment
C00060,37,Västra Götalands län,67300,Self-employed
C00061,38,Västra Götalands län,44700,Permanent employment
C00062,43,Dalarnas län,32900,Permanent employment
C00063,77,Skåne län,28100,Retired
C00064,38,Östergötlands län,53300,Permanent employment
C00065,37,Norrbottens län,44800,Permanent employment
C00066,49,Jönköpings län,41100,Permanent employment
C00067,31,Gotlands län,25800,Permanent employment
C00068,69,Örebro län,20500,Retired
C00069,23,Stockholms län,22000,Permanent employment
C00070,72,Kronobergs län,23800,Retired
C00071,58,Stockholms län,48800,Permanent employment
C00072,26,Stockholms län,27200,Self-employed
C00073,21,Stockholms län,35500,Temporary/Probation/Freelance
C00074,77,Stockholms län,7000,Unemployed
C00075,60,Jönköpings län,41300,Permanent employment
C00076,56,Örebro län,28900,Permanent employment
C00077,57,Hallands län,44300,Permanent employment
C00078,20,Västra Götalands län,39000,Temporary/Probation/Freelance
C00079,39,Skåne län,42000,Permanent employment
C00080,33,Örebro län,39100,Permanent employment
C00081,66,Dalarnas län,39500,Permanent employment
C00082,61,Västmanlands län,45500,Permanent employment
C00083,39,Örebro län,50700,Permanent employment
C00084,21,Stockholms län,9900,Student
C00085,42,Hallands län,11900,Unemployed
C00086,40,Hallands län,47000,Permanent employment
C00087,58,Skåne län,55700,Permanent employment
C00088,58,Skåne län,45200,Permanent employment
C00089,66,Stockholms län,34100,Permanent employment
C00090,47,Stockholms län,58200,Permanent employment
C00091,31,Gävleborgs län,32300,Permanent employment
C00092,57,Västra Götalands län,30900,Self-employed
C00093,59,Uppsala län,18000,Unemployed
C00094,54,Södermanlands län,42100,Permanent employment
C00095,60,Hallands län,46500,Permanent employment
C00096,50,Kalmar län,48000,Permanent employment
C00097,48,Blekinge län,48100,Permanent employment
C00098,40,Stockholms län,55100,Permanent employment
C00099,22,Stockholms län,8700,Student
C00100,31,Kronobergs län,38200,Permanent employment
C00101,23,Västra Götalands län,5400,Student
C00102,56,Stockholms län,48200,Permanent employment
C00103,41,Östergötlands län,46400,Permanent employment
C00104,47,Västra Götalands län,67600,Self-employed
C00105,79,Värmlands län,26500,Retired
C00106,25,Stockholms län,18700,Student
C00107,36,Västra Götalands län,44100,Permanent employment
C00108,64,Västerbottens län,49200,Self-employed
C00109,33,Gävleborgs län,38500,Permanent employment
C00110,23,Värmlands län,25100,Permanent employment
C00111,42,Västra Götalands län,31300,Permanent employment
C00112,30,Uppsala län,39600,Permanent employment
C00113,78,Västra Götalands län,12700,Retired
C00114,70,Västra Götalands län,27100,Retired
C00115,55,Kalmar län,51100,Permanent employment
C00116,66,Skåne län,23500,Retired
C00117,68,Västra Götalands län,26600,Retired
C00118,27,Västerbottens län,33300,Temporary/Probation/Freelance
C00119,78,Södermanlands län,30600,Retired
C00120,45,Uppsala län,44300,Permanent employment
C00121,72,Hallands län,34500,Permanent employment
C00122,71,Stockholms län,12000,Retired
C00123,38,Hallands län,42600,Permanent employment
C00124,33,Stockholms län,26600,Permanent employment
C00125,28,Skåne län,38300,Permanent employment
C00126,35,Västra Götalands län,11300,Student
C00127,79,Stockholms län,20200,Retired
C00128,74,Stockholms län,29100,Retired
C00129,20,Östergötlands län,47900,Self-employed
C00130,45,Jönköpings län,11400,Unemployed
C00131,35,Västra Götalands län,41800,Permanent employment
C00132,28,Skåne län,47400,Permanent employment
C00133,25,Kronobergs län,26100,Permanent employment
C00134,36,Skåne län,43300,Permanent employment
C00135,68,Stockholms län,44400,Permanent employment
C00136,41,Västra Götalands län,40700,Permanent employment
C00137,46,Stockholms län,32000,Self-employed
C00138,62,Örebro län,50700,Permanent employment
C00139,41,Skåne län,59300,Permanent employment
C00140,73,Skåne län,21600,Retired
C00141,78,Västra Götalands län,24100,Retired
C00142,30,Västmanlands län,42100,Permanent employment
C00143,48,Jämtlands län,37900,Permanent employment
C00144,40,Skåne län,45500,Permanent employment
C00145,38,Stockholms län,55700,Permanent employment
C00146,20,Dalarnas län,23500,Unemployed
C00147,47,Stockholms län,20000,Temporary/Probation/Freelance
C00148,47,Örebro län,38700,Permanent employment
C00149,21,Västra Götalands län,26500,Temporary/Probation/Freelance
C00150,35,Gävleborgs län,12500,Unemployed
C00151,78,Gävleborgs län,31500,Retired
C00152,25,Stockholms län,38200,Permanent employment
C00153,27,Hallands län,45000,Permanent employment
C00154,51,Stockholms län,46700,Permanent employment
C00155,79,Stockholms län,23100,Retired
C00156,33,Skåne län,12200,Student
C00157,56,Stockholms län,27100,Permanent employment
C00158,61,Västra Götalands län,40700,Permanent employment
C00159,25,Västerbottens län,36000,Permanent employment
C00160,56,Skåne län,33300,Permanent employment
C00161,40,Uppsala län,54400,Permanent employment
C00162,59,Västmanlands län,22200,Retired
C00163,62,Västmanlands län,45600,Permanent employment
C00164,46,Västra Götalands län,51100,Permanent employment
C00165,25,Västra Götalands län,32200,Permanent employment
C00166,71,Dalarnas län,25900,Retired
C00167,40,Stockholms län,33600,Permanent employment
C00168,32,Västernorrlands län,41800,Permanent employment
C00169,22,Jämtlands län,7200,Student
C00170,52,Dalarnas län,43000,Permanent employment
C00171,56,Uppsala län,65200,Self-employed
C00172,20,Västmanlands län,19100,Student
C00173,51,Skåne län,40000,Permanent employment
C00174,26,Hallands län,32000,Permanent employment
C00175,62,Västmanlands län,13400,Student
C00176,33,Stockholms län,35100,Temporary/Probation/Freelance
C00177,61,Jönköpings län,34700,Permanent employment
C00178,38,Örebro län,44800,Permanent employment
C00179,73,Örebro län,23700,Retired
C00180,28,Västmanlands län,37700,Permanent employment
C00181,38,Stockholms län,49600,Permanent employment
C00182,33,Västra Götalands län,48600,Permanent employment
C00183,78,Stockholms län,22300,Retired
C00184,72,Värmlands län,36500,Retired
C00185,28,Uppsala län,37100,Permanent employment
C00186,62,Västra Götalands län,54400,Permanent employment
C00187,79,Skåne län,52600,Self-employed
C00188,52,Norrbottens län,15400,Student
C00189,51,Hallands län,37600,Temporary/Probation/Freelance
C00190,34,Västra Götalands län,23500,Temporary/Probation/Freelance
C00191,30,Jönköpings län,51600,Self-employed
C00192,72,Västra Götalands län,17500,Retired
C00193,71,Skåne län,23200,Retired
C00194,59,Stockholms län,20800,Temporary/Probation/Freelance
C00195,38,Hallands län,41400,Self-employed
C00196,36,Örebro län,45400,Permanent employment
C00197,62,Uppsala län,37000,Permanent employment
C00198,73,Stockholms län,23900,Retired
C00199,68,Hallands län,29500,Retired
C00200,58,Örebro län,36100,Permanent employment
C00201,59,Uppsala län,49200,Permanent employment
C00202,26,Västernorrlands län,44500,Permanent employment
C00203,31,Västernorrlands län,22400,Temporary/Probation/Freelance
C00204,79,Stockholms län,15000,Temporary/Probation/Freelance
C00205,49,Uppsala län,52600,Permanent employment
C00206,23,Västra Götalands län,28300,Permanent employment
C00207,32,Västerbottens län,14000,Unemployed
C00208,62,Västra Götalands län,57200,Permanent employment
C00209,23,Skåne län,12100,Student
C00210,29,Stockholms län,41300,Permanent employment
C00211,50,Skåne län,44900,Permanent employment
C00212,57,Hallands län,41700,Permanent employment
C00213,55,Östergötlands län,13700,Unemployed
C00214,33,Skåne län,37000,Permanent employment
C00215,63,Stockholms län,31200,Permanent employment
C00216,27,Skåne län,31000,Permanent employment
C00217,38,Stockholms län,44600,Permanent employment
C00218,61,Stockholms län,38200,Retired
C00219,56,Västmanlands län,33300,Permanent employment
C00220,76,Stockholms län,20300,Retired
C00221,57,Skåne län,39300,Permanent employment
C00222,50,Stockholms län,49800,Permanent employment
C00223,32,Uppsala län,38700,Permanent employment
C00224,35,Jönköpings län,40500,Permanent employment
C00225,38,Stockholms län,53100,Permanent employment
C00226,25,Stockholms län,31100,Permanent employment
C00227,66,Dalarnas län,20300,Retired
C00228,42,Stockholms län,37200,Permanent employment
C00229,70,Stockholms län,30800,Retired
C00230,63,Värmlands län,42700,Permanent employment
C00231,66,Södermanlands län,38000,Permanent employment
C00232,47,Västra Götalands län,48100,Permanent employment
C00233,53,Stockholms län,56100,Permanent employment
C00234,53,Uppsala län,15000,Temporary/Probation/Freelance
C00235,30,Skåne län,13100,Student
C00236,57,Norrbottens län,20900,Unemployed
C00237,39,Stockholms län,55900,Permanent employment
C00238,21,Kalmar län,40500,Self-employed
C00239,61,Stockholms län,24600,Retired
C00240,34,Stockholms län,48700,Self-employed
C00241,75,Gävleborgs län,22100,Retired
C00242,72,Stockholms län,30400,Retired
C00243,70,Västmanlands län,12700,Retired
C00244,42,Stockholms län,49000,Permanent employment
C00245,21,Dalarnas län,9600,Student
C00246,67,Skåne län,31000,Retired
C00247,41,Dalarnas län,52800,Permanent employment
C00248,74,Stockholms län,24700,Retired
C00249,76,Västra Götalands län,19500,Retired
C00250,65,Västra Götalands län,18200,Unemployed
C00251,41,Skåne län,36100,Permanent employment
C00252,40,Örebro län,37600,Permanent employment
C00253,72,Västra Götalands län,23400,Retired
C00254,41,Dalarnas län,41400,Permanent employment
C00255,28,Kronobergs län,36500,Permanent employment
C00256,47,Hallands län,42900,Permanent employment
C00257,67,Dalarnas län,23700,Retired
C00258,58,Stockholms län,53400,Permanent employment
C00259,53,Skåne län,36900,Permanent employment
C00260,33,Västerbottens län,34700,Permanent employment
C00261,46,Skåne län,50800,Permanent employment
C00262,69,Uppsala län,24200,Retired
C00263,25,Jönköpings län,22200,Temporary/Probation/Freelance
C00264,48,Dalarnas län,44400,Permanent employment
C00265,66,Västerbottens län,13300,Retired
C00266,62,Jämtlands län,18100,Unemployed
C00267,58,Västra Götalands län,43800,Permanent employment
C00268,59,Skåne län,58400,Permanent employment
C00269,38,Stockholms län,37200,Permanent employment
C00270,39,Stockholms län,40300,Permanent employment
C00271,69,Stockholms län,31400,Temporary/Probation/Freelance
C00272,69,Stockholms län,33100,Retired
C00273,75,Dalarnas län,20500,Retired
C00274,67,Örebro län,19000,Retired
C00275,51,Skåne län,45500,Permanent employment
C00276,47,Norrbottens län,40300,Permanent employment
C00277,66,Västerbottens län,46300,Permanent employment
C00278,57,Västra Götalands län,43500,Permanent employment
C00279,57,Skåne län,47900,Permanent employment
C00280,72,Stockholms län,30200,Retired
C00281,68,Skåne län,26500,Retired
C00282,37,Stockholms län,53100,Permanent employment
C00283,44,Kronobergs län,38900,Self-employed
C00284,29,Jämtlands län,27900,Permanent employment
C00285,48,Östergötlands län,37500,Permanent employment
C00286,20,Stockholms län,9600,Student
C00287,52,Hallands län,32500,Parental leave
C00288,51,Hallands län,55500,Self-employed
C00289,42,Stockholms län,40500,Permanent employment
C00290,49,Stockholms län,17500,Unemployed
C00291,23,Norrbottens län,0,Student
C00292,20,Uppsala län,7300,Student
C00293,70,Västmanlands län,27400,Retired
C00294,42,Skåne län,61400,Self-employed
C00295,31,Blekinge län,58600,Self-employed
C00296,46,Södermanlands län,37400,Temporary/Probation/Freelance
C00297,61,Västra Götalands län,44200,Permanent employment
C00298,30,Dalarnas län,42800,Self-employed
C00299,59,Uppsala län,29900,Permanent employment
C00300,28,Stockholms län,13000,Unemployed
C00301,20,Stockholms län,4300,Student
C00302,46,Värmlands län,56100,Self-employed
C00303,51,Blekinge län,35400,Permanent employment
C00304,64,Stockholms län,22800,Retired
C00305,57,Östergötlands län,34700,Permanent employment
C00306,69,Skåne län,23800,Retired
C00307,52,Västmanlands län,42600,Self-employed
C00308,42,Västra Götalands län,32700,Permanent employment
C00309,70,Stockholms län,26300,Retired
C00310,39,Stockholms län,43000,Permanent employment
C00311,36,Kalmar län,45200,Permanent employment
C00312,20,Stockholms län,37500,Self-employed
C00313,20,Västra Götalands län,25000,Permanent employment
C00314,75,Kalmar län,29200,Retired
C00315,66,Östergötlands län,31100,Retired
C00316,55,Skåne län,30700,Retired
C00317,38,Västra Götalands län,35400,Permanent employment
C00318,28,Skåne län,47700,Permanent employment
C00319,29,Värmlands län,34500,Temporary/Probation/Freelance
C00320,29,Västra Götalands län,46700,Permanent employment
C00321,52,Värmlands län,67200,Self-employed
C00322,57,Västra Götalands län,45400,Permanent employment
C00323,60,Stockholms län,37400,Permanent employment
C00324,37,Stockholms län,39700,Permanent employment
C00325,77,Gävleborgs län,19100,Retired
C00326,56,Jämtlands län,13300,Unemployed
C00327,52,Västra Götalands län,27200,Self-employed
C00328,45,Västra Götalands län,33000,Permanent employment
C00329,43,Uppsala län,33200,Permanent employment
C00330,31,Skåne län,37800,Permanent employment
C00331,44,Norrbottens län,43100,Permanent employment
C00332,58,Västmanlands län,46600,Permanent employment
C00333,22,Östergötlands län,28700,Permanent employment
C00334,30,Södermanlands län,46100,Permanent employment
C00335,20,Skåne län,25900,Permanent employment
C00336,20,Kalmar län,32300,Permanent employment
C00337,68,Jönköpings län,46900,Permanent employment
C00338,64,Västra Götalands län,24300,Retired
C00339,49,Stockholms län,52100,Permanent employment
C00340,33,Västra Götalands län,41700,Permanent employment
C00341,46,Västra Götalands län,50600,Permanent employment
C00342,46,Örebro län,40500,Permanent employment
C00343,29,Västmanlands län,13100,Unemployed
C00344,35,Skåne län,29700,Permanent employment
C00345,42,Värmlands län,43900,Self-employed
C00346,49,Skåne län,35400,Permanent employment
C00347,64,Västerbottens län,40300,Retired
C00348,21,Stockholms län,15200,Unemployed
C00349,43,Västernorrlands län,42200,Permanent employment
C00350,56,Uppsala län,48300,Permanent employment
C00351,51,Stockholms län,35300,Permanent employment
C00352,72,Blekinge län,20400,Retired
C00353,60,Västra Götalands län,40600,Permanent employment
C00354,31,Stockholms län,56600,Self-employed
C00355,22,Skåne län,23200,Permanent employment
C00356,55,Örebro län,19000,Retired
C00357,23,Uppsala län,10600,Student
C00358,51,Hallands län,35100,Temporary/Probation/Freelance
C00359,65,Östergötlands län,25400,Retired
C00360,45,Skåne län,38700,Permanent employment
C00361,40,Västra Götalands län,45700,Permanent employment
C00362,58,Jönköpings län,32700,Self-employed
C00363,47,Norrbottens län,38400,Permanent employment
C00364,49,Skåne län,47900,Permanent employment
C00365,73,Örebro län,27700,Retired
C00366,44,Västra Götalands län,44900,Permanent employment
C00367,74,Västmanlands län,27500,Retired
C00368,76,Stockholms län,29300,Retired
C00369,34,Stockholms län,15000,Temporary/Probation/Freelance
C00370,22,Skåne län,32900,Permanent employment
C00371,29,Västmanlands län,48800,Permanent employment
C00372,21,Stockholms län,28000,Permanent employment
C00373,29,Västerbottens län,48800,Permanent employment
C00374,63,Stockholms län,45200,Permanent employment
C00375,22,Stockholms län,10400,Student
C00376,44,Stockholms län,46900,Permanent employment
C00377,75,Hallands län,13300,Retired
C00378,23,Västernorrlands län,18400,Student
C00379,65,Uppsala län,20400,Retired
C00380,44,Skåne län,23400,Self-employed
C00381,29,Stockholms län,34300,Permanent employment
C00382,55,Västra Götalands län,43200,Permanent employment
C00383,60,Stockholms län,50900,Permanent employment
C00384,76,Skåne län,23400,Retired
C00385,64,Västra Götalands län,27400,Temporary/Probation/Freelance
C00386,74,Hallands län,21800,Retired
C00387,41,Stockholms län,35500,Permanent employment
C00388,25,Stockholms län,25800,Temporary/Probation/Freelance
C00389,64,Västra Götalands län,38900,Permanent employment
C00390,68,Örebro län,25700,Retired
C00391,73,Gävleborgs län,12000,Retired
C00392,35,Örebro län,41900,Permanent employment
C00393,43,Västerbottens län,40500,Temporary/Probation/Freelance
C00394,62,Kalmar län,45900,Permanent employment
C00395,39,Östergötlands län,37500,Temporary/Probation/Freelance
C00396,70,Stockholms län,21100,Retired
C00397,71,Skåne län,35600,Retired
C00398,38,Västra Götalands län,36400,Temporary/Probation/Freelance
C00399,60,Örebro län,43500,Permanent employment
C00400,61,Uppsala län,47500,Permanent employment
C00401,30,Skåne län,29400,Permanent employment
C00402,75,Västra Götalands län,15100,Retired
C00403,50,Skåne län,50600,Permanent employment
C00404,66,Södermanlands län,31800,Retired
C00405,39,Värmlands län,38600,Permanent employment
C00406,67,Stockholms län,29900,Retired
C00407,41,Gävleborgs län,12700,Student
C00408,23,Västerbottens län,6000,Student
C00409,65,Jönköpings län,16900,Retired
C00410,30,Jönköpings län,24200,Temporary/Probation/Freelance
C00411,40,Västra Götalands län,41600,Permanent employment
C00412,71,Skåne län,21100,Retired
C00413,79,Stockholms län,12800,Retired
C00414,52,Västernorrlands län,41600,Permanent employment
C00415,57,Blekinge län,45200,Permanent employment
C00416,40,Stockholms län,49600,Permanent employment
C00417,44,Skåne län,40900,Permanent employment
C00418,36,Stockholms län,20000,Unemployed
C00419,63,Stockholms län,30200,Temporary/Probation/Freelance
C00420,56,Skåne län,60700,Permanent employment
C00421,57,Kronobergs län,37800,Permanent employment
C00422,64,Skåne län,45500,Permanent employment
C00423,26,Norrbottens län,37400,Permanent employment
C00424,53,Västmanlands län,40300,Permanent employment
C00425,20,Stockholms län,17400,Unemployed
C00426,49,Stockholms län,50300,Permanent employment
C00427,35,Hallands län,43200,Permanent employment
C00428,69,Västra Götalands län,50700,Self-employed
C00429,42,Dalarnas län,31600,Parental leave
C00430,32,Västra Götalands län,36200,Permanent employment
C00431,32,Stockholms län,31400,Self-employed
C00432,56,Skåne län,30000,Temporary/Probation/Freelance
C00433,52,Örebro län,43700,Permanent employment
C00434,29,Västernorrlands län,30600,Permanent employment
C00435,25,Uppsala län,42600,Permanent employment
C00436,61,Skåne län,43300,Permanent employment
C00437,24,Stockholms län,28900,Temporary/Probation/Freelance
C00438,70,Skåne län,13500,Retired
C00439,59,Stockholms län,15300,Unemployed
C00440,25,Jämtlands län,27600,Permanent employment
C00441,25,Västra Götalands län,39000,Permanent employment
C00442,70,Västmanlands län,29900,Retired
C00443,44,Norrbottens län,20600,Unemployed
C00444,41,Stockholms län,14300,Unemployed
C00445,74,Västra Götalands län,36200,Retired
C00446,74,Dalarnas län,35900,Temporary/Probation/Freelance
C00447,65,Skåne län,27200,Retired
C00448,63,Västra Götalands län,50800,Permanent employment
C00449,38,Kalmar län,54400,Permanent employment
C00450,29,Västra Götalands län,43800,Permanent employment
C00451,56,Kronobergs län,42500,Self-employed
C00452,54,Skåne län,41200,Permanent employment
C00453,42,Stockholms län,21800,Self-employed
C00454,78,Stockholms län,44200,Permanent employment
C00455,26,Stockholms län,46300,Permanent employment
C00456,47,Stockholms län,38300,Permanent employment
C00457,23,Skåne län,21400,Temporary/Probation/Freelance
C00458,53,Stockholms län,21200,Unemployed
C00459,21,Stockholms län,13000,Unemployed
C00460,30,Värmlands län,26000,Permanent employment
C00461,28,Västra Götalands län,8200,Unemployed
C00462,61,Värmlands län,53000,Self-employed
C00463,60,Västernorrlands län,39700,Permanent employment
C00464,54,Stockholms län,53600,Self-employed
C00465,78,Stockholms län,22300,Retired
C00466,43,Östergötlands län,46500,Permanent employment
C00467,43,Västernorrlands län,57400,Permanent employment
C00468,74,Västra Götalands län,22600,Retired
C00469,28,Östergötlands län,46200,Permanent employment
C00470,65,Stockholms län,43800,Permanent employment
C00471,21,Västra Götalands län,4200,Student
C00472,72,Uppsala län,37700,Retired
C00473,21,Skåne län,83200,Self-employed
C00474,72,Jämtlands län,22800,Retired
C00475,46,Skåne län,47700,Self-employed
C00476,68,Västernorrlands län,32600,Retired
C00477,20,Kronobergs län,9100,Student
C00478,51,Västra Götalands län,17900,Unemployed
C00479,68,Gävleborgs län,18200,Retired
C00480,52,Hallands län,57800,Permanent employment
C00481,63,Västra Götalands län,45500,Permanent employment
C00482,63,Västra Götalands län,48300,Permanent employment
C00483,47,Dalarnas län,69400,Self-employed
C00484,59,Stockholms län,29600,Retired
C00485,50,Östergötlands län,44600,Permanent employment
C00486,70,Kronobergs län,55000,Permanent employment
C00487,21,Gävleborgs län,14200,Student
C00488,42,Västerbottens län,43800,Permanent employment
C00489,70,Stockholms län,18000,Self-employed
C00490,70,Stockholms län,23800,Retired
C00491,48,Västernorrlands län,41300,Permanent employment
C00492,51,Södermanlands län,45200,Permanent employment
C00493,42,Uppsala län,40500,Permanent employment
C00494,27,Stockholms län,33100,Temporary/Probation/Freelance
C00495,51,Södermanlands län,41900,Permanent employment
C00496,37,Västra Götalands län,55000,Permanent employment
C00497,52,Gotlands län,49300,Permanent employment
C00498,20,Skåne län,27200,Parental leave
C00499,65,Västernorrlands län,43100,Permanent employment
C00500,78,Stockholms län,34100,Temporary/Probation/Freelance
C00501,60,Stockholms län,32500,Permanent employment
C00502,54,Västmanlands län,53400,Self-employed
C00503,43,Västra Götalands län,18000,Self-employed
C00504,76,Uppsala län,34600,Retired
C00505,58,Östergötlands län,27000,Temporary/Probation/Freelance
C00506,30,Östergötlands län,45300,Permanent employment
C00507,76,Västra Götalands län,15900,Retired
C00508,69,Stockholms län,27900,Retired
C00509,76,Skåne län,15700,Retired
C00510,55,Stockholms län,40900,Permanent employment
C00511,50,Örebro län,51800,Permanent employment
C00512,43,Jönköpings län,49300,Permanent employment
C00513,79,Skåne län,27900,Retired
C00514,79,Stockholms län,21400,Retired
C00515,23,Stockholms län,4800,Student
C00516,22,Västra Götalands län,13900,Student
C00517,37,Västra Götalands län,38600,Permanent employment
C00518,78,Västra Götalands län,19500,Retired
C00519,66,Västra Götalands län,33900,Retired
C00520,28,Stockholms län,33500,Parental leave
C00521,54,Västra Götalands län,35500,Permanent employment
C00522,37,Stockholms län,44900,Permanent employment
C00523,76,Stockholms län,41900,Permanent employment
C00524,66,Västra Götalands län,21300,Retired
C00525,65,Gävleborgs län,21500,Retired
C00526,47,Västra Götalands län,54200,Permanent employment
C00527,44,Värmlands län,20000,Student
C00528,40,Norrbottens län,44700,Permanent employment
C00529,20,Stockholms län,10800,Student
C00530,75,Västerbottens län,8500,Unemployed
C00531,69,Hallands län,20800,Unemployed
C00532,79,Örebro län,11400,Unemployed
C00533,67,Västra Götalands län,20900,Retired
C00534,49,Skåne län,50500,Permanent employment
C00535,59,Västra Götalands län,50100,Self-employed
C00536,69,Östergötlands län,27700,Retired
C00537,76,Västernorrlands län,28700,Retired
C00538,31,Stockholms län,37900,Permanent employment
C00539,49,Östergötlands län,17500,Unemployed
C00540,31,Stockholms län,26000,Permanent employment
C00541,73,Uppsala län,35300,Retired
C00542,49,Stockholms län,28900,Parental leave
C00543,26,Stockholms län,17500,Unemployed
C00544,59,Skåne län,46400,Permanent employment
C00545,52,Skåne län,18000,Self-employed
C00546,38,Stockholms län,46500,Permanent employment
C00547,26,Uppsala län,23200,Permanent employment
C00548,64,Västerbottens län,12500,Student
C00549,47,Stockholms län,46500,Permanent employment
C00550,63,Östergötlands län,22000,Self-employed
C00551,53,Stockholms län,46300,Permanent employment
C00552,72,Stockholms län,20600,Retired
C00553,52,Västra Götalands län,43900,Permanent employment
C00554,52,Jönköpings län,26900,Permanent employment
C00555,72,Skåne län,15200,Retired
C00556,42,Stockholms län,39500,Permanent employment
C00557,25,Västra Götalands län,23200,Parental leave
C00558,23,Västra Götalands län,11900,Unemployed
C00559,63,Stockholms län,19200,Retired
C00560,52,Stockholms län,50400,Self-employed
C00561,57,Stockholms län,23900,Permanent employment
C00562,25,Västra Götalands län,22000,Unemployed
C00563,26,Stockholms län,33900,Self-employed
C00564,22,Skåne län,39500,Self-employed
C00565,36,Stockholms län,49200,Permanent employment
C00566,51,Stockholms län,57200,Permanent employment
C00567,40,Stockholms län,40900,Permanent employment
C00568,36,Östergötlands län,57400,Self-employed
C00569,72,Stockholms län,19200,Retired
C00570,43,Kronobergs län,51600,Permanent employment
C00571,51,Hallands län,49900,Permanent employment
C00572,58,Jönköpings län,9700,Unemployed
C00573,35,Västra Götalands län,55400,Self-employed
C00574,48,Västra Götalands län,19300,Self-employed
C00575,68,Västra Götalands län,18700,Retired
C00576,72,Västernorrlands län,14500,Retired
C00577,28,Uppsala län,30000,Parental leave
C00578,68,Stockholms län,30900,Retired
C00579,46,Hallands län,22600,Self-employed
C00580,34,Hallands län,40800,Permanent employment
C00581,51,Skåne län,13000,Unemployed
C00582,79,Stockholms län,16700,Retired
C00583,48,Skåne län,42000,Permanent employment
C00584,40,Västernorrlands län,49100,Permanent employment
C00585,57,Östergötlands län,49600,Permanent employment
C00586,31,Västerbottens län,40200,Permanent employment
C00587,22,Jönköpings län,9800,Student
C00588,28,Stockholms län,10100,Student
C00589,34,Kronobergs län,32900,Permanent employment
C00590,29,Skåne län,38700,Permanent employment
C00591,33,Västra Götalands län,18200,Temporary/Probation/Freelance
C00592,60,Skåne län,42200,Permanent employment
C00593,28,Skåne län,18500,Student
C00594,41,Stockholms län,41900,Permanent employment
C00595,66,Uppsala län,31700,Retired
C00596,48,Östergötlands län,49700,Permanent employment
C00597,59,Norrbottens län,53100,Permanent employment
C00598,28,Södermanlands län,15000,Temporary/Probation/Freelance
C00599,28,Gävleborgs län,39200,Permanent employment
C00600,22,Östergötlands län,16400,Unemployed
C00601,33,Stockholms län,43600,Permanent employment
C00602,36,Uppsala län,39600,Temporary/Probation/Freelance
C00603,30,Uppsala län,16800,Unemployed
C00604,32,Norrbottens län,39700,Permanent employment
C00605,32,Västra Götalands län,22300,Temporary/Probation/Freelance
C00606,51,Västernorrlands län,31700,Permanent employment
C00607,34,Västmanlands län,69100,Self-employed
C00608,38,Skåne län,34100,Self-employed
C00609,51,Västra Götalands län,42500,Permanent employment
C00610,64,Västra Götalands län,49300,Permanent employment
C00611,22,Västra Götalands län,9900,Student
C00612,70,Uppsala län,15800,Retired
C00613,56,Kalmar län,12000,Retired
C00614,32,Hallands län,27100,Temporary/Probation/Freelance
C00615,72,Stockholms län,24600,Retired
C00616,78,Skåne län,29500,Retired
C00617,22,Västmanlands län,9400,Student
C00618,41,Skåne län,45100,Permanent employment
C00619,75,Skåne län,14700,Retired
C00620,63,Stockholms län,31200,Retired
C00621,32,Värmlands län,25000,Student
C00622,33,Jönköpings län,47100,Permanent employment
C00623,43,Västerbottens län,18800,Unemployed
C00624,50,Norrbottens län,47400,Permanent employment
C00625,46,Västernorrlands län,9800,Unemployed
C00626,41,Stockholms län,39000,Permanent employment
C00627,47,Östergötlands län,49600,Permanent employment
C00628,61,Jämtlands län,49200,Permanent employment
C00629,20,Värmlands län,5300,Student
C00630,34,Gävleborgs län,41200,Permanent employment
C00631,64,Skåne län,24700,Retired
C00632,66,Skåne län,46500,Permanent employment
C00633,50,Stockholms län,51400,Self-employed
C00634,50,Västmanlands län,47900,Permanent employment
C00635,33,Västra Götalands län,24400,Permanent employment
C00636,43,Stockholms län,57800,Permanent employment
C00637,49,Stockholms län,54900,Permanent employment
C00638,29,Skåne län,29900,Temporary/Probation/Freelance
C00639,43,Västra Götalands län,36700,Permanent employment
C00640,42,Stockholms län,48900,Permanent employment
C00641,22,Uppsala län,22000,Permanent employment
C00642,41,Stockholms län,56700,Permanent employment
C00643,32,Stockholms län,36900,Permanent employment
C00644,42,Västernorrlands län,40800,Permanent employment
C00645,25,Västra Götalands län,55500,Self-employed
C00646,71,Västra Götalands län,20600,Retired
C00647,47,Värmlands län,43000,Permanent employment
C00648,56,Jönköpings län,37400,Permanent employment
C00649,56,Västra Götalands län,47400,Permanent employment
C00650,52,Norrbottens län,50500,Self-employed
C00651,33,Västra Götalands län,15300,Student
C00652,47,Kalmar län,33600,Permanent employment
C00653,47,Västra Götalands län,36500,Permanent employment
C00654,60,Gävleborgs län,39400,Permanent employment
C00655,44,Stockholms län,38900,Temporary/Probation/Freelance
C00656,25,Uppsala län,19300,Self-employed
C00657,40,Västernorrlands län,23200,Temporary/Probation/Freelance
C00658,37,Jämtlands län,54900,Permanent employment
C00659,58,Skåne län,54500,Self-employed
C00660,53,Jönköpings län,52600,Permanent employment
C00661,37,Södermanlands län,44400,Permanent employment
C00662,65,Skåne län,44100,Temporary/Probation/Freelance
C00663,47,Västernorrlands län,34800,Permanent employment
C00664,31,Stockholms län,28700,Parental leave
C00665,31,Kalmar län,8500,Student
C00666,29,Gävleborgs län,36000,Permanent employment
C00667,25,Jönköpings län,29200,Permanent employment
C00668,32,Västra Götalands län,12800,Student
C00669,34,Kronobergs län,29400,Permanent employment
C00670,42,Värmlands län,35700,Permanent employment
C00671,34,Norrbottens län,22000,Permanent employment
C00672,76,Kronobergs län,24100,Temporary/Probation/Freelance
C00673,34,Västmanlands län,10700,Student
C00674,54,Norrbottens län,47000,Permanent employment
C00675,36,Norrbottens län,43400,Permanent employment
C00676,74,Blekinge län,19200,Retired
C00677,27,Skåne län,35200,Permanent employment
C00678,38,Östergötlands län,26000,Parental leave
C00679,65,Östergötlands län,22200,Unemployed
C00680,68,Skåne län,34400,Permanent employment
C00681,69,Stockholms län,18500,Retired
C00682,27,Västra Götalands län,38000,Permanent employment
C00683,34,Skåne län,30300,Permanent employment
C00684,56,Gävleborgs län,43300,Permanent employment
C00685,77,Örebro län,31500,Permanent employment
C00686,50,Östergötlands län,45900,Permanent employment
C00687,52,Skåne län,41900,Permanent employment
C00688,41,Västra Götalands län,39800,Permanent employment
C00689,55,Stockholms län,39700,Self-employed
C00690,28,Stockholms län,34200,Permanent employment
C00691,37,Västmanlands län,42200,Permanent employment
C00692,40,Stockholms län,50400,Permanent employment
C00693,53,Gävleborgs län,40800,Parental leave
C00694,33,Gävleborgs län,16000,Parental leave
C00695,31,Skåne län,36400,Permanent employment
C00696,53,Örebro län,8900,Unemployed
C00697,42,Jönköpings län,42600,Permanent employment
C00698,49,Västmanlands län,47800,Permanent employment
C00699,33,Örebro län,44300,Parental leave
C00700,51,Stockholms län,42700,Permanent employment
C00701,49,Hallands län,45900,Permanent employment
C00702,20,Västra Götalands län,23600,Permanent employment
C00703,44,Stockholms län,38200,Permanent employment
C00704,25,Norrbottens län,30900,Permanent employment
C00705,24,Kalmar län,25700,Parental leave
C00706,73,Skåne län,20600,Retired
C00707,41,Stockholms län,55000,Permanent employment
C00708,65,Hallands län,40600,Permanent employment
C00709,25,Örebro län,41900,Permanent employment
C00710,59,Hallands län,45100,Permanent employment
C00711,62,Värmlands län,62100,Self-employed
C00712,53,Västra Götalands län,18600,Parental leave
C00713,50,Uppsala län,47400,Permanent employment
C00714,44,Blekinge län,49100,Self-employed
C00715,42,Stockholms län,29400,Parental leave
C00716,79,Stockholms län,31400,Retired
C00717,70,Stockholms län,23100,Retired
C00718,75,Jämtlands län,30100,Retired
C00719,30,Norrbottens län,39200,Permanent employment
C00720,58,Stockholms län,44700,Permanent employment
C00721,75,Östergötlands län,26100,Retired
C00722,29,Stockholms län,36600,Permanent employment
C00723,21,Örebro län,17800,Student
C00724,57,Skåne län,50500,Permanent employment
C00725,47,Västra Götalands län,44600,Permanent employment
C00726,78,Skåne län,25100,Retired
C00727,29,Västra Götalands län,15900,Unemployed
C00728,78,Östergötlands län,29600,Retired
C00729,29,Stockholms län,49300,Permanent employment
C00730,30,Stockholms län,17600,Unemployed
C00731,29,Skåne län,36800,Permanent employment
C00732,76,Gävleborgs län,18200,Retired
C00733,60,Östergötlands län,49900,Permanent employment
C00734,52,Stockholms län,47000,Permanent employment
C00735,36,Västernorrlands län,27300,Self-employed
C00736,68,Stockholms län,29900,Retired
C00737,40,Stockholms län,72300,Self-employed
C00738,76,Dalarnas län,23900,Retired
C00739,39,Västra Götalands län,56000,Permanent employment
C00740,35,Kalmar län,50400,Permanent employment
C00741,53,Västra Götalands län,36900,Permanent employment
C00742,37,Västra Götalands län,48000,Permanent employment
C00743,56,Stockholms län,15800,Temporary/Probation/Freelance
C00744,53,Västra Götalands län,32800,Temporary/Probation/Freelance
C00745,31,Västra Götalands län,30800,Permanent employment
C00746,69,Västerbottens län,44300,Permanent employment
C00747,40,Västerbottens län,49700,Permanent employment
C00748,48,Jönköpings län,26500,Parental leave
C00749,65,Hallands län,54800,Permanent employment
C00750,58,Stockholms län,36500,Permanent employment
C00751,33,Stockholms län,23000,Permanent employment
C00752,65,Blekinge län,42800,Permanent employment
C00753,64,Västra Götalands län,33500,Retired
C00754,37,Skåne län,13900,Unemployed
C00755,29,Blekinge län,33800,Permanent employment
C00756,61,Örebro län,31500,Permanent employment
C00757,53,Värmlands län,26600,Parental leave
C00758,50,Västra Götalands län,20900,Temporary/Probation/Freelance
C00759,67,Stockholms län,25600,Retired
C00760,61,Värmlands län,45300,Permanent employment
C00761,28,Västernorrlands län,10200,Unemployed
C00762,37,Stockholms län,42700,Permanent employment
C00763,31,Kalmar län,17200,Student
C00764,61,Norrbottens län,40000,Permanent employment
C00765,23,Hallands län,7700,Student
C00766,51,Skåne län,46300,Permanent employment
C00767,56,Stockholms län,8400,Unemployed
C00768,65,Skåne län,30500,Retired
C00769,36,Blekinge län,42100,Permanent employment
C00770,68,Stockholms län,15800,Retired
C00771,32,Skåne län,41800,Permanent employment
C00772,67,Stockholms län,20500,Retired
C00773,34,Västra Götalands län,23000,Temporary/Probation/Freelance
C00774,40,Västerbottens län,30400,Parental leave
C00775,70,Skåne län,31300,Retired
C00776,33,Västra Götalands län,35100,Permanent employment
C00777,33,Blekinge län,31200,Permanent employment
C00778,58,Stockholms län,27300,Permanent employment
C00779,63,Västerbottens län,32800,Permanent employment
C00780,60,Stockholms län,20500,Retired
C00781,56,Stockholms län,33800,Permanent employment
C00782,54,Skåne län,40100,Permanent employment
C00783,30,Västra Götalands län,19600,Student
C00784,36,Jönköpings län,37400,Parental leave
C00785,32,Stockholms län,32300,Permanent employment
C00786,68,Örebro län,31100,Temporary/Probation/Freelance
C00787,49,Jönköpings län,37400,Permanent employment
C00788,42,Stockholms län,55900,Permanent employment
C00789,52,Jönköpings län,46300,Self-employed
C00790,76,Stockholms län,31300,Retired
C00791,30,Skåne län,30800,Self-employed
C00792,48,Västra Götalands län,39600,Parental leave
C00793,45,Värmlands län,37100,Self-employed
C00794,51,Stockholms län,6900,Unemployed
C00795,20,Stockholms län,9100,Student
C00796,66,Stockholms län,38200,Permanent employment
C00797,65,Stockholms län,50000,Permanent employment
C00798,48,Stockholms län,40700,Permanent employment
C00799,59,Östergötlands län,46800,Permanent employment
C00800,74,Stockholms län,19100,Retired
C00801,55,Hallands län,37100,Permanent employment
C00802,29,Kronobergs län,30000,Parental leave
C00803,50,Stockholms län,48700,Permanent employment
C00804,47,Kronobergs län,20600,Parental leave
C00805,41,Stockholms län,51500,Permanent employment
C00806,60,Västra Götalands län,49600,Permanent employment
C00807,68,Jönköpings län,21800,Retired
C00808,67,Stockholms län,41600,Self-employed
C00809,49,Jönköpings län,26500,Permanent employment
C00810,27,Stockholms län,44400,Temporary/Probation/Freelance
C00811,74,Värmlands län,21600,Retired
C00812,73,Norrbottens län,31500,Retired
C00813,33,Stockholms län,33800,Permanent employment
C00814,70,Västra Götalands län,43000,Permanent employment
C00815,77,Uppsala län,27600,Retired
C00816,50,Stockholms län,41800,Permanent employment
C00817,48,Stockholms län,34000,Permanent employment
C00818,38,Dalarnas län,44100,Permanent employment
C00819,21,Jönköpings län,22000,Permanent employment
C00820,44,Norrbottens län,39000,Permanent employment
C00821,68,Blekinge län,19500,Retired
C00822,24,Stockholms län,30600,Permanent employment
C00823,44,Västra Götalands län,40500,Permanent employment
C00824,36,Västernorrlands län,22700,Parental leave
C00825,53,Örebro län,46300,Permanent employment
C00826,78,Västra Götalands län,28500,Retired
C00827,35,Östergötlands län,35300,Permanent employment
C00828,36,Stockholms län,45300,Self-employed
C00829,56,Stockholms län,17000,Unemployed
C00830,50,Skåne län,45700,Permanent employment
C00831,31,Västerbottens län,9200,Unemployed
C00832,47,Västra Götalands län,46700,Permanent employment
C00833,33,Örebro län,38000,Permanent employment
C00834,29,Södermanlands län,39100,Permanent employment
C00835,49,Västra Götalands län,14200,Unemployed
C00836,38,Dalarnas län,17900,Parental leave
C00837,73,Skåne län,22700,Retired
C00838,42,Blekinge län,51700,Permanent employment
C00839,48,Västra Götalands län,55100,Permanent employment
C00840,58,Skåne län,50000,Permanent employment
C00841,21,Norrbottens län,10100,Student
C00842,63,Gotlands län,47800,Permanent employment
C00843,27,Stockholms län,41800,Permanent employment
C00844,68,Skåne län,22300,Retired
C00845,31,Uppsala län,46000,Permanent employment
C00846,44,Skåne län,24800,Temporary/Probation/Freelance
C00847,32,Stockholms län,37200,Permanent employment
C00848,72,Jämtlands län,30200,Retired
C00849,48,Västmanlands län,38600,Permanent employment
C00850,51,Stockholms län,35600,Permanent employment
C00851,21,Stockholms län,5100,Student
C00852,55,Skåne län,12200,Student
C00853,30,Västra Götalands län,53600,Permanent employment
C00854,70,Stockholms län,32300,Retired
C00855,30,Stockholms län,43500,Permanent employment
C00856,26,Skåne län,49000,Permanent employment
C00857,24,Västra Götalands län,11400,Student
C00858,49,Uppsala län,40700,Permanent employment
C00859,46,Västra Götalands län,44600,Permanent employment
C00860,23,Västerbottens län,28100,Permanent employment
C00861,63,Stockholms län,36300,Permanent employment
C00862,53,Skåne län,28300,Temporary/Probation/Freelance
C00863,50,Stockholms län,34100,Permanent employment
C00864,43,Stockholms län,42700,Permanent employment
C00865,38,Stockholms län,44300,Permanent employment
C00866,45,Kalmar län,43800,Permanent employment
C00867,26,Örebro län,49800,Permanent employment
C00868,25,Skåne län,39400,Permanent employment
C00869,72,Stockholms län,36300,Retired
C00870,73,Stockholms län,14300,Retired
C00871,44,Skåne län,35300,Parental leave
C00872,40,Stockholms län,46500,Permanent employment
C00873,56,Östergötlands län,42300,Permanent employment
C00874,40,Skåne län,8700,Unemployed
C00875,20,Gävleborgs län,11700,Student
C00876,27,Stockholms län,53900,Permanent employment
C00877,63,Västra Götalands län,27000,Retired
C00878,56,Stockholms län,44200,Self-employed
C00879,22,Västra Götalands län,10700,Student
C00880,29,Skåne län,55600,Self-employed
C00881,26,Örebro län,42500,Temporary/Probation/Freelance
C00882,61,Skåne län,8200,Student
C00883,22,Jönköpings län,31500,Temporary/Probation/Freelance
C00884,34,Uppsala län,30000,Temporary/Probation/Freelance
C00885,79,Stockholms län,36800,Self-employed
C00886,33,Skåne län,31200,Parental leave
C00887,61,Gävleborgs län,53700,Permanent employment
C00888,29,Skåne län,33400,Permanent employment
C00889,28,Västra Götalands län,32900,Temporary/Probation/Freelance
C00890,28,Södermanlands län,40800,Permanent employment
C00891,64,Skåne län,42900,Permanent employment
C00892,72,Östergötlands län,26900,Retired
C00893,74,Stockholms län,26600,Retired
C00894,44,Kalmar län,38600,Permanent employment
C00895,64,Västra Götalands län,42600,Permanent employment
C00896,34,Kronobergs län,44700,Self-employed
C00897,44,Västra Götalands län,37700,Permanent employment
C00898,65,Västra Götalands län,24300,Retired
C00899,24,Östergötlands län,9900,Student
C00900,26,Värmlands län,42100,Parental leave
C00901,33,Östergötlands län,5900,Student
C00902,21,Uppsala län,15000,Student
C00903,32,Stockholms län,41300,Permanent employment
C00904,50,Stockholms län,52200,Permanent employment
C00905,43,Västra Götalands län,39400,Permanent employment
C00906,70,Dalarnas län,12000,Retired
C00907,71,Stockholms län,23100,Retired
C00908,41,Stockholms län,50400,Permanent employment
C00909,33,Östergötlands län,8400,Student
C00910,42,Västra Götalands län,44000,Permanent employment
C00911,45,Jönköpings län,58800,Permanent employment
C00912,38,Skåne län,39900,Permanent employment
C00913,61,Västra Götalands län,49500,Permanent employment
C00914,42,Kalmar län,38100,Permanent employment
C00915,51,Norrbottens län,53100,Permanent employment
C00916,37,Södermanlands län,44500,Permanent employment
C00917,38,Norrbottens län,53800,Self-employed
C00918,76,Stockholms län,19400,Retired
C00919,61,Stockholms län,43700,Permanent employment
C00920,32,Västra Götalands län,39200,Permanent employment
C00921,71,Västra Götalands län,14000,Retired
C00922,50,Örebro län,41500,Permanent employment
C00923,73,Östergötlands län,44900,Permanent employment
C00924,73,Västernorrlands län,18600,Retired
C00925,41,Stockholms län,48200,Self-employed
C00926,20,Stockholms län,9100,Student
C00927,35,Södermanlands län,16400,Unemployed
C00928,50,Värmlands län,43800,Permanent employment
C00929,56,Västra Götalands län,59700,Permanent employment
C00930,32,Blekinge län,24200,Permanent employment
C00931,25,Uppsala län,25200,Parental leave
C00932,77,Stockholms län,28600,Retired
C00933,66,Östergötlands län,44300,Permanent employment
C00934,52,Skåne län,48100,Permanent employment
C00935,30,Västra Götalands län,15000,Temporary/Probation/Freelance
C00936,44,Västra Götalands län,43700,Permanent employment
C00937,21,Jämtlands län,14000,Unemployed
C00938,66,Stockholms län,34900,Temporary/Probation/Freelance
C00939,31,Östergötlands län,40500,Permanent employment
C00940,49,Skåne län,45100,Permanent employment
C00941,39,Västra Götalands län,44300,Permanent employment
C00942,52,Skåne län,36200,Permanent employment
C00943,61,Gävleborgs län,32800,Temporary/Probation/Freelance
C00944,76,Hallands län,42100,Permanent employment
C00945,33,Stockholms län,35000,Permanent employment
C00946,23,Stockholms län,9900,Student
C00947,34,Västra Götalands län,35500,Permanent employment
C00948,68,Västra Götalands län,13800,Retired
C00949,66,Stockholms län,47600,Permanent employment
C00950,47,Stockholms län,58100,Permanent employment
C00951,45,Skåne län,46900,Permanent employment
C00952,55,Västra Götalands län,45100,Permanent employment
C00953,31,Stockholms län,48500,Permanent employment
C00954,78,Skåne län,37200,Retired
C00955,39,Östergötlands län,43800,Permanent employment
C00956,37,Västernorrlands län,39900,Permanent employment
C00957,51,Stockholms län,52900,Self-employed
C00958,21,Västra Götalands län,31100,Permanent employment
C00959,27,Skåne län,44800,Permanent employment
C00960,55,Stockholms län,43000,Permanent employment
C00961,32,Skåne län,14300,Unemployed
C00962,46,Stockholms län,38300,Permanent employment
C00963,31,Västra Götalands län,15100,Student
C00964,43,Skåne län,40600,Permanent employment
C00965,40,Stockholms län,36600,Permanent employment
C00966,36,Stockholms län,26400,Permanent employment
C00967,56,Västra Götalands län,42300,Permanent employment
C00968,43,Södermanlands län,40000,Permanent employment
C00969,54,Skåne län,43400,Permanent employment
C00970,52,Östergötlands län,41600,Permanent employment
C00971,63,Västernorrlands län,21300,Retired
C00972,68,Skåne län,18100,Retired
C00973,58,Västra Götalands län,37800,Permanent employment
C00974,26,Stockholms län,22400,Temporary/Probation/Freelance
C00975,21,Stockholms län,13200,Unemployed
C00976,35,Uppsala län,9400,Unemployed
C00977,54,Östergötlands län,67600,Self-employed
C00978,24,Västra Götalands län,29900,Temporary/Probation/Freelance
C00979,48,Skåne län,34300,Permanent employment
C00980,54,Jönköpings län,46500,Permanent employment
C00981,44,Västra Götalands län,38700,Permanent employment
C00982,62,Stockholms län,50300,Permanent employment
C00983,26,Stockholms län,11500,Unemployed
C00984,24,Västmanlands län,17000,Student
C00985,62,Skåne län,63000,Self-employed
C00986,45,Västra Götalands län,70500,Permanent employment
C00987,55,Östergötlands län,43700,Permanent employment
C00988,38,Jönköpings län,49800,Permanent employment
C00989,31,Stockholms län,10100,Student
C00990,73,Västmanlands län,24500,Retired
C00991,69,Hallands län,32500,Retired
C00992,56,Stockholms län,48400,Permanent employment
C00993,41,Värmlands län,29300,Temporary/Probation/Freelance
C00994,46,Skåne län,54200,Permanent employment
C00995,43,Västra Götalands län,52000,Permanent employment
C00996,33,Stockholms län,48900,Permanent employment
C00997,67,Stockholms län,32400,Retired
C00998,32,Stockholms län,35500,Permanent employment
C00999,75,Stockholms län,20700,Retired
C01000,38,Västra Götalands län,27400,Parental leave
C01001,27,Västra Götalands län,34700,Parental leave
C01002,45,Västra Götalands län,54400,Permanent employment
C01003,69,Dalarnas län,31300,Retired
C01004,58,Uppsala län,2900,Student
C01005,65,Gävleborgs län,38000,Permanent employment
C01006,64,Gävleborgs län,47800,Permanent employment
C01007,62,Blekinge län,51600,Permanent employment
C01008,72,Stockholms län,45200,Permanent employment
C01009,32,Västra Götalands län,48700,Permanent employment
C01010,47,Östergötlands län,31800,Permanent employment
C01011,30,Värmlands län,41200,Self-employed
C01012,76,Stockholms län,33800,Retired
C01013,76,Skåne län,26300,Retired
C01014,20,Skåne län,23600,Temporary/Probation/Freelance
C01015,59,Stockholms län,17200,Unemployed
C01016,73,Jönköpings län,24900,Retired
C01017,30,Stockholms län,34800,Permanent employment
C01018,54,Skåne län,34000,Permanent employment
C01019,74,Västmanlands län,28800,Retired
C01020,21,Uppsala län,25400,Self-employed
C01021,58,Västra Götalands län,38900,Retired
C01022,35,Stockholms län,32500,Permanent employment
C01023,65,Västra Götalands län,24300,Retired
C01024,78,Västernorrlands län,29200,Retired
C01025,74,Östergötlands län,16800,Retired
C01026,49,Gävleborgs län,40000,Permanent employment
C01027,77,Skåne län,29900,Retired
C01028,78,Östergötlands län,17200,Retired
C01029,37,Gävleborgs län,58400,Permanent employment
C01030,69,Stockholms län,24300,Retired
C01031,24,Stockholms län,7900,Student
C01032,45,Hallands län,56400,Permanent employment
C01033,32,Värmlands län,30600,Permanent employment
C01034,29,Västra Götalands län,50100,Permanent employment
C01035,24,Stockholms län,5100,Student
C01036,63,Västerbottens län,51800,Permanent employment
C01037,42,Västra Götalands län,58100,Permanent employment
C01038,55,Jämtlands län,23200,Retired
C01039,22,Östergötlands län,9500,Student
C01040,41,Västra Götalands län,43000,Permanent employment
C01041,45,Västmanlands län,39500,Permanent employment
C01042,55,Jönköpings län,43600,Permanent employment
C01043,39,Västerbottens län,51300,Permanent employment
C01044,63,Uppsala län,55600,Self-employed
C01045,70,Östergötlands län,27500,Retired
C01046,54,Västernorrlands län,39900,Permanent employment
C01047,26,Västerbottens län,30500,Permanent employment
C01048,22,Södermanlands län,42400,Permanent employment
C01049,73,Stockholms län,14600,Retired
C01050,24,Västra Götalands län,28900,Permanent employment
C01051,69,Västernorrlands län,48300,Permanent employment
C01052,47,Hallands län,55600,Permanent employment
C01053,78,Västra Götalands län,24100,Retired
C01054,70,Västra Götalands län,25800,Retired
C01055,79,Stockholms län,20600,Retired
C01056,38,Västerbottens län,43800,Temporary/Probation/Freelance
C01057,64,Jönköpings län,52600,Permanent employment
C01058,36,Västra Götalands län,38000,Permanent employment
C01059,47,Skåne län,49600,Permanent employment
C01060,63,Skåne län,23100,Retired
C01061,75,Västra Götalands län,26100,Retired
C01062,75,Norrbottens län,37400,Permanent employment
C01063,63,Västra Götalands län,29300,Permanent employment
C01064,40,Värmlands län,23300,Parental leave
C01065,44,Stockholms län,41100,Permanent employment
C01066,64,Örebro län,39500,Permanent employment
C01067,33,Södermanlands län,22000,Permanent employment
C01068,28,Stockholms län,32500,Temporary/Probation/Freelance
C01069,39,Stockholms län,35100,Permanent employment
C01070,44,Västra Götalands län,44700,Permanent employment
C01071,40,Norrbottens län,36700,Permanent employment
C01072,33,Västra Götalands län,25500,Permanent employment
C01073,24,Uppsala län,29700,Permanent employment
C01074,24,Stockholms län,28400,Temporary/Probation/Freelance
C01075,72,Skåne län,24600,Retired
C01076,35,Stockholms län,56200,Permanent employment
C01077,39,Kronobergs län,16800,Unemployed
C01078,64,Västra Götalands län,37700,Retired
C01079,25,Västerbottens län,35900,Permanent employment
C01080,74,Gotlands län,18800,Retired
C01081,60,Stockholms län,33700,Temporary/Probation/Freelance
C01082,31,Örebro län,51000,Permanent employment
C01083,39,Västra Götalands län,37200,Permanent employment
C01084,65,Västmanlands län,52800,Permanent employment
C01085,70,Stockholms län,27200,Retired
C01086,54,Kalmar län,41900,Permanent employment
C01087,49,Norrbottens län,20000,Unemployed
C01088,30,Stockholms län,22800,Parental leave
C01089,75,Västra Götalands län,28600,Retired
C01090,34,Uppsala län,36700,Permanent employment
C01091,79,Skåne län,31700,Retired
C01092,61,Värmlands län,45300,Permanent employment
C01093,51,Skåne län,52700,Permanent employment
C01094,46,Värmlands län,45900,Self-employed
C01095,27,Gotlands län,7800,Student
C01096,30,Norrbottens län,37400,Permanent employment
C01097,27,Blekinge län,39300,Permanent employment
C01098,26,Stockholms län,40500,Permanent employment
C01099,58,Kalmar län,47800,Permanent employment
C01100,39,Västra Götalands län,45100,Permanent employment
C01101,22,Västmanlands län,13400,Student
C01102,74,Skåne län,39400,Retired
C01103,73,Hallands län,18800,Retired
C01104,67,Västmanlands län,30900,Retired
C01105,67,Örebro län,19100,Retired
C01106,30,Västra Götalands län,5300,Student
C01107,39,Örebro län,55000,Permanent employment
C01108,60,Skåne län,36700,Permanent employment
C01109,61,Stockholms län,42800,Permanent employment
C01110,27,Stockholms län,32400,Permanent employment
C01111,79,Norrbottens län,40800,Retired
C01112,29,Stockholms län,29800,Temporary/Probation/Freelance
C01113,32,Kalmar län,30300,Permanent employment
C01114,48,Västernorrlands län,38900,Permanent employment
C01115,54,Stockholms län,59900,Permanent employment
C01116,46,Västmanlands län,43500,Permanent employment
C01117,28,Örebro län,37400,Permanent employment
C01118,66,Norrbottens län,53400,Permanent employment
C01119,37,Södermanlands län,53900,Permanent employment
C01120,28,Östergötlands län,31900,Permanent employment
C01121,68,Gävleborgs län,18300,Retired
C01122,74,Stockholms län,20000,Retired
C01123,73,Skåne län,21600,Retired
C01124,74,Västra Götalands län,29700,Retired
C01125,60,Uppsala län,42400,Permanent employment
C01126,53,Jämtlands län,42900,Permanent employment
C01127,28,Västra Götalands län,38000,Permanent employment
C01128,43,Stockholms län,41000,Permanent employment
C01129,43,Stockholms län,20200,Unemployed
C01130,30,Stockholms län,33100,Permanent employment
C01131,59,Uppsala län,43200,Permanent employment
C01132,47,Västra Götalands län,34900,Temporary/Probation/Freelance
C01133,29,Stockholms län,16700,Unemployed
C01134,27,Jönköpings län,35300,Permanent employment
C01135,59,Gävleborgs län,15500,Student
C01136,24,Skåne län,20700,Student
C01137,66,Uppsala län,55600,Permanent employment
C01138,53,Västerbottens län,27600,Permanent employment
C01139,51,Uppsala län,44400,Permanent employment
C01140,50,Gävleborgs län,40400,Permanent employment
C01141,69,Västra Götalands län,27800,Retired
C01142,38,Västra Götalands län,52400,Permanent employment
C01143,62,Västra Götalands län,9400,Unemployed
C01144,46,Skåne län,60600,Self-employed
C01145,42,Örebro län,9900,Student
C01146,65,Västmanlands län,41200,Permanent employment
C01147,74,Jönköpings län,46700,Permanent employment
C01148,55,Kalmar län,9300,Student
C01149,67,Gävleborgs län,31800,Retired
C01150,69,Skåne län,21100,Retired
C01151,60,Dalarnas län,16700,Student
C01152,68,Västra Götalands län,23800,Retired
C01153,61,Hallands län,26400,Permanent employment
C01154,61,Stockholms län,37400,Permanent employment
C01155,46,Södermanlands län,44300,Permanent employment
C01156,56,Skåne län,45600,Permanent employment
C01157,26,Hallands län,37300,Permanent employment
C01158,79,Västra Götalands län,19000,Retired
C01159,78,Västra Götalands län,36400,Retired
C01160,21,Västra Götalands län,41200,Temporary/Probation/Freelance
C01161,77,Västmanlands län,15400,Retired
C01162,33,Södermanlands län,32100,Permanent employment
C01163,39,Västra Götalands län,47200,Permanent employment
C01164,62,Stockholms län,22800,Retired
C01165,29,Skåne län,22000,Permanent employment
C01166,77,Uppsala län,18900,Retired
C01167,75,Jönköpings län,35900,Temporary/Probation/Freelance
C01168,49,Jönköpings län,45800,Permanent employment
C01169,20,Stockholms län,5300,Student
C01170,40,Skåne län,25500,Temporary/Probation/Freelance
C01171,48,Norrbottens län,43400,Permanent employment
C01172,79,Södermanlands län,41800,Retired
C01173,57,Västra Götalands län,43300,Permanent employment
C01174,30,Skåne län,32000,Self-employed
C01175,56,Östergötlands län,55600,Permanent employment
C01176,52,Stockholms län,49100,Permanent employment
C01177,55,Stockholms län,37400,Permanent employment
C01178,33,Värmlands län,14100,Unemployed
C01179,62,Södermanlands län,28500,Temporary/Probation/Freelance
C01180,45,Stockholms län,48800,Permanent employment
C01181,74,Östergötlands län,15100,Retired
C01182,43,Hallands län,23600,Self-employed
C01183,56,Västra Götalands län,41200,Permanent employment
C01184,67,Kronobergs län,29200,Self-employed
C01185,26,Skåne län,45100,Permanent employment
C01186,77,Skåne län,16700,Retired
C01187,62,Stockholms län,59900,Permanent employment
C01188,21,Kronobergs län,28800,Temporary/Probation/Freelance
C01189,44,Hallands län,45900,Permanent employment
C01190,56,Skåne län,45500,Permanent employment
C01191,20,Västra Götalands län,13700,Unemployed
C01192,51,Västra Götalands län,66200,Self-employed
C01193,36,Södermanlands län,46000,Permanent employment
C01194,54,Uppsala län,41400,Permanent employment
C01195,24,Skåne län,22000,Permanent employment
C01196,69,Västra Götalands län,33100,Temporary/Probation/Freelance
C01197,67,Stockholms län,30300,Retired
C01198,67,Jämtlands län,15000,Retired
C01199,57,Skåne län,40300,Permanent employment
C01200,30,Östergötlands län,14800,Student
C01201,58,Västra Götalands län,37000,Permanent employment
C01202,24,Stockholms län,5700,Student
C01203,22,Skåne län,9200,Student
C01204,36,Skåne län,54200,Permanent employment
C01205,47,Stockholms län,17700,Unemployed
C01206,58,Västmanlands län,52200,Permanent employment
C01207,60,Värmlands län,16900,Retired
C01208,38,Stockholms län,40400,Permanent employment
C01209,42,Jönköpings län,41800,Self-employed
C01210,67,Stockholms län,21800,Retired
C01211,37,Västmanlands län,39600,Permanent employment
C01212,47,Östergötlands län,48400,Permanent employment
C01213,32,Blekinge län,7500,Unemployed
C01214,68,Östergötlands län,24900,Retired
C01215,55,Östergötlands län,74900,Self-employed
C01216,26,Västra Götalands län,46400,Self-employed
C01217,34,Västra Götalands län,32200,Permanent employment
C01218,56,Skåne län,8900,Unemployed
C01219,57,Västra Götalands län,45500,Permanent employment
C01220,40,Skåne län,76300,Self-employed
C01221,72,Stockholms län,25400,Retired
C01222,25,Stockholms län,35700,Permanent employment
C01223,43,Kronobergs län,39700,Permanent employment
C01224,65,Västra Götalands län,32700,Permanent employment
C01225,44,Gävleborgs län,46900,Permanent employment
C01226,56,Stockholms län,31800,Permanent employment
C01227,37,Jönköpings län,51400,Permanent employment
C01228,41,Stockholms län,49400,Permanent employment
C01229,73,Örebro län,22400,Retired
C01230,37,Västmanlands län,49500,Permanent employment
C01231,72,Stockholms län,25100,Retired
C01232,33,Västra Götalands län,42500,Permanent employment
C01233,34,Västra Götalands län,37200,Temporary/Probation/Freelance
C01234,23,Stockholms län,28200,Permanent employment
C01235,58,Blekinge län,33900,Permanent employment
C01236,38,Västra Götalands län,23000,Unemployed
C01237,70,Stockholms län,22400,Retired
C01238,48,Kalmar län,37300,Self-employed
C01239,69,Stockholms län,27000,Retired
C01240,33,Skåne län,36600,Permanent employment
C01241,76,Västmanlands län,15100,Retired
C01242,61,Skåne län,34700,Permanent employment
C01243,62,Stockholms län,36800,Permanent employment
C01244,69,Stockholms län,26400,Retired
C01245,59,Hallands län,38100,Permanent employment
C01246,61,Östergötlands län,49500,Permanent employment
C01247,32,Skåne län,29100,Parental leave
C01248,20,Stockholms län,29400,Permanent employment
C01249,79,Västra Götalands län,24300,Retired
C01250,46,Västmanlands län,37700,Permanent employment
C01251,67,Gävleborgs län,51900,Permanent employment
C01252,46,Östergötlands län,47200,Permanent employment
C01253,34,Västra Götalands län,36800,Permanent employment
C01254,31,Södermanlands län,35500,Self-employed
C01255,56,Västra Götalands län,39200,Permanent employment
C01256,36,Stockholms län,36900,Permanent employment
C01257,26,Västra Götalands län,21000,Self-employed
C01258,48,Blekinge län,21000,Self-employed
C01259,20,Västmanlands län,37400,Permanent employment
C01260,46,Västra Götalands län,39600,Permanent employment
C01261,37,Jönköpings län,37500,Permanent employment
C01262,71,Gävleborgs län,32900,Retired
C01263,44,Södermanlands län,45400,Permanent employment
C01264,45,Västerbottens län,36800,Permanent employment
C01265,22,Västra Götalands län,16300,Unemployed
C01266,22,Norrbottens län,41600,Temporary/Probation/Freelance
C01267,38,Stockholms län,49700,Permanent employment
C01268,48,Södermanlands län,46000,Permanent employment
C01269,51,Västra Götalands län,48300,Permanent employment
C01270,37,Västernorrlands län,53400,Permanent employment
C01271,62,Stockholms län,55100,Permanent employment
C01272,72,Stockholms län,17200,Retired
C01273,61,Uppsala län,45400,Self-employed
C01274,21,Västmanlands län,34200,Permanent employment
C01275,49,Västra Götalands län,46200,Permanent employment
C01276,30,Östergötlands län,41700,Permanent employment
C01277,34,Stockholms län,53500,Permanent employment
C01278,68,Skåne län,22100,Retired
C01279,34,Uppsala län,2900,Student
C01280,49,Västra Götalands län,44800,Temporary/Probation/Freelance
C01281,53,Skåne län,57400,Permanent employment
C01282,61,Västra Götalands län,54800,Self-employed
C01283,46,Västmanlands län,41500,Permanent employment
C01284,22,Skåne län,17400,Unemployed
C01285,35,Östergötlands län,30200,Parental leave
C01286,46,Västra Götalands län,42800,Permanent employment
C01287,27,Uppsala län,33300,Permanent employment
C01288,36,Gävleborgs län,44900,Permanent employment
C01289,22,Stockholms län,12700,Student
C01290,22,Västmanlands län,14700,Unemployed
C01291,44,Stockholms län,51200,Permanent employment
C01292,33,Stockholms län,28200,Temporary/Probation/Freelance
C01293,48,Jönköpings län,42100,Permanent employment
C01294,63,Västerbottens län,45700,Permanent employment
C01295,75,Norrbottens län,24500,Retired
C01296,27,Stockholms län,48400,Permanent employment
C01297,25,Stockholms län,38800,Self-employed
C01298,29,Jönköpings län,34500,Permanent employment
C01299,64,Östergötlands län,22700,Retired
C01300,64,Västra Götalands län,21000,Retired
C01301,21,Skåne län,25600,Permanent employment
C01302,68,Värmlands län,18000,Self-employed
C01303,21,Västra Götalands län,4200,Student
C01304,46,Skåne län,44200,Permanent employment
C01305,57,Örebro län,3500,Student
C01306,69,Stockholms län,27900,Retired
C01307,58,Stockholms län,15500,Unemployed
C01308,66,Västra Götalands län,32900,Self-employed
C01309,44,Uppsala län,44600,Permanent employment
C01310,66,Stockholms län,41700,Permanent employment
C01311,30,Gävleborgs län,19200,Parental leave
C01312,71,Västra Götalands län,27000,Retired
C01313,54,Skåne län,11600,Unemployed
C01314,70,Västra Götalands län,17100,Retired
C01315,51,Östergötlands län,49700,Permanent employment
C01316,55,Västerbottens län,44700,Permanent employment
C01317,50,Stockholms län,51400,Permanent employment
C01318,57,Västra Götalands län,42200,Permanent employment
C01319,25,Västra Götalands län,39500,Permanent employment
C01320,23,Skåne län,14000,Student
C01321,34,Västra Götalands län,49700,Permanent employment
C01322,32,Västernorrlands län,35800,Permanent employment
C01323,74,Västra Götalands län,25600,Retired
C01324,28,Östergötlands län,42000,Permanent employment
C01325,68,Skåne län,27900,Retired
C01326,44,Gävleborgs län,41400,Permanent employment
C01327,28,Skåne län,29100,Temporary/Probation/Freelance
C01328,60,Västra Götalands län,46900,Permanent employment
C01329,63,Skåne län,44200,Permanent employment
C01330,49,Stockholms län,58400,Permanent employment
C01331,54,Stockholms län,39400,Self-employed
C01332,62,Västerbottens län,37400,Permanent employment
C01333,32,Västra Götalands län,41400,Permanent employment
C01334,68,Stockholms län,17300,Retired
C01335,79,Västmanlands län,20700,Retired
C01336,64,Skåne län,43600,Permanent employment
C01337,33,Västra Götalands län,37800,Permanent employment
C01338,63,Stockholms län,42600,Permanent employment
C01339,24,Gävleborgs län,11700,Unemployed
C01340,24,Hallands län,11800,Student
C01341,27,Västra Götalands län,53200,Permanent employment
C01342,52,Stockholms län,35000,Parental leave
C01343,73,Östergötlands län,12000,Retired
C01344,58,Uppsala län,40100,Permanent employment
C01345,63,Jämtlands län,27600,Retired
C01346,43,Stockholms län,34500,Permanent employment
C01347,41,Västra Götalands län,16000,Parental leave
C01348,42,Stockholms län,39900,Permanent employment
C01349,79,Stockholms län,18200,Retired
C01350,22,Östergötlands län,41500,Permanent employment
C01351,79,Värmlands län,26400,Retired
C01352,49,Värmlands län,44000,Permanent employment
C01353,37,Västerbottens län,42800,Permanent employment
C01354,61,Västernorrlands län,46200,Permanent employment
C01355,50,Stockholms län,46400,Permanent employment
C01356,75,Örebro län,27000,Retired
C01357,67,Skåne län,26200,Retired
C01358,43,Dalarnas län,63700,Self-employed
C01359,35,Stockholms län,45200,Permanent employment
C01360,54,Örebro län,50500,Permanent employment
C01361,67,Stockholms län,26400,Retired
C01362,34,Östergötlands län,14800,Unemployed
C01363,61,Stockholms län,40200,Permanent employment
C01364,57,Stockholms län,42500,Permanent employment
C01365,57,Skåne län,42700,Permanent employment
C01366,26,Örebro län,45600,Permanent employment
C01367,63,Västra Götalands län,44600,Permanent employment
C01368,75,Uppsala län,17600,Retired
C01369,28,Stockholms län,27200,Permanent employment
C01370,34,Kronobergs län,30000,Permanent employment
C01371,77,Dalarnas län,19100,Retired
C01372,30,Stockholms län,41200,Permanent employment
C01373,66,Skåne län,19600,Retired
C01374,53,Stockholms län,53600,Permanent employment
C01375,31,Skåne län,29400,Permanent employment
C01376,74,Stockholms län,28500,Retired
C01377,39,Stockholms län,32000,Permanent employment
C01378,51,Stockholms län,37200,Permanent employment
C01379,38,Uppsala län,38000,Permanent employment
C01380,54,Södermanlands län,38000,Permanent employment
C01381,31,Västra Götalands län,33500,Permanent employment
C01382,36,Stockholms län,50500,Permanent employment
C01383,71,Stockholms län,28900,Retired
C01384,28,Stockholms län,31000,Permanent employment
C01385,58,Dalarnas län,41600,Permanent employment
C01386,35,Västra Götalands län,48200,Permanent employment
C01387,57,Västra Götalands län,41700,Permanent employment
C01388,29,Jönköpings län,49000,Permanent employment
C01389,69,Stockholms län,26600,Retired
C01390,46,Stockholms län,39000,Permanent employment
C01391,28,Skåne län,32700,Permanent employment
C01392,20,Skåne län,22300,Temporary/Probation/Freelance
C01393,33,Gävleborgs län,25800,Parental leave
C01394,45,Dalarnas län,30100,Parental leave
C01395,40,Gotlands län,28600,Parental leave
C01396,71,Gotlands län,20600,Retired
C01397,37,Stockholms län,49100,Permanent employment
C01398,25,Uppsala län,40400,Permanent employment
C01399,51,Västernorrlands län,33900,Permanent employment
C01400,57,Stockholms län,22100,Self-employed
C01401,34,Västerbottens län,31100,Permanent employment
C01402,30,Skåne län,30500,Self-employed
C01403,24,Skåne län,6800,Student
C01404,60,Stockholms län,40200,Permanent employment
C01405,58,Västra Götalands län,51400,Self-employed
C01406,50,Skåne län,37100,Permanent employment
C01407,75,Jönköpings län,10900,Unemployed
C01408,74,Uppsala län,17300,Temporary/Probation/Freelance
C01409,48,Stockholms län,38600,Permanent employment
C01410,79,Skåne län,22400,Retired
C01411,32,Östergötlands län,31700,Permanent employment
C01412,33,Västra Götalands län,21700,Temporary/Probation/Freelance
C01413,36,Västra Götalands län,41400,Permanent employment
C01414,20,Östergötlands län,11200,Student
C01415,53,Västra Götalands län,22700,Temporary/Probation/Freelance
C01416,76,Uppsala län,31100,Retired
C01417,24,Västra Götalands län,23200,Temporary/Probation/Freelance
C01418,25,Stockholms län,35100,Permanent employment
C01419,50,Stockholms län,65800,Self-employed
C01420,79,Uppsala län,27900,Retired
C01421,42,Västra Götalands län,44000,Permanent employment
C01422,45,Stockholms län,47600,Permanent employment
C01423,21,Stockholms län,22000,Permanent employment
C01424,25,Jönköpings län,77500,Self-employed
C01425,69,Stockholms län,34500,Permanent employment
C01426,66,Västra Götalands län,14800,Unemployed
C01427,21,Skåne län,15600,Student
C01428,74,Gävleborgs län,25700,Retired
C01429,58,Stockholms län,42600,Permanent employment
C01430,65,Uppsala län,31800,Retired
C01431,51,Västra Götalands län,49300,Permanent employment
C01432,52,Västra Götalands län,41600,Permanent employment
C01433,49,Uppsala län,55800,Permanent employment
C01434,56,Hallands län,11000,Unemployed
C01435,32,Värmlands län,49400,Permanent employment
C01436,20,Stockholms län,13000,Student
C01437,41,Västra Götalands län,42200,Permanent employment
C01438,55,Uppsala län,35900,Permanent employment
C01439,30,Jämtlands län,47900,Self-employed
C01440,60,Skåne län,19600,Retired
C01441,79,Stockholms län,43800,Permanent employment
C01442,29,Kalmar län,43300,Permanent employment
C01443,56,Västerbottens län,49200,Permanent employment
C01444,36,Västra Götalands län,54700,Permanent employment
C01445,73,Södermanlands län,16700,Retired
C01446,29,Skåne län,49300,Self-employed
C01447,59,Hallands län,8300,Unemployed
C01448,71,Stockholms län,23900,Retired
C01449,70,Stockholms län,13000,Retired
C01450,56,Skåne län,57800,Permanent employment
C01451,45,Kalmar län,54100,Permanent employment
C01452,49,Stockholms län,34200,Permanent employment
C01453,68,Västra Götalands län,19500,Retired
C01454,47,Skåne län,50100,Permanent employment
C01455,21,Östergötlands län,11200,Student
C01456,74,Stockholms län,24000,Retired
C01457,56,Hallands län,44800,Permanent employment
C01458,58,Västra Götalands län,17400,Unemployed
C01459,26,Västra Götalands län,52100,Permanent employment
C01460,58,Stockholms län,24600,Self-employed
C01461,37,Hallands län,43600,Permanent employment
C01462,63,Gävleborgs län,18000,Self-employed
C01463,31,Jönköpings län,29600,Temporary/Probation/Freelance
C01464,57,Stockholms län,54500,Permanent employment
C01465,77,Västra Götalands län,27200,Retired
C01466,20,Stockholms län,36200,Temporary/Probation/Freelance
C01467,77,Uppsala län,44300,Permanent employment
C01468,41,Stockholms län,40000,Permanent employment
C01469,70,Uppsala län,13200,Retired
C01470,58,Kalmar län,53200,Permanent employment
C01471,49,Stockholms län,27300,Parental leave
C01472,62,Dalarnas län,41700,Permanent employment
C01473,67,Skåne län,12000,Retired
C01474,36,Hallands län,40500,Permanent employment
C01475,37,Jönköpings län,45900,Permanent employment
C01476,61,Västra Götalands län,45400,Permanent employment
C01477,72,Blekinge län,35200,Retired
C01478,55,Västra Götalands län,40500,Self-employed
C01479,77,Örebro län,23200,Retired
C01480,41,Västra Götalands län,72400,Self-employed
C01481,73,Skåne län,32100,Retired
C01482,27,Värmlands län,8400,Unemployed
C01483,47,Skåne län,71100,Self-employed
C01484,23,Stockholms län,2000,Student
C01485,42,Stockholms län,48300,Permanent employment
C01486,39,Jämtlands län,50300,Permanent employment
C01487,37,Stockholms län,46300,Permanent employment
C01488,58,Örebro län,40400,Permanent employment
C01489,38,Uppsala län,12200,Unemployed
C01490,42,Blekinge län,27700,Permanent employment
C01491,30,Västra Götalands län,31200,Temporary/Probation/Freelance
C01492,41,Stockholms län,45200,Permanent employment
C01493,33,Västra Götalands län,48500,Permanent employment
C01494,22,Västra Götalands län,28100,Permanent employment
C01495,47,Skåne län,26800,Parental leave
C01496,57,Skåne län,11900,Unemployed
C01497,54,Stockholms län,29900,Self-employed
C01498,46,Blekinge län,41800,Permanent employment
C01499,35,Stockholms län,37800,Permanent employment
C01500,75,Östergötlands län,28200,Retired
C01501,54,Gävleborgs län,47800,Permanent employment
C01502,45,Skåne län,18400,Temporary/Probation/Freelance
C01503,23,Västra Götalands län,30700,Permanent employment
C01504,37,Skåne län,52800,Permanent employment
C01505,39,Stockholms län,52400,Permanent employment
C01506,43,Hallands län,37700,Permanent employment
C01507,52,Västra Götalands län,54300,Permanent employment
C01508,53,Stockholms län,11900,Unemployed
C01509,49,Örebro län,45200,Permanent employment
C01510,62,Skåne län,38700,Self-employed
C01511,68,Stockholms län,15500,Retired
C01512,59,Skåne län,10900,Unemployed
C01513,79,Kronobergs län,32600,Retired
C01514,23,Södermanlands län,16400,Student
C01515,27,Västra Götalands län,42800,Permanent employment
C01516,24,Gävleborgs län,28400,Permanent employment
C01517,57,Västra Götalands län,55600,Permanent employment
C01518,69,Västmanlands län,30800,Retired
C01519,29,Gävleborgs län,37200,Permanent employment
C01520,70,Gävleborgs län,12000,Retired
C01521,20,Stockholms län,14300,Student
C01522,65,Skåne län,51700,Permanent employment
C01523,44,Stockholms län,48000,Permanent employment
C01524,30,Skåne län,24600,Permanent employment
C01525,45,Västernorrlands län,46400,Permanent employment
C01526,30,Stockholms län,53200,Permanent employment
C01527,36,Västra Götalands län,28800,Temporary/Probation/Freelance
C01528,42,Västra Götalands län,58700,Permanent employment
C01529,75,Stockholms län,28800,Retired
C01530,47,Uppsala län,45300,Permanent employment
C01531,44,Skåne län,54800,Permanent employment
C01532,50,Stockholms län,40700,Permanent employment
C01533,60,Hallands län,34300,Permanent employment
C01534,38,Skåne län,36500,Permanent employment
C01535,39,Skåne län,48700,Self-employed
C01536,26,Stockholms län,41100,Permanent employment
C01537,34,Skåne län,24500,Temporary/Probation/Freelance
C01538,64,Stockholms län,67000,Self-employed
C01539,32,Dalarnas län,30500,Parental leave
C01540,54,Östergötlands län,50800,Permanent employment
C01541,61,Västmanlands län,38200,Permanent employment
C01542,34,Västra Götalands län,28500,Temporary/Probation/Freelance
C01543,50,Västra Götalands län,32600,Permanent employment
C01544,31,Östergötlands län,36000,Permanent employment
C01545,76,Stockholms län,25500,Retired
C01546,45,Kalmar län,11800,Unemployed
C01547,78,Stockholms län,23500,Retired
C01548,49,Västernorrlands län,46700,Permanent employment
C01549,20,Kronobergs län,7300,Student
C01550,56,Norrbottens län,12900,Unemployed
C01551,73,Västra Götalands län,18800,Retired
C01552,47,Stockholms län,38400,Permanent employment
C01553,70,Västra Götalands län,32500,Retired
C01554,79,Uppsala län,13900,Retired
C01555,31,Uppsala län,44000,Permanent employment
C01556,33,Uppsala län,28400,Permanent employment
C01557,49,Västernorrlands län,55600,Permanent employment
C01558,38,Skåne län,33500,Parental leave
C01559,75,Västra Götalands län,27000,Temporary/Probation/Freelance
C01560,76,Södermanlands län,30500,Retired
C01561,36,Skåne län,52600,Permanent employment
C01562,27,Jönköpings län,42100,Permanent employment
C01563,59,Östergötlands län,46300,Permanent employment
C01564,36,Uppsala län,46600,Permanent employment
C01565,77,Kalmar län,33800,Retired
C01566,38,Västra Götalands län,44800,Permanent employment
C01567,55,Stockholms län,43800,Permanent employment
C01568,28,Västerbottens län,44000,Permanent employment
C01569,61,Stockholms län,40800,Permanent employment
C01570,47,Skåne län,52700,Permanent employment
C01571,54,Stockholms län,51200,Permanent employment
C01572,32,Stockholms län,57900,Permanent employment
C01573,60,Västernorrlands län,13500,Unemployed
C01574,70,Örebro län,28100,Retired
C01575,25,Västra Götalands län,41300,Permanent employment
C01576,29,Dalarnas län,43700,Permanent employment
C01577,22,Värmlands län,9600,Student
C01578,64,Västra Götalands län,46300,Permanent employment
C01579,45,Västmanlands län,14600,Unemployed
C01580,52,Kronobergs län,51000,Permanent employment
C01581,31,Skåne län,6300,Unemployed
C01582,41,Västra Götalands län,43300,Permanent employment
C01583,54,Stockholms län,59800,Permanent employment
C01584,54,Västmanlands län,20200,Unemployed
C01585,74,Stockholms län,45100,Permanent employment
C01586,28,Dalarnas län,34700,Temporary/Probation/Freelance
C01587,60,Östergötlands län,16100,Unemployed
C01588,43,Östergötlands län,49400,Permanent employment
C01589,37,Stockholms län,38900,Permanent employment
C01590,63,Dalarnas län,11300,Unemployed
C01591,58,Stockholms län,33300,Self-employed
C01592,69,Västra Götalands län,20800,Retired
C01593,31,Västra Götalands län,42600,Temporary/Probation/Freelance
C01594,30,Södermanlands län,29800,Permanent employment
C01595,64,Norrbottens län,37600,Retired
C01596,52,Stockholms län,15600,Unemployed
C01597,42,Hallands län,36800,Permanent employment
C01598,22,Skåne län,26000,Permanent employment
C01599,34,Uppsala län,41100,Permanent employment
C01600,70,Stockholms län,14900,Retired
C01601,31,Västra Götalands län,35600,Permanent employment
C01602,43,Västernorrlands län,23200,Parental leave
C01603,34,Stockholms län,16500,Unemployed
C01604,44,Stockholms län,37200,Permanent employment
C01605,23,Norrbottens län,17900,Temporary/Probation/Freelance
C01606,48,Stockholms län,55200,Permanent employment
C01607,24,Skåne län,27600,Temporary/Probation/Freelance
C01608,72,Skåne län,21100,Retired
C01609,25,Uppsala län,33800,Temporary/Probation/Freelance
C01610,50,Västra Götalands län,44800,Permanent employment
C01611,79,Jämtlands län,18100,Retired
C01612,58,Skåne län,38700,Permanent employment
C01613,49,Västra Götalands län,50000,Permanent employment
C01614,39,Västra Götalands län,27600,Self-employed
C01615,36,Skåne län,44700,Permanent employment
C01616,62,Stockholms län,54700,Permanent employment
C01617,79,Västra Götalands län,21800,Retired
C01618,56,Jönköpings län,18900,Unemployed
C01619,48,Stockholms län,37900,Permanent employment
C01620,59,Jämtlands län,44300,Permanent employment
C01621,45,Västra Götalands län,19000,Unemployed
C01622,21,Västerbottens län,26000,Permanent employment
C01623,49,Uppsala län,58400,Permanent employment
C01624,79,Västmanlands län,23500,Retired
C01625,30,Hallands län,29900,Permanent employment
C01626,62,Norrbottens län,50000,Permanent employment
C01627,33,Jämtlands län,49100,Permanent employment
C01628,50,Västerbottens län,20000,Temporary/Probation/Freelance
C01629,29,Västerbottens län,33500,Temporary/Probation/Freelance
C01630,48,Stockholms län,40300,Permanent employment
C01631,56,Västra Götalands län,35800,Permanent employment
C01632,36,Uppsala län,29100,Self-employed
C01633,61,Västra Götalands län,44500,Permanent employment
C01634,69,Norrbottens län,33000,Retired
C01635,71,Stockholms län,23500,Retired
C01636,25,Skåne län,40900,Permanent employment
C01637,35,Västra Götalands län,41100,Permanent employment
C01638,29,Uppsala län,37100,Permanent employment
C01639,66,Stockholms län,29400,Self-employed
C01640,72,Stockholms län,12000,Retired
C01641,47,Stockholms län,41400,Permanent employment
C01642,65,Västra Götalands län,31800,Retired
C01643,46,Skåne län,27500,Permanent employment
C01644,64,Stockholms län,50700,Permanent employment
C01645,34,Västerbottens län,40300,Permanent employment
C01646,61,Västra Götalands län,42000,Permanent employment
C01647,30,Skåne län,35500,Self-employed
C01648,76,Uppsala län,27300,Retired
C01649,62,Västra Götalands län,52800,Permanent employment
C01650,61,Jönköpings län,44800,Permanent employment
C01651,21,Västra Götalands län,28500,Permanent employment
C01652,42,Västra Götalands län,51600,Temporary/Probation/Freelance
C01653,37,Stockholms län,30700,Temporary/Probation/Freelance
C01654,40,Gävleborgs län,33500,Permanent employment
C01655,31,Skåne län,40300,Permanent employment
C01656,79,Kronobergs län,19800,Retired
C01657,54,Västerbottens län,42500,Permanent employment
C01658,35,Blekinge län,37700,Parental leave
C01659,35,Västra Götalands län,60800,Self-employed
C01660,41,Västra Götalands län,32700,Permanent employment
C01661,47,Stockholms län,32900,Permanent employment
C01662,47,Norrbottens län,46000,Permanent employment
C01663,79,Skåne län,62500,Self-employed
C01664,49,Kronobergs län,29300,Permanent employment
C01665,79,Västernorrlands län,30800,Retired
C01666,75,Skåne län,41200,Retired
C01667,30,Västra Götalands län,46300,Permanent employment
C01668,66,Västmanlands län,18300,Retired
C01669,27,Uppsala län,33900,Parental leave
C01670,70,Stockholms län,25500,Retired
C01671,37,Stockholms län,57500,Permanent employment
C01672,78,Gävleborgs län,31800,Retired
C01673,69,Stockholms län,17600,Retired
C01674,73,Östergötlands län,28000,Retired
C01675,57,Södermanlands län,10700,Unemployed
C01676,40,Östergötlands län,52300,Permanent employment
C01677,29,Västra Götalands län,36200,Permanent employment
C01678,39,Västerbottens län,44700,Permanent employment
C01679,30,Östergötlands län,39200,Permanent employment
C01680,60,Kalmar län,11800,Unemployed
C01681,35,Västra Götalands län,46900,Self-employed
C01682,75,Blekinge län,27100,Retired
C01683,63,Västernorrlands län,21900,Retired
C01684,69,Skåne län,25400,Retired
C01685,25,Jönköpings län,32800,Permanent employment
C01686,72,Västerbottens län,15300,Retired
C01687,71,Gotlands län,23700,Retired
C01688,51,Stockholms län,52100,Permanent employment
C01689,49,Stockholms län,51900,Permanent employment
C01690,55,Norrbottens län,49500,Permanent employment
C01691,33,Västra Götalands län,36100,Parental leave
C01692,53,Kalmar län,46300,Permanent employment
C01693,42,Örebro län,41200,Permanent employment
C01694,29,Skåne län,36200,Permanent employment
C01695,37,Östergötlands län,42800,Self-employed
C01696,20,Västra Götalands län,26100,Parental leave
C01697,22,Västra Götalands län,55700,Self-employed
C01698,31,Skåne län,33700,Permanent employment
C01699,78,Stockholms län,12000,Retired
C01700,48,Stockholms län,64100,Self-employed
C01701,71,Värmlands län,27500,Retired
C01702,39,Örebro län,32900,Permanent employment
C01703,40,Västra Götalands län,40500,Permanent employment
C01704,51,Västmanlands län,44300,Permanent employment
C01705,44,Västra Götalands län,44900,Self-employed
C01706,31,Gävleborgs län,52700,Permanent employment
C01707,61,Stockholms län,10200,Unemployed
C01708,31,Kronobergs län,30900,Permanent employment
C01709,51,Skåne län,53900,Permanent employment
C01710,57,Södermanlands län,41700,Permanent employment
C01711,27,Västra Götalands län,46200,Permanent employment
C01712,21,Gävleborgs län,8700,Student
C01713,56,Kalmar län,51500,Permanent employment
C01714,47,Jämtlands län,43100,Permanent employment
C01715,23,Skåne län,9400,Student
C01716,70,Skåne län,16600,Retired
C01717,24,Hallands län,42100,Permanent employment
C01718,62,Uppsala län,24000,Temporary/Probation/Freelance
C01719,74,Kronobergs län,15000,Retired
C01720,34,Skåne län,49300,Permanent employment
C01721,31,Jämtlands län,35300,Temporary/Probation/Freelance
C01722,28,Västra Götalands län,73500,Self-employed
C01723,36,Östergötlands län,11100,Unemployed
C01724,26,Stockholms län,42200,Permanent employment
C01725,58,Norrbottens län,33700,Retired
C01726,22,Skåne län,24400,Self-employed
C01727,50,Jämtlands län,47300,Permanent employment
C01728,69,Skåne län,20700,Retired
C01729,69,Hallands län,21100,Retired
C01730,46,Västra Götalands län,39300,Permanent employment
C01731,42,Östergötlands län,48000,Permanent employment
C01732,59,Västra Götalands län,41300,Permanent employment
C01733,46,Skåne län,38500,Permanent employment
C01734,41,Västra Götalands län,54900,Permanent employment
C01735,33,Västmanlands län,38400,Permanent employment
C01736,73,Stockholms län,12900,Retired
C01737,45,Västra Götalands län,40200,Permanent employment
C01738,31,Stockholms län,27600,Permanent employment
C01739,43,Stockholms län,40600,Permanent employment
C01740,40,Västra Götalands län,32800,Temporary/Probation/Freelance
C01741,65,Stockholms län,47300,Permanent employment
C01742,56,Hallands län,48900,Permanent employment
C01743,58,Stockholms län,38600,Permanent employment
C01744,23,Östergötlands län,27200,Temporary/Probation/Freelance
C01745,36,Stockholms län,48100,Permanent employment
C01746,52,Uppsala län,17500,Unemployed
C01747,21,Örebro län,9300,Student
C01748,27,Västra Götalands län,56600,Self-employed
C01749,58,Jämtlands län,39100,Permanent employment
C01750,33,Stockholms län,23000,Permanent employment
C01751,54,Värmlands län,51300,Permanent employment
C01752,25,Västra Götalands län,12800,Student
C01753,23,Uppsala län,9500,Student
C01754,29,Västra Götalands län,39200,Permanent employment
C01755,71,Västra Götalands län,32000,Retired
C01756,72,Skåne län,23800,Retired
C01757,79,Västra Götalands län,22800,Permanent employment
C01758,49,Skåne län,15000,Temporary/Probation/Freelance
C01759,32,Östergötlands län,47400,Permanent employment
C01760,54,Skåne län,49200,Permanent employment
C01761,52,Gävleborgs län,65400,Self-employed
C01762,73,Kronobergs län,19900,Unemployed
C01763,26,Kalmar län,48000,Permanent employment
C01764,47,Hallands län,35100,Permanent employment
C01765,25,Västra Götalands län,36600,Permanent employment
C01766,38,Västra Götalands län,38800,Permanent employment
C01767,59,Stockholms län,44100,Permanent employment
C01768,45,Västra Götalands län,20600,Self-employed
C01769,42,Skåne län,45300,Permanent employment
C01770,36,Skåne län,32900,Permanent employment
C01771,45,Skåne län,38800,Self-employed
C01772,56,Västra Götalands län,53200,Permanent employment
C01773,79,Örebro län,19100,Retired
C01774,77,Västra Götalands län,19100,Retired
C01775,59,Skåne län,43900,Permanent employment
C01776,43,Jönköpings län,46300,Permanent employment
C01777,63,Stockholms län,45200,Permanent employment
C01778,36,Västerbottens län,10800,Unemployed
C01779,26,Skåne län,33800,Permanent employment
C01780,67,Skåne län,24400,Retired
C01781,22,Västra Götalands län,14900,Student
C01782,67,Stockholms län,18800,Retired
C01783,45,Västmanlands län,28400,Temporary/Probation/Freelance
C01784,60,Värmlands län,6300,Unemployed
C01785,57,Västra Götalands län,39900,Permanent employment
C01786,65,Stockholms län,44400,Permanent employment
C01787,58,Skåne län,49100,Permanent employment
C01788,45,Stockholms län,39500,Permanent employment
C01789,20,Skåne län,31200,Permanent employment
C01790,46,Västra Götalands län,46900,Permanent employment
C01791,34,Stockholms län,15700,Temporary/Probation/Freelance
C01792,62,Västra Götalands län,34200,Permanent employment
C01793,46,Skåne län,48500,Permanent employment
C01794,56,Örebro län,43400,Permanent employment
C01795,22,Skåne län,10500,Student
C01796,34,Östergötlands län,31500,Permanent employment
C01797,64,Östergötlands län,32900,Permanent employment
C01798,23,Gävleborgs län,33800,Temporary/Probation/Freelance
C01799,23,Skåne län,31300,Temporary/Probation/Freelance
C01800,22,Kalmar län,22000,Permanent employment
C01801,68,Stockholms län,23200,Retired
C01802,57,Jönköpings län,44200,Temporary/Probation/Freelance
C01803,35,Västmanlands län,49200,Permanent employment
C01804,37,Västra Götalands län,22800,Temporary/Probation/Freelance
C01805,43,Stockholms län,46200,Permanent employment
C01806,59,Kalmar län,28400,Temporary/Probation/Freelance
C01807,60,Stockholms län,54500,Permanent employment
C01808,29,Västerbottens län,30100,Permanent employment
C01809,25,Hallands län,47100,Permanent employment
C01810,34,Västra Götalands län,29600,Permanent employment
C01811,55,Västra Götalands län,45300,Permanent employment
C01812,58,Dalarnas län,47500,Permanent employment
C01813,37,Jämtlands län,53100,Permanent employment
C01814,22,Stockholms län,13800,Student
C01815,32,Västerbottens län,17800,Temporary/Probation/Freelance
C01816,76,Dalarnas län,43000,Permanent employment
C01817,41,Kronobergs län,48600,Permanent employment
C01818,61,Västmanlands län,50600,Permanent employment
C01819,62,Västra Götalands län,35100,Permanent employment
C01820,44,Värmlands län,38400,Permanent employment
C01821,31,Stockholms län,18300,Temporary/Probation/Freelance
C01822,34,Västra Götalands län,38000,Permanent employment
C01823,46,Stockholms län,49900,Self-employed
C01824,58,Västmanlands län,15400,Unemployed
C01825,60,Västerbottens län,41100,Permanent employment
C01826,47,Västra Götalands län,44200,Permanent employment
C01827,22,Skåne län,29300,Permanent employment
C01828,79,Västra Götalands län,22300,Retired
C01829,70,Östergötlands län,12000,Retired
C01830,35,Västra Götalands län,38300,Permanent employment
C01831,78,Västra Götalands län,27700,Retired
C01832,45,Stockholms län,7800,Student
C01833,49,Stockholms län,41500,Permanent employment
C01834,55,Västra Götalands län,51900,Permanent employment
C01835,74,Blekinge län,31400,Retired
C01836,62,Gävleborgs län,24200,Temporary/Probation/Freelance
C01837,26,Östergötlands län,71800,Self-employed
C01838,40,Stockholms län,13200,Unemployed
C01839,74,Västra Götalands län,29500,Retired
C01840,34,Västra Götalands län,37800,Permanent employment
C01841,39,Skåne län,40500,Permanent employment
C01842,44,Västra Götalands län,50600,Permanent employment
C01843,38,Skåne län,10400,Unemployed
C01844,45,Västra Götalands län,13400,Unemployed
C01845,78,Stockholms län,23900,Retired
C01846,27,Jönköpings län,35300,Permanent employment
C01847,28,Stockholms län,19100,Temporary/Probation/Freelance
C01848,26,Stockholms län,41500,Permanent employment
C01849,76,Stockholms län,30300,Retired
C01850,56,Stockholms län,44100,Permanent employment
C01851,36,Västerbottens län,25400,Parental leave
C01852,75,Södermanlands län,39100,Retired
C01853,65,Stockholms län,40800,Self-employed
C01854,74,Västmanlands län,22200,Retired
C01855,66,Kalmar län,0,Student
C01856,30,Kalmar län,29300,Permanent employment
C01857,57,Blekinge län,65900,Self-employed
C01858,54,Kalmar län,68100,Permanent employment
C01859,69,Östergötlands län,32900,Retired
C01860,55,Södermanlands län,35700,Permanent employment
C01861,62,Dalarnas län,27200,Retired
C01862,58,Stockholms län,40300,Permanent employment
C01863,33,Stockholms län,35500,Permanent employment
C01864,48,Skåne län,35900,Permanent employment
C01865,78,Östergötlands län,27500,Retired
C01866,79,Kalmar län,15000,Retired
C01867,21,Örebro län,4800,Unemployed
C01868,27,Gävleborgs län,35100,Permanent employment
C01869,29,Värmlands län,22000,Permanent employment
C01870,64,Uppsala län,18200,Retired
C01871,79,Norrbottens län,28100,Retired
C01872,30,Jönköpings län,36800,Parental leave
C01873,51,Stockholms län,35100,Temporary/Probation/Freelance
C01874,68,Skåne län,22300,Retired
C01875,61,Västra Götalands län,39200,Permanent employment
C01876,54,Stockholms län,38500,Permanent employment
C01877,47,Västra Götalands län,55400,Permanent employment
C01878,51,Västmanlands län,36200,Permanent employment
C01879,38,Uppsala län,45900,Permanent employment
C01880,52,Västra Götalands län,34700,Temporary/Probation/Freelance
C01881,63,Kronobergs län,15000,Temporary/Probation/Freelance
C01882,71,Kalmar län,12000,Retired
C01883,62,Södermanlands län,47100,Permanent employment
C01884,62,Västra Götalands län,32800,Permanent employment
C01885,26,Jönköpings län,40200,Permanent employment
C01886,53,Örebro län,23000,Temporary/Probation/Freelance
C01887,22,Västerbottens län,31900,Permanent employment
C01888,28,Västernorrlands län,12000,Student
C01889,59,Stockholms län,63100,Self-employed
C01890,74,Stockholms län,27000,Retired
C01891,29,Blekinge län,39600,Permanent employment
C01892,41,Västra Götalands län,57200,Permanent employment
C01893,78,Norrbottens län,17100,Retired
C01894,33,Värmlands län,10300,Student
C01895,51,Hallands län,61400,Self-employed
C01896,63,Stockholms län,12000,Retired
C01897,48,Örebro län,55700,Permanent employment
C01898,34,Stockholms län,36800,Permanent employment
C01899,44,Stockholms län,48000,Permanent employment
C01900,58,Västmanlands län,39500,Permanent employment
C01901,50,Skåne län,48100,Permanent employment
C01902,20,Stockholms län,31900,Permanent employment
C01903,55,Kronobergs län,35100,Permanent employment
C01904,20,Stockholms län,12200,Unemployed
C01905,62,Västra Götalands län,54100,Self-employed
C01906,31,Södermanlands län,71500,Self-employed
C01907,73,Dalarnas län,21300,Retired
C01908,37,Jönköpings län,36000,Permanent employment
C01909,44,Skåne län,47500,Permanent employment
C01910,29,Stockholms län,27600,Temporary/Probation/Freelance
C01911,37,Södermanlands län,50600,Permanent employment
C01912,79,Västra Götalands län,18700,Retired
C01913,69,Västra Götalands län,14400,Retired
C01914,44,Uppsala län,56000,Permanent employment
C01915,35,Skåne län,41700,Permanent employment
C01916,58,Örebro län,36700,Permanent employment
C01917,70,Jönköpings län,19100,Retired
C01918,46,Stockholms län,54900,Permanent employment
C01919,41,Blekinge län,23200,Unemployed
C01920,42,Hallands län,10800,Unemployed
C01921,55,Stockholms län,13200,Unemployed
C01922,24,Jönköpings län,15300,Unemployed
C01923,48,Hallands län,32000,Permanent employment
C01924,38,Västerbottens län,25900,Temporary/Probation/Freelance
C01925,59,Kalmar län,56200,Permanent employment
C01926,28,Stockholms län,27400,Temporary/Probation/Freelance
C01927,53,Skåne län,53800,Permanent employment
C01928,51,Södermanlands län,43800,Self-employed
C01929,56,Stockholms län,28100,Permanent employment
C01930,20,Hallands län,36900,Permanent employment
C01931,53,Västernorrlands län,38700,Self-employed
C01932,45,Västmanlands län,70800,Self-employed
C01933,50,Stockholms län,46400,Permanent employment
C01934,46,Västra Götalands län,45000,Permanent employment
C01935,58,Stockholms län,46300,Permanent employment
C01936,70,Södermanlands län,26600,Retired
C01937,39,Västernorrlands län,32900,Permanent employment
C01938,75,Gävleborgs län,31300,Retired
C01939,50,Stockholms län,44800,Permanent employment
C01940,22,Stockholms län,14100,Unemployed
C01941,24,Södermanlands län,33300,Temporary/Probation/Freelance
C01942,36,Hallands län,51300,Permanent employment
C01943,61,Dalarnas län,50400,Permanent employment
C01944,57,Stockholms län,47700,Permanent employment
C01945,55,Kalmar län,30800,Permanent employment
C01946,52,Uppsala län,29400,Temporary/Probation/Freelance
C01947,42,Stockholms län,38400,Permanent employment
C01948,27,Värmlands län,39300,Permanent employment
C01949,41,Örebro län,43600,Permanent employment
C01950,43,Stockholms län,59300,Permanent employment
C01951,32,Stockholms län,28500,Permanent employment
C01952,27,Stockholms län,30100,Parental leave
C01953,46,Skåne län,45800,Permanent employment
C01954,64,Uppsala län,39700,Permanent employment
C01955,71,Skåne län,29800,Temporary/Probation/Freelance
C01956,71,Kronobergs län,38900,Retired
C01957,63,Stockholms län,26400,Retired
C01958,39,Västra Götalands län,20000,Unemployed
C01959,58,Stockholms län,39700,Permanent employment
C01960,62,Värmlands län,17100,Unemployed
C01961,28,Skåne län,25100,Parental leave
C01962,38,Örebro län,24800,Parental leave
C01963,76,Stockholms län,30500,Permanent employment
C01964,36,Västra Götalands län,25800,Self-employed
C01965,45,Stockholms län,45400,Permanent employment
C01966,48,Jämtlands län,55800,Permanent employment
C01967,31,Västra Götalands län,37200,Permanent employment
C01968,43,Östergötlands län,49200,Self-employed
C01969,43,Östergötlands län,18600,Unemployed
C01970,23,Dalarnas län,8400,Student
C01971,21,Gävleborgs län,5100,Student
C01972,79,Gävleborgs län,17900,Retired
C01973,35,Örebro län,52800,Permanent employment
C01974,49,Örebro län,46000,Permanent employment
C01975,41,Skåne län,46000,Permanent employment
C01976,77,Stockholms län,17700,Retired
C01977,31,Stockholms län,47400,Permanent employment
C01978,44,Västra Götalands län,78300,Self-employed
C01979,70,Kalmar län,25100,Retired
C01980,75,Skåne län,30300,Retired
C01981,34,Stockholms län,6800,Student
C01982,68,Västra Götalands län,32800,Retired
C01983,47,Uppsala län,49000,Permanent employment
C01984,53,Skåne län,36400,Permanent employment
C01985,34,Skåne län,12300,Student
C01986,28,Stockholms län,15800,Unemployed
C01987,62,Dalarnas län,44300,Permanent employment
C01988,45,Skåne län,48600,Permanent employment
C01989,41,Dalarnas län,44700,Permanent employment
C01990,60,Uppsala län,41700,Permanent employment
C01991,55,Stockholms län,44700,Permanent employment
C01992,28,Stockholms län,35600,Permanent employment
C01993,49,Stockholms län,24800,Temporary/Probation/Freelance
C01994,32,Stockholms län,38900,Temporary/Probation/Freelance
C01995,58,Stockholms län,39000,Permanent employment
C01996,57,Gävleborgs län,41900,Permanent employment
C01997,66,Gävleborgs län,20500,Retired
C01998,23,Västernorrlands län,5600,Student
C01999,22,Västerbottens län,40800,Permanent employment
C02000,44,Skåne län,34900,Permanent employment
C02001,38,Skåne län,52200,Self-employed
C02002,34,Stockholms län,37100,Permanent employment
C02003,69,Stockholms län,27300,Retired
C02004,31,Västra Götalands län,36800,Permanent employment
C02005,43,Västmanlands län,48400,Permanent employment
C02006,56,Värmlands län,50100,Self-employed
C02007,49,Örebro län,49100,Permanent employment
C02008,64,Södermanlands län,55200,Permanent employment
C02009,20,Skåne län,18000,Self-employed
C02010,47,Skåne län,45600,Permanent employment
C02011,20,Norrbottens län,5000,Student
C02012,21,Jämtlands län,24900,Permanent employment
C02013,78,Hallands län,17200,Retired
C02014,30,Stockholms län,36000,Permanent employment
C02015,49,Uppsala län,52900,Permanent employment
C02016,35,Jönköpings län,42400,Permanent employment
C02017,35,Dalarnas län,47400,Permanent employment
C02018,75,Stockholms län,30200,Retired
C02019,23,Stockholms län,24000,Permanent employment
C02020,58,Jönköpings län,37400,Permanent employment
C02021,79,Västernorrlands län,43000,Permanent employment
C02022,50,Skåne län,19200,Parental leave
C02023,70,Västra Götalands län,38000,Retired
C02024,21,Kronobergs län,30000,Temporary/Probation/Freelance
C02025,40,Stockholms län,48900,Permanent employment
C02026,25,Stockholms län,36600,Permanent employment
C02027,64,Värmlands län,28400,Retired
C02028,73,Gävleborgs län,22700,Retired
C02029,31,Skåne län,41900,Permanent employment
C02030,61,Jönköpings län,40400,Temporary/Probation/Freelance
C02031,31,Örebro län,22600,Permanent employment
C02032,46,Västra Götalands län,49700,Permanent employment
C02033,46,Stockholms län,35500,Self-employed
C02034,70,Jönköpings län,16200,Retired
C02035,51,Västra Götalands län,34900,Permanent employment
C02036,37,Skåne län,45700,Permanent employment
C02037,28,Norrbottens län,32300,Temporary/Probation/Freelance
C02038,27,Dalarnas län,33700,Self-employed
C02039,31,Stockholms län,29200,Permanent employment
C02040,31,Västra Götalands län,38800,Permanent employment
C02041,68,Östergötlands län,24400,Retired
C02042,51,Västra Götalands län,49200,Permanent employment
C02043,49,Västra Götalands län,49800,Permanent employment
C02044,25,Skåne län,46200,Permanent employment
C02045,74,Västmanlands län,28600,Retired
C02046,58,Västra Götalands län,31600,Permanent employment
C02047,24,Gävleborgs län,29900,Permanent employment
C02048,56,Södermanlands län,18000,Unemployed
C02049,46,Jönköpings län,50900,Permanent employment
C02050,25,Västra Götalands län,55000,Permanent employment
C02051,46,Västerbottens län,51200,Permanent employment
C02052,54,Jönköpings län,35600,Permanent employment
C02053,32,Stockholms län,18000,Self-employed
C02054,75,Skåne län,24300,Retired
C02055,72,Skåne län,25000,Retired
C02056,62,Värmlands län,39200,Permanent employment
C02057,45,Västra Götalands län,58800,Self-employed
C02058,35,Västerbottens län,27400,Permanent employment
C02059,64,Värmlands län,39800,Permanent employment
C02060,48,Södermanlands län,29000,Permanent employment
C02061,24,Västra Götalands län,24700,Permanent employment
C02062,46,Västra Götalands län,27900,Parental leave
C02063,77,Norrbottens län,31300,Retired
C02064,47,Stockholms län,36400,Permanent employment
C02065,21,Stockholms län,28900,Temporary/Probation/Freelance
C02066,58,Stockholms län,39300,Permanent employment
C02067,26,Hallands län,13500,Unemployed
C02068,31,Stockholms län,35300,Permanent employment
C02069,28,Västra Götalands län,36200,Permanent employment
C02070,42,Värmlands län,40400,Permanent employment
C02071,62,Blekinge län,45600,Permanent employment
C02072,51,Skåne län,52700,Permanent employment
C02073,34,Gävleborgs län,38300,Permanent employment
C02074,73,Skåne län,38000,Retired
C02075,68,Stockholms län,24400,Retired
C02076,71,Östergötlands län,59500,Self-employed
C02077,34,Skåne län,32700,Permanent employment
C02078,54,Stockholms län,29100,Temporary/Probation/Freelance
C02079,79,Västra Götalands län,21700,Retired
C02080,55,Norrbottens län,23000,Self-employed
C02081,23,Västra Götalands län,23900,Temporary/Probation/Freelance
C02082,21,Jönköpings län,11800,Student
C02083,53,Östergötlands län,54000,Permanent employment
C02084,69,Västernorrlands län,27800,Retired
C02085,47,Dalarnas län,47400,Permanent employment
C02086,48,Skåne län,39000,Permanent employment
C02087,30,Jönköpings län,41400,Permanent employment
C02088,64,Västra Götalands län,38600,Permanent employment
C02089,65,Östergötlands län,34800,Permanent employment
C02090,41,Stockholms län,38700,Permanent employment
C02091,62,Östergötlands län,42800,Self-employed
C02092,71,Blekinge län,20100,Retired
C02093,31,Uppsala län,31700,Parental leave
C02094,53,Stockholms län,42400,Permanent employment
C02095,38,Stockholms län,46900,Permanent employment
C02096,61,Västra Götalands län,21700,Retired
C02097,53,Västra Götalands län,44700,Permanent employment
C02098,59,Stockholms län,22200,Temporary/Probation/Freelance
C02099,66,Jämtlands län,70800,Self-employed
C02100,39,Kalmar län,33600,Permanent employment
C02101,68,Stockholms län,41300,Retired
C02102,52,Stockholms län,33800,Temporary/Probation/Freelance
C02103,29,Västra Götalands län,27100,Permanent employment
C02104,63,Stockholms län,43700,Permanent employment
C02105,63,Stockholms län,25500,Retired
C02106,37,Västra Götalands län,55400,Permanent employment
C02107,77,Skåne län,14500,Retired
C02108,74,Västra Götalands län,33600,Permanent employment
C02109,40,Västra Götalands län,47400,Permanent employment
C02110,70,Västerbottens län,25300,Retired
C02111,28,Stockholms län,48300,Permanent employment
C02112,34,Stockholms län,22000,Temporary/Probation/Freelance
C02113,27,Norrbottens län,30400,Permanent employment
C02114,65,Västra Götalands län,19400,Student
C02115,61,Västra Götalands län,23600,Retired
C02116,29,Stockholms län,32800,Permanent employment
C02117,44,Stockholms län,57700,Self-employed
C02118,51,Stockholms län,18000,Self-employed
C02119,25,Gotlands län,51800,Self-employed
C02120,72,Stockholms län,19500,Retired
C02121,67,Skåne län,20400,Retired
C02122,51,Skåne län,68300,Self-employed
C02123,76,Stockholms län,26900,Retired
C02124,37,Stockholms län,24700,Self-employed
C02125,78,Jönköpings län,24300,Retired
C02126,57,Stockholms län,14500,Unemployed
C02127,64,Stockholms län,22100,Retired
C02128,33,Stockholms län,31300,Permanent employment
C02129,77,Blekinge län,25500,Retired
C02130,36,Västra Götalands län,57600,Self-employed
C02131,28,Stockholms län,41200,Permanent employment
C02132,22,Västra Götalands län,25000,Permanent employment
C02133,54,Västmanlands län,43900,Permanent employment
C02134,54,Västra Götalands län,29500,Permanent employment
C02135,61,Stockholms län,54200,Permanent employment
C02136,71,Blekinge län,19700,Retired
C02137,24,Västra Götalands län,26400,Permanent employment
C02138,57,Norrbottens län,33800,Permanent employment
C02139,26,Västerbottens län,44000,Permanent employment
C02140,79,Kronobergs län,31100,Retired
C02141,79,Västra Götalands län,19900,Retired
C02142,48,Gävleborgs län,37000,Permanent employment
C02143,58,Örebro län,43100,Permanent employment
C02144,42,Skåne län,12700,Unemployed
C02145,52,Uppsala län,50200,Permanent employment
C02146,77,Stockholms län,13500,Unemployed
C02147,49,Skåne län,43600,Permanent employment
C02148,40,Västra Götalands län,49700,Permanent employment
C02149,52,Västerbottens län,34000,Permanent employment
C02150,79,Dalarnas län,21700,Retired
C02151,35,Stockholms län,46300,Permanent employment
C02152,29,Västra Götalands län,35000,Permanent employment
C02153,58,Södermanlands län,25900,Retired
C02154,68,Västra Götalands län,25500,Retired
C02155,26,Västra Götalands län,17500,Unemployed
C02156,34,Uppsala län,8600,Student
C02157,25,Stockholms län,5900,Unemployed
C02158,40,Stockholms län,18000,Self-employed
C02159,51,Stockholms län,48200,Permanent employment
C02160,59,Västmanlands län,44300,Permanent employment
C02161,62,Stockholms län,41400,Permanent employment
C02162,53,Stockholms län,13400,Unemployed
C02163,36,Uppsala län,40500,Permanent employment
C02164,75,Dalarnas län,33400,Self-employed
C02165,48,Östergötlands län,35200,Self-employed
C02166,75,Stockholms län,21900,Retired
C02167,63,Västra Götalands län,24800,Retired
C02168,29,Östergötlands län,9600,Student
C02169,57,Östergötlands län,40700,Permanent employment
C02170,40,Västra Götalands län,49900,Permanent employment
C02171,57,Uppsala län,49100,Permanent employment
C02172,24,Gävleborgs län,16700,Student
C02173,27,Skåne län,36700,Permanent employment
C02174,70,Skåne län,20300,Retired
C02175,34,Uppsala län,37600,Permanent employment
C02176,69,Västmanlands län,20100,Retired
C02177,43,Skåne län,44900,Permanent employment
C02178,57,Stockholms län,45800,Permanent employment
C02179,60,Stockholms län,43700,Permanent employment
C02180,52,Skåne län,43900,Permanent employment
C02181,41,Värmlands län,49500,Permanent employment
C02182,30,Jämtlands län,49700,Permanent employment
C02183,21,Västra Götalands län,6500,Student
C02184,41,Skåne län,51000,Self-employed
C02185,62,Uppsala län,41700,Permanent employment
C02186,65,Västra Götalands län,18000,Retired
C02187,79,Norrbottens län,18900,Retired
C02188,63,Skåne län,21100,Retired
C02189,58,Stockholms län,54000,Permanent employment
C02190,62,Stockholms län,30600,Retired
C02191,34,Uppsala län,31700,Permanent employment
C02192,71,Skåne län,27700,Retired
C02193,64,Jämtlands län,17100,Retired
C02194,51,Södermanlands län,40600,Permanent employment
C02195,26,Östergötlands län,40500,Temporary/Probation/Freelance
C02196,35,Skåne län,58900,Permanent employment
C02197,48,Västernorrlands län,31700,Permanent employment
C02198,76,Kalmar län,24100,Retired
C02199,46,Stockholms län,47900,Permanent employment
C02200,42,Stockholms län,43100,Permanent employment
C02201,74,Skåne län,24900,Retired
C02202,31,Värmlands län,8000,Student
C02203,42,Södermanlands län,49400,Permanent employment
C02204,22,Skåne län,8300,Student
C02205,60,Hallands län,27800,Retired
C02206,65,Skåne län,30800,Retired
C02207,43,Stockholms län,35100,Parental leave
C02208,70,Västernorrlands län,22600,Retired
C02209,44,Skåne län,29200,Permanent employment
C02210,65,Västra Götalands län,46400,Permanent employment
C02211,55,Västra Götalands län,18400,Temporary/Probation/Freelance
C02212,72,Norrbottens län,27100,Retired
C02213,22,Skåne län,33100,Temporary/Probation/Freelance
C02214,78,Gotlands län,22400,Retired
C02215,62,Jönköpings län,14300,Unemployed
C02216,44,Jönköpings län,38700,Parental leave
C02217,79,Södermanlands län,68300,Self-employed
C02218,41,Norrbottens län,38700,Self-employed
C02219,71,Dalarnas län,12000,Retired
C02220,34,Östergötlands län,42600,Temporary/Probation/Freelance
C02221,58,Östergötlands län,32000,Permanent employment
C02222,53,Stockholms län,45600,Permanent employment
C02223,26,Dalarnas län,37500,Permanent employment
C02224,33,Jönköpings län,41000,Permanent employment
C02225,21,Skåne län,16500,Student
C02226,47,Gävleborgs län,45400,Permanent employment
C02227,36,Kalmar län,35900,Self-employed
C02228,48,Örebro län,15100,Unemployed
C02229,39,Blekinge län,20500,Self-employed
C02230,36,Västra Götalands län,40200,Permanent employment
C02231,55,Blekinge län,41500,Permanent employment
C02232,21,Kronobergs län,33800,Permanent employment
C02233,75,Norrbottens län,33600,Retired
C02234,69,Västra Götalands län,31500,Retired
C02235,63,Jönköpings län,49400,Permanent employment
C02236,49,Uppsala län,36600,Parental leave
C02237,76,Stockholms län,34700,Temporary/Probation/Freelance
C02238,34,Västra Götalands län,38500,Permanent employment
C02239,20,Jönköpings län,23000,Permanent employment
C02240,34,Örebro län,30300,Temporary/Probation/Freelance
C02241,70,Jönköpings län,12400,Retired
C02242,22,Jönköpings län,26300,Permanent employment
C02243,48,Värmlands län,45500,Permanent employment
C02244,68,Skåne län,24300,Retired
C02245,65,Dalarnas län,11500,Unemployed
C02246,47,Hallands län,32900,Permanent employment
C02247,22,Uppsala län,26100,Permanent employment
C02248,77,Skåne län,22100,Retired
C02249,45,Stockholms län,46300,Permanent employment
C02250,33,Östergötlands län,13500,Student
C02251,25,Stockholms län,35800,Permanent employment
C02252,73,Västra Götalands län,40300,Permanent employment
C02253,55,Stockholms län,38500,Permanent employment
C02254,66,Södermanlands län,23400,Retired
C02255,66,Östergötlands län,49500,Permanent employment
C02256,50,Stockholms län,9800,Unemployed
C02257,51,Stockholms län,31300,Permanent employment
C02258,35,Östergötlands län,46500,Permanent employment
C02259,37,Stockholms län,53200,Permanent employment
C02260,36,Stockholms län,47100,Permanent employment
C02261,62,Stockholms län,36100,Permanent employment
C02262,53,Västmanlands län,44300,Permanent employment
C02263,77,Västra Götalands län,43400,Permanent employment
C02264,36,Skåne län,50000,Permanent employment
C02265,46,Gävleborgs län,38900,Permanent employment
C02266,64,Stockholms län,34900,Retired
C02267,53,Östergötlands län,42100,Permanent employment
C02268,58,Örebro län,38400,Permanent employment
C02269,29,Västra Götalands län,40000,Permanent employment
C02270,53,Norrbottens län,35200,Permanent employment
C02271,30,Jämtlands län,82000,Self-employed
C02272,44,Stockholms län,48300,Permanent employment
C02273,53,Västerbottens län,43100,Permanent employment
C02274,63,Jämtlands län,36100,Permanent employment
C02275,71,Jönköpings län,22600,Retired
C02276,54,Norrbottens län,51800,Permanent employment
C02277,63,Stockholms län,38100,Self-employed
C02278,49,Västra Götalands län,31400,Self-employed
C02279,59,Uppsala län,47900,Permanent employment
C02280,23,Stockholms län,4800,Student
C02281,32,Skåne län,39600,Permanent employment
C02282,44,Östergötlands län,47900,Permanent employment
C02283,48,Västra Götalands län,47700,Permanent employment
C02284,20,Skåne län,33500,Temporary/Probation/Freelance
C02285,31,Kronobergs län,10200,Unemployed
C02286,41,Stockholms län,43700,Permanent employment
C02287,77,Hallands län,22100,Retired
C02288,37,Örebro län,30800,Parental leave
C02289,48,Hallands län,32400,Permanent employment
C02290,31,Hallands län,28200,Permanent employment
C02291,49,Skåne län,60100,Permanent employment
C02292,37,Kronobergs län,34400,Parental leave
C02293,25,Skåne län,41200,Self-employed
C02294,51,Norrbottens län,45500,Permanent employment
C02295,21,Västra Götalands län,20100,Student
C02296,21,Blekinge län,600,Student
C02297,28,Skåne län,30900,Temporary/Probation/Freelance
C02298,21,Skåne län,27600,Permanent employment
C02299,32,Västra Götalands län,46700,Permanent employment
C02300,41,Skåne län,49000,Permanent employment
C02301,65,Västra Götalands län,39000,Retired
C02302,46,Östergötlands län,50700,Permanent employment
C02303,46,Kalmar län,41900,Permanent employment
C02304,38,Dalarnas län,43400,Permanent employment
C02305,67,Östergötlands län,28700,Retired
C02306,35,Västerbottens län,71200,Self-employed
C02307,26,Stockholms län,33000,Permanent employment
C02308,53,Uppsala län,49600,Self-employed
C02309,25,Skåne län,24300,Permanent employment
C02310,43,Värmlands län,42900,Permanent employment
C02311,51,Västra Götalands län,57100,Permanent employment
C02312,66,Stockholms län,34500,Retired
C02313,46,Uppsala län,50200,Permanent employment
C02314,59,Skåne län,55500,Permanent employment
C02315,77,Södermanlands län,22100,Retired
C02316,29,Kalmar län,13700,Unemployed
C02317,38,Skåne län,43000,Permanent employment
C02318,44,Hallands län,49600,Permanent employment
C02319,44,Uppsala län,65400,Permanent employment
C02320,37,Stockholms län,47600,Permanent employment
C02321,68,Kronobergs län,15900,Retired
C02322,64,Stockholms län,35300,Permanent employment
C02323,48,Skåne län,38900,Permanent employment
C02324,36,Västmanlands län,5900,Student
C02325,69,Stockholms län,17600,Retired
C02326,79,Stockholms län,25400,Retired
C02327,69,Stockholms län,33000,Permanent employment
C02328,24,Västmanlands län,53800,Self-employed
C02329,64,Stockholms län,49900,Permanent employment
C02330,20,Norrbottens län,25000,Temporary/Probation/Freelance
C02331,30,Jönköpings län,40400,Permanent employment
C02332,22,Östergötlands län,13300,Student
C02333,46,Stockholms län,51100,Permanent employment
C02334,61,Hallands län,43800,Permanent employment
C02335,28,Hallands län,27900,Self-employed
C02336,39,Skåne län,45800,Permanent employment
C02337,49,Östergötlands län,43900,Permanent employment
C02338,39,Jönköpings län,46000,Permanent employment
C02339,26,Östergötlands län,24100,Parental leave
C02340,39,Gotlands län,18000,Self-employed
C02341,57,Östergötlands län,28900,Permanent employment
C02342,23,Västra Götalands län,22000,Permanent employment
C02343,26,Södermanlands län,19100,Parental leave
C02344,38,Jönköpings län,52200,Permanent employment
C02345,77,Blekinge län,25700,Retired
C02346,63,Stockholms län,45700,Self-employed
C02347,62,Skåne län,40600,Permanent employment
C02348,37,Uppsala län,31600,Permanent employment
C02349,45,Stockholms län,47700,Permanent employment
C02350,20,Gävleborgs län,11100,Student
C02351,60,Östergötlands län,10200,Student
C02352,67,Gotlands län,18500,Retired
C02353,48,Örebro län,40200,Permanent employment
C02354,65,Stockholms län,27600,Retired
C02355,62,Västmanlands län,37600,Permanent employment
C02356,25,Uppsala län,45400,Permanent employment
C02357,69,Hallands län,35100,Retired
C02358,21,Västra Götalands län,15600,Student
C02359,51,Gävleborgs län,45700,Permanent employment
C02360,31,Hallands län,43300,Self-employed
C02361,20,Skåne län,10500,Student
C02362,38,Skåne län,49800,Permanent employment
C02363,38,Stockholms län,55200,Permanent employment
C02364,49,Västra Götalands län,48900,Permanent employment
C02365,45,Stockholms län,33100,Permanent employment
C02366,20,Skåne län,5400,Student
C02367,31,Västra Götalands län,36900,Permanent employment
C02368,53,Gävleborgs län,51900,Permanent employment
C02369,35,Skåne län,61000,Permanent employment
C02370,56,Västra Götalands län,43500,Permanent employment
C02371,60,Stockholms län,57000,Self-employed
C02372,79,Stockholms län,13100,Retired
C02373,60,Skåne län,38100,Permanent employment
C02374,36,Hallands län,15400,Unemployed
C02375,63,Västra Götalands län,28600,Permanent employment
C02376,38,Västra Götalands län,46700,Permanent employment
C02377,41,Södermanlands län,38200,Self-employed
C02378,60,Västra Götalands län,43300,Permanent employment
C02379,37,Stockholms län,11100,Unemployed
C02380,72,Stockholms län,27600,Retired
C02381,71,Stockholms län,31300,Retired
C02382,73,Västra Götalands län,29100,Retired
C02383,67,Skåne län,28900,Retired
C02384,35,Uppsala län,34600,Temporary/Probation/Freelance
C02385,36,Skåne län,29900,Parental leave
C02386,45,Jönköpings län,12200,Unemployed
C02387,39,Västmanlands län,37400,Temporary/Probation/Freelance
C02388,54,Skåne län,29100,Self-employed
C02389,56,Stockholms län,46500,Permanent employment
C02390,57,Norrbottens län,46300,Permanent employment
C02391,42,Stockholms län,37700,Permanent employment
C02392,34,Västra Götalands län,31400,Permanent employment
C02393,39,Blekinge län,48600,Permanent employment
C02394,28,Uppsala län,39500,Permanent employment
C02395,69,Västra Götalands län,26400,Retired
C02396,44,Stockholms län,13100,Unemployed
C02397,30,Västmanlands län,48700,Permanent employment
C02398,23,Uppsala län,34100,Permanent employment
C02399,61,Jönköpings län,69200,Self-employed
C02400,63,Västra Götalands län,22100,Retired
C02401,35,Stockholms län,52000,Permanent employment
C02402,23,Skåne län,27800,Permanent employment
C02403,43,Gävleborgs län,42700,Permanent employment
C02404,39,Västra Götalands län,36400,Permanent employment
C02405,62,Kronobergs län,46200,Permanent employment
C02406,45,Västra Götalands län,37800,Permanent employment
C02407,38,Västernorrlands län,33900,Self-employed
C02408,33,Stockholms län,20600,Self-employed
C02409,77,Skåne län,12000,Retired
C02410,45,Uppsala län,44400,Permanent employment
C02411,55,Västmanlands län,38000,Permanent employment
C02412,28,Västra Götalands län,40300,Permanent employment
C02413,47,Värmlands län,44600,Permanent employment
C02414,22,Jämtlands län,15200,Student
C02415,47,Stockholms län,58500,Permanent employment
C02416,65,Stockholms län,31900,Retired
C02417,44,Södermanlands län,30200,Parental leave
C02418,21,Kronobergs län,34700,Permanent employment
C02419,21,Västra Götalands län,39200,Permanent employment
C02420,38,Värmlands län,41500,Permanent employment
C02421,25,Jönköpings län,44300,Permanent employment
C02422,20,Skåne län,39100,Permanent employment
C02423,62,Värmlands län,43600,Permanent employment
C02424,51,Stockholms län,32800,Parental leave
C02425,42,Stockholms län,59300,Permanent employment
C02426,77,Hallands län,19500,Retired
C02427,28,Blekinge län,27800,Temporary/Probation/Freelance
C02428,70,Jämtlands län,27800,Retired
C02429,37,Jönköpings län,38800,Permanent employment
C02430,75,Västra Götalands län,23400,Retired
C02431,52,Hallands län,23100,Self-employed
C02432,68,Stockholms län,12000,Retired
C02433,67,Stockholms län,25600,Retired
C02434,38,Stockholms län,35700,Permanent employment
C02435,70,Stockholms län,17400,Retired
C02436,41,Östergötlands län,52200,Permanent employment
C02437,41,Hallands län,31000,Parental leave
C02438,38,Hallands län,44700,Permanent employment
C02439,52,Hallands län,42400,Permanent employment
C02440,31,Stockholms län,48800,Permanent employment
C02441,46,Hallands län,60700,Permanent employment
C02442,52,Kalmar län,49200,Permanent employment
C02443,63,Gävleborgs län,24600,Permanent employment
C02444,69,Gävleborgs län,23700,Retired
C02445,38,Västra Götalands län,37600,Permanent employment
C02446,38,Västra Götalands län,36900,Self-employed
C02447,28,Stockholms län,41400,Permanent employment
C02448,30,Stockholms län,30800,Temporary/Probation/Freelance
C02449,22,Västmanlands län,3100,Student
C02450,38,Gotlands län,40200,Permanent employment
C02451,41,Skåne län,53000,Permanent employment
C02452,71,Västmanlands län,35000,Retired
C02453,49,Västra Götalands län,54600,Permanent employment
C02454,39,Stockholms län,35500,Permanent employment
C02455,54,Stockholms län,42500,Permanent employment
C02456,32,Stockholms län,32900,Permanent employment
C02457,41,Västra Götalands län,49700,Permanent employment
C02458,61,Skåne län,21800,Retired
C02459,50,Jämtlands län,23900,Parental leave
C02460,41,Västra Götalands län,41800,Temporary/Probation/Freelance
C02461,71,Stockholms län,19900,Retired
C02462,74,Stockholms län,31000,Retired
C02463,56,Skåne län,34000,Self-employed
C02464,54,Västernorrlands län,36300,Temporary/Probation/Freelance
C02465,46,Uppsala län,42700,Permanent employment
C02466,34,Örebro län,30700,Permanent employment
C02467,41,Östergötlands län,36900,Parental leave
C02468,21,Uppsala län,24300,Temporary/Probation/Freelance
C02469,51,Gävleborgs län,14400,Unemployed
C02470,51,Stockholms län,35900,Permanent employment
C02471,29,Västra Götalands län,8500,Unemployed
C02472,65,Stockholms län,53800,Permanent employment
C02473,78,Värmlands län,24900,Retired
C02474,56,Örebro län,42300,Permanent employment
C02475,53,Gävleborgs län,42000,Permanent employment
C02476,72,Stockholms län,18500,Retired
C02477,32,Stockholms län,42100,Permanent employment
C02478,64,Skåne län,52900,Permanent employment
C02479,25,Uppsala län,43700,Permanent employment
C02480,60,Hallands län,47300,Permanent employment
C02481,43,Skåne län,42800,Permanent employment
C02482,79,Stockholms län,28300,Retired
C02483,72,Västra Götalands län,37500,Retired
C02484,27,Värmlands län,12900,Unemployed
C02485,48,Västerbottens län,47500,Permanent employment
C02486,79,Kronobergs län,33400,Retired
C02487,47,Östergötlands län,58700,Permanent employment
C02488,70,Stockholms län,24900,Retired
C02489,53,Stockholms län,50900,Permanent employment
C02490,42,Östergötlands län,43200,Permanent employment
C02491,44,Norrbottens län,47300,Permanent employment
C02492,28,Stockholms län,28500,Parental leave
C02493,56,Uppsala län,15900,Student
C02494,42,Stockholms län,40100,Parental leave
C02495,52,Södermanlands län,36600,Permanent employment
C02496,50,Stockholms län,44300,Permanent employment
C02497,52,Skåne län,41200,Permanent employment
C02498,73,Blekinge län,21700,Retired
C02499,77,Stockholms län,22200,Retired
C02500,35,Stockholms län,38900,Permanent employment
C02501,73,Västra Götalands län,25900,Retired
C02502,56,Kronobergs län,34800,Permanent employment
C02503,45,Stockholms län,51200,Permanent employment
C02504,72,Västernorrlands län,26000,Retired
C02505,32,Kalmar län,25900,Self-employed
C02506,28,Hallands län,30200,Permanent employment
C02507,72,Dalarnas län,29400,Retired
C02508,41,Kalmar län,32300,Self-employed
C02509,77,Örebro län,34700,Retired
C02510,66,Gävleborgs län,28100,Permanent employment
C02511,24,Stockholms län,22600,Permanent employment
C02512,78,Gävleborgs län,21200,Retired
C02513,44,Stockholms län,44800,Permanent employment
C02514,48,Södermanlands län,49600,Permanent employment
C02515,57,Örebro län,41600,Permanent employment
C02516,65,Gävleborgs län,39200,Self-employed
C02517,24,Västra Götalands län,6600,Student
C02518,54,Stockholms län,39500,Permanent employment
C02519,62,Skåne län,24300,Temporary/Probation/Freelance
C02520,63,Skåne län,23400,Retired
C02521,61,Södermanlands län,30100,Permanent employment
C02522,25,Norrbottens län,41800,Permanent employment
C02523,35,Östergötlands län,45500,Permanent employment
C02524,35,Stockholms län,44200,Permanent employment
C02525,66,Stockholms län,51000,Permanent employment
C02526,35,Jönköpings län,49200,Permanent employment
C02527,28,Västra Götalands län,38900,Permanent employment
C02528,74,Stockholms län,28500,Retired
C02529,20,Västra Götalands län,6900,Student
C02530,76,Stockholms län,28100,Retired
C02531,58,Blekinge län,48700,Permanent employment
C02532,77,Västra Götalands län,12000,Retired
C02533,38,Stockholms län,57400,Permanent employment
C02534,22,Hallands län,32300,Permanent employment
C02535,63,Värmlands län,56000,Self-employed
C02536,71,Hallands län,31500,Retired
C02537,55,Skåne län,42000,Permanent employment
C02538,25,Västmanlands län,37500,Self-employed
C02539,58,Norrbottens län,45100,Permanent employment
C02540,58,Stockholms län,62300,Permanent employment
C02541,55,Västra Götalands län,42300,Permanent employment
C02542,60,Stockholms län,11400,Unemployed
C02543,74,Stockholms län,33300,Retired
C02544,46,Södermanlands län,30400,Permanent employment
C02545,29,Västerbottens län,37200,Permanent employment
C02546,52,Skåne län,40500,Permanent employment
C02547,22,Uppsala län,34400,Permanent employment
C02548,43,Stockholms län,14500,Unemployed
C02549,41,Västernorrlands län,25200,Self-employed
C02550,20,Jönköpings län,35200,Temporary/Probation/Freelance
C02551,35,Östergötlands län,30200,Self-employed
C02552,29,Västmanlands län,37700,Permanent employment
C02553,76,Hallands län,40000,Permanent employment
C02554,77,Stockholms län,29600,Retired
C02555,22,Kalmar län,26300,Temporary/Probation/Freelance
C02556,68,Västernorrlands län,12000,Retired
C02557,48,Gävleborgs län,37200,Permanent employment
C02558,41,Stockholms län,30500,Temporary/Probation/Freelance
C02559,21,Uppsala län,6700,Student
C02560,52,Stockholms län,39500,Temporary/Probation/Freelance
C02561,75,Skåne län,16800,Retired
C02562,64,Västra Götalands län,55400,Self-employed
C02563,24,Södermanlands län,14000,Student
C02564,24,Västra Götalands län,10900,Student
C02565,44,Västra Götalands län,47900,Permanent employment
C02566,41,Västra Götalands län,44100,Permanent employment
C02567,27,Jämtlands län,15100,Unemployed
C02568,37,Gotlands län,36300,Self-employed
C02569,67,Östergötlands län,25500,Retired
C02570,76,Västra Götalands län,21900,Retired
C02571,38,Örebro län,43000,Permanent employment
C02572,70,Stockholms län,19200,Retired
C02573,39,Västmanlands län,43500,Permanent employment
C02574,52,Stockholms län,55600,Permanent employment
C02575,29,Stockholms län,36300,Permanent employment
C02576,59,Stockholms län,49600,Permanent employment
C02577,78,Norrbottens län,27600,Retired
C02578,54,Skåne län,46700,Permanent employment
C02579,36,Stockholms län,32300,Temporary/Probation/Freelance
C02580,59,Norrbottens län,24000,Retired
C02581,31,Västra Götalands län,33900,Permanent employment
C02582,66,Västmanlands län,35900,Retired
C02583,50,Stockholms län,52400,Permanent employment
C02584,41,Stockholms län,45300,Permanent employment
C02585,49,Skåne län,45500,Permanent employment
C02586,63,Västra Götalands län,47000,Permanent employment
C02587,23,Västra Götalands län,22600,Permanent employment
C02588,64,Västra Götalands län,37500,Permanent employment
C02589,25,Västra Götalands län,15000,Temporary/Probation/Freelance
C02590,62,Stockholms län,41500,Permanent employment
C02591,79,Västra Götalands län,32200,Retired
C02592,72,Kronobergs län,21900,Retired
C02593,51,Stockholms län,60300,Permanent employment
C02594,52,Stockholms län,42000,Permanent employment
C02595,26,Värmlands län,39200,Permanent employment
C02596,57,Gävleborgs län,41100,Permanent employment
C02597,43,Södermanlands län,5000,Unemployed
C02598,45,Stockholms län,43100,Permanent employment
C02599,42,Stockholms län,39100,Permanent employment
C02600,32,Jämtlands län,39600,Permanent employment
C02601,61,Västra Götalands län,68000,Self-employed
C02602,24,Västerbottens län,8200,Student
C02603,59,Dalarnas län,51700,Self-employed
C02604,38,Östergötlands län,43500,Permanent employment
C02605,21,Stockholms län,14500,Student
C02606,54,Skåne län,61000,Permanent employment
C02607,24,Stockholms län,17400,Student
C02608,44,Stockholms län,40700,Permanent employment
C02609,64,Stockholms län,52700,Permanent employment
C02610,23,Västra Götalands län,11500,Student
C02611,75,Skåne län,32500,Retired
C02612,20,Östergötlands län,4900,Student
C02613,29,Skåne län,37400,Permanent employment
C02614,58,Stockholms län,44300,Permanent employment
C02615,38,Västra Götalands län,29600,Temporary/Probation/Freelance
C02616,31,Västra Götalands län,40000,Permanent employment
C02617,43,Stockholms län,44200,Permanent employment
C02618,42,Hallands län,42500,Permanent employment
C02619,75,Skåne län,20700,Retired
C02620,42,Stockholms län,39300,Permanent employment
C02621,59,Södermanlands län,26100,Retired
C02622,70,Norrbottens län,22900,Retired
C02623,36,Stockholms län,35300,Self-employed
C02624,77,Skåne län,13400,Retired
C02625,37,Västmanlands län,54700,Self-employed
C02626,69,Södermanlands län,28600,Retired
C02627,26,Uppsala län,24400,Parental leave
C02628,57,Gävleborgs län,30800,Temporary/Probation/Freelance
C02629,48,Östergötlands län,41200,Permanent employment
C02630,40,Västra Götalands län,50000,Permanent employment
C02631,59,Västra Götalands län,39500,Permanent employment
C02632,64,Värmlands län,26100,Temporary/Probation/Freelance
C02633,23,Norrbottens län,31000,Temporary/Probation/Freelance
C02634,26,Värmlands län,12300,Unemployed
C02635,59,Västra Götalands län,39600,Permanent employment
C02636,59,Gävleborgs län,38700,Permanent employment
C02637,75,Gävleborgs län,20800,Retired
C02638,61,Västerbottens län,38300,Self-employed
C02639,65,Västra Götalands län,24000,Retired
C02640,58,Stockholms län,41900,Permanent employment
C02641,39,Västra Götalands län,48500,Permanent employment
C02642,32,Stockholms län,29900,Permanent employment
C02643,62,Östergötlands län,57600,Permanent employment
C02644,55,Stockholms län,43200,Permanent employment
C02645,24,Jämtlands län,14900,Student
C02646,44,Östergötlands län,48400,Permanent employment
C02647,65,Västra Götalands län,43800,Permanent employment
C02648,45,Skåne län,53100,Self-employed
C02649,36,Stockholms län,47400,Permanent employment
C02650,46,Skåne län,43800,Permanent employment
C02651,33,Västra Götalands län,54800,Permanent employment
C02652,38,Dalarnas län,52800,Permanent employment
C02653,37,Stockholms län,33800,Permanent employment
C02654,22,Södermanlands län,15300,Student
C02655,55,Västra Götalands län,24400,Retired
C02656,36,Stockholms län,56500,Permanent employment
C02657,70,Stockholms län,21600,Retired
C02658,73,Stockholms län,12000,Retired
C02659,29,Västra Götalands län,35500,Permanent employment
C02660,58,Södermanlands län,31800,Permanent employment
C02661,49,Hallands län,40200,Permanent employment
C02662,73,Västerbottens län,19900,Retired
C02663,31,Värmlands län,11900,Student
C02664,62,Östergötlands län,25700,Retired
C02665,48,Skåne län,35100,Temporary/Probation/Freelance
C02666,42,Stockholms län,48900,Permanent employment
C02667,30,Stockholms län,79900,Self-employed
C02668,59,Södermanlands län,43000,Permanent employment
C02669,61,Jönköpings län,27500,Retired
C02670,40,Skåne län,35300,Parental leave
C02671,57,Jämtlands län,19400,Retired
C02672,39,Jämtlands län,19900,Temporary/Probation/Freelance
C02673,63,Stockholms län,15500,Unemployed
C02674,31,Västra Götalands län,26800,Temporary/Probation/Freelance
C02675,76,Stockholms län,29400,Retired
C02676,38,Västra Götalands län,50100,Permanent employment
C02677,41,Stockholms län,37900,Temporary/Probation/Freelance
C02678,24,Jämtlands län,10900,Unemployed
C02679,26,Dalarnas län,34000,Permanent employment
C02680,50,Stockholms län,45700,Permanent employment
C02681,41,Värmlands län,43800,Permanent employment
C02682,72,Västra Götalands län,33700,Temporary/Probation/Freelance
C02683,21,Skåne län,40900,Temporary/Probation/Freelance
C02684,40,Hallands län,44300,Permanent employment
C02685,43,Västra Götalands län,35500,Permanent employment
C02686,23,Dalarnas län,15000,Temporary/Probation/Freelance
C02687,30,Västra Götalands län,8800,Unemployed
C02688,38,Skåne län,35700,Permanent employment
C02689,51,Örebro län,35300,Temporary/Probation/Freelance
C02690,37,Norrbottens län,44700,Permanent employment
C02691,49,Södermanlands län,45500,Permanent employment
C02692,45,Stockholms län,50100,Permanent employment
C02693,21,Västra Götalands län,16800,Student
C02694,47,Norrbottens län,43600,Permanent employment
C02695,72,Stockholms län,29100,Retired
C02696,53,Blekinge län,47500,Permanent employment
C02697,63,Stockholms län,32100,Permanent employment
C02698,44,Västra Götalands län,34600,Permanent employment
C02699,56,Jämtlands län,40600,Permanent employment
C02700,58,Skåne län,44400,Permanent employment
C02701,49,Kalmar län,33800,Temporary/Probation/Freelance
C02702,79,Gävleborgs län,22500,Retired
C02703,27,Stockholms län,26100,Permanent employment
C02704,24,Gävleborgs län,27400,Permanent employment
C02705,55,Kronobergs län,15300,Temporary/Probation/Freelance
C02706,70,Skåne län,22500,Retired
C02707,34,Skåne län,41900,Permanent employment
C02708,36,Västra Götalands län,48000,Permanent employment
C02709,20,Jämtlands län,7500,Student
C02710,35,Västerbottens län,32400,Parental leave
C02711,63,Örebro län,16100,Retired
C02712,51,Stockholms län,11400,Unemployed
C02713,44,Östergötlands län,18000,Self-employed
C02714,36,Skåne län,26800,Parental leave
C02715,21,Gävleborgs län,24600,Permanent employment
C02716,39,Skåne län,26700,Temporary/Probation/Freelance
C02717,60,Norrbottens län,41100,Permanent employment
C02718,67,Norrbottens län,25600,Retired
C02719,78,Hallands län,12000,Retired
C02720,23,Dalarnas län,23100,Temporary/Probation/Freelance
C02721,66,Norrbottens län,49800,Permanent employment
C02722,60,Västmanlands län,50000,Permanent employment
C02723,57,Västra Götalands län,43400,Permanent employment
C02724,46,Västmanlands län,45500,Permanent employment
C02725,35,Stockholms län,21000,Temporary/Probation/Freelance
C02726,42,Västra Götalands län,27000,Temporary/Probation/Freelance
C02727,20,Stockholms län,14100,Student
C02728,29,Stockholms län,22500,Parental leave
C02729,30,Gävleborgs län,31200,Temporary/Probation/Freelance
C02730,47,Västra Götalands län,16200,Unemployed
C02731,61,Uppsala län,43300,Permanent employment
C02732,46,Kronobergs län,44000,Permanent employment
C02733,21,Västerbottens län,9200,Student
C02734,69,Dalarnas län,27400,Retired
C02735,71,Stockholms län,44400,Permanent employment
C02736,57,Norrbottens län,53900,Self-employed
C02737,78,Jönköpings län,21300,Retired
C02738,48,Västra Götalands län,42800,Permanent employment
C02739,65,Västra Götalands län,46800,Permanent employment
C02740,22,Gävleborgs län,5500,Student
C02741,43,Dalarnas län,9500,Unemployed
C02742,34,Södermanlands län,53900,Permanent employment
C02743,29,Västra Götalands län,41000,Permanent employment
C02744,32,Kronobergs län,36300,Permanent employment
C02745,46,Skåne län,40100,Permanent employment
C02746,57,Skåne län,36600,Permanent employment
C02747,51,Kronobergs län,44700,Permanent employment
C02748,34,Skåne län,37300,Permanent employment
C02749,68,Stockholms län,27000,Retired
C02750,63,Hallands län,33900,Permanent employment
C02751,41,Västra Götalands län,36200,Permanent employment
C02752,55,Blekinge län,44800,Permanent employment
C02753,28,Norrbottens län,40700,Permanent employment
C02754,44,Stockholms län,51300,Permanent employment
C02755,75,Hallands län,35500,Retired
C02756,40,Hallands län,43100,Permanent employment
C02757,50,Stockholms län,49700,Permanent employment
C02758,74,Stockholms län,16600,Retired
C02759,60,Gävleborgs län,3700,Unemployed
C02760,24,Skåne län,23100,Permanent employment
C02761,27,Blekinge län,34600,Permanent employment
C02762,21,Kalmar län,45100,Permanent employment
C02763,57,Dalarnas län,31400,Permanent employment
C02764,43,Jönköpings län,50200,Permanent employment
C02765,27,Västmanlands län,33900,Permanent employment
C02766,67,Östergötlands län,27400,Retired
C02767,45,Skåne län,45300,Permanent employment
C02768,26,Stockholms län,22700,Temporary/Probation/Freelance
C02769,47,Örebro län,52200,Permanent employment
C02770,56,Västra Götalands län,46100,Permanent employment
C02771,20,Skåne län,9900,Student
C02772,40,Stockholms län,47100,Permanent employment
C02773,66,Skåne län,20900,Retired
C02774,50,Stockholms län,6300,Unemployed
C02775,47,Kalmar län,30700,Parental leave
C02776,41,Västmanlands län,60600,Permanent employment
C02777,22,Västra Götalands län,14200,Student
C02778,33,Uppsala län,32300,Temporary/Probation/Freelance
C02779,37,Norrbottens län,47700,Permanent employment
C02780,31,Gävleborgs län,30000,Temporary/Probation/Freelance
C02781,23,Skåne län,15000,Temporary/Probation/Freelance
C02782,68,Skåne län,16500,Retired
C02783,72,Gävleborgs län,23500,Retired
C02784,56,Västra Götalands län,49500,Permanent employment
C02785,72,Skåne län,36700,Retired
C02786,33,Västra Götalands län,30500,Permanent employment
C02787,77,Uppsala län,47600,Permanent employment
C02788,32,Dalarnas län,22400,Permanent employment
C02789,70,Skåne län,21600,Retired
C02790,74,Hallands län,23700,Retired
C02791,55,Stockholms län,54800,Permanent employment
C02792,71,Östergötlands län,18200,Retired
C02793,45,Gotlands län,42600,Permanent employment
C02794,31,Kalmar län,44900,Permanent employment
C02795,36,Västra Götalands län,39900,Permanent employment
C02796,52,Södermanlands län,41300,Permanent employment
C02797,21,Stockholms län,2800,Student
C02798,47,Hallands län,49400,Permanent employment
C02799,77,Västra Götalands län,13900,Retired
C02800,27,Stockholms län,45400,Permanent employment
C02801,55,Stockholms län,34300,Permanent employment
C02802,69,Västernorrlands län,18600,Retired
C02803,69,Stockholms län,15700,Retired
C02804,74,Gävleborgs län,41000,Permanent employment
C02805,49,Kronobergs län,52500,Permanent employment
C02806,78,Västra Götalands län,19000,Retired
C02807,63,Stockholms län,36100,Permanent employment
C02808,30,Örebro län,37900,Permanent employment
C02809,50,Stockholms län,13700,Unemployed
C02810,57,Kronobergs län,16700,Unemployed
C02811,29,Uppsala län,28800,Permanent employment
C02812,64,Västmanlands län,44700,Permanent employment
C02813,61,Västmanlands län,51700,Permanent employment
C02814,27,Jönköpings län,30900,Permanent employment
C02815,46,Östergötlands län,46300,Permanent employment
C02816,59,Västra Götalands län,35900,Permanent employment
C02817,47,Dalarnas län,52700,Permanent employment
C02818,24,Västra Götalands län,18500,Student
C02819,20,Västernorrlands län,20500,Temporary/Probation/Freelance
C02820,44,Kronobergs län,47000,Permanent employment
C02821,65,Stockholms län,51400,Self-employed
C02822,28,Stockholms län,38900,Permanent employment
C02823,64,Västra Götalands län,22300,Retired
C02824,29,Kalmar län,11700,Unemployed
C02825,36,Stockholms län,7700,Unemployed
C02826,76,Södermanlands län,22800,Retired
C02827,56,Skåne län,17500,Unemployed
C02828,25,Stockholms län,45700,Permanent employment
C02829,42,Stockholms län,46300,Permanent employment
C02830,21,Västernorrlands län,5100,Student
C02831,47,Östergötlands län,36000,Permanent employment
C02832,56,Stockholms län,38700,Permanent employment
C02833,28,Västra Götalands län,24600,Permanent employment
C02834,35,Västmanlands län,27300,Permanent employment
C02835,37,Västra Götalands län,35600,Permanent employment
C02836,69,Uppsala län,26100,Retired
C02837,74,Dalarnas län,12400,Retired
C02838,20,Skåne län,11600,Student
C02839,58,Kronobergs län,37200,Permanent employment
C02840,40,Hallands län,18800,Unemployed
C02841,38,Västra Götalands län,25200,Temporary/Probation/Freelance
C02842,61,Hallands län,39800,Permanent employment
C02843,78,Västernorrlands län,18600,Retired
C02844,71,Västra Götalands län,37900,Permanent employment
C02845,50,Dalarnas län,14400,Unemployed
C02846,43,Hallands län,47000,Permanent employment
C02847,56,Östergötlands län,44200,Self-employed
C02848,34,Skåne län,29100,Permanent employment
C02849,52,Stockholms län,15600,Unemployed
C02850,42,Stockholms län,36500,Permanent employment
C02851,64,Västra Götalands län,35400,Permanent employment
C02852,28,Västra Götalands län,34000,Permanent employment
C02853,30,Stockholms län,43400,Permanent employment
C02854,75,Blekinge län,35000,Permanent employment
C02855,30,Stockholms län,40600,Permanent employment
C02856,49,Västmanlands län,27000,Permanent employment
C02857,25,Stockholms län,41500,Permanent employment
C02858,22,Västra Götalands län,38400,Temporary/Probation/Freelance
C02859,21,Hallands län,34300,Permanent employment
C02860,27,Skåne län,37600,Permanent employment
C02861,68,Södermanlands län,19000,Retired
C02862,39,Kalmar län,38400,Permanent employment
C02863,67,Örebro län,18000,Retired
C02864,49,Västra Götalands län,40800,Permanent employment
C02865,42,Västra Götalands län,51500,Permanent employment
C02866,52,Västra Götalands län,44200,Permanent employment
C02867,46,Stockholms län,50500,Permanent employment
C02868,60,Stockholms län,64300,Permanent employment
C02869,38,Dalarnas län,74700,Self-employed
C02870,43,Västmanlands län,44900,Permanent employment
C02871,74,Västra Götalands län,20000,Retired
C02872,66,Hallands län,29700,Retired
C02873,72,Jönköpings län,29700,Retired
C02874,35,Stockholms län,48800,Permanent employment
C02875,60,Västra Götalands län,19900,Unemployed
C02876,54,Gävleborgs län,38400,Permanent employment
C02877,45,Blekinge län,47000,Permanent employment
C02878,26,Östergötlands län,37700,Permanent employment
C02879,47,Uppsala län,49800,Permanent employment
C02880,33,Stockholms län,34800,Permanent employment
C02881,39,Skåne län,32900,Temporary/Probation/Freelance
C02882,74,Norrbottens län,30500,Permanent employment
C02883,34,Örebro län,37900,Permanent employment
C02884,23,Gävleborgs län,43700,Temporary/Probation/Freelance
C02885,21,Västra Götalands län,11900,Unemployed
C02886,74,Skåne län,23200,Retired
C02887,49,Norrbottens län,52500,Permanent employment
C02888,39,Skåne län,48300,Permanent employment
C02889,65,Västernorrlands län,16300,Temporary/Probation/Freelance
C02890,67,Västra Götalands län,22900,Retired
C02891,39,Östergötlands län,15500,Unemployed
C02892,63,Skåne län,52600,Permanent employment
C02893,64,Kronobergs län,51300,Permanent employment
C02894,55,Stockholms län,42600,Permanent employment
C02895,32,Jönköpings län,56400,Self-employed
C02896,65,Gävleborgs län,42500,Permanent employment
C02897,53,Västra Götalands län,35900,Self-employed
C02898,40,Södermanlands län,18400,Unemployed
C02899,35,Jönköpings län,52200,Permanent employment
C02900,24,Västra Götalands län,15100,Unemployed
C02901,31,Kalmar län,33400,Permanent employment
C02902,61,Skåne län,42800,Permanent employment
C02903,22,Västra Götalands län,10200,Student
C02904,42,Skåne län,51500,Permanent employment
C02905,53,Stockholms län,39500,Self-employed
C02906,23,Skåne län,30200,Temporary/Probation/Freelance
C02907,79,Jönköpings län,25200,Retired
C02908,26,Södermanlands län,27800,Temporary/Probation/Freelance
C02909,41,Östergötlands län,46800,Permanent employment
C02910,36,Blekinge län,14400,Unemployed
C02911,30,Dalarnas län,10700,Unemployed
C02912,21,Västra Götalands län,25600,Temporary/Probation/Freelance
C02913,64,Västra Götalands län,14000,Retired
C02914,70,Skåne län,18700,Retired
C02915,26,Stockholms län,38600,Parental leave
C02916,55,Östergötlands län,47600,Permanent employment
C02917,61,Örebro län,37400,Permanent employment
C02918,67,Kronobergs län,22600,Retired
C02919,38,Skåne län,38900,Permanent employment
C02920,40,Stockholms län,58100,Self-employed
C02921,39,Västernorrlands län,46800,Permanent employment
C02922,58,Västernorrlands län,47800,Permanent employment
C02923,73,Stockholms län,40800,Permanent employment
C02924,30,Västra Götalands län,38000,Temporary/Probation/Freelance
C02925,40,Stockholms län,36700,Permanent employment
C02926,66,Hallands län,38800,Permanent employment
C02927,70,Stockholms län,21100,Retired
C02928,71,Stockholms län,29500,Retired
C02929,62,Stockholms län,39200,Permanent employment
C02930,42,Jämtlands län,38200,Permanent employment
C02931,53,Örebro län,45100,Permanent employment
C02932,64,Stockholms län,60100,Permanent employment
C02933,22,Hallands län,5100,Student
C02934,47,Stockholms län,53700,Permanent employment
C02935,64,Uppsala län,42900,Permanent employment
C02936,31,Dalarnas län,10000,Student
C02937,61,Stockholms län,38800,Permanent employment
C02938,45,Hallands län,49400,Permanent employment
C02939,72,Kalmar län,31200,Retired
C02940,23,Stockholms län,42000,Temporary/Probation/Freelance
C02941,39,Skåne län,47000,Permanent employment
C02942,50,Jämtlands län,40200,Permanent employment
C02943,37,Värmlands län,57500,Permanent employment
C02944,59,Stockholms län,39800,Permanent employment
C02945,64,Västmanlands län,37600,Permanent employment
C02946,29,Västernorrlands län,11400,Student
C02947,45,Södermanlands län,38300,Permanent employment
C02948,47,Östergötlands län,36000,Self-employed
C02949,37,Stockholms län,49400,Permanent employment
C02950,65,Östergötlands län,53000,Temporary/Probation/Freelance
C02951,77,Västra Götalands län,27900,Retired
C02952,61,Uppsala län,51300,Permanent employment
C02953,55,Stockholms län,39500,Permanent employment
C02954,51,Östergötlands län,46900,Permanent employment
C02955,68,Skåne län,12000,Retired
C02956,63,Skåne län,8700,Unemployed
C02957,61,Västra Götalands län,44100,Permanent employment
C02958,69,Stockholms län,26400,Retired
C02959,41,Skåne län,50900,Permanent employment
C02960,73,Uppsala län,22600,Retired
C02961,34,Jämtlands län,20000,Unemployed
C02962,40,Jönköpings län,48900,Permanent employment
C02963,35,Stockholms län,32300,Permanent employment
C02964,70,Stockholms län,18000,Self-employed
C02965,65,Uppsala län,43900,Permanent employment
C02966,58,Stockholms län,41300,Permanent employment
C02967,62,Västra Götalands län,14900,Unemployed
C02968,49,Västmanlands län,27300,Temporary/Probation/Freelance
C02969,79,Östergötlands län,19700,Retired
C02970,49,Skåne län,39900,Permanent employment
C02971,44,Västra Götalands län,44600,Permanent employment
C02972,32,Kronobergs län,14200,Student
C02973,62,Stockholms län,16400,Retired
C02974,55,Stockholms län,13400,Unemployed
C02975,39,Dalarnas län,41400,Temporary/Probation/Freelance
C02976,23,Örebro län,1300,Student
C02977,69,Stockholms län,47500,Permanent employment
C02978,20,Stockholms län,28300,Temporary/Probation/Freelance
C02979,61,Västra Götalands län,37500,Permanent employment
C02980,71,Skåne län,20000,Retired
C02981,43,Västra Götalands län,63600,Self-employed
C02982,26,Stockholms län,29200,Parental leave
C02983,57,Västerbottens län,35500,Permanent employment
C02984,68,Värmlands län,36900,Permanent employment
C02985,45,Stockholms län,41500,Permanent employment
C02986,79,Skåne län,30000,Retired
C02987,21,Stockholms län,26000,Temporary/Probation/Freelance
C02988,47,Jönköpings län,44800,Permanent employment
C02989,57,Västra Götalands län,38200,Permanent employment
C02990,67,Östergötlands län,40200,Permanent employment
C02991,32,Västra Götalands län,36900,Permanent employment
C02992,73,Uppsala län,17400,Retired
C02993,54,Västra Götalands län,39500,Permanent employment
C02994,36,Jönköpings län,25800,Temporary/Probation/Freelance
C02995,34,Värmlands län,48500,Permanent employment
C02996,79,Stockholms län,30500,Temporary/Probation/Freelance
C02997,34,Jönköpings län,31700,Permanent employment
C02998,35,Skåne län,17400,Unemployed
C02999,43,Gotlands län,51300,Permanent employment
C03000,70,Blekinge län,17500,Retired
C03001,63,Skåne län,35300,Retired
C03002,70,Norrbottens län,26600,Retired
C03003,26,Stockholms län,40900,Permanent employment
C03004,55,Västra Götalands län,51500,Self-employed
C03005,52,Skåne län,15400,Unemployed
C03006,67,Kalmar län,23100,Retired
C03007,65,Västra Götalands län,28400,Retired
C03008,23,Västmanlands län,27400,Temporary/Probation/Freelance
C03009,55,Skåne län,54000,Permanent employment
C03010,20,Dalarnas län,0,Student
C03011,53,Stockholms län,38600,Permanent employment
C03012,43,Västra Götalands län,32100,Parental leave
C03013,43,Östergötlands län,13700,Unemployed
C03014,37,Kronobergs län,36000,Self-employed
C03015,48,Skåne län,14700,Unemployed
C03016,39,Skåne län,36500,Permanent employment
C03017,60,Kronobergs län,9900,Unemployed
C03018,43,Östergötlands län,44100,Permanent employment
C03019,24,Västra Götalands län,32700,Permanent employment
C03020,58,Skåne län,38000,Permanent employment
C03021,40,Östergötlands län,32400,Permanent employment
C03022,35,Stockholms län,11100,Student
C03023,56,Västra Götalands län,46400,Permanent employment
C03024,42,Värmlands län,4500,Student
C03025,23,Stockholms län,27300,Permanent employment
C03026,44,Uppsala län,37300,Temporary/Probation/Freelance
C03027,71,Uppsala län,15800,Retired
C03028,58,Dalarnas län,44400,Self-employed
C03029,63,Västra Götalands län,38300,Permanent employment
C03030,63,Stockholms län,39200,Retired
C03031,28,Örebro län,29400,Permanent employment
C03032,42,Stockholms län,32200,Permanent employment
C03033,60,Uppsala län,47200,Permanent employment
C03034,25,Västernorrlands län,35700,Permanent employment
C03035,41,Dalarnas län,37800,Permanent employment
C03036,35,Värmlands län,41600,Permanent employment
C03037,37,Skåne län,20100,Unemployed
C03038,72,Östergötlands län,23900,Retired
C03039,20,Dalarnas län,17300,Student
C03040,47,Västra Götalands län,36300,Permanent employment
C03041,25,Södermanlands län,18300,Unemployed
C03042,65,Skåne län,36200,Permanent employment
C03043,31,Dalarnas län,46600,Permanent employment
C03044,39,Gävleborgs län,65600,Self-employed
C03045,55,Västra Götalands län,27100,Self-employed
C03046,60,Västra Götalands län,46000,Permanent employment
C03047,40,Stockholms län,46400,Permanent employment
C03048,38,Hallands län,51600,Permanent employment
C03049,41,Västra Götalands län,37100,Permanent employment
C03050,41,Stockholms län,42200,Permanent employment
C03051,33,Västmanlands län,38300,Permanent employment
C03052,45,Västernorrlands län,55500,Permanent employment
C03053,39,Uppsala län,45400,Permanent employment
C03054,44,Västmanlands län,38200,Permanent employment
C03055,57,Västra Götalands län,50800,Self-employed
C03056,71,Hallands län,16800,Retired
C03057,48,Västmanlands län,33200,Permanent employment
C03058,23,Södermanlands län,28900,Permanent employment
C03059,24,Värmlands län,31900,Permanent employment
C03060,76,Östergötlands län,25200,Retired
C03061,35,Värmlands län,45400,Permanent employment
C03062,25,Skåne län,50500,Permanent employment
C03063,54,Stockholms län,55900,Permanent employment
C03064,56,Kronobergs län,18100,Retired
C03065,56,Stockholms län,62000,Self-employed
C03066,35,Stockholms län,60800,Permanent employment
C03067,21,Stockholms län,44100,Temporary/Probation/Freelance
C03068,74,Värmlands län,31000,Retired
C03069,33,Dalarnas län,37100,Permanent employment
C03070,59,Västernorrlands län,33900,Permanent employment
C03071,58,Västmanlands län,17200,Retired
C03072,50,Örebro län,16100,Unemployed
C03073,42,Stockholms län,15200,Unemployed
C03074,35,Värmlands län,45500,Permanent employment
C03075,51,Värmlands län,51400,Permanent employment
C03076,72,Stockholms län,32100,Retired
C03077,73,Västra Götalands län,32100,Retired
C03078,32,Skåne län,35900,Temporary/Probation/Freelance
C03079,31,Gävleborgs län,33100,Parental leave
C03080,67,Västra Götalands län,20200,Retired
C03081,56,Västerbottens län,30700,Temporary/Probation/Freelance
C03082,79,Stockholms län,26400,Retired
C03083,27,Stockholms län,37600,Permanent employment
C03084,48,Västerbottens län,33900,Permanent employment
C03085,58,Stockholms län,45200,Permanent employment
C03086,60,Kronobergs län,42600,Permanent employment
C03087,41,Västra Götalands län,42500,Self-employed
C03088,23,Dalarnas län,34000,Permanent employment
C03089,48,Uppsala län,48900,Permanent employment
C03090,34,Stockholms län,37200,Parental leave
C03091,50,Skåne län,49100,Permanent employment
C03092,73,Skåne län,40300,Permanent employment
C03093,40,Östergötlands län,54300,Permanent employment
C03094,78,Dalarnas län,34400,Retired
C03095,27,Västra Götalands län,37900,Permanent employment
C03096,55,Västmanlands län,67500,Self-employed
C03097,75,Stockholms län,25000,Retired
C03098,34,Västra Götalands län,46000,Permanent employment
C03099,21,Västerbottens län,40600,Temporary/Probation/Freelance
C03100,39,Västra Götalands län,40600,Permanent employment
C03101,34,Stockholms län,47800,Permanent employment
C03102,64,Norrbottens län,43300,Permanent employment
C03103,67,Skåne län,26600,Retired
C03104,42,Västmanlands län,52800,Permanent employment
C03105,34,Stockholms län,27900,Temporary/Probation/Freelance
C03106,35,Västra Götalands län,51900,Permanent employment
C03107,56,Gävleborgs län,44200,Permanent employment
C03108,22,Skåne län,27300,Parental leave
C03109,47,Södermanlands län,33900,Parental leave
C03110,52,Stockholms län,67500,Self-employed
C03111,59,Södermanlands län,43700,Permanent employment
C03112,32,Jönköpings län,4900,Student
C03113,60,Västra Götalands län,40700,Permanent employment
C03114,26,Stockholms län,33100,Permanent employment
C03115,28,Stockholms län,53900,Permanent employment
C03116,73,Kronobergs län,17800,Retired
C03117,58,Skåne län,27100,Permanent employment
C03118,24,Västra Götalands län,27300,Permanent employment
C03119,29,Västra Götalands län,10900,Student
C03120,34,Gävleborgs län,30300,Temporary/Probation/Freelance
C03121,42,Södermanlands län,48200,Self-employed
C03122,30,Skåne län,29000,Permanent employment
C03123,21,Jönköpings län,10300,Student
C03124,51,Stockholms län,38100,Permanent employment
C03125,60,Hallands län,61300,Self-employed
C03126,49,Örebro län,9400,Unemployed
C03127,59,Stockholms län,42400,Permanent employment
C03128,27,Stockholms län,32400,Permanent employment
C03129,71,Västra Götalands län,30600,Retired
C03130,77,Västra Götalands län,20600,Retired
C03131,74,Kalmar län,16500,Retired
C03132,69,Västra Götalands län,31300,Retired
C03133,71,Västerbottens län,12000,Retired
C03134,46,Uppsala län,49800,Permanent employment
C03135,33,Uppsala län,32700,Temporary/Probation/Freelance
C03136,52,Stockholms län,62700,Permanent employment
C03137,59,Västra Götalands län,47600,Permanent employment
C03138,56,Jönköpings län,46500,Permanent employment
C03139,50,Norrbottens län,39000,Permanent employment
C03140,23,Västra Götalands län,28500,Permanent employment
C03141,37,Jönköpings län,46800,Permanent employment
C03142,71,Stockholms län,33900,Retired
C03143,46,Hallands län,39600,Permanent employment
C03144,49,Södermanlands län,32100,Permanent employment
C03145,41,Gävleborgs län,45500,Permanent employment
C03146,35,Blekinge län,33800,Permanent employment
C03147,68,Södermanlands län,29600,Retired
C03148,56,Hallands län,20100,Unemployed
C03149,60,Stockholms län,63600,Self-employed
C03150,45,Skåne län,41500,Permanent employment
C03151,61,Stockholms län,54300,Permanent employment
C03152,27,Hallands län,32600,Permanent employment
C03153,55,Skåne län,36100,Permanent employment
C03154,42,Skåne län,38600,Parental leave
C03155,41,Västra Götalands län,42500,Permanent employment
C03156,56,Stockholms län,14600,Unemployed
C03157,71,Skåne län,31000,Retired
C03158,22,Skåne län,22300,Permanent employment
C03159,79,Skåne län,20200,Retired
C03160,43,Norrbottens län,40900,Permanent employment
C03161,42,Stockholms län,40800,Self-employed
C03162,24,Västra Götalands län,6400,Student
C03163,41,Kalmar län,47600,Permanent employment
C03164,47,Skåne län,47500,Permanent employment
C03165,20,Västra Götalands län,10000,Student
C03166,45,Stockholms län,31400,Parental leave
C03167,79,Västra Götalands län,19300,Retired
C03168,26,Stockholms län,30200,Temporary/Probation/Freelance
C03169,62,Skåne län,31200,Permanent employment
C03170,35,Västra Götalands län,51900,Permanent employment
C03171,59,Stockholms län,11800,Unemployed
C03172,33,Västra Götalands län,34400,Permanent employment
C03173,33,Stockholms län,31500,Permanent employment
C03174,26,Värmlands län,14600,Unemployed
C03175,22,Skåne län,25700,Temporary/Probation/Freelance
C03176,25,Västra Götalands län,33800,Parental leave
C03177,57,Västernorrlands län,35700,Permanent employment
C03178,70,Kalmar län,24900,Retired
C03179,73,Stockholms län,26900,Retired
C03180,64,Dalarnas län,59300,Self-employed
C03181,26,Stockholms län,42700,Permanent employment
C03182,41,Västra Götalands län,38700,Permanent employment
C03183,38,Västernorrlands län,45500,Permanent employment
C03184,26,Västra Götalands län,37300,Permanent employment
C03185,47,Stockholms län,21600,Temporary/Probation/Freelance
C03186,50,Stockholms län,13900,Unemployed
C03187,44,Uppsala län,35200,Permanent employment
C03188,43,Kronobergs län,49200,Self-employed
C03189,72,Stockholms län,32300,Retired
C03190,64,Värmlands län,30900,Retired
C03191,43,Jönköpings län,52000,Self-employed
C03192,68,Västernorrlands län,25700,Retired
C03193,76,Västmanlands län,23100,Retired
C03194,38,Gävleborgs län,60100,Permanent employment
C03195,43,Södermanlands län,28300,Temporary/Probation/Freelance
C03196,52,Skåne län,35800,Permanent employment
C03197,76,Östergötlands län,29200,Retired
C03198,79,Uppsala län,27100,Retired
C03199,26,Hallands län,9600,Unemployed
C03200,42,Örebro län,37900,Self-employed
C03201,45,Stockholms län,46200,Permanent employment
C03202,53,Södermanlands län,41000,Permanent employment
C03203,33,Stockholms län,17700,Unemployed
C03204,77,Värmlands län,18500,Retired
C03205,62,Västernorrlands län,41200,Permanent employment
C03206,75,Stockholms län,21000,Retired
C03207,69,Jönköpings län,27100,Retired
C03208,59,Gävleborgs län,16500,Unemployed
C03209,37,Östergötlands län,53100,Self-employed
C03210,49,Västra Götalands län,32100,Permanent employment
C03211,28,Stockholms län,39100,Permanent employment
C03212,55,Skåne län,27200,Retired
C03213,33,Skåne län,42100,Permanent employment
C03214,64,Västra Götalands län,41800,Permanent employment
C03215,28,Södermanlands län,38200,Permanent employment
C03216,27,Uppsala län,25500,Temporary/Probation/Freelance
C03217,30,Östergötlands län,40200,Temporary/Probation/Freelance
C03218,20,Skåne län,3300,Student
C03219,59,Dalarnas län,53100,Self-employed
C03220,61,Örebro län,36000,Permanent employment
C03221,46,Stockholms län,41600,Permanent employment
C03222,34,Dalarnas län,37700,Permanent employment
C03223,33,Stockholms län,24100,Permanent employment
C03224,23,Kalmar län,3000,Student
C03225,30,Västra Götalands län,17200,Temporary/Probation/Freelance
C03226,66,Stockholms län,46000,Permanent employment
C03227,32,Stockholms län,45200,Permanent employment
C03228,42,Östergötlands län,17200,Temporary/Probation/Freelance
C03229,25,Västra Götalands län,36800,Permanent employment
C03230,25,Skåne län,39900,Permanent employment
C03231,45,Kalmar län,46900,Permanent employment
C03232,48,Örebro län,59100,Permanent employment
C03233,28,Västra Götalands län,39100,Permanent employment
C03234,20,Värmlands län,23500,Permanent employment
C03235,44,Skåne län,50200,Permanent employment
C03236,27,Stockholms län,49100,Permanent employment
C03237,25,Stockholms län,28900,Permanent employment
C03238,73,Västra Götalands län,27600,Retired
C03239,54,Västra Götalands län,30200,Temporary/Probation/Freelance
C03240,53,Västerbottens län,38300,Permanent employment
C03241,41,Stockholms län,40500,Permanent employment
C03242,42,Stockholms län,56100,Permanent employment
C03243,45,Stockholms län,50400,Permanent employment
C03244,59,Stockholms län,15700,Unemployed
C03245,56,Skåne län,32600,Permanent employment
C03246,25,Västerbottens län,42700,Permanent employment
C03247,47,Hallands län,52800,Permanent employment
C03248,41,Skåne län,35400,Permanent employment
C03249,65,Västra Götalands län,43200,Permanent employment
C03250,56,Stockholms län,18000,Unemployed
C03251,46,Örebro län,51100,Permanent employment
C03252,28,Västra Götalands län,42500,Permanent employment
C03253,47,Stockholms län,30300,Parental leave
C03254,27,Västra Götalands län,45600,Permanent employment
C03255,44,Hallands län,46100,Permanent employment
C03256,29,Stockholms län,16200,Unemployed
C03257,57,Uppsala län,45400,Permanent employment
C03258,31,Kronobergs län,9700,Unemployed
C03259,39,Uppsala län,38500,Permanent employment
C03260,68,Uppsala län,13700,Retired
C03261,27,Skåne län,26900,Temporary/Probation/Freelance
C03262,48,Skåne län,50700,Permanent employment
C03263,36,Västra Götalands län,32700,Temporary/Probation/Freelance
C03264,20,Västerbottens län,29800,Permanent employment
C03265,57,Västra Götalands län,69500,Self-employed
C03266,22,Hallands län,28200,Parental leave
C03267,46,Västmanlands län,48900,Permanent employment
C03268,45,Västra Götalands län,38900,Self-employed
C03269,55,Stockholms län,2500,Student
C03270,56,Östergötlands län,11000,Unemployed
C03271,33,Västra Götalands län,25300,Parental leave
C03272,24,Västra Götalands län,18600,Temporary/Probation/Freelance
C03273,59,Norrbottens län,13400,Unemployed
C03274,53,Västra Götalands län,39800,Permanent employment
C03275,72,Gävleborgs län,34400,Retired
C03276,77,Stockholms län,22300,Retired
C03277,75,Skåne län,23300,Temporary/Probation/Freelance
C03278,50,Västernorrlands län,37400,Permanent employment
C03279,35,Södermanlands län,24800,Self-employed
C03280,64,Stockholms län,49100,Permanent employment
C03281,49,Jönköpings län,51800,Permanent employment
C03282,25,Värmlands län,18000,Parental leave
C03283,71,Stockholms län,58100,Permanent employment
C03284,74,Hallands län,24400,Retired
C03285,52,Stockholms län,18100,Unemployed
C03286,21,Blekinge län,30600,Self-employed
C03287,39,Västerbottens län,27300,Self-employed
C03288,68,Stockholms län,13000,Unemployed
C03289,69,Stockholms län,26500,Retired
C03290,34,Gotlands län,39500,Permanent employment
C03291,20,Skåne län,15800,Student
C03292,79,Södermanlands län,12000,Retired
C03293,38,Skåne län,51300,Permanent employment
C03294,52,Västerbottens län,54300,Self-employed
C03295,72,Östergötlands län,26100,Retired
C03296,21,Östergötlands län,3300,Student
C03297,60,Skåne län,18300,Retired
C03298,24,Skåne län,13200,Student
C03299,36,Stockholms län,18000,Self-employed
C03300,76,Västra Götalands län,12000,Retired
C03301,44,Norrbottens län,48200,Permanent employment
C03302,68,Södermanlands län,46900,Permanent employment
C03303,51,Västra Götalands län,39800,Permanent employment
C03304,35,Stockholms län,39800,Permanent employment
C03305,33,Hallands län,62100,Self-employed
C03306,44,Skåne län,51200,Permanent employment
C03307,35,Skåne län,42600,Permanent employment
C03308,23,Skåne län,3900,Student
C03309,39,Stockholms län,55300,Permanent employment
C03310,51,Västra Götalands län,36000,Permanent employment
C03311,62,Skåne län,47700,Permanent employment
C03312,56,Uppsala län,51400,Permanent employment
C03313,58,Västernorrlands län,23900,Retired
C03314,21,Stockholms län,7100,Student
C03315,28,Västra Götalands län,26700,Permanent employment
C03316,60,Kronobergs län,43400,Permanent employment
C03317,50,Skåne län,21200,Parental leave
C03318,23,Södermanlands län,11500,Student
C03319,77,Östergötlands län,12000,Retired
C03320,56,Stockholms län,7300,Unemployed
C03321,48,Västra Götalands län,45900,Permanent employment
C03322,23,Västra Götalands län,14200,Student
C03323,55,Västra Götalands län,41000,Permanent employment
C03324,46,Dalarnas län,18200,Unemployed
C03325,57,Gävleborgs län,25500,Temporary/Probation/Freelance
C03326,59,Skåne län,58200,Permanent employment
C03327,75,Västra Götalands län,14600,Retired
C03328,52,Stockholms län,40000,Permanent employment
C03329,30,Västmanlands län,47500,Permanent employment
C03330,57,Örebro län,41200,Permanent employment
C03331,50,Stockholms län,51600,Permanent employment
C03332,61,Skåne län,33700,Permanent employment
C03333,30,Gävleborgs län,31300,Permanent employment
C03334,34,Stockholms län,42200,Permanent employment
C03335,70,Jönköpings län,13800,Retired
C03336,55,Östergötlands län,34500,Permanent employment
C03337,67,Jönköpings län,42200,Permanent employment
C03338,61,Stockholms län,52200,Permanent employment
C03339,48,Södermanlands län,47600,Permanent employment
C03340,58,Södermanlands län,41500,Permanent employment
C03341,71,Dalarnas län,25100,Retired
C03342,53,Jönköpings län,32800,Permanent employment
C03343,56,Skåne län,34600,Self-employed
C03344,33,Jönköpings län,41100,Permanent employment
C03345,47,Stockholms län,46700,Permanent employment
C03346,60,Norrbottens län,47300,Permanent employment
C03347,38,Örebro län,49900,Permanent employment
C03348,25,Skåne län,31400,Parental leave
C03349,43,Skåne län,18000,Self-employed
C03350,30,Västra Götalands län,40400,Permanent employment
C03351,32,Östergötlands län,36200,Self-employed
C03352,36,Stockholms län,38000,Self-employed
C03353,71,Kalmar län,21300,Retired
C03354,50,Norrbottens län,15200,Unemployed
C03355,26,Stockholms län,27700,Permanent employment
C03356,21,Skåne län,1400,Student
C03357,58,Stockholms län,34300,Permanent employment
C03358,38,Stockholms län,51400,Permanent employment
C03359,67,Hallands län,20800,Retired
C03360,62,Södermanlands län,46500,Permanent employment
C03361,78,Gävleborgs län,27300,Retired
C03362,41,Kalmar län,47800,Permanent employment
C03363,56,Stockholms län,46700,Permanent employment
C03364,37,Skåne län,26900,Parental leave
C03365,74,Värmlands län,35400,Temporary/Probation/Freelance
C03366,63,Stockholms län,45700,Permanent employment
C03367,39,Skåne län,18000,Self-employed
C03368,36,Västra Götalands län,46100,Self-employed
C03369,27,Stockholms län,13400,Unemployed
C03370,62,Gävleborgs län,33700,Temporary/Probation/Freelance
C03371,28,Uppsala län,30200,Parental leave
C03372,46,Stockholms län,13000,Unemployed
C03373,36,Hallands län,55900,Permanent employment
C03374,60,Stockholms län,47300,Permanent employment
C03375,72,Västra Götalands län,24200,Retired
C03376,61,Skåne län,35200,Permanent employment
C03377,58,Stockholms län,43800,Permanent employment
C03378,26,Gävleborgs län,23200,Temporary/Probation/Freelance
C03379,33,Västra Götalands län,7400,Unemployed
C03380,58,Skåne län,40200,Permanent employment
C03381,43,Jönköpings län,42600,Permanent employment
C03382,39,Stockholms län,52200,Permanent employment
C03383,23,Västra Götalands län,37800,Temporary/Probation/Freelance
C03384,31,Örebro län,42700,Permanent employment
C03385,23,Stockholms län,9600,Student
C03386,69,Skåne län,23400,Retired
C03387,26,Skåne län,41900,Permanent employment
C03388,50,Jönköpings län,35100,Temporary/Probation/Freelance
C03389,22,Värmlands län,11800,Student
C03390,60,Stockholms län,46600,Permanent employment
C03391,37,Stockholms län,44500,Permanent employment
C03392,74,Stockholms län,39900,Self-employed
C03393,72,Jönköpings län,12000,Retired
C03394,37,Södermanlands län,42600,Permanent employment
C03395,78,Dalarnas län,18800,Retired
C03396,69,Västra Götalands län,24600,Retired
C03397,73,Stockholms län,19200,Retired
C03398,75,Västra Götalands län,24900,Retired
C03399,29,Västra Götalands län,18800,Parental leave
C03400,51,Södermanlands län,38300,Permanent employment
C03401,22,Stockholms län,25000,Permanent employment
C03402,31,Stockholms län,30700,Permanent employment
C03403,69,Uppsala län,45700,Retired
C03404,36,Örebro län,30800,Permanent employment
C03405,59,Skåne län,28600,Retired
C03406,71,Västernorrlands län,30900,Retired
C03407,71,Värmlands län,20800,Retired
C03408,68,Södermanlands län,51000,Self-employed
C03409,25,Västmanlands län,42300,Permanent employment
C03410,24,Stockholms län,30900,Permanent employment
C03411,37,Stockholms län,6900,Unemployed
C03412,29,Hallands län,40800,Permanent employment
C03413,23,Östergötlands län,14900,Student
C03414,36,Östergötlands län,59400,Permanent employment
C03415,61,Västra Götalands län,3100,Student
C03416,49,Västmanlands län,43800,Permanent employment
C03417,41,Östergötlands län,44800,Permanent employment
C03418,63,Östergötlands län,23200,Retired
C03419,28,Skåne län,26300,Permanent employment
C03420,24,Västra Götalands län,38800,Temporary/Probation/Freelance
C03421,63,Stockholms län,50000,Permanent employment
C03422,64,Gävleborgs län,26500,Retired
C03423,58,Västra Götalands län,40000,Permanent employment
C03424,24,Västra Götalands län,28500,Permanent employment
C03425,77,Gävleborgs län,21900,Retired
C03426,49,Gävleborgs län,35300,Permanent employment
C03427,52,Stockholms län,49900,Permanent employment
C03428,58,Stockholms län,43200,Permanent employment
C03429,68,Västra Götalands län,28700,Retired
C03430,51,Västerbottens län,46800,Permanent employment
C03431,49,Västra Götalands län,38000,Permanent employment
C03432,70,Kalmar län,17400,Retired
C03433,60,Västra Götalands län,52200,Permanent employment
C03434,40,Stockholms län,48900,Permanent employment
C03435,64,Norrbottens län,40300,Permanent employment
C03436,39,Blekinge län,48900,Permanent employment
C03437,29,Västernorrlands län,29300,Self-employed
C03438,53,Blekinge län,52600,Permanent employment
C03439,77,Västernorrlands län,33500,Permanent employment
C03440,72,Östergötlands län,25300,Retired
C03441,38,Västra Götalands län,44000,Permanent employment
C03442,51,Västerbottens län,45100,Permanent employment
C03443,32,Västra Götalands län,42600,Permanent employment
C03444,76,Västra Götalands län,30900,Retired
C03445,73,Stockholms län,21000,Retired
C03446,59,Skåne län,29100,Permanent employment
C03447,67,Dalarnas län,12000,Retired
C03448,58,Uppsala län,21200,Retired
C03449,54,Värmlands län,45200,Permanent employment
C03450,21,Västra Götalands län,32600,Permanent employment
C03451,49,Stockholms län,46300,Permanent employment
C03452,63,Södermanlands län,49200,Permanent employment
C03453,57,Gotlands län,44400,Temporary/Probation/Freelance
C03454,36,Stockholms län,45700,Permanent employment
C03455,70,Gävleborgs län,26400,Retired
C03456,31,Västra Götalands län,32600,Permanent employment
C03457,49,Jönköpings län,45400,Permanent employment
C03458,55,Södermanlands län,44400,Permanent employment
C03459,57,Västra Götalands län,44100,Permanent employment
C03460,57,Gotlands län,37700,Permanent employment
C03461,38,Stockholms län,46200,Permanent employment
C03462,34,Blekinge län,38600,Permanent employment
C03463,60,Dalarnas län,15300,Unemployed
C03464,49,Stockholms län,42200,Permanent employment
C03465,25,Jönköpings län,38100,Permanent employment
C03466,60,Västerbottens län,58200,Permanent employment
C03467,53,Stockholms län,46000,Self-employed
C03468,55,Gävleborgs län,50500,Permanent employment
C03469,72,Jönköpings län,41400,Temporary/Probation/Freelance
C03470,32,Stockholms län,27800,Permanent employment
C03471,22,Stockholms län,13200,Unemployed
C03472,63,Stockholms län,22800,Retired
C03473,52,Stockholms län,59100,Permanent employment
C03474,57,Stockholms län,56200,Permanent employment
C03475,74,Östergötlands län,13700,Retired
C03476,69,Stockholms län,36000,Permanent employment
C03477,67,Västra Götalands län,32500,Retired
C03478,49,Örebro län,41300,Permanent employment
C03479,53,Dalarnas län,49500,Permanent employment
C03480,38,Skåne län,28200,Temporary/Probation/Freelance
C03481,30,Jämtlands län,30500,Permanent employment
C03482,47,Stockholms län,54100,Permanent employment
C03483,37,Stockholms län,39900,Permanent employment
C03484,69,Södermanlands län,23000,Retired
C03485,52,Värmlands län,37100,Permanent employment
C03486,52,Dalarnas län,37200,Permanent employment
C03487,37,Västra Götalands län,45400,Permanent employment
C03488,24,Kronobergs län,23300,Permanent employment
C03489,22,Västra Götalands län,17500,Student
C03490,42,Stockholms län,16800,Unemployed
C03491,27,Skåne län,43600,Permanent employment
C03492,54,Skåne län,42900,Permanent employment
C03493,79,Stockholms län,22000,Retired
C03494,77,Stockholms län,27000,Retired
C03495,64,Västra Götalands län,24100,Permanent employment
C03496,26,Skåne län,34800,Permanent employment
C03497,74,Östergötlands län,12000,Retired
C03498,66,Blekinge län,44600,Permanent employment
C03499,33,Västerbottens län,29900,Permanent employment
C03500,61,Kronobergs län,42800,Self-employed
C03501,40,Stockholms län,38800,Permanent employment
C03502,71,Skåne län,33900,Retired
C03503,72,Västra Götalands län,39700,Retired
C03504,23,Stockholms län,36400,Permanent employment
C03505,65,Östergötlands län,30700,Retired
C03506,52,Kronobergs län,44700,Permanent employment
C03507,67,Skåne län,19500,Retired
C03508,47,Östergötlands län,31500,Permanent employment
C03509,70,Västra Götalands län,25200,Retired
C03510,23,Jämtlands län,8500,Student
C03511,38,Gävleborgs län,46600,Permanent employment
C03512,23,Västra Götalands län,24300,Temporary/Probation/Freelance
C03513,74,Skåne län,13500,Retired
C03514,73,Örebro län,15800,Retired
C03515,72,Västmanlands län,34600,Retired
C03516,67,Örebro län,21700,Unemployed
C03517,25,Stockholms län,27000,Permanent employment
C03518,35,Stockholms län,40300,Permanent employment
C03519,20,Norrbottens län,22000,Permanent employment
C03520,28,Västerbottens län,38400,Permanent employment
C03521,30,Skåne län,38600,Permanent employment
C03522,48,Norrbottens län,44200,Permanent employment
C03523,37,Västra Götalands län,41500,Permanent employment
C03524,32,Skåne län,39700,Permanent employment
C03525,32,Kronobergs län,16600,Unemployed
C03526,30,Hallands län,42900,Permanent employment
C03527,73,Skåne län,32400,Retired
C03528,64,Norrbottens län,12600,Unemployed
C03529,65,Skåne län,38900,Permanent employment
C03530,42,Västmanlands län,17800,Unemployed
C03531,40,Örebro län,41100,Permanent employment
C03532,65,Stockholms län,22400,Retired
C03533,38,Stockholms län,41200,Permanent employment
C03534,39,Västra Götalands län,75600,Self-employed
C03535,31,Uppsala län,55500,Self-employed
C03536,32,Västra Götalands län,9500,Unemployed
C03537,33,Stockholms län,38000,Permanent employment
C03538,40,Kronobergs län,47800,Permanent employment
C03539,64,Stockholms län,16000,Retired
C03540,20,Södermanlands län,11800,Student
C03541,28,Stockholms län,9200,Student
C03542,72,Västerbottens län,15300,Retired
C03543,27,Kronobergs län,28600,Permanent employment
C03544,38,Gävleborgs län,54600,Permanent employment
C03545,74,Västerbottens län,18000,Retired
C03546,28,Gävleborgs län,36000,Parental leave
C03547,30,Skåne län,42600,Permanent employment
C03548,53,Västra Götalands län,40600,Permanent employment
C03549,40,Stockholms län,48500,Permanent employment
C03550,45,Stockholms län,32600,Temporary/Probation/Freelance
C03551,69,Dalarnas län,30200,Retired
C03552,33,Stockholms län,39200,Permanent employment
C03553,49,Västerbottens län,12700,Unemployed
C03554,50,Västra Götalands län,54300,Permanent employment
C03555,27,Kalmar län,35800,Temporary/Probation/Freelance
C03556,62,Stockholms län,38500,Permanent employment
C03557,44,Västra Götalands län,43800,Permanent employment
C03558,48,Skåne län,37800,Parental leave
C03559,28,Västra Götalands län,42000,Temporary/Probation/Freelance
C03560,49,Kalmar län,43800,Permanent employment
C03561,44,Stockholms län,48400,Permanent employment
C03562,79,Östergötlands län,26400,Retired
C03563,20,Östergötlands län,22300,Permanent employment
C03564,42,Stockholms län,48600,Permanent employment
C03565,51,Stockholms län,18000,Self-employed
C03566,59,Östergötlands län,17600,Unemployed
C03567,53,Västra Götalands län,48600,Permanent employment
C03568,63,Västra Götalands län,12000,Retired
C03569,64,Uppsala län,27600,Self-employed
C03570,74,Hallands län,12000,Retired
C03571,36,Västra Götalands län,37800,Permanent employment
C03572,48,Skåne län,30800,Parental leave
C03573,72,Skåne län,36100,Retired
C03574,77,Jönköpings län,27500,Retired
C03575,78,Stockholms län,21200,Retired
C03576,35,Kronobergs län,50000,Permanent employment
C03577,29,Östergötlands län,13100,Student
C03578,52,Hallands län,55100,Permanent employment
C03579,56,Västmanlands län,36700,Temporary/Probation/Freelance
C03580,46,Jönköpings län,45000,Permanent employment
C03581,52,Västra Götalands län,34500,Permanent employment
C03582,74,Örebro län,33300,Retired
C03583,43,Stockholms län,44100,Permanent employment
C03584,71,Gävleborgs län,36800,Permanent employment
C03585,42,Stockholms län,31100,Permanent employment
C03586,39,Gävleborgs län,37000,Permanent employment
C03587,45,Stockholms län,47800,Permanent employment
C03588,58,Östergötlands län,40300,Permanent employment
C03589,26,Hallands län,44900,Permanent employment
C03590,27,Gävleborgs län,49300,Permanent employment
C03591,76,Uppsala län,12000,Retired
C03592,27,Västra Götalands län,30900,Permanent employment
C03593,53,Västra Götalands län,46000,Permanent employment
C03594,54,Stockholms län,55400,Permanent employment
C03595,48,Skåne län,39100,Permanent employment
C03596,56,Skåne län,44600,Permanent employment
C03597,27,Östergötlands län,30400,Permanent employment
C03598,47,Värmlands län,44400,Permanent employment
C03599,41,Västernorrlands län,46000,Permanent employment
C03600,62,Västra Götalands län,40700,Permanent employment
C03601,30,Västerbottens län,49500,Permanent employment
C03602,48,Stockholms län,18800,Unemployed
C03603,30,Stockholms län,35800,Permanent employment
C03604,35,Gävleborgs län,43200,Permanent employment
C03605,34,Gävleborgs län,43600,Permanent employment
C03606,32,Stockholms län,38300,Permanent employment
C03607,65,Jönköpings län,43100,Permanent employment
C03608,39,Västmanlands län,40200,Permanent employment
C03609,66,Stockholms län,47200,Permanent employment
C03610,79,Uppsala län,19400,Retired
C03611,50,Västra Götalands län,40500,Permanent employment
C03612,33,Norrbottens län,40000,Permanent employment
C03613,39,Värmlands län,46000,Permanent employment
C03614,68,Västra Götalands län,30300,Temporary/Probation/Freelance
C03615,36,Östergötlands län,32300,Permanent employment
C03616,27,Västra Götalands län,31900,Temporary/Probation/Freelance
C03617,50,Stockholms län,30900,Permanent employment
C03618,72,Norrbottens län,31100,Retired
C03619,78,Skåne län,20000,Retired
C03620,32,Västra Götalands län,39100,Permanent employment
C03621,59,Dalarnas län,38900,Permanent employment
C03622,29,Stockholms län,15200,Unemployed
C03623,34,Västerbottens län,29600,Permanent employment
C03624,78,Jönköpings län,36900,Retired
C03625,27,Östergötlands län,6600,Student
C03626,41,Stockholms län,51100,Permanent employment
C03627,24,Västmanlands län,22200,Permanent employment
C03628,70,Dalarnas län,21200,Retired
C03629,55,Stockholms län,37700,Permanent employment
C03630,58,Stockholms län,38800,Permanent employment
C03631,60,Västernorrlands län,46000,Permanent employment
C03632,30,Stockholms län,41300,Permanent employment
C03633,47,Västra Götalands län,47900,Permanent employment
C03634,40,Västra Götalands län,38900,Permanent employment
C03635,34,Dalarnas län,47300,Self-employed
C03636,50,Skåne län,10600,Unemployed
C03637,76,Blekinge län,34200,Retired
C03638,20,Västerbottens län,22600,Temporary/Probation/Freelance
C03639,43,Stockholms län,41700,Permanent employment
C03640,26,Uppsala län,38400,Permanent employment
C03641,28,Stockholms län,30900,Permanent employment
C03642,73,Västerbottens län,28300,Retired
C03643,48,Västra Götalands län,52800,Permanent employment
C03644,52,Stockholms län,29100,Self-employed
C03645,64,Västra Götalands län,19100,Retired
C03646,27,Kalmar län,46400,Permanent employment
C03647,47,Västerbottens län,46000,Permanent employment
C03648,43,Södermanlands län,43500,Permanent employment
C03649,54,Västra Götalands län,39700,Permanent employment
C03650,72,Västra Götalands län,21300,Retired
C03651,55,Stockholms län,42000,Permanent employment
C03652,44,Dalarnas län,56500,Self-employed
C03653,78,Stockholms län,23900,Retired
C03654,26,Västra Götalands län,22700,Temporary/Probation/Freelance
C03655,22,Västra Götalands län,26300,Permanent employment
C03656,26,Västra Götalands län,21100,Temporary/Probation/Freelance
C03657,37,Stockholms län,44100,Permanent employment
C03658,52,Västerbottens län,85600,Self-employed
C03659,50,Uppsala län,62300,Permanent employment
C03660,79,Västra Götalands län,26200,Retired
C03661,51,Värmlands län,33400,Permanent employment
C03662,54,Jämtlands län,61700,Self-employed
C03663,24,Hallands län,13300,Student
C03664,21,Uppsala län,24700,Unemployed
C03665,50,Västmanlands län,45500,Permanent employment
C03666,35,Stockholms län,42000,Permanent employment
C03667,75,Stockholms län,16900,Retired
C03668,27,Gävleborgs län,43800,Permanent employment
C03669,24,Skåne län,9100,Student
C03670,35,Stockholms län,43200,Permanent employment
C03671,34,Hallands län,34500,Permanent employment
C03672,23,Stockholms län,43200,Parental leave
C03673,63,Stockholms län,40100,Permanent employment
C03674,33,Stockholms län,42900,Permanent employment
C03675,49,Västra Götalands län,48200,Permanent employment
C03676,38,Västra Götalands län,29400,Permanent employment
C03677,33,Hallands län,53500,Permanent employment
C03678,43,Stockholms län,18000,Self-employed
C03679,79,Västra Götalands län,36700,Permanent employment
C03680,37,Kalmar län,41400,Permanent employment
C03681,59,Skåne län,31900,Self-employed
C03682,27,Gävleborgs län,36400,Permanent employment
C03683,64,Skåne län,10900,Unemployed
C03684,26,Västra Götalands län,47500,Permanent employment
C03685,55,Västerbottens län,16400,Unemployed
C03686,54,Skåne län,40700,Permanent employment
C03687,66,Skåne län,37100,Permanent employment
C03688,42,Hallands län,41000,Permanent employment
C03689,22,Uppsala län,23700,Permanent employment
C03690,22,Västra Götalands län,4000,Student
C03691,71,Västra Götalands län,30400,Retired
C03692,51,Stockholms län,38000,Self-employed
C03693,56,Stockholms län,45800,Permanent employment
C03694,33,Norrbottens län,30400,Parental leave
C03695,37,Hallands län,55100,Permanent employment
C03696,21,Stockholms län,36300,Permanent employment
C03697,76,Södermanlands län,26400,Retired
C03698,57,Västra Götalands län,86300,Self-employed
C03699,66,Stockholms län,19000,Retired
C03700,42,Stockholms län,43700,Permanent employment
C03701,49,Värmlands län,35200,Temporary/Probation/Freelance
C03702,57,Västra Götalands län,36800,Temporary/Probation/Freelance
C03703,39,Östergötlands län,38800,Permanent employment
C03704,75,Stockholms län,23700,Retired
C03705,75,Skåne län,24100,Retired
C03706,72,Södermanlands län,40200,Retired
C03707,61,Kronobergs län,56900,Self-employed
C03708,40,Södermanlands län,52600,Permanent employment
C03709,35,Stockholms län,26900,Temporary/Probation/Freelance
C03710,74,Kronobergs län,18600,Retired
C03711,20,Västerbottens län,7900,Student
C03712,55,Uppsala län,46800,Permanent employment
C03713,64,Östergötlands län,34200,Retired
C03714,52,Östergötlands län,35000,Permanent employment
C03715,72,Skåne län,37800,Retired
C03716,41,Västmanlands län,51200,Permanent employment
C03717,40,Kalmar län,38000,Temporary/Probation/Freelance
C03718,23,Örebro län,61800,Self-employed
C03719,35,Stockholms län,42200,Permanent employment
C03720,43,Gävleborgs län,44100,Permanent employment
C03721,35,Stockholms län,57200,Self-employed
C03722,68,Stockholms län,22200,Retired
C03723,67,Stockholms län,25500,Retired
C03724,31,Stockholms län,26000,Parental leave
C03725,39,Skåne län,36200,Temporary/Probation/Freelance
C03726,69,Skåne län,22900,Retired
C03727,23,Västra Götalands län,8000,Student
C03728,25,Stockholms län,32200,Permanent employment
C03729,29,Skåne län,26000,Parental leave
C03730,48,Östergötlands län,19400,Temporary/Probation/Freelance
C03731,34,Västra Götalands län,32500,Parental leave
C03732,77,Stockholms län,19700,Retired
C03733,42,Stockholms län,44700,Permanent employment
C03734,46,Gotlands län,53500,Permanent employment
C03735,32,Örebro län,37200,Permanent employment
C03736,45,Västra Götalands län,43900,Permanent employment
C03737,58,Stockholms län,23500,Retired
C03738,57,Stockholms län,45000,Permanent employment
C03739,59,Stockholms län,20600,Retired
C03740,49,Kalmar län,36800,Temporary/Probation/Freelance
C03741,69,Hallands län,24800,Retired
C03742,76,Stockholms län,20100,Retired
C03743,58,Kronobergs län,40600,Permanent employment
C03744,22,Hallands län,65600,Self-employed
C03745,23,Kronobergs län,6700,Student
C03746,28,Stockholms län,40900,Permanent employment
C03747,55,Skåne län,46300,Permanent employment
C03748,41,Östergötlands län,37500,Permanent employment
C03749,35,Dalarnas län,21300,Parental leave
C03750,79,Västra Götalands län,21600,Retired
C03751,66,Stockholms län,48600,Permanent employment
C03752,75,Stockholms län,13600,Retired
C03753,41,Jönköpings län,38900,Permanent employment
C03754,55,Kalmar län,57100,Self-employed
C03755,37,Västernorrlands län,37500,Permanent employment
C03756,30,Östergötlands län,38200,Temporary/Probation/Freelance
C03757,30,Dalarnas län,92700,Self-employed
C03758,40,Skåne län,39300,Permanent employment
C03759,36,Dalarnas län,55300,Permanent employment
C03760,66,Västra Götalands län,26200,Retired
C03761,30,Västra Götalands län,10800,Unemployed
C03762,64,Skåne län,35000,Retired
C03763,49,Västmanlands län,47800,Permanent employment
C03764,41,Uppsala län,53300,Permanent employment
C03765,51,Gävleborgs län,61400,Permanent employment
C03766,39,Västra Götalands län,44200,Permanent employment
C03767,52,Blekinge län,34400,Temporary/Probation/Freelance
C03768,44,Norrbottens län,37200,Permanent employment
C03769,30,Dalarnas län,12100,Unemployed
C03770,29,Västra Götalands län,43500,Self-employed
C03771,48,Södermanlands län,46500,Permanent employment
C03772,71,Västerbottens län,12000,Retired
C03773,38,Västra Götalands län,55800,Permanent employment
C03774,59,Hallands län,47400,Permanent employment
C03775,59,Västernorrlands län,46600,Permanent employment
C03776,65,Stockholms län,38200,Retired
C03777,79,Stockholms län,35200,Retired
C03778,45,Skåne län,43900,Permanent employment
C03779,57,Stockholms län,39000,Permanent employment
C03780,79,Västra Götalands län,28300,Retired
C03781,37,Uppsala län,55900,Permanent employment
C03782,36,Stockholms län,13400,Unemployed
C03783,23,Kalmar län,14400,Student
C03784,66,Skåne län,54900,Permanent employment
C03785,70,Stockholms län,30800,Retired
C03786,25,Stockholms län,17200,Temporary/Probation/Freelance
C03787,50,Kalmar län,36600,Permanent employment
C03788,49,Västra Götalands län,58900,Permanent employment
C03789,30,Dalarnas län,30900,Temporary/Probation/Freelance
C03790,69,Stockholms län,45300,Permanent employment
C03791,31,Skåne län,42000,Permanent employment
C03792,20,Uppsala län,17200,Student
C03793,47,Jönköpings län,39500,Permanent employment
C03794,60,Västernorrlands län,12300,Unemployed
C03795,20,Jönköpings län,22000,Temporary/Probation/Freelance
C03796,61,Jönköpings län,28600,Permanent employment
C03797,48,Stockholms län,47900,Permanent employment
C03798,27,Västerbottens län,23100,Temporary/Probation/Freelance
C03799,34,Skåne län,62300,Self-employed
C03800,53,Skåne län,40800,Permanent employment
C03801,35,Skåne län,35600,Permanent employment
C03802,72,Uppsala län,31300,Retired
C03803,65,Örebro län,12600,Student
C03804,77,Stockholms län,42000,Self-employed
C03805,29,Västra Götalands län,37200,Permanent employment
C03806,74,Hallands län,28100,Retired
C03807,42,Stockholms län,20800,Unemployed
C03808,40,Stockholms län,47800,Permanent employment
C03809,22,Västra Götalands län,33800,Temporary/Probation/Freelance
C03810,24,Östergötlands län,26800,Permanent employment
C03811,60,Uppsala län,41300,Permanent employment
C03812,50,Stockholms län,22000,Permanent employment
C03813,30,Västra Götalands län,31400,Permanent employment
C03814,49,Dalarnas län,37500,Permanent employment
C03815,32,Örebro län,30400,Permanent employment
C03816,46,Skåne län,38100,Self-employed
C03817,41,Skåne län,43100,Permanent employment
C03818,79,Uppsala län,9700,Unemployed
C03819,68,Stockholms län,19000,Unemployed
C03820,45,Örebro län,33600,Parental leave
C03821,39,Värmlands län,48700,Self-employed
C03822,37,Västra Götalands län,49500,Permanent employment
C03823,68,Skåne län,12000,Retired
C03824,41,Dalarnas län,19500,Parental leave
C03825,29,Västernorrlands län,46500,Permanent employment
C03826,28,Östergötlands län,54700,Permanent employment
C03827,45,Stockholms län,10300,Student
C03828,50,Skåne län,85500,Self-employed
C03829,75,Stockholms län,23900,Retired
C03830,34,Dalarnas län,33000,Permanent employment
C03831,40,Östergötlands län,51900,Permanent employment
C03832,71,Skåne län,12000,Retired
C03833,65,Hallands län,19800,Retired
C03834,38,Skåne län,39200,Permanent employment
C03835,53,Stockholms län,9200,Unemployed
C03836,44,Norrbottens län,41500,Permanent employment
C03837,70,Stockholms län,45000,Permanent employment
C03838,26,Västra Götalands län,47200,Permanent employment
C03839,68,Värmlands län,31200,Retired
C03840,60,Stockholms län,18000,Self-employed
C03841,48,Västernorrlands län,86200,Self-employed
C03842,21,Skåne län,38700,Permanent employment
C03843,51,Västra Götalands län,30200,Parental leave
C03844,37,Västra Götalands län,54400,Permanent employment
C03845,30,Skåne län,31600,Permanent employment
C03846,58,Stockholms län,48900,Permanent employment
C03847,67,Västra Götalands län,12000,Retired
C03848,47,Hallands län,42800,Permanent employment
C03849,56,Stockholms län,52500,Permanent employment
C03850,22,Västra Götalands län,26800,Permanent employment
C03851,37,Västra Götalands län,42100,Permanent employment
C03852,34,Skåne län,33800,Permanent employment
C03853,45,Stockholms län,43600,Permanent employment
C03854,79,Jönköpings län,16800,Retired
C03855,57,Stockholms län,73500,Self-employed
C03856,20,Skåne län,22000,Permanent employment
C03857,38,Gävleborgs län,47300,Permanent employment
C03858,47,Stockholms län,50900,Permanent employment
C03859,42,Uppsala län,31800,Self-employed
C03860,65,Värmlands län,13700,Retired
C03861,69,Stockholms län,19900,Retired
C03862,45,Stockholms län,42200,Permanent employment
C03863,41,Hallands län,51400,Permanent employment
C03864,29,Värmlands län,28800,Temporary/Probation/Freelance
C03865,26,Västra Götalands län,38000,Permanent employment
C03866,35,Värmlands län,35200,Permanent employment
C03867,41,Jönköpings län,41500,Self-employed
C03868,55,Dalarnas län,41500,Temporary/Probation/Freelance
C03869,57,Stockholms län,64700,Self-employed
C03870,22,Östergötlands län,26500,Permanent employment
C03871,40,Östergötlands län,50800,Permanent employment
C03872,30,Stockholms län,37000,Permanent employment
C03873,31,Östergötlands län,41500,Permanent employment
C03874,75,Hallands län,21800,Retired
C03875,22,Skåne län,23200,Permanent employment
C03876,35,Östergötlands län,37900,Permanent employment
C03877,31,Västra Götalands län,41700,Permanent employment
C03878,66,Västra Götalands län,12000,Retired
C03879,50,Södermanlands län,52500,Permanent employment
C03880,32,Östergötlands län,40700,Self-employed
C03881,49,Södermanlands län,26100,Parental leave
C03882,64,Stockholms län,63000,Self-employed
C03883,67,Västra Götalands län,23600,Permanent employment
C03884,32,Stockholms län,33700,Temporary/Probation/Freelance
C03885,72,Stockholms län,35400,Retired
C03886,68,Stockholms län,33400,Permanent employment
C03887,72,Örebro län,20700,Retired
C03888,59,Stockholms län,33600,Temporary/Probation/Freelance
C03889,59,Västra Götalands län,32000,Permanent employment
C03890,37,Stockholms län,46700,Permanent employment
C03891,61,Värmlands län,24700,Unemployed
C03892,53,Gävleborgs län,47300,Permanent employment
C03893,63,Skåne län,26000,Retired
C03894,35,Värmlands län,36600,Permanent employment
C03895,55,Västra Götalands län,52300,Permanent employment
C03896,74,Värmlands län,12000,Retired
C03897,29,Västra Götalands län,37700,Permanent employment
C03898,65,Stockholms län,30300,Retired
C03899,48,Skåne län,27500,Permanent employment
C03900,76,Västerbottens län,28900,Permanent employment
C03901,35,Östergötlands län,34700,Permanent employment
C03902,36,Västerbottens län,41000,Temporary/Probation/Freelance
C03903,66,Hallands län,38500,Permanent employment
C03904,28,Skåne län,44300,Permanent employment
C03905,72,Västra Götalands län,29000,Retired
C03906,46,Örebro län,33400,Permanent employment
C03907,53,Kronobergs län,42300,Permanent employment
C03908,43,Stockholms län,28600,Parental leave
C03909,46,Västra Götalands län,16000,Unemployed
C03910,35,Västerbottens län,46600,Permanent employment
C03911,21,Västra Götalands län,29500,Temporary/Probation/Freelance
C03912,44,Stockholms län,39300,Temporary/Probation/Freelance
C03913,20,Uppsala län,39200,Temporary/Probation/Freelance
C03914,79,Gävleborgs län,13800,Retired
C03915,66,Stockholms län,39900,Permanent employment
C03916,42,Skåne län,45200,Permanent employment
C03917,57,Stockholms län,24500,Retired
C03918,35,Södermanlands län,48900,Permanent employment
C03919,55,Östergötlands län,45600,Permanent employment
C03920,74,Stockholms län,28100,Retired
C03921,66,Värmlands län,28900,Retired
C03922,41,Östergötlands län,43000,Permanent employment
C03923,60,Östergötlands län,21500,Retired
C03924,36,Skåne län,54800,Permanent employment
C03925,68,Gävleborgs län,20400,Retired
C03926,21,Västra Götalands län,13700,Student
C03927,45,Stockholms län,39700,Permanent employment
C03928,57,Stockholms län,11700,Student
C03929,58,Skåne län,45800,Permanent employment
C03930,34,Dalarnas län,16600,Unemployed
C03931,69,Östergötlands län,35000,Retired
C03932,29,Uppsala län,31000,Permanent employment
C03933,51,Västra Götalands län,46000,Permanent employment
C03934,34,Hallands län,42600,Permanent employment
C03935,42,Skåne län,57000,Self-employed
C03936,53,Stockholms län,39400,Self-employed
C03937,41,Stockholms län,47700,Permanent employment
C03938,29,Södermanlands län,37900,Permanent employment
C03939,33,Stockholms län,43200,Permanent employment
C03940,42,Västerbottens län,29500,Parental leave
C03941,64,Stockholms län,23500,Retired
C03942,73,Västra Götalands län,32200,Temporary/Probation/Freelance
C03943,34,Skåne län,12000,Unemployed
C03944,42,Östergötlands län,39700,Permanent employment
C03945,30,Dalarnas län,28700,Permanent employment
C03946,23,Västra Götalands län,29100,Permanent employment
C03947,63,Norrbottens län,37900,Permanent employment
C03948,53,Stockholms län,42900,Permanent employment
C03949,34,Stockholms län,46700,Permanent employment
C03950,34,Stockholms län,28400,Parental leave
C03951,20,Uppsala län,16300,Student
C03952,78,Kalmar län,26600,Retired
C03953,74,Dalarnas län,21900,Retired
C03954,27,Södermanlands län,30900,Permanent employment
C03955,27,Västernorrlands län,37200,Permanent employment
C03956,75,Skåne län,21100,Retired
C03957,70,Västra Götalands län,66300,Self-employed
C03958,40,Uppsala län,58800,Permanent employment
C03959,24,Stockholms län,15200,Student
C03960,24,Dalarnas län,6300,Student
C03961,50,Stockholms län,30300,Parental leave
C03962,39,Västra Götalands län,43400,Permanent employment
C03963,24,Hallands län,11600,Unemployed
C03964,46,Västmanlands län,44400,Permanent employment
C03965,23,Västra Götalands län,9300,Student
C03966,58,Södermanlands län,55900,Permanent employment
C03967,37,Skåne län,47300,Permanent employment
C03968,23,Stockholms län,14100,Student
C03969,48,Skåne län,63900,Self-employed
C03970,42,Stockholms län,58600,Self-employed
C03971,65,Blekinge län,52600,Permanent employment
C03972,53,Stockholms län,42400,Permanent employment
C03973,41,Västerbottens län,51700,Permanent employment
C03974,56,Skåne län,56700,Permanent employment
C03975,40,Gävleborgs län,24200,Temporary/Probation/Freelance
C03976,72,Stockholms län,21500,Retired
C03977,39,Västra Götalands län,12300,Unemployed
C03978,50,Östergötlands län,60100,Permanent employment
C03979,23,Blekinge län,9700,Unemployed
C03980,44,Dalarnas län,45800,Permanent employment
C03981,72,Norrbottens län,27300,Retired
C03982,77,Uppsala län,20100,Retired
C03983,30,Jämtlands län,24100,Parental leave
C03984,33,Västra Götalands län,25100,Parental leave
C03985,79,Västerbottens län,22100,Retired
C03986,76,Skåne län,20200,Retired
C03987,33,Västerbottens län,48100,Permanent employment
C03988,53,Gävleborgs län,35500,Self-employed
C03989,40,Stockholms län,11900,Unemployed
C03990,76,Östergötlands län,26700,Retired
C03991,33,Uppsala län,40000,Permanent employment
C03992,27,Skåne län,22000,Permanent employment
C03993,59,Värmlands län,36900,Permanent employment
C03994,21,Västra Götalands län,7500,Student
C03995,52,Västra Götalands län,37900,Permanent employment
C03996,38,Jönköpings län,51700,Permanent employment
C03997,40,Stockholms län,18100,Self-employed
C03998,40,Stockholms län,52400,Permanent employment
C03999,49,Västra Götalands län,30200,Permanent employment
C04000,25,Stockholms län,38600,Permanent employment
C04001,51,Stockholms län,55900,Permanent employment
C04002,74,Gotlands län,19700,Retired
C04003,62,Stockholms län,45400,Self-employed
C04004,25,Stockholms län,45200,Permanent employment
C04005,34,Stockholms län,45000,Permanent employment
C04006,41,Västerbottens län,47100,Permanent employment
C04007,38,Stockholms län,43700,Permanent employment
C04008,40,Dalarnas län,43700,Permanent employment
C04009,63,Stockholms län,14200,Retired
C04010,24,Dalarnas län,22800,Permanent employment
C04011,24,Hallands län,14100,Unemployed
C04012,36,Västmanlands län,46900,Permanent employment
C04013,58,Dalarnas län,61000,Permanent employment
C04014,26,Hallands län,43500,Permanent employment
C04015,61,Västernorrlands län,40600,Permanent employment
C04016,31,Hallands län,33100,Parental leave
C04017,78,Västra Götalands län,12000,Retired
C04018,79,Kalmar län,43600,Permanent employment
C04019,37,Gävleborgs län,49800,Permanent employment
C04020,31,Örebro län,57500,Self-employed
C04021,35,Stockholms län,13700,Unemployed
C04022,25,Skåne län,42000,Permanent employment
C04023,63,Gävleborgs län,41100,Permanent employment
C04024,70,Värmlands län,26700,Retired
C04025,59,Västerbottens län,36400,Permanent employment
C04026,77,Stockholms län,16000,Retired
C04027,40,Jönköpings län,37600,Parental leave
C04028,30,Skåne län,36700,Permanent employment
C04029,55,Stockholms län,15800,Unemployed
C04030,39,Kronobergs län,25300,Parental leave
C04031,63,Skåne län,16000,Retired
C04032,38,Stockholms län,35200,Self-employed
C04033,27,Uppsala län,33400,Temporary/Probation/Freelance
C04034,65,Stockholms län,28600,Permanent employment
C04035,26,Västra Götalands län,11000,Student
C04036,67,Jönköpings län,28700,Retired
C04037,68,Stockholms län,36800,Permanent employment
C04038,61,Skåne län,44700,Permanent employment
C04039,60,Stockholms län,47900,Self-employed
C04040,52,Västernorrlands län,38900,Permanent employment
C04041,78,Södermanlands län,22900,Retired
C04042,43,Dalarnas län,44900,Permanent employment
C04043,50,Skåne län,38900,Permanent employment
C04044,51,Västmanlands län,42600,Permanent employment
C04045,38,Uppsala län,44800,Permanent employment
C04046,36,Stockholms län,47000,Permanent employment
C04047,43,Västmanlands län,58200,Permanent employment
C04048,53,Stockholms län,38200,Permanent employment
C04049,79,Västra Götalands län,33400,Retired
C04050,28,Östergötlands län,31700,Permanent employment
C04051,76,Västra Götalands län,23900,Retired
C04052,57,Gävleborgs län,49400,Permanent employment
C04053,74,Norrbottens län,27000,Retired
C04054,50,Jönköpings län,28500,Permanent employment
C04055,57,Jönköpings län,64500,Self-employed
C04056,20,Norrbottens län,32300,Permanent employment
C04057,68,Dalarnas län,20000,Retired
C04058,20,Stockholms län,13500,Unemployed
C04059,66,Skåne län,46000,Permanent employment
C04060,67,Stockholms län,47100,Permanent employment
C04061,42,Norrbottens län,48800,Permanent employment
C04062,34,Stockholms län,24300,Temporary/Probation/Freelance
C04063,58,Skåne län,29900,Temporary/Probation/Freelance
C04064,28,Västra Götalands län,32100,Permanent employment
C04065,77,Västernorrlands län,29300,Retired
C04066,34,Västmanlands län,36300,Permanent employment
C04067,33,Uppsala län,41100,Permanent employment
C04068,71,Skåne län,20300,Retired
C04069,56,Västerbottens län,43600,Permanent employment
C04070,67,Västra Götalands län,41700,Permanent employment
C04071,38,Västra Götalands län,23200,Self-employed
C04072,58,Västra Götalands län,50600,Permanent employment
C04073,54,Östergötlands län,35300,Temporary/Probation/Freelance
C04074,52,Västra Götalands län,36100,Permanent employment
C04075,64,Stockholms län,18200,Retired
C04076,54,Gotlands län,11600,Unemployed
C04077,40,Gävleborgs län,54200,Permanent employment
C04078,37,Stockholms län,51100,Permanent employment
C04079,63,Kalmar län,25400,Retired
C04080,34,Uppsala län,17300,Temporary/Probation/Freelance
C04081,62,Stockholms län,15800,Unemployed
C04082,33,Västmanlands län,48000,Self-employed
C04083,59,Västra Götalands län,40600,Permanent employment
C04084,57,Stockholms län,52300,Permanent employment
C04085,28,Skåne län,36600,Permanent employment
C04086,24,Skåne län,15900,Student
C04087,29,Stockholms län,12500,Unemployed
C04088,53,Värmlands län,39000,Permanent employment
C04089,73,Jönköpings län,15200,Retired
C04090,22,Västra Götalands län,9600,Student
C04091,61,Stockholms län,43300,Permanent employment
C04092,40,Östergötlands län,22400,Temporary/Probation/Freelance
C04093,48,Stockholms län,38600,Permanent employment
C04094,69,Stockholms län,32100,Retired
C04095,44,Dalarnas län,50200,Permanent employment
C04096,46,Stockholms län,57800,Permanent employment
C04097,22,Stockholms län,17100,Temporary/Probation/Freelance
C04098,31,Jämtlands län,50000,Permanent employment
C04099,28,Västra Götalands län,32500,Permanent employment
C04100,21,Stockholms län,3400,Student
C04101,60,Västerbottens län,49500,Self-employed
C04102,36,Stockholms län,32000,Permanent employment
C04103,54,Västra Götalands län,64500,Self-employed
C04104,26,Stockholms län,14700,Unemployed
C04105,41,Västra Götalands län,24400,Temporary/Probation/Freelance
C04106,55,Skåne län,50000,Permanent employment
C04107,71,Stockholms län,23000,Retired
C04108,21,Västra Götalands län,45600,Self-employed
C04109,69,Västra Götalands län,28300,Retired
C04110,45,Värmlands län,25000,Temporary/Probation/Freelance
C04111,50,Dalarnas län,37600,Permanent employment
C04112,51,Skåne län,44100,Permanent employment
C04113,20,Skåne län,3200,Student
C04114,33,Västra Götalands län,35000,Permanent employment
C04115,51,Västra Götalands län,10000,Unemployed
C04116,35,Jönköpings län,39400,Self-employed
C04117,67,Skåne län,17600,Retired
C04118,39,Hallands län,42600,Permanent employment
C04119,28,Norrbottens län,45200,Permanent employment
C04120,56,Hallands län,37800,Permanent employment
C04121,35,Stockholms län,47700,Permanent employment
C04122,48,Hallands län,32300,Permanent employment
C04123,61,Örebro län,21600,Retired
C04124,75,Västmanlands län,23400,Temporary/Probation/Freelance
C04125,58,Värmlands län,43400,Permanent employment
C04126,63,Dalarnas län,35100,Self-employed
C04127,62,Östergötlands län,49100,Permanent employment
C04128,72,Skåne län,21400,Retired
C04129,39,Värmlands län,52900,Permanent employment
C04130,23,Uppsala län,5600,Unemployed
C04131,35,Jönköpings län,45300,Permanent employment
C04132,33,Örebro län,14500,Unemployed
C04133,56,Västra Götalands län,36500,Permanent employment
C04134,60,Västerbottens län,45000,Self-employed
C04135,54,Norrbottens län,48400,Permanent employment
C04136,24,Uppsala län,15400,Student
C04137,64,Gävleborgs län,21900,Retired
C04138,42,Stockholms län,41900,Permanent employment
C04139,57,Västra Götalands län,38800,Permanent employment
C04140,50,Stockholms län,14200,Unemployed
C04141,40,Södermanlands län,38400,Permanent employment
C04142,34,Jämtlands län,17000,Unemployed
C04143,27,Uppsala län,17000,Temporary/Probation/Freelance
C04144,76,Västra Götalands län,23400,Retired
C04145,76,Stockholms län,14200,Retired
C04146,61,Stockholms län,23600,Retired
C04147,28,Östergötlands län,43700,Permanent employment
C04148,39,Västra Götalands län,46300,Permanent employment
C04149,63,Uppsala län,19700,Retired
C04150,60,Södermanlands län,48000,Permanent employment
C04151,34,Västra Götalands län,16000,Parental leave
C04152,24,Stockholms län,29500,Permanent employment
C04153,58,Skåne län,37200,Permanent employment
C04154,42,Jämtlands län,48500,Permanent employment
C04155,33,Kronobergs län,22000,Permanent employment
C04156,21,Blekinge län,7700,Student
C04157,49,Västra Götalands län,40500,Permanent employment
C04158,66,Västra Götalands län,30200,Retired
C04159,79,Västra Götalands län,18400,Retired
C04160,50,Norrbottens län,43400,Permanent employment
C04161,52,Stockholms län,45500,Permanent employment
C04162,29,Norrbottens län,9900,Student
C04163,45,Jämtlands län,44700,Permanent employment
C04164,42,Västmanlands län,45400,Permanent employment
C04165,53,Skåne län,45000,Permanent employment
C04166,35,Dalarnas län,61600,Permanent employment
C04167,32,Stockholms län,25500,Permanent employment
C04168,34,Värmlands län,23700,Temporary/Probation/Freelance
C04169,36,Stockholms län,29700,Parental leave
C04170,28,Örebro län,45800,Permanent employment
C04171,26,Västra Götalands län,37600,Temporary/Probation/Freelance
C04172,66,Stockholms län,50300,Permanent employment
C04173,44,Gävleborgs län,44800,Permanent employment
C04174,47,Skåne län,53700,Permanent employment
C04175,78,Västra Götalands län,19700,Retired
C04176,72,Södermanlands län,37300,Temporary/Probation/Freelance
C04177,48,Dalarnas län,48400,Self-employed
C04178,71,Skåne län,25300,Retired
C04179,44,Kalmar län,35800,Permanent employment
C04180,37,Skåne län,32600,Permanent employment
C04181,44,Västra Götalands län,43000,Permanent employment
C04182,57,Västra Götalands län,42300,Permanent employment
C04183,56,Jönköpings län,35200,Permanent employment
C04184,40,Kronobergs län,37400,Temporary/Probation/Freelance
C04185,30,Skåne län,30200,Self-employed
C04186,55,Västernorrlands län,47000,Permanent employment
C04187,31,Västra Götalands län,8500,Student
C04188,48,Kronobergs län,50500,Permanent employment
C04189,57,Östergötlands län,23400,Self-employed
C04190,62,Skåne län,31800,Permanent employment
C04191,56,Dalarnas län,46800,Permanent employment
C04192,73,Stockholms län,29900,Retired
C04193,52,Västra Götalands län,15300,Unemployed
C04194,62,Södermanlands län,36800,Permanent employment
C04195,47,Stockholms län,49700,Permanent employment
C04196,28,Stockholms län,42000,Permanent employment
C04197,21,Gävleborgs län,22000,Permanent employment
C04198,36,Gävleborgs län,48100,Permanent employment
C04199,38,Stockholms län,47600,Self-employed
C04200,50,Skåne län,45700,Permanent employment
C04201,69,Stockholms län,14200,Retired
C04202,25,Västra Götalands län,43800,Permanent employment
C04203,34,Västra Götalands län,34200,Permanent employment
C04204,65,Södermanlands län,38500,Permanent employment
C04205,30,Stockholms län,41200,Permanent employment
C04206,47,Örebro län,43500,Permanent employment
C04207,47,Västra Götalands län,34900,Permanent employment
C04208,51,Stockholms län,72500,Self-employed
C04209,25,Västra Götalands län,31800,Temporary/Probation/Freelance
C04210,20,Örebro län,9900,Student
C04211,34,Hallands län,9800,Student
C04212,47,Gotlands län,45100,Permanent employment
C04213,52,Hallands län,45700,Permanent employment
C04214,25,Västra Götalands län,39100,Temporary/Probation/Freelance
C04215,64,Västra Götalands län,54100,Permanent employment
C04216,77,Västerbottens län,21900,Retired
C04217,23,Stockholms län,13400,Student
C04218,53,Västra Götalands län,49400,Permanent employment
C04219,58,Stockholms län,47800,Permanent employment
C04220,34,Stockholms län,67900,Self-employed
C04221,42,Västra Götalands län,60300,Self-employed
C04222,51,Västernorrlands län,47900,Permanent employment
C04223,67,Stockholms län,19500,Retired
C04224,71,Västerbottens län,26000,Retired
C04225,51,Östergötlands län,37700,Permanent employment
C04226,64,Kronobergs län,46200,Permanent employment
C04227,37,Stockholms län,47200,Permanent employment
C04228,56,Västra Götalands län,19200,Self-employed
C04229,53,Hallands län,41700,Permanent employment
C04230,25,Blekinge län,11000,Unemployed
C04231,61,Skåne län,47900,Permanent employment
C04232,48,Västra Götalands län,12800,Unemployed
C04233,36,Hallands län,35000,Permanent employment
C04234,79,Jönköpings län,27000,Retired
C04235,21,Dalarnas län,31400,Permanent employment
C04236,42,Västra Götalands län,45900,Permanent employment
C04237,23,Stockholms län,4500,Student
C04238,61,Östergötlands län,55600,Self-employed
C04239,59,Värmlands län,43000,Self-employed
C04240,44,Stockholms län,43800,Permanent employment
C04241,62,Västra Götalands län,34200,Permanent employment
C04242,36,Jönköpings län,36400,Permanent employment
C04243,56,Skåne län,71700,Permanent employment
C04244,49,Södermanlands län,24200,Self-employed
C04245,35,Norrbottens län,17400,Parental leave
C04246,70,Gävleborgs län,21200,Retired
C04247,28,Västernorrlands län,28500,Temporary/Probation/Freelance
C04248,30,Stockholms län,31600,Permanent employment
C04249,51,Västmanlands län,39200,Permanent employment
C04250,77,Skåne län,23100,Retired
C04251,37,Västra Götalands län,47600,Permanent employment
C04252,22,Stockholms län,22000,Permanent employment
C04253,42,Västra Götalands län,42200,Permanent employment
C04254,51,Gävleborgs län,45000,Permanent employment
C04255,25,Uppsala län,36300,Permanent employment
C04256,60,Stockholms län,38200,Permanent employment
C04257,71,Stockholms län,16700,Retired
C04258,48,Uppsala län,20900,Unemployed
C04259,36,Skåne län,18000,Self-employed
C04260,44,Örebro län,18100,Unemployed
C04261,33,Södermanlands län,30000,Permanent employment
C04262,71,Västra Götalands län,25600,Retired
C04263,35,Skåne län,45500,Permanent employment
C04264,42,Södermanlands län,26300,Self-employed
C04265,57,Skåne län,41700,Permanent employment
C04266,38,Stockholms län,42200,Permanent employment
C04267,59,Västra Götalands län,43200,Permanent employment
C04268,20,Stockholms län,40300,Temporary/Probation/Freelance
C04269,79,Västra Götalands län,33900,Retired
C04270,70,Stockholms län,18500,Retired
C04271,64,Norrbottens län,45400,Permanent employment
C04272,70,Örebro län,31000,Retired
C04273,26,Östergötlands län,35000,Permanent employment
C04274,54,Gotlands län,55800,Self-employed
C04275,50,Uppsala län,61700,Permanent employment
C04276,52,Västra Götalands län,37000,Permanent employment
C04277,40,Jönköpings län,48400,Permanent employment
C04278,38,Västra Götalands län,37900,Permanent employment
C04279,28,Stockholms län,33600,Permanent employment
C04280,43,Stockholms län,41700,Permanent employment
C04281,30,Jönköpings län,41100,Permanent employment
C04282,62,Stockholms län,57200,Permanent employment
C04283,32,Hallands län,33800,Permanent employment
C04284,22,Stockholms län,37100,Permanent employment
C04285,54,Västmanlands län,22800,Temporary/Probation/Freelance
C04286,45,Västra Götalands län,37100,Self-employed
C04287,69,Stockholms län,33100,Retired
C04288,54,Skåne län,51700,Permanent employment
C04289,44,Skåne län,42100,Permanent employment
C04290,79,Västra Götalands län,19700,Retired
C04291,46,Kalmar län,53400,Self-employed
C04292,23,Stockholms län,6700,Student
C04293,54,Södermanlands län,36400,Self-employed
C04294,77,Skåne län,21100,Retired
C04295,36,Västerbottens län,43800,Permanent employment
C04296,41,Dalarnas län,40900,Permanent employment
C04297,27,Stockholms län,16900,Temporary/Probation/Freelance
C04298,32,Västra Götalands län,72900,Self-employed
C04299,43,Västernorrlands län,36600,Temporary/Probation/Freelance
C04300,52,Stockholms län,43400,Self-employed
C04301,30,Västra Götalands län,32800,Permanent employment
C04302,69,Skåne län,32300,Retired
C04303,57,Västra Götalands län,53400,Self-employed
C04304,47,Hallands län,40500,Permanent employment
C04305,71,Norrbottens län,27500,Retired
C04306,29,Södermanlands län,38600,Permanent employment
C04307,50,Värmlands län,47400,Self-employed
C04308,60,Uppsala län,29900,Retired
C04309,73,Blekinge län,27400,Retired
C04310,55,Västerbottens län,17400,Unemployed
C04311,42,Västra Götalands län,78000,Self-employed
C04312,74,Östergötlands län,28000,Retired
C04313,29,Västra Götalands län,54500,Permanent employment
C04314,77,Stockholms län,66500,Self-employed
C04315,70,Uppsala län,22200,Retired
C04316,30,Västra Götalands län,27400,Permanent employment
C04317,55,Skåne län,51400,Permanent employment
C04318,22,Skåne län,3500,Student
C04319,40,Västra Götalands län,14600,Unemployed
C04320,53,Kronobergs län,50100,Permanent employment
C04321,50,Stockholms län,37500,Permanent employment
C04322,79,Blekinge län,19500,Retired
C04323,60,Gävleborgs län,35600,Permanent employment
C04324,45,Västmanlands län,42400,Parental leave
C04325,73,Kalmar län,29000,Retired
C04326,68,Stockholms län,18800,Retired
C04327,21,Västra Götalands län,22000,Permanent employment
C04328,65,Västra Götalands län,36900,Permanent employment
C04329,27,Södermanlands län,33600,Permanent employment
C04330,67,Skåne län,20000,Retired
C04331,39,Norrbottens län,50500,Permanent employment
C04332,25,Skåne län,28100,Permanent employment
C04333,41,Jönköpings län,52600,Permanent employment
C04334,55,Västra Götalands län,1000,Student
C04335,38,Stockholms län,44500,Permanent employment
C04336,20,Stockholms län,6500,Student
C04337,51,Västernorrlands län,38000,Temporary/Probation/Freelance
C04338,74,Uppsala län,34000,Retired
C04339,41,Östergötlands län,50700,Permanent employment
C04340,27,Skåne län,41100,Permanent employment
C04341,38,Gävleborgs län,43100,Permanent employment
C04342,22,Värmlands län,16700,Student
C04343,71,Stockholms län,16900,Retired
C04344,78,Västra Götalands län,27000,Retired
C04345,48,Skåne län,52600,Permanent employment
C04346,44,Skåne län,51400,Permanent employment
C04347,75,Västra Götalands län,27600,Retired
C04348,53,Stockholms län,48500,Permanent employment
C04349,73,Norrbottens län,30100,Retired
C04350,63,Västra Götalands län,42100,Permanent employment
C04351,64,Jönköpings län,53000,Permanent employment
C04352,50,Hallands län,82000,Self-employed
C04353,36,Stockholms län,32100,Permanent employment
C04354,66,Västra Götalands län,21100,Retired
C04355,48,Stockholms län,37200,Permanent employment
C04356,53,Östergötlands län,40400,Permanent employment
C04357,27,Västra Götalands län,31000,Temporary/Probation/Freelance
C04358,60,Örebro län,27200,Retired
C04359,46,Uppsala län,13300,Unemployed
C04360,25,Skåne län,16500,Unemployed
C04361,23,Skåne län,6300,Student
C04362,49,Kalmar län,42200,Permanent employment
C04363,62,Stockholms län,47500,Permanent employment
C04364,54,Västra Götalands län,42700,Permanent employment
C04365,34,Uppsala län,29000,Permanent employment
C04366,56,Gävleborgs län,58600,Permanent employment
C04367,34,Skåne län,61900,Self-employed
C04368,43,Dalarnas län,47900,Self-employed
C04369,32,Södermanlands län,61100,Self-employed
C04370,27,Örebro län,40900,Permanent employment
C04371,25,Stockholms län,26900,Permanent employment
C04372,38,Västra Götalands län,14600,Unemployed
C04373,22,Kronobergs län,6400,Student
C04374,44,Skåne län,45800,Permanent employment
C04375,46,Stockholms län,47800,Permanent employment
C04376,51,Stockholms län,14800,Student
C04377,38,Västra Götalands län,38100,Permanent employment
C04378,70,Hallands län,27900,Self-employed
C04379,29,Västra Götalands län,34700,Permanent employment
C04380,46,Uppsala län,55200,Permanent employment
C04381,21,Uppsala län,27500,Permanent employment
C04382,21,Örebro län,12700,Student
C04383,53,Västra Götalands län,44600,Permanent employment
C04384,54,Östergötlands län,42200,Permanent employment
C04385,66,Västra Götalands län,43900,Permanent employment
C04386,52,Örebro län,34800,Parental leave
C04387,72,Gävleborgs län,28600,Retired
C04388,20,Stockholms län,23200,Self-employed
C04389,25,Örebro län,40300,Permanent employment
C04390,24,Jönköpings län,43000,Temporary/Probation/Freelance
C04391,28,Västra Götalands län,50500,Self-employed
C04392,46,Jönköpings län,52900,Permanent employment
C04393,55,Hallands län,36100,Retired
C04394,20,Västra Götalands län,10800,Student
C04395,77,Kalmar län,23500,Retired
C04396,67,Skåne län,46000,Permanent employment
C04397,35,Västra Götalands län,37700,Parental leave
C04398,21,Skåne län,9200,Student
C04399,32,Stockholms län,30000,Permanent employment
C04400,29,Stockholms län,40500,Permanent employment
C04401,31,Västra Götalands län,44500,Permanent employment
C04402,50,Västmanlands län,47800,Permanent employment
C04403,25,Värmlands län,33500,Temporary/Probation/Freelance
C04404,40,Östergötlands län,44300,Self-employed
C04405,75,Skåne län,22300,Retired
C04406,61,Stockholms län,51900,Permanent employment
C04407,68,Norrbottens län,12000,Retired
C04408,32,Uppsala län,38600,Permanent employment
C04409,42,Kalmar län,38100,Permanent employment
C04410,51,Västra Götalands län,44800,Permanent employment
C04411,22,Dalarnas län,15100,Unemployed
C04412,21,Stockholms län,12500,Student
C04413,60,Södermanlands län,44000,Permanent employment
C04414,60,Skåne län,52700,Permanent employment
C04415,41,Västra Götalands län,45700,Permanent employment
C04416,50,Stockholms län,37600,Permanent employment
C04417,36,Västra Götalands län,52200,Permanent employment
C04418,23,Skåne län,32400,Permanent employment
C04419,43,Örebro län,38300,Permanent employment
C04420,32,Stockholms län,43100,Permanent employment
C04421,27,Stockholms län,34100,Permanent employment
C04422,67,Värmlands län,30400,Retired
C04423,52,Västra Götalands län,36200,Permanent employment
C04424,56,Värmlands län,42100,Permanent employment
C04425,43,Värmlands län,33400,Temporary/Probation/Freelance
C04426,38,Stockholms län,37500,Permanent employment
C04427,30,Södermanlands län,41700,Permanent employment
C04428,27,Uppsala län,45200,Permanent employment
C04429,27,Västernorrlands län,36600,Permanent employment
C04430,67,Skåne län,26700,Retired
C04431,64,Stockholms län,37400,Permanent employment
C04432,46,Södermanlands län,65000,Permanent employment
C04433,52,Dalarnas län,30000,Temporary/Probation/Freelance
C04434,73,Västmanlands län,26200,Retired
C04435,21,Gävleborgs län,8700,Student
C04436,37,Kronobergs län,40400,Permanent employment
C04437,41,Västra Götalands län,51800,Permanent employment
C04438,64,Södermanlands län,26200,Permanent employment
C04439,66,Stockholms län,30200,Permanent employment
C04440,28,Stockholms län,40200,Permanent employment
C04441,76,Stockholms län,40400,Permanent employment
C04442,77,Hallands län,29800,Retired
C04443,30,Gävleborgs län,34400,Permanent employment
C04444,39,Stockholms län,33300,Permanent employment
C04445,43,Västernorrlands län,44500,Permanent employment
C04446,74,Östergötlands län,22000,Retired
C04447,28,Gotlands län,30400,Permanent employment
C04448,69,Jönköpings län,29400,Retired
C04449,38,Kalmar län,32100,Parental leave
C04450,62,Uppsala län,36100,Permanent employment
C04451,42,Västra Götalands län,34300,Permanent employment
C04452,47,Västra Götalands län,47500,Permanent employment
C04453,65,Örebro län,36300,Permanent employment
C04454,70,Östergötlands län,17200,Retired
C04455,66,Västra Götalands län,42200,Permanent employment
C04456,21,Västra Götalands län,30400,Temporary/Probation/Freelance
C04457,57,Västerbottens län,46500,Permanent employment
C04458,32,Gotlands län,18200,Unemployed
C04459,37,Norrbottens län,41800,Permanent employment
C04460,51,Västra Götalands län,49100,Permanent employment
C04461,44,Västra Götalands län,43800,Permanent employment
C04462,54,Stockholms län,53200,Permanent employment
C04463,73,Skåne län,18000,Retired
C04464,32,Skåne län,41700,Permanent employment
C04465,55,Stockholms län,37200,Permanent employment
C04466,41,Östergötlands län,38700,Permanent employment
C04467,31,Västerbottens län,34800,Permanent employment
C04468,32,Gotlands län,23300,Permanent employment
C04469,74,Stockholms län,30800,Retired
C04470,69,Skåne län,36900,Permanent employment
C04471,74,Stockholms län,39800,Permanent employment
C04472,73,Skåne län,17100,Retired
C04473,33,Hallands län,44600,Permanent employment
C04474,42,Jönköpings län,46900,Permanent employment
C04475,60,Västra Götalands län,54900,Self-employed
C04476,50,Stockholms län,46200,Permanent employment
C04477,35,Dalarnas län,31000,Parental leave
C04478,40,Västerbottens län,32700,Temporary/Probation/Freelance
C04479,48,Stockholms län,51600,Permanent employment
C04480,48,Västmanlands län,37000,Permanent employment
C04481,26,Skåne län,34700,Self-employed
C04482,48,Skåne län,37600,Permanent employment
C04483,49,Uppsala län,55800,Self-employed
C04484,49,Skåne län,48100,Permanent employment
C04485,29,Västerbottens län,57900,Self-employed
C04486,58,Stockholms län,25100,Permanent employment
C04487,20,Stockholms län,26500,Temporary/Probation/Freelance
C04488,44,Uppsala län,28300,Permanent employment
C04489,62,Skåne län,56700,Permanent employment
C04490,47,Västernorrlands län,45900,Permanent employment
C04491,36,Skåne län,39300,Permanent employment
C04492,63,Uppsala län,42100,Permanent employment
C04493,51,Blekinge län,44700,Self-employed
C04494,73,Kronobergs län,37700,Retired
C04495,56,Stockholms län,41700,Permanent employment
C04496,53,Skåne län,46300,Permanent employment
C04497,54,Stockholms län,40800,Permanent employment
C04498,33,Västmanlands län,52800,Permanent employment
C04499,43,Skåne län,56000,Permanent employment
C04500,44,Västmanlands län,18000,Self-employed
C04501,54,Västerbottens län,17400,Unemployed
C04502,48,Jämtlands län,48100,Permanent employment
C04503,44,Stockholms län,39600,Permanent employment
C04504,22,Jämtlands län,5000,Student
C04505,50,Värmlands län,30800,Permanent employment
C04506,37,Västra Götalands län,56600,Self-employed
C04507,63,Stockholms län,33500,Permanent employment
C04508,22,Stockholms län,11500,Student
C04509,46,Västerbottens län,37400,Permanent employment
C04510,72,Stockholms län,15500,Retired
C04511,30,Stockholms län,38400,Permanent employment
C04512,52,Jönköpings län,37500,Parental leave
C04513,31,Gävleborgs län,32600,Permanent employment
C04514,57,Skåne län,13800,Unemployed
C04515,52,Västernorrlands län,45700,Permanent employment
C04516,44,Östergötlands län,44400,Permanent employment
C04517,45,Stockholms län,15200,Unemployed
C04518,65,Skåne län,24000,Retired
C04519,34,Västra Götalands län,7000,Unemployed
C04520,24,Kronobergs län,39100,Permanent employment
C04521,72,Jönköpings län,26700,Retired
C04522,53,Stockholms län,43500,Permanent employment
C04523,74,Södermanlands län,16900,Retired
C04524,50,Västra Götalands län,42400,Permanent employment
C04525,69,Jönköpings län,30000,Retired
C04526,36,Stockholms län,21000,Self-employed
C04527,63,Stockholms län,23300,Temporary/Probation/Freelance
C04528,70,Jönköpings län,23300,Retired
C04529,52,Västernorrlands län,33700,Permanent employment
C04530,33,Jönköpings län,24200,Parental leave
C04531,43,Stockholms län,43100,Permanent employment
C04532,32,Kalmar län,22000,Permanent employment
C04533,34,Västra Götalands län,36300,Permanent employment
C04534,42,Hallands län,19500,Temporary/Probation/Freelance
C04535,47,Södermanlands län,18700,Unemployed
C04536,47,Västra Götalands län,41100,Permanent employment
C04537,36,Västra Götalands län,50200,Permanent employment
C04538,45,Stockholms län,47700,Permanent employment
C04539,28,Stockholms län,32500,Permanent employment
C04540,26,Skåne län,40500,Permanent employment
C04541,26,Västra Götalands län,49900,Permanent employment
C04542,49,Västerbottens län,45900,Self-employed
C04543,28,Kalmar län,35500,Permanent employment
C04544,35,Västra Götalands län,47700,Permanent employment
C04545,43,Stockholms län,48400,Permanent employment
C04546,78,Gävleborgs län,21300,Retired
C04547,23,Västra Götalands län,22000,Permanent employment
C04548,59,Västra Götalands län,29000,Self-employed
C04549,61,Stockholms län,33900,Permanent employment
C04550,66,Stockholms län,44600,Self-employed
C04551,72,Västra Götalands län,32100,Retired
C04552,22,Stockholms län,33400,Permanent employment
C04553,26,Stockholms län,7500,Student
C04554,75,Stockholms län,25700,Retired
C04555,54,Stockholms län,44900,Permanent employment
C04556,49,Västra Götalands län,48600,Permanent employment
C04557,56,Kalmar län,16300,Unemployed
C04558,56,Uppsala län,19200,Unemployed
C04559,68,Blekinge län,22900,Retired
C04560,68,Västmanlands län,12000,Retired
C04561,62,Västernorrlands län,33700,Permanent employment
C04562,40,Skåne län,45100,Permanent employment
C04563,74,Skåne län,22000,Retired
C04564,24,Uppsala län,35800,Temporary/Probation/Freelance
C04565,31,Skåne län,45300,Permanent employment
C04566,77,Västra Götalands län,24200,Retired
C04567,34,Skåne län,29300,Permanent employment
C04568,28,Östergötlands län,33400,Parental leave
C04569,26,Hallands län,40000,Permanent employment
C04570,79,Jämtlands län,28300,Retired
C04571,53,Dalarnas län,39900,Permanent employment
C04572,56,Västra Götalands län,63900,Permanent employment
C04573,25,Södermanlands län,25800,Permanent employment
C04574,62,Uppsala län,24600,Retired
C04575,64,Västmanlands län,13600,Student
C04576,43,Stockholms län,50800,Permanent employment
C04577,35,Hallands län,45100,Permanent employment
C04578,31,Blekinge län,42300,Permanent employment
C04579,66,Skåne län,49300,Permanent employment
C04580,60,Skåne län,43800,Permanent employment
C04581,77,Gävleborgs län,25500,Retired
C04582,39,Stockholms län,49500,Permanent employment
C04583,55,Värmlands län,45400,Self-employed
C04584,56,Västmanlands län,52300,Permanent employment
C04585,56,Jämtlands län,50000,Permanent employment
C04586,74,Skåne län,21800,Retired
C04587,44,Skåne län,40000,Permanent employment
C04588,30,Västerbottens län,43400,Permanent employment
C04589,55,Skåne län,46500,Self-employed
C04590,58,Skåne län,34300,Self-employed
C04591,54,Östergötlands län,41600,Permanent employment
C04592,29,Stockholms län,56700,Self-employed
C04593,46,Blekinge län,41700,Permanent employment
C04594,36,Västra Götalands län,19800,Unemployed
C04595,41,Västra Götalands län,38000,Permanent employment
C04596,61,Stockholms län,39500,Permanent employment
C04597,60,Värmlands län,36500,Permanent employment
C04598,25,Skåne län,29500,Permanent employment
C04599,37,Skåne län,39400,Permanent employment
C04600,43,Västerbottens län,25900,Temporary/Probation/Freelance
C04601,34,Södermanlands län,7900,Student
C04602,55,Västra Götalands län,27800,Permanent employment
C04603,66,Skåne län,15500,Retired
C04604,42,Västra Götalands län,46300,Permanent employment
C04605,61,Kalmar län,38100,Permanent employment
C04606,73,Södermanlands län,31200,Retired
C04607,74,Skåne län,40700,Self-employed
C04608,28,Jönköpings län,42100,Permanent employment
C04609,68,Stockholms län,21300,Retired
C04610,41,Västmanlands län,51400,Permanent employment
C04611,35,Skåne län,16000,Parental leave
C04612,21,Västmanlands län,30700,Permanent employment
C04613,53,Skåne län,55700,Permanent employment
C04614,26,Skåne län,27800,Permanent employment
C04615,25,Norrbottens län,43300,Permanent employment
C04616,41,Västerbottens län,15600,Unemployed
C04617,70,Uppsala län,13900,Retired
C04618,76,Dalarnas län,26300,Retired
C04619,37,Kronobergs län,47400,Permanent employment
C04620,65,Stockholms län,23300,Retired
C04621,76,Skåne län,31900,Retired
C04622,59,Norrbottens län,50000,Permanent employment
C04623,34,Västerbottens län,36500,Temporary/Probation/Freelance
C04624,58,Stockholms län,52800,Permanent employment
C04625,69,Västra Götalands län,18200,Retired
C04626,55,Värmlands län,11900,Unemployed
C04627,35,Jönköpings län,40400,Permanent employment
C04628,49,Västra Götalands län,41400,Permanent employment
C04629,60,Skåne län,26100,Temporary/Probation/Freelance
C04630,49,Stockholms län,28900,Temporary/Probation/Freelance
C04631,26,Västra Götalands län,35300,Permanent employment
C04632,43,Uppsala län,37400,Permanent employment
C04633,69,Östergötlands län,48600,Permanent employment
C04634,75,Stockholms län,23000,Temporary/Probation/Freelance
C04635,29,Västra Götalands län,42600,Temporary/Probation/Freelance
C04636,74,Skåne län,29500,Retired
C04637,43,Blekinge län,36800,Permanent employment
C04638,57,Hallands län,42900,Permanent employment
C04639,59,Stockholms län,19500,Self-employed
C04640,79,Gävleborgs län,32800,Retired
C04641,77,Skåne län,23900,Retired
C04642,39,Jönköpings län,44800,Permanent employment
C04643,66,Stockholms län,25400,Retired
C04644,28,Stockholms län,36800,Permanent employment
C04645,56,Västernorrlands län,38400,Permanent employment
C04646,59,Skåne län,42300,Permanent employment
C04647,64,Västra Götalands län,19000,Unemployed
C04648,26,Stockholms län,34100,Permanent employment
C04649,74,Västra Götalands län,33700,Retired
C04650,33,Västernorrlands län,34700,Permanent employment
C04651,21,Södermanlands län,31300,Permanent employment
C04652,60,Hallands län,56700,Permanent employment
C04653,52,Jämtlands län,49000,Permanent employment
C04654,73,Västra Götalands län,26400,Retired
C04655,42,Stockholms län,49600,Permanent employment
C04656,29,Jönköpings län,36000,Parental leave
C04657,69,Stockholms län,18000,Retired
C04658,50,Dalarnas län,48500,Permanent employment
C04659,25,Västra Götalands län,39800,Permanent employment
C04660,62,Västerbottens län,27800,Permanent employment
C04661,46,Stockholms län,46700,Permanent employment
C04662,50,Kalmar län,38100,Permanent employment
C04663,53,Stockholms län,47000,Self-employed
C04664,77,Jönköpings län,30800,Retired
C04665,67,Stockholms län,17400,Retired
C04666,56,Östergötlands län,42200,Permanent employment
C04667,34,Örebro län,27400,Parental leave
C04668,69,Stockholms län,31900,Retired
C04669,63,Skåne län,11800,Unemployed
C04670,60,Västernorrlands län,48900,Self-employed
C04671,42,Norrbottens län,56400,Self-employed
C04672,72,Uppsala län,29200,Retired
C04673,61,Västernorrlands län,22200,Temporary/Probation/Freelance
C04674,29,Uppsala län,36200,Permanent employment
C04675,36,Kalmar län,56200,Permanent employment
C04676,78,Dalarnas län,23800,Retired
C04677,21,Värmlands län,15200,Student
C04678,74,Västmanlands län,82000,Self-employed
C04679,59,Värmlands län,29500,Temporary/Probation/Freelance
C04680,61,Uppsala län,48800,Permanent employment
C04681,41,Skåne län,51700,Permanent employment
C04682,26,Kronobergs län,28500,Permanent employment
C04683,71,Skåne län,26700,Retired
C04684,40,Stockholms län,55500,Permanent employment
C04685,61,Östergötlands län,32000,Permanent employment
C04686,42,Västmanlands län,44200,Permanent employment
C04687,28,Gävleborgs län,30700,Parental leave
C04688,20,Hallands län,29200,Temporary/Probation/Freelance
C04689,52,Skåne län,43600,Permanent employment
C04690,72,Västra Götalands län,16100,Retired
C04691,37,Hallands län,47700,Permanent employment
C04692,37,Norrbottens län,39800,Permanent employment
C04693,39,Stockholms län,40000,Permanent employment
C04694,47,Skåne län,31800,Permanent employment
C04695,39,Västernorrlands län,35000,Permanent employment
C04696,79,Gävleborgs län,71600,Self-employed
C04697,52,Skåne län,45500,Permanent employment
C04698,45,Stockholms län,50200,Permanent employment
C04699,26,Örebro län,31800,Permanent employment
C04700,66,Hallands län,29400,Permanent employment
C04701,28,Västra Götalands län,33400,Permanent employment
C04702,20,Skåne län,22000,Permanent employment
C04703,56,Stockholms län,32400,Self-employed
C04704,53,Stockholms län,39200,Temporary/Probation/Freelance
C04705,41,Skåne län,44300,Permanent employment
C04706,44,Stockholms län,71100,Self-employed
C04707,62,Stockholms län,47000,Permanent employment
C04708,25,Blekinge län,45500,Permanent employment
C04709,77,Blekinge län,22200,Retired
C04710,59,Södermanlands län,33300,Permanent employment
C04711,43,Stockholms län,37900,Permanent employment
C04712,48,Jämtlands län,53600,Permanent employment
C04713,26,Stockholms län,10900,Student
C04714,60,Jönköpings län,8500,Unemployed
C04715,46,Östergötlands län,49500,Permanent employment
C04716,37,Dalarnas län,34100,Permanent employment
C04717,52,Kalmar län,48200,Permanent employment
C04718,79,Stockholms län,22100,Retired
C04719,37,Stockholms län,49800,Permanent employment
C04720,66,Västra Götalands län,41200,Permanent employment
C04721,40,Västra Götalands län,50100,Permanent employment
C04722,22,Kalmar län,2300,Student
C04723,25,Stockholms län,40300,Permanent employment
C04724,37,Jönköpings län,41900,Permanent employment
C04725,30,Hallands län,15500,Unemployed
C04726,22,Västra Götalands län,8500,Student
C04727,73,Stockholms län,17600,Retired
C04728,71,Skåne län,42300,Permanent employment
C04729,59,Södermanlands län,51700,Permanent employment
C04730,26,Västra Götalands län,34100,Self-employed
C04731,33,Västra Götalands län,39400,Permanent employment
C04732,24,Gävleborgs län,24600,Temporary/Probation/Freelance
C04733,61,Kalmar län,29200,Permanent employment
C04734,73,Skåne län,24400,Retired
C04735,38,Uppsala län,72200,Permanent employment
C04736,33,Södermanlands län,28600,Permanent employment
C04737,45,Stockholms län,51700,Permanent employment
C04738,40,Södermanlands län,16000,Parental leave
C04739,36,Stockholms län,44600,Permanent employment
C04740,52,Västerbottens län,35300,Permanent employment
C04741,59,Västra Götalands län,33500,Temporary/Probation/Freelance
C04742,27,Stockholms län,34100,Permanent employment
C04743,21,Stockholms län,25900,Permanent employment
C04744,72,Jönköpings län,16000,Retired
C04745,31,Östergötlands län,15000,Temporary/Probation/Freelance
C04746,20,Södermanlands län,8500,Student
C04747,32,Skåne län,33000,Permanent employment
C04748,22,Gävleborgs län,7900,Student
C04749,38,Skåne län,12600,Unemployed
C04750,66,Skåne län,37100,Permanent employment
C04751,36,Örebro län,45800,Permanent employment
C04752,36,Stockholms län,43500,Permanent employment
C04753,60,Stockholms län,48800,Permanent employment
C04754,51,Skåne län,61700,Permanent employment
C04755,76,Västra Götalands län,25500,Retired
C04756,70,Skåne län,31600,Retired
C04757,21,Stockholms län,10600,Student
C04758,58,Västernorrlands län,46300,Permanent employment
C04759,47,Östergötlands län,42700,Permanent employment
C04760,75,Värmlands län,23200,Retired
C04761,48,Gävleborgs län,39400,Permanent employment
C04762,69,Jönköpings län,33800,Retired
C04763,61,Västmanlands län,49800,Permanent employment
C04764,33,Västra Götalands län,39800,Permanent employment
C04765,46,Gävleborgs län,37800,Permanent employment
C04766,72,Uppsala län,22700,Retired
C04767,67,Västernorrlands län,30700,Retired
C04768,33,Stockholms län,55100,Permanent employment
C04769,64,Värmlands län,46400,Self-employed
C04770,38,Blekinge län,67100,Self-employed
C04771,22,Stockholms län,31400,Temporary/Probation/Freelance
C04772,44,Stockholms län,40200,Temporary/Probation/Freelance
C04773,30,Kronobergs län,23400,Permanent employment
C04774,74,Kronobergs län,17900,Retired
C04775,43,Stockholms län,47200,Permanent employment
C04776,71,Stockholms län,15400,Retired
C04777,23,Kronobergs län,33000,Permanent employment
C04778,37,Kalmar län,45300,Permanent employment
C04779,34,Blekinge län,26800,Permanent employment
C04780,28,Dalarnas län,19200,Parental leave
C04781,22,Hallands län,32300,Permanent employment
C04782,27,Stockholms län,24400,Self-employed
C04783,53,Skåne län,12200,Unemployed
C04784,38,Västra Götalands län,49400,Permanent employment
C04785,43,Stockholms län,13700,Unemployed
C04786,44,Kalmar län,42000,Permanent employment
C04787,69,Skåne län,13300,Retired
C04788,71,Västerbottens län,34400,Retired
C04789,49,Skåne län,17200,Unemployed
C04790,35,Västra Götalands län,40500,Permanent employment
C04791,26,Östergötlands län,24600,Parental leave
C04792,75,Värmlands län,11800,Unemployed
C04793,24,Östergötlands län,22200,Temporary/Probation/Freelance
C04794,40,Blekinge län,42900,Permanent employment
C04795,41,Skåne län,52800,Permanent employment
C04796,36,Västernorrlands län,52100,Permanent employment
C04797,34,Stockholms län,45100,Permanent employment
C04798,63,Stockholms län,14800,Retired
C04799,30,Västra Götalands län,30700,Permanent employment
C04800,56,Skåne län,17800,Unemployed
C04801,26,Uppsala län,32700,Parental leave
C04802,22,Södermanlands län,7800,Student
C04803,65,Jönköpings län,48000,Permanent employment
C04804,33,Skåne län,41500,Permanent employment
C04805,78,Örebro län,13200,Retired
C04806,54,Stockholms län,29200,Permanent employment
C04807,22,Gävleborgs län,29900,Temporary/Probation/Freelance
C04808,68,Kalmar län,12000,Retired
C04809,29,Stockholms län,45700,Permanent employment
C04810,71,Skåne län,27500,Retired
C04811,25,Västra Götalands län,35400,Permanent employment
C04812,67,Stockholms län,34400,Permanent employment
C04813,22,Västra Götalands län,5300,Student
C04814,46,Västra Götalands län,23800,Permanent employment
C04815,62,Stockholms län,33700,Retired
C04816,69,Stockholms län,25300,Retired
C04817,65,Stockholms län,41700,Permanent employment
C04818,76,Värmlands län,36700,Retired
C04819,66,Uppsala län,17300,Retired
C04820,25,Värmlands län,36600,Permanent employment
C04821,40,Skåne län,40100,Permanent employment
C04822,43,Västra Götalands län,59600,Permanent employment
C04823,41,Skåne län,43000,Permanent employment
C04824,39,Östergötlands län,46300,Permanent employment
C04825,47,Gävleborgs län,56300,Permanent employment
C04826,32,Västra Götalands län,64500,Self-employed
C04827,64,Skåne län,31600,Permanent employment
C04828,28,Västra Götalands län,35800,Permanent employment
C04829,43,Västra Götalands län,44500,Permanent employment
C04830,49,Jönköpings län,47900,Self-employed
C04831,78,Gotlands län,26100,Retired
C04832,60,Östergötlands län,10400,Unemployed
C04833,59,Norrbottens län,53700,Permanent employment
C04834,34,Hallands län,53000,Self-employed
C04835,51,Stockholms län,16600,Unemployed
C04836,31,Skåne län,69700,Self-employed
C04837,35,Stockholms län,46900,Permanent employment
C04838,36,Södermanlands län,43500,Permanent employment
C04839,23,Skåne län,8200,Student
C04840,40,Skåne län,43400,Permanent employment
C04841,75,Västerbottens län,42100,Self-employed
C04842,76,Norrbottens län,12000,Retired
C04843,44,Stockholms län,33800,Self-employed
C04844,22,Skåne län,9600,Unemployed
C04845,31,Örebro län,23800,Permanent employment
C04846,37,Uppsala län,46100,Permanent employment
C04847,75,Västra Götalands län,46100,Permanent employment
C04848,31,Dalarnas län,10600,Unemployed
C04849,62,Västra Götalands län,41000,Permanent employment
C04850,27,Östergötlands län,42000,Permanent employment
C04851,66,Västernorrlands län,40900,Permanent employment
C04852,40,Dalarnas län,44000,Permanent employment
C04853,58,Västra Götalands län,41300,Permanent employment
C04854,42,Jönköpings län,55800,Self-employed
C04855,56,Värmlands län,42900,Permanent employment
C04856,28,Östergötlands län,35700,Permanent employment
C04857,26,Uppsala län,34700,Permanent employment
C04858,78,Skåne län,29900,Self-employed
C04859,66,Norrbottens län,47200,Permanent employment
C04860,66,Värmlands län,27900,Retired
C04861,55,Västra Götalands län,43000,Permanent employment
C04862,68,Skåne län,49600,Permanent employment
C04863,21,Östergötlands län,10100,Student
C04864,43,Västmanlands län,47300,Permanent employment
C04865,43,Skåne län,41000,Permanent employment
C04866,61,Örebro län,32300,Retired
C04867,40,Skåne län,46100,Permanent employment
C04868,27,Västra Götalands län,33100,Temporary/Probation/Freelance
C04869,51,Dalarnas län,46200,Self-employed
C04870,65,Kronobergs län,43600,Permanent employment
C04871,43,Stockholms län,46800,Permanent employment
C04872,28,Uppsala län,23600,Permanent employment
C04873,30,Gävleborgs län,41000,Permanent employment
C04874,30,Västra Götalands län,24300,Temporary/Probation/Freelance
C04875,37,Västra Götalands län,43400,Permanent employment
C04876,58,Östergötlands län,11400,Unemployed
C04877,54,Västra Götalands län,50800,Permanent employment
C04878,57,Västra Götalands län,37500,Permanent employment
C04879,40,Stockholms län,42900,Permanent employment
C04880,65,Västerbottens län,19400,Retired
C04881,32,Jönköpings län,32800,Permanent employment
C04882,52,Östergötlands län,24200,Temporary/Probation/Freelance
C04883,73,Jönköpings län,15200,Retired
C04884,30,Stockholms län,34100,Permanent employment
C04885,25,Västra Götalands län,39300,Permanent employment
C04886,67,Uppsala län,17500,Retired
C04887,35,Värmlands län,45900,Permanent employment
C04888,59,Kronobergs län,54500,Self-employed
C04889,22,Skåne län,28900,Temporary/Probation/Freelance
C04890,56,Västra Götalands län,34700,Permanent employment
C04891,37,Västra Götalands län,32700,Permanent employment
C04892,20,Stockholms län,14000,Student
C04893,52,Västerbottens län,55800,Permanent employment
C04894,27,Västra Götalands län,70400,Self-employed
C04895,36,Stockholms län,15200,Unemployed
C04896,29,Kalmar län,40200,Permanent employment
C04897,25,Blekinge län,36500,Permanent employment
C04898,38,Örebro län,43300,Permanent employment
C04899,32,Östergötlands län,32900,Permanent employment
C04900,65,Östergötlands län,37100,Permanent employment
C04901,24,Stockholms län,15000,Temporary/Probation/Freelance
C04902,48,Södermanlands län,49900,Permanent employment
C04903,30,Västra Götalands län,41900,Permanent employment
C04904,41,Västra Götalands län,38200,Self-employed
C04905,73,Stockholms län,32700,Retired
C04906,25,Stockholms län,53600,Permanent employment
C04907,75,Jönköpings län,13500,Retired
C04908,34,Västra Götalands län,42000,Permanent employment
C04909,58,Örebro län,42900,Permanent employment
C04910,50,Stockholms län,56300,Permanent employment
C04911,74,Östergötlands län,20300,Retired
C04912,51,Gotlands län,52400,Permanent employment
C04913,51,Gävleborgs län,49800,Permanent employment
C04914,32,Skåne län,15800,Student
C04915,34,Uppsala län,32900,Permanent employment
C04916,72,Kronobergs län,21200,Retired
C04917,42,Blekinge län,48700,Permanent employment
C04918,42,Västra Götalands län,52900,Permanent employment
C04919,62,Stockholms län,44600,Permanent employment
C04920,40,Kronobergs län,31700,Permanent employment
C04921,73,Västra Götalands län,51300,Permanent employment
C04922,57,Södermanlands län,52100,Permanent employment
C04923,50,Hallands län,41200,Permanent employment
C04924,69,Jönköpings län,29900,Retired
C04925,23,Västra Götalands län,33400,Permanent employment
C04926,28,Stockholms län,31800,Permanent employment
C04927,54,Västernorrlands län,51200,Permanent employment
C04928,34,Stockholms län,9800,Student
C04929,59,Stockholms län,33500,Permanent employment
C04930,75,Västmanlands län,30200,Retired
C04931,40,Dalarnas län,42700,Parental leave
C04932,38,Stockholms län,28900,Permanent employment
C04933,66,Gävleborgs län,32400,Temporary/Probation/Freelance
C04934,36,Södermanlands län,46900,Permanent employment
C04935,47,Västra Götalands län,4200,Student
C04936,36,Stockholms län,52200,Permanent employment
C04937,65,Jönköpings län,35400,Permanent employment
C04938,52,Skåne län,45600,Permanent employment
C04939,59,Hallands län,37800,Permanent employment
C04940,74,Skåne län,16700,Retired
C04941,35,Skåne län,51700,Self-employed
C04942,43,Västerbottens län,40000,Permanent employment
C04943,72,Stockholms län,52000,Permanent employment
C04944,38,Stockholms län,30200,Temporary/Probation/Freelance
C04945,62,Västra Götalands län,49000,Permanent employment
C04946,77,Stockholms län,29500,Retired
C04947,64,Skåne län,51300,Permanent employment
C04948,61,Skåne län,12800,Unemployed
C04949,75,Östergötlands län,23000,Retired
C04950,79,Västernorrlands län,17700,Retired
C04951,41,Södermanlands län,14600,Unemployed
C04952,20,Södermanlands län,24400,Permanent employment
C04953,40,Stockholms län,53000,Permanent employment
C04954,58,Stockholms län,36600,Permanent employment
C04955,54,Jönköpings län,42000,Permanent employment
C04956,64,Västra Götalands län,54800,Self-employed
C04957,44,Västra Götalands län,48500,Permanent employment
C04958,56,Örebro län,35000,Permanent employment
C04959,34,Stockholms län,33800,Permanent employment
C04960,61,Stockholms län,12800,Unemployed
C04961,53,Västerbottens län,43800,Permanent employment
C04962,29,Stockholms län,11000,Student
C04963,42,Västerbottens län,34500,Parental leave
C04964,59,Örebro län,42000,Permanent employment
C04965,51,Gävleborgs län,45700,Permanent employment
C04966,31,Kronobergs län,32500,Permanent employment
C04967,73,Stockholms län,34400,Retired
C04968,57,Hallands län,52400,Self-employed
C04969,78,Västra Götalands län,21900,Retired
C04970,35,Stockholms län,18900,Unemployed
C04971,46,Värmlands län,47600,Permanent employment
C04972,76,Stockholms län,25400,Retired
C04973,50,Skåne län,45000,Permanent employment
C04974,64,Västmanlands län,31000,Retired
C04975,34,Stockholms län,74000,Self-employed
C04976,43,Uppsala län,52000,Permanent employment
C04977,27,Stockholms län,30200,Parental leave
C04978,34,Stockholms län,47400,Permanent employment
C04979,21,Stockholms län,8700,Student
C04980,22,Stockholms län,23800,Permanent employment
C04981,65,Södermanlands län,29600,Retired
C04982,26,Örebro län,70900,Self-employed
C04983,57,Västernorrlands län,14000,Unemployed
C04984,71,Kalmar län,35400,Retired
C04985,46,Stockholms län,34800,Permanent employment
C04986,29,Stockholms län,37400,Permanent employment
C04987,56,Västra Götalands län,23200,Temporary/Probation/Freelance
C04988,51,Västra Götalands län,38900,Permanent employment
C04989,64,Västerbottens län,42800,Permanent employment
C04990,62,Stockholms län,76000,Self-employed
C04991,72,Västra Götalands län,33100,Retired
C04992,52,Skåne län,38400,Parental leave
C04993,44,Gävleborgs län,48100,Permanent employment
C04994,63,Skåne län,21900,Retired
C04995,20,Skåne län,32300,Permanent employment
C04996,76,Västra Götalands län,14000,Retired
C04997,25,Örebro län,48800,Permanent employment
C04998,44,Södermanlands län,18000,Self-employed
C04999,66,Stockholms län,42100,Permanent employment
C05000,50,Blekinge län,45000,Permanent employment
C05001,35,Stockholms län,35100,Parental leave
C05002,49,Blekinge län,48100,Permanent employment
C05003,79,Norrbottens län,27400,Retired
C05004,39,Skåne län,28500,Permanent employment
C05005,79,Västra Götalands län,22700,Retired
C05006,28,Västra Götalands län,33600,Self-employed
C05007,59,Örebro län,44000,Permanent employment
C05008,76,Jämtlands län,23000,Retired
C05009,25,Västra Götalands län,39500,Permanent employment
C05010,40,Skåne län,20500,Temporary/Probation/Freelance
C05011,31,Östergötlands län,38700,Permanent employment
C05012,62,Jönköpings län,55200,Permanent employment
C05013,46,Östergötlands län,59900,Permanent employment
C05014,61,Östergötlands län,52500,Permanent employment
C05015,30,Västra Götalands län,6700,Unemployed
C05016,33,Hallands län,36000,Permanent employment
C05017,22,Stockholms län,36000,Self-employed
C05018,38,Västerbottens län,46100,Permanent employment
C05019,53,Gotlands län,54300,Permanent employment
C05020,65,Skåne län,23600,Retired
C05021,60,Västra Götalands län,10300,Unemployed
C05022,42,Västra Götalands län,53100,Permanent employment
C05023,75,Östergötlands län,26500,Retired
C05024,58,Värmlands län,48400,Permanent employment
C05025,66,Stockholms län,31000,Retired
C05026,46,Skåne län,42600,Permanent employment
C05027,34,Södermanlands län,29700,Permanent employment
C05028,20,Västra Götalands län,11100,Student
C05029,59,Stockholms län,40600,Permanent employment
C05030,30,Västra Götalands län,38500,Permanent employment
C05031,38,Stockholms län,19700,Unemployed
C05032,48,Gävleborgs län,46400,Permanent employment
C05033,49,Dalarnas län,57900,Permanent employment
C05034,49,Jönköpings län,47100,Permanent employment
C05035,33,Kronobergs län,28300,Parental leave
C05036,42,Västra Götalands län,36200,Permanent employment
C05037,53,Stockholms län,46600,Permanent employment
C05038,77,Stockholms län,17500,Retired
C05039,57,Stockholms län,27600,Retired
C05040,78,Skåne län,23100,Retired
C05041,57,Stockholms län,42000,Permanent employment
C05042,45,Södermanlands län,45600,Permanent employment
C05043,34,Västra Götalands län,39600,Permanent employment
C05044,60,Stockholms län,29700,Temporary/Probation/Freelance
C05045,58,Stockholms län,83500,Self-employed
C05046,52,Västernorrlands län,39600,Permanent employment
C05047,46,Västra Götalands län,52200,Permanent employment
C05048,46,Östergötlands län,53800,Permanent employment
C05049,41,Stockholms län,37200,Permanent employment
C05050,49,Hallands län,45400,Permanent employment
C05051,25,Stockholms län,40500,Permanent employment
C05052,71,Västerbottens län,31400,Temporary/Probation/Freelance
C05053,31,Västra Götalands län,38900,Permanent employment
C05054,34,Västerbottens län,33800,Parental leave
C05055,40,Västmanlands län,17400,Parental leave
C05056,58,Skåne län,42300,Permanent employment
C05057,42,Västra Götalands län,42100,Permanent employment
C05058,36,Örebro län,11100,Unemployed
C05059,46,Skåne län,51200,Permanent employment
C05060,36,Stockholms län,52200,Permanent employment
C05061,67,Skåne län,31900,Retired
C05062,70,Stockholms län,29900,Retired
C05063,45,Västra Götalands län,36600,Permanent employment
C05064,36,Västra Götalands län,30900,Parental leave
C05065,64,Norrbottens län,50800,Permanent employment
C05066,21,Västra Götalands län,0,Student
C05067,45,Värmlands län,56400,Permanent employment
C05068,37,Uppsala län,9000,Unemployed
C05069,74,Östergötlands län,17700,Retired
C05070,24,Västernorrlands län,13800,Student
C05071,45,Västra Götalands län,58600,Permanent employment
C05072,61,Västra Götalands län,36500,Permanent employment
C05073,49,Uppsala län,39500,Permanent employment
C05074,33,Västra Götalands län,37500,Parental leave
C05075,66,Dalarnas län,44200,Permanent employment
C05076,45,Stockholms län,28000,Temporary/Probation/Freelance
C05077,53,Västra Götalands län,46500,Permanent employment
C05078,32,Kronobergs län,43100,Parental leave
C05079,54,Stockholms län,50400,Permanent employment
C05080,40,Västra Götalands län,47500,Permanent employment
C05081,24,Stockholms län,12900,Student
C05082,32,Uppsala län,40900,Permanent employment
C05083,72,Värmlands län,30300,Retired
C05084,29,Västra Götalands län,33500,Self-employed
C05085,31,Uppsala län,37500,Permanent employment
C05086,45,Jämtlands län,44900,Permanent employment
C05087,58,Stockholms län,36500,Permanent employment
C05088,21,Norrbottens län,22300,Permanent employment
C05089,54,Västra Götalands län,38400,Parental leave
C05090,27,Kronobergs län,43000,Permanent employment
C05091,23,Stockholms län,18800,Student
C05092,20,Östergötlands län,33500,Permanent employment
C05093,75,Stockholms län,45200,Permanent employment
C05094,26,Västra Götalands län,36600,Permanent employment
C05095,24,Jönköpings län,63100,Self-employed
C05096,35,Södermanlands län,36100,Permanent employment
C05097,72,Västra Götalands län,26000,Retired
C05098,38,Stockholms län,51500,Permanent employment
C05099,37,Hallands län,44400,Permanent employment
C05100,20,Stockholms län,12200,Student
C05101,36,Västra Götalands län,56100,Permanent employment
C05102,47,Västra Götalands län,43400,Permanent employment
C05103,47,Värmlands län,47900,Permanent employment
C05104,40,Stockholms län,63400,Self-employed
C05105,44,Stockholms län,42800,Permanent employment
C05106,32,Stockholms län,30400,Permanent employment
C05107,40,Stockholms län,50100,Permanent employment
C05108,26,Stockholms län,38800,Permanent employment
C05109,56,Skåne län,13900,Unemployed
C05110,78,Hallands län,25100,Retired
C05111,71,Västmanlands län,15600,Retired
C05112,65,Kalmar län,22200,Retired
C05113,45,Skåne län,50000,Permanent employment
C05114,61,Norrbottens län,43000,Permanent employment
C05115,43,Skåne län,26900,Parental leave
C05116,59,Skåne län,37800,Permanent employment
C05117,45,Norrbottens län,49900,Self-employed
C05118,49,Norrbottens län,35000,Parental leave
C05119,55,Gotlands län,38200,Temporary/Probation/Freelance
C05120,44,Västra Götalands län,35000,Self-employed
C05121,43,Skåne län,43000,Temporary/Probation/Freelance
C05122,68,Västra Götalands län,24700,Retired
C05123,20,Jämtlands län,16900,Temporary/Probation/Freelance
C05124,46,Östergötlands län,45800,Permanent employment
C05125,71,Örebro län,16900,Retired
C05126,46,Västra Götalands län,32500,Parental leave
C05127,48,Södermanlands län,46900,Permanent employment
C05128,30,Värmlands län,27300,Permanent employment
C05129,36,Gotlands län,55100,Permanent employment
C05130,66,Stockholms län,19400,Retired
C05131,46,Norrbottens län,32300,Permanent employment
C05132,47,Gotlands län,54000,Permanent employment
C05133,29,Skåne län,13100,Student
C05134,20,Örebro län,28200,Permanent employment
C05135,70,Västerbottens län,24200,Retired
C05136,43,Dalarnas län,13500,Unemployed
C05137,54,Skåne län,2100,Student
C05138,24,Skåne län,18800,Temporary/Probation/Freelance
C05139,59,Södermanlands län,49700,Permanent employment
C05140,75,Skåne län,26800,Retired
C05141,50,Jämtlands län,51400,Permanent employment
C05142,34,Västra Götalands län,46500,Permanent employment
C05143,52,Stockholms län,16000,Parental leave
C05144,57,Stockholms län,40100,Permanent employment
C05145,36,Västernorrlands län,36900,Permanent employment
C05146,67,Västmanlands län,42100,Permanent employment
C05147,63,Skåne län,12000,Retired
C05148,79,Västra Götalands län,28100,Retired
C05149,60,Södermanlands län,47600,Permanent employment
C05150,34,Värmlands län,53900,Permanent employment
C05151,38,Hallands län,44300,Permanent employment
C05152,34,Västra Götalands län,42700,Permanent employment
C05153,67,Jönköpings län,30700,Retired
C05154,56,Blekinge län,55000,Permanent employment
C05155,58,Stockholms län,35100,Permanent employment
C05156,43,Jämtlands län,51300,Permanent employment
C05157,28,Jämtlands län,32400,Parental leave
C05158,59,Örebro län,31700,Permanent employment
C05159,52,Västernorrlands län,32800,Parental leave
C05160,26,Västra Götalands län,34400,Parental leave
C05161,47,Uppsala län,33200,Permanent employment
C05162,23,Västra Götalands län,29500,Permanent employment
C05163,41,Östergötlands län,30600,Temporary/Probation/Freelance
C05164,48,Blekinge län,30300,Parental leave
C05165,25,Södermanlands län,42400,Permanent employment
C05166,71,Gotlands län,19700,Retired
C05167,33,Västra Götalands län,30300,Permanent employment
C05168,25,Stockholms län,41400,Permanent employment
C05169,25,Stockholms län,49000,Permanent employment
C05170,55,Västra Götalands län,53500,Permanent employment
C05171,44,Värmlands län,61700,Permanent employment
C05172,51,Skåne län,42400,Permanent employment
C05173,22,Stockholms län,9200,Student
C05174,20,Blekinge län,0,Student
C05175,37,Västra Götalands län,11500,Unemployed
C05176,72,Västra Götalands län,12800,Retired
C05177,73,Stockholms län,21500,Retired
C05178,27,Västerbottens län,38200,Parental leave
C05179,47,Stockholms län,52500,Permanent employment
C05180,79,Stockholms län,21600,Retired
C05181,35,Skåne län,41000,Permanent employment
C05182,66,Östergötlands län,18200,Retired
C05183,31,Norrbottens län,44000,Permanent employment
C05184,67,Stockholms län,21700,Retired
C05185,61,Östergötlands län,44800,Permanent employment
C05186,69,Kronobergs län,28600,Retired
C05187,64,Skåne län,48200,Permanent employment
C05188,42,Stockholms län,25500,Permanent employment
C05189,69,Stockholms län,27800,Retired
C05190,37,Uppsala län,45700,Permanent employment
C05191,43,Skåne län,32400,Permanent employment
C05192,61,Västra Götalands län,52700,Permanent employment
C05193,59,Västra Götalands län,25300,Retired
C05194,71,Skåne län,13100,Retired
C05195,34,Kronobergs län,33900,Permanent employment
C05196,73,Dalarnas län,22400,Retired
C05197,59,Skåne län,61300,Permanent employment
C05198,22,Södermanlands län,5600,Student
C05199,43,Västra Götalands län,40200,Permanent employment
C05200,35,Västra Götalands län,46300,Permanent employment
C05201,38,Kronobergs län,60000,Permanent employment
C05202,65,Stockholms län,41400,Permanent employment
C05203,62,Stockholms län,39900,Permanent employment
C05204,57,Västmanlands län,44300,Permanent employment
C05205,66,Stockholms län,40700,Permanent employment
C05206,38,Hallands län,27200,Temporary/Probation/Freelance
C05207,75,Stockholms län,30600,Retired
C05208,37,Stockholms län,41500,Permanent employment
C05209,75,Södermanlands län,21400,Retired
C05210,29,Stockholms län,45000,Permanent employment
C05211,79,Stockholms län,13900,Retired
C05212,32,Västra Götalands län,35600,Permanent employment
C05213,44,Skåne län,33300,Permanent employment
C05214,62,Värmlands län,12000,Unemployed
C05215,41,Stockholms län,42500,Permanent employment
C05216,52,Gävleborgs län,42700,Permanent employment
C05217,39,Norrbottens län,42300,Permanent employment
C05218,64,Stockholms län,45000,Permanent employment
C05219,34,Västerbottens län,21100,Temporary/Probation/Freelance
C05220,22,Uppsala län,12000,Student
C05221,40,Västra Götalands län,41500,Permanent employment
C05222,52,Södermanlands län,36100,Temporary/Probation/Freelance
C05223,25,Skåne län,37600,Permanent employment
C05224,40,Skåne län,34300,Self-employed
C05225,40,Jönköpings län,35800,Permanent employment
C05226,22,Västra Götalands län,11500,Student
C05227,49,Hallands län,43700,Permanent employment
C05228,68,Skåne län,34100,Retired
C05229,25,Norrbottens län,17700,Student
C05230,54,Jämtlands län,41600,Permanent employment
C05231,62,Västerbottens län,26500,Permanent employment
C05232,40,Dalarnas län,17500,Unemployed
C05233,57,Uppsala län,39300,Permanent employment
C05234,37,Jönköpings län,42500,Permanent employment
C05235,50,Stockholms län,37200,Parental leave
C05236,23,Norrbottens län,11700,Student
C05237,61,Stockholms län,48900,Permanent employment
C05238,62,Jönköpings län,50400,Permanent employment
C05239,24,Stockholms län,13300,Unemployed
C05240,44,Stockholms län,49800,Permanent employment
C05241,70,Uppsala län,43700,Permanent employment
C05242,35,Västra Götalands län,48800,Permanent employment
C05243,50,Stockholms län,46100,Permanent employment
C05244,73,Skåne län,33400,Retired
C05245,64,Örebro län,14900,Retired
C05246,48,Västra Götalands län,42000,Permanent employment
C05247,78,Stockholms län,23300,Retired
C05248,78,Gävleborgs län,24700,Retired
C05249,54,Västra Götalands län,36000,Permanent employment
C05250,45,Stockholms län,39800,Permanent employment
C05251,43,Västra Götalands län,30300,Temporary/Probation/Freelance
C05252,68,Västra Götalands län,20100,Retired
C05253,56,Skåne län,31000,Permanent employment
C05254,25,Stockholms län,12500,Unemployed
C05255,67,Hallands län,15400,Retired
C05256,51,Västra Götalands län,49200,Permanent employment
C05257,22,Uppsala län,32100,Permanent employment
C05258,54,Västra Götalands län,51300,Permanent employment
C05259,36,Jönköpings län,46500,Permanent employment
C05260,79,Skåne län,16400,Retired
C05261,33,Kronobergs län,22000,Permanent employment
C05262,76,Östergötlands län,31900,Retired
C05263,46,Västmanlands län,42000,Permanent employment
C05264,24,Västra Götalands län,0,Student
C05265,72,Östergötlands län,34900,Retired
C05266,54,Blekinge län,33500,Parental leave
C05267,42,Västra Götalands län,55900,Permanent employment
C05268,47,Örebro län,48000,Permanent employment
C05269,66,Västra Götalands län,16700,Unemployed
C05270,43,Skåne län,41400,Permanent employment
C05271,27,Västerbottens län,43000,Permanent employment
C05272,32,Västra Götalands län,21700,Unemployed
C05273,36,Stockholms län,50800,Permanent employment
C05274,57,Skåne län,40500,Permanent employment
C05275,45,Kalmar län,35800,Permanent employment
C05276,30,Värmlands län,46000,Permanent employment
C05277,31,Stockholms län,38400,Permanent employment
C05278,38,Kalmar län,45700,Permanent employment
C05279,65,Östergötlands län,12000,Retired
C05280,37,Stockholms län,30600,Permanent employment
C05281,73,Jönköpings län,24500,Retired
C05282,49,Västra Götalands län,38700,Permanent employment
C05283,30,Jönköpings län,39500,Permanent employment
C05284,68,Hallands län,30600,Retired
C05285,45,Hallands län,25500,Temporary/Probation/Freelance
C05286,59,Hallands län,31900,Temporary/Probation/Freelance
C05287,69,Skåne län,23100,Retired
C05288,24,Stockholms län,24800,Student
C05289,30,Stockholms län,34300,Permanent employment
C05290,56,Värmlands län,38100,Permanent employment
C05291,35,Skåne län,41800,Permanent employment
C05292,26,Västra Götalands län,46200,Permanent employment
C05293,24,Skåne län,26000,Temporary/Probation/Freelance
C05294,21,Stockholms län,13700,Student
C05295,60,Värmlands län,43200,Permanent employment
C05296,29,Stockholms län,14200,Unemployed
C05297,49,Jämtlands län,56200,Permanent employment
C05298,50,Stockholms län,32400,Permanent employment
C05299,44,Skåne län,31100,Temporary/Probation/Freelance
C05300,20,Stockholms län,35600,Temporary/Probation/Freelance
C05301,61,Gävleborgs län,15600,Unemployed
C05302,21,Norrbottens län,22000,Permanent employment
C05303,60,Stockholms län,24500,Self-employed
C05304,73,Södermanlands län,44900,Permanent employment
C05305,41,Stockholms län,28700,Permanent employment
C05306,46,Värmlands län,41300,Permanent employment
C05307,47,Östergötlands län,36400,Permanent employment
C05308,42,Hallands län,46300,Permanent employment
C05309,75,Stockholms län,22800,Retired
C05310,73,Västra Götalands län,26600,Retired
C05311,38,Skåne län,38900,Permanent employment
C05312,53,Västra Götalands län,46900,Permanent employment
C05313,66,Värmlands län,23900,Retired
C05314,77,Stockholms län,17900,Retired
C05315,49,Skåne län,18400,Unemployed
C05316,46,Västra Götalands län,49900,Permanent employment
C05317,35,Skåne län,40500,Permanent employment
C05318,77,Stockholms län,18400,Retired
C05319,29,Värmlands län,44500,Permanent employment
C05320,46,Norrbottens län,33700,Permanent employment
C05321,41,Västerbottens län,36000,Permanent employment
C05322,42,Västra Götalands län,48400,Permanent employment
C05323,36,Kalmar län,57700,Permanent employment
C05324,71,Östergötlands län,19700,Retired
C05325,23,Stockholms län,7600,Student
C05326,45,Kalmar län,43500,Permanent employment
C05327,27,Stockholms län,27200,Parental leave
C05328,25,Uppsala län,12300,Unemployed
C05329,39,Gävleborgs län,40700,Permanent employment
C05330,52,Västerbottens län,46300,Permanent employment
C05331,25,Jämtlands län,42900,Permanent employment
C05332,43,Stockholms län,46100,Permanent employment
C05333,27,Gävleborgs län,36900,Permanent employment
C05334,39,Stockholms län,40700,Permanent employment
C05335,73,Skåne län,15700,Retired
C05336,69,Västra Götalands län,14800,Retired
C05337,43,Skåne län,34500,Permanent employment
C05338,54,Västerbottens län,49400,Permanent employment
C05339,72,Östergötlands län,19800,Retired
C05340,22,Skåne län,33200,Temporary/Probation/Freelance
C05341,65,Stockholms län,32100,Self-employed
C05342,68,Västmanlands län,23400,Retired
C05343,33,Kalmar län,38900,Self-employed
C05344,34,Västra Götalands län,49000,Permanent employment
C05345,72,Västra Götalands län,20600,Retired
C05346,48,Västra Götalands län,60200,Self-employed
C05347,23,Skåne län,22000,Permanent employment
C05348,25,Södermanlands län,47500,Permanent employment
C05349,54,Västra Götalands län,50800,Permanent employment
C05350,58,Västerbottens län,38900,Permanent employment
C05351,57,Örebro län,38800,Permanent employment
C05352,70,Stockholms län,32200,Retired
C05353,39,Stockholms län,37400,Temporary/Probation/Freelance
C05354,49,Skåne län,43300,Permanent employment
C05355,46,Västra Götalands län,39000,Permanent employment
C05356,37,Östergötlands län,52500,Permanent employment
C05357,30,Västra Götalands län,12100,Unemployed
C05358,66,Västernorrlands län,45300,Permanent employment
C05359,79,Skåne län,11700,Unemployed
C05360,48,Uppsala län,43500,Permanent employment
C05361,46,Västernorrlands län,58300,Permanent employment
C05362,33,Skåne län,37500,Permanent employment
C05363,47,Kalmar län,70900,Self-employed
C05364,64,Jönköpings län,32300,Permanent employment
C05365,54,Kalmar län,32900,Permanent employment
C05366,70,Västra Götalands län,28000,Retired
C05367,45,Blekinge län,25400,Parental leave
C05368,44,Östergötlands län,44800,Permanent employment
C05369,57,Västra Götalands län,5500,Unemployed
C05370,32,Stockholms län,23800,Permanent employment
C05371,39,Stockholms län,45100,Permanent employment
C05372,42,Västra Götalands län,36300,Self-employed
C05373,36,Dalarnas län,42700,Permanent employment
C05374,61,Uppsala län,54700,Permanent employment
C05375,53,Stockholms län,48300,Permanent employment
C05376,61,Västra Götalands län,58000,Permanent employment
C05377,47,Västra Götalands län,45500,Permanent employment
C05378,41,Skåne län,55500,Permanent employment
C05379,79,Stockholms län,30800,Retired
C05380,32,Stockholms län,34500,Permanent employment
C05381,25,Västra Götalands län,36800,Permanent employment
C05382,47,Skåne län,42500,Permanent employment
C05383,39,Västmanlands län,52500,Permanent employment
C05384,23,Skåne län,32200,Temporary/Probation/Freelance
C05385,60,Västra Götalands län,28400,Self-employed
C05386,47,Västernorrlands län,36000,Permanent employment
C05387,38,Stockholms län,36200,Permanent employment
C05388,69,Skåne län,17600,Retired
C05389,47,Stockholms län,38400,Permanent employment
C05390,68,Jönköpings län,15500,Retired
C05391,29,Stockholms län,45900,Permanent employment
C05392,46,Stockholms län,34300,Permanent employment
C05393,74,Västernorrlands län,26700,Retired
C05394,53,Hallands län,61000,Permanent employment
C05395,64,Gävleborgs län,43600,Permanent employment
C05396,42,Blekinge län,45600,Permanent employment
C05397,30,Hallands län,39600,Permanent employment
C05398,54,Stockholms län,34700,Permanent employment
C05399,37,Skåne län,15700,Unemployed
C05400,75,Skåne län,26200,Retired
C05401,26,Stockholms län,37700,Permanent employment
C05402,71,Värmlands län,12100,Retired
C05403,72,Södermanlands län,56300,Permanent employment
C05404,34,Skåne län,11200,Student
C05405,35,Skåne län,36400,Permanent employment
C05406,78,Norrbottens län,16900,Retired
C05407,79,Stockholms län,37600,Permanent employment
C05408,40,Skåne län,56100,Permanent employment
C05409,41,Skåne län,13500,Unemployed
C05410,53,Stockholms län,29000,Temporary/Probation/Freelance
C05411,57,Västra Götalands län,39300,Permanent employment
C05412,36,Södermanlands län,52200,Permanent employment
C05413,59,Stockholms län,18300,Unemployed
C05414,24,Stockholms län,2400,Student
C05415,21,Örebro län,29300,Permanent employment
C05416,35,Stockholms län,41100,Self-employed
C05417,40,Skåne län,22400,Temporary/Probation/Freelance
C05418,43,Stockholms län,40900,Permanent employment
C05419,54,Stockholms län,43000,Permanent employment
C05420,43,Stockholms län,10000,Unemployed
C05421,31,Skåne län,40000,Permanent employment
C05422,41,Uppsala län,46900,Permanent employment
C05423,79,Stockholms län,34100,Temporary/Probation/Freelance
C05424,42,Värmlands län,27200,Parental leave
C05425,44,Skåne län,30000,Permanent employment
C05426,46,Stockholms län,40000,Permanent employment
C05427,78,Skåne län,16500,Retired
C05428,30,Stockholms län,36800,Permanent employment
C05429,59,Hallands län,27900,Retired
C05430,59,Östergötlands län,21600,Unemployed
C05431,47,Stockholms län,38700,Permanent employment
C05432,27,Stockholms län,38900,Permanent employment
C05433,60,Östergötlands län,44200,Permanent employment
C05434,23,Örebro län,41500,Temporary/Probation/Freelance
C05435,54,Stockholms län,31800,Temporary/Probation/Freelance
C05436,64,Stockholms län,21400,Retired
C05437,31,Skåne län,37700,Permanent employment
C05438,78,Skåne län,26300,Retired
C05439,20,Stockholms län,13700,Student
C05440,78,Södermanlands län,35800,Retired
C05441,47,Uppsala län,56200,Permanent employment
C05442,25,Stockholms län,32700,Permanent employment
C05443,34,Östergötlands län,27500,Permanent employment
C05444,67,Stockholms län,15200,Retired
C05445,24,Västra Götalands län,15000,Unemployed
C05446,33,Norrbottens län,45900,Permanent employment
C05447,37,Västra Götalands län,40600,Self-employed
C05448,54,Jönköpings län,38300,Permanent employment
C05449,54,Västra Götalands län,34700,Permanent employment
C05450,33,Skåne län,49100,Permanent employment
C05451,35,Västmanlands län,41600,Permanent employment
C05452,30,Västra Götalands län,27200,Permanent employment
C05453,33,Västra Götalands län,44500,Self-employed
C05454,39,Stockholms län,45100,Self-employed
C05455,64,Kalmar län,30100,Retired
C05456,26,Östergötlands län,29600,Permanent employment
C05457,39,Stockholms län,53100,Permanent employment
C05458,35,Östergötlands län,54200,Permanent employment
C05459,73,Skåne län,24500,Retired
C05460,74,Hallands län,28100,Retired
C05461,77,Västernorrlands län,29600,Retired
C05462,34,Uppsala län,33800,Permanent employment
C05463,20,Stockholms län,3100,Student
C05464,40,Dalarnas län,40900,Permanent employment
C05465,43,Jämtlands län,32700,Permanent employment
C05466,47,Skåne län,48300,Permanent employment
C05467,58,Stockholms län,54200,Permanent employment
C05468,77,Skåne län,17900,Retired
C05469,70,Stockholms län,20700,Retired
C05470,38,Dalarnas län,43200,Permanent employment
C05471,55,Västra Götalands län,38300,Retired
C05472,41,Uppsala län,41800,Permanent employment
C05473,24,Dalarnas län,39000,Temporary/Probation/Freelance
C05474,62,Västra Götalands län,14100,Unemployed
C05475,20,Västerbottens län,15000,Temporary/Probation/Freelance
C05476,39,Norrbottens län,41500,Permanent employment
C05477,42,Stockholms län,51200,Permanent employment
C05478,55,Stockholms län,39500,Permanent employment
C05479,55,Skåne län,54200,Self-employed
C05480,41,Västerbottens län,57100,Permanent employment
C05481,79,Norrbottens län,27500,Retired
C05482,40,Skåne län,40600,Permanent employment
C05483,39,Stockholms län,50000,Permanent employment
C05484,59,Stockholms län,16000,Unemployed
C05485,63,Västra Götalands län,17900,Unemployed
C05486,65,Hallands län,43300,Self-employed
C05487,32,Skåne län,32300,Permanent employment
C05488,56,Skåne län,46800,Permanent employment
C05489,51,Västra Götalands län,49000,Permanent employment
C05490,70,Västmanlands län,20200,Retired
C05491,34,Östergötlands län,27200,Permanent employment
C05492,56,Stockholms län,39800,Permanent employment
C05493,47,Västra Götalands län,23800,Self-employed
C05494,38,Gävleborgs län,43100,Permanent employment
C05495,51,Jönköpings län,50400,Permanent employment
C05496,42,Uppsala län,31000,Permanent employment
C05497,46,Stockholms län,47200,Permanent employment
C05498,72,Uppsala län,26800,Retired
C05499,53,Stockholms län,38500,Permanent employment
C05500,61,Hallands län,45400,Permanent employment
C05501,45,Södermanlands län,53200,Permanent employment
C05502,24,Västra Götalands län,12200,Student
C05503,26,Stockholms län,82000,Self-employed
C05504,49,Stockholms län,45600,Permanent employment
C05505,42,Skåne län,52000,Permanent employment
C05506,26,Skåne län,52200,Permanent employment
C05507,45,Uppsala län,48600,Permanent employment
C05508,38,Örebro län,57300,Permanent employment
C05509,28,Stockholms län,33700,Temporary/Probation/Freelance
C05510,53,Jönköpings län,55200,Permanent employment
C05511,27,Skåne län,30200,Permanent employment
C05512,68,Dalarnas län,24300,Retired
C05513,67,Kalmar län,41200,Retired
C05514,56,Kronobergs län,6700,Unemployed
C05515,28,Hallands län,25400,Parental leave
C05516,62,Östergötlands län,58200,Permanent employment
C05517,65,Västra Götalands län,23100,Retired
C05518,62,Uppsala län,13600,Unemployed
C05519,32,Örebro län,44400,Permanent employment
C05520,57,Uppsala län,51800,Permanent employment
C05521,78,Norrbottens län,21300,Retired
C05522,54,Östergötlands län,20200,Parental leave
C05523,64,Dalarnas län,17400,Retired
C05524,50,Kronobergs län,41100,Permanent employment
C05525,48,Uppsala län,9300,Unemployed
C05526,24,Stockholms län,23100,Temporary/Probation/Freelance
C05527,55,Västmanlands län,43100,Permanent employment
C05528,25,Östergötlands län,10600,Unemployed
C05529,39,Östergötlands län,44100,Temporary/Probation/Freelance
C05530,42,Stockholms län,42200,Permanent employment
C05531,45,Västerbottens län,20800,Parental leave
C05532,26,Uppsala län,66100,Self-employed
C05533,61,Uppsala län,65600,Permanent employment
C05534,72,Jämtlands län,21600,Retired
C05535,27,Gävleborgs län,15000,Unemployed
C05536,32,Uppsala län,47100,Permanent employment
C05537,25,Dalarnas län,35400,Permanent employment
C05538,73,Uppsala län,37000,Retired
C05539,46,Stockholms län,18000,Self-employed
C05540,46,Örebro län,42900,Self-employed
C05541,28,Västra Götalands län,10700,Unemployed
C05542,64,Södermanlands län,24600,Self-employed
C05543,67,Stockholms län,18400,Retired
C05544,68,Stockholms län,27500,Retired
C05545,60,Västra Götalands län,49400,Permanent employment
C05546,24,Västerbottens län,13500,Student
C05547,26,Uppsala län,27700,Permanent employment
C05548,22,Örebro län,12800,Student
C05549,34,Stockholms län,42900,Self-employed
C05550,27,Västra Götalands län,26500,Parental leave
C05551,29,Stockholms län,36500,Permanent employment
C05552,39,Hallands län,56700,Permanent employment
C05553,68,Uppsala län,22000,Retired
C05554,52,Västernorrlands län,50300,Permanent employment
C05555,70,Södermanlands län,31100,Retired
C05556,60,Kronobergs län,49200,Permanent employment
C05557,25,Västmanlands län,34800,Permanent employment
C05558,60,Blekinge län,26800,Temporary/Probation/Freelance
C05559,37,Uppsala län,46900,Permanent employment
C05560,60,Skåne län,39100,Permanent employment
C05561,44,Västmanlands län,39000,Permanent employment
C05562,77,Blekinge län,24600,Retired
C05563,40,Stockholms län,39400,Permanent employment
C05564,36,Kronobergs län,26500,Temporary/Probation/Freelance
C05565,65,Västerbottens län,40100,Self-employed
C05566,22,Stockholms län,26100,Permanent employment
C05567,57,Kalmar län,40400,Self-employed
C05568,59,Västra Götalands län,40000,Permanent employment
C05569,79,Stockholms län,38200,Retired
C05570,79,Östergötlands län,55400,Permanent employment
C05571,68,Jämtlands län,20900,Retired
C05572,23,Stockholms län,26300,Temporary/Probation/Freelance
C05573,72,Västra Götalands län,22300,Retired
C05574,61,Västmanlands län,31900,Temporary/Probation/Freelance
C05575,64,Södermanlands län,23200,Retired
C05576,33,Stockholms län,38100,Permanent employment
C05577,55,Gävleborgs län,48500,Permanent employment
C05578,79,Västra Götalands län,17800,Retired
C05579,69,Stockholms län,19700,Retired
C05580,38,Stockholms län,34900,Permanent employment
C05581,20,Västra Götalands län,8000,Student
C05582,40,Kalmar län,45300,Permanent employment
C05583,65,Skåne län,24200,Retired
C05584,55,Västerbottens län,51800,Permanent employment
C05585,52,Kalmar län,24800,Parental leave
C05586,21,Dalarnas län,1800,Student
C05587,44,Västra Götalands län,45600,Permanent employment
C05588,50,Stockholms län,41700,Self-employed
C05589,78,Västra Götalands län,29900,Retired
C05590,60,Skåne län,43600,Permanent employment
C05591,40,Stockholms län,68000,Self-employed
C05592,52,Södermanlands län,44000,Permanent employment
C05593,23,Skåne län,25900,Temporary/Probation/Freelance
C05594,67,Hallands län,28900,Retired
C05595,40,Västerbottens län,48400,Permanent employment
C05596,48,Västmanlands län,32200,Self-employed
C05597,36,Stockholms län,54800,Self-employed
C05598,60,Västra Götalands län,46100,Permanent employment
C05599,64,Stockholms län,23500,Retired
C05600,59,Stockholms län,31700,Retired
C05601,43,Stockholms län,55200,Permanent employment
C05602,40,Hallands län,34600,Self-employed
C05603,27,Stockholms län,41400,Permanent employment
C05604,59,Jönköpings län,43500,Permanent employment
C05605,21,Uppsala län,26900,Permanent employment
C05606,52,Östergötlands län,44100,Permanent employment
C05607,73,Jämtlands län,12000,Retired
C05608,72,Norrbottens län,31400,Retired
C05609,37,Västra Götalands län,17200,Unemployed
C05610,53,Skåne län,31500,Permanent employment
C05611,22,Västra Götalands län,28500,Temporary/Probation/Freelance
C05612,62,Västra Götalands län,45400,Permanent employment
C05613,74,Västra Götalands län,29900,Retired
C05614,33,Stockholms län,36200,Permanent employment
C05615,41,Östergötlands län,40600,Self-employed
C05616,68,Östergötlands län,26500,Retired
C05617,74,Jönköpings län,19100,Retired
C05618,33,Östergötlands län,49600,Permanent employment
C05619,47,Värmlands län,45700,Permanent employment
C05620,27,Västra Götalands län,39400,Permanent employment
C05621,26,Stockholms län,47400,Permanent employment
C05622,74,Södermanlands län,23700,Retired
C05623,79,Västra Götalands län,33400,Retired
C05624,57,Stockholms län,31800,Permanent employment
C05625,20,Stockholms län,38100,Permanent employment
C05626,79,Örebro län,31100,Retired
C05627,38,Skåne län,30600,Permanent employment
C05628,42,Västmanlands län,42700,Permanent employment
C05629,49,Örebro län,15600,Unemployed
C05630,26,Gävleborgs län,43700,Permanent employment
C05631,57,Stockholms län,52200,Permanent employment
C05632,45,Stockholms län,34500,Permanent employment
C05633,26,Södermanlands län,30500,Parental leave
C05634,25,Stockholms län,31400,Permanent employment
C05635,26,Skåne län,33000,Permanent employment
C05636,22,Värmlands län,14000,Student
C05637,45,Västerbottens län,39400,Permanent employment
C05638,75,Gävleborgs län,23900,Retired
C05639,20,Skåne län,7800,Student
C05640,21,Västra Götalands län,37000,Permanent employment
C05641,49,Stockholms län,32200,Permanent employment
C05642,72,Kalmar län,32600,Retired
C05643,39,Dalarnas län,38900,Parental leave
C05644,42,Stockholms län,16400,Unemployed
C05645,51,Skåne län,46600,Permanent employment
C05646,38,Dalarnas län,15000,Temporary/Probation/Freelance
C05647,22,Stockholms län,13200,Student
C05648,63,Norrbottens län,31000,Retired
C05649,64,Stockholms län,46800,Self-employed
C05650,53,Dalarnas län,40400,Permanent employment
C05651,59,Jönköpings län,19900,Unemployed
C05652,62,Stockholms län,10500,Unemployed
C05653,31,Stockholms län,45900,Permanent employment
C05654,43,Västra Götalands län,48700,Permanent employment
C05655,31,Dalarnas län,13300,Unemployed
C05656,28,Västra Götalands län,55100,Permanent employment
C05657,58,Västernorrlands län,27300,Retired
C05658,75,Västmanlands län,28000,Retired
C05659,72,Stockholms län,27500,Retired
C05660,60,Västra Götalands län,45100,Permanent employment
C05661,33,Östergötlands län,37300,Permanent employment
C05662,34,Skåne län,43300,Permanent employment
C05663,78,Stockholms län,24600,Retired
C05664,51,Södermanlands län,32200,Permanent employment
C05665,51,Västra Götalands län,39200,Permanent employment
C05666,58,Stockholms län,39200,Temporary/Probation/Freelance
C05667,57,Västra Götalands län,60900,Self-employed
C05668,72,Västernorrlands län,16600,Retired
C05669,23,Stockholms län,26200,Permanent employment
C05670,58,Värmlands län,38700,Permanent employment
C05671,65,Västra Götalands län,71200,Self-employed
C05672,41,Stockholms län,34200,Permanent employment
C05673,55,Värmlands län,19600,Retired
C05674,44,Stockholms län,45600,Permanent employment
C05675,74,Uppsala län,13800,Retired
C05676,23,Stockholms län,14300,Unemployed
C05677,47,Skåne län,37700,Permanent employment
C05678,27,Skåne län,5800,Student
C05679,55,Jönköpings län,39400,Permanent employment
C05680,28,Stockholms län,28600,Temporary/Probation/Freelance
C05681,25,Västmanlands län,34100,Permanent employment
C05682,52,Dalarnas län,14400,Unemployed
C05683,79,Skåne län,32600,Retired
C05684,25,Uppsala län,14300,Student
C05685,30,Stockholms län,72200,Self-employed
C05686,61,Dalarnas län,42500,Permanent employment
C05687,54,Stockholms län,44500,Permanent employment
C05688,78,Stockholms län,25400,Retired
C05689,26,Skåne län,27300,Permanent employment
C05690,58,Västra Götalands län,18100,Unemployed
C05691,27,Skåne län,35400,Permanent employment
C05692,33,Stockholms län,13800,Unemployed
C05693,61,Västra Götalands län,15700,Unemployed
C05694,46,Västra Götalands län,39600,Permanent employment
C05695,60,Västra Götalands län,37800,Permanent employment
C05696,43,Stockholms län,12000,Student
C05697,37,Värmlands län,48100,Permanent employment
C05698,40,Skåne län,61000,Permanent employment
C05699,78,Skåne län,49400,Self-employed
C05700,37,Skåne län,16100,Unemployed
C05701,37,Södermanlands län,61300,Permanent employment
C05702,38,Uppsala län,47400,Permanent employment
C05703,53,Stockholms län,48000,Permanent employment
C05704,32,Kronobergs län,22000,Permanent employment
C05705,65,Skåne län,40300,Permanent employment
C05706,35,Västra Götalands län,31200,Parental leave
C05707,71,Stockholms län,18600,Retired
C05708,27,Västernorrlands län,31700,Temporary/Probation/Freelance
C05709,61,Uppsala län,48000,Permanent employment
C05710,73,Jönköpings län,30400,Retired
C05711,27,Stockholms län,37200,Permanent employment
C05712,67,Västra Götalands län,13000,Retired
C05713,46,Västra Götalands län,46600,Self-employed
C05714,74,Västernorrlands län,21000,Retired
C05715,55,Östergötlands län,37600,Permanent employment
C05716,43,Uppsala län,39900,Self-employed
C05717,30,Västra Götalands län,35600,Permanent employment
C05718,40,Västra Götalands län,43500,Permanent employment
C05719,32,Västernorrlands län,34800,Permanent employment
C05720,29,Stockholms län,48100,Permanent employment
C05721,33,Västra Götalands län,39900,Permanent employment
C05722,39,Stockholms län,46900,Permanent employment
C05723,66,Skåne län,33300,Temporary/Probation/Freelance
C05724,30,Stockholms län,28400,Permanent employment
C05725,33,Västra Götalands län,36100,Parental leave
C05726,57,Hallands län,65800,Permanent employment
C05727,34,Stockholms län,31300,Permanent employment
C05728,28,Östergötlands län,33300,Permanent employment
C05729,34,Kronobergs län,26700,Parental leave
C05730,75,Uppsala län,26000,Retired
C05731,72,Stockholms län,22900,Retired
C05732,40,Östergötlands län,41400,Permanent employment
C05733,61,Värmlands län,16300,Unemployed
C05734,51,Jönköpings län,47700,Permanent employment
C05735,58,Östergötlands län,51600,Permanent employment
C05736,60,Jämtlands län,10700,Student
C05737,63,Stockholms län,13800,Unemployed
C05738,37,Västra Götalands län,26500,Temporary/Probation/Freelance
C05739,23,Skåne län,31600,Permanent employment
C05740,54,Jämtlands län,37700,Permanent employment
C05741,77,Kronobergs län,31500,Retired
C05742,47,Västra Götalands län,35000,Temporary/Probation/Freelance
C05743,78,Stockholms län,25500,Retired
C05744,71,Västernorrlands län,21100,Retired
C05745,34,Östergötlands län,20600,Unemployed
C05746,63,Skåne län,39200,Permanent employment
C05747,64,Stockholms län,37000,Permanent employment
C05748,67,Jämtlands län,40800,Permanent employment
C05749,79,Västra Götalands län,29700,Retired
C05750,64,Stockholms län,53000,Permanent employment
C05751,33,Stockholms län,38500,Temporary/Probation/Freelance
C05752,77,Kronobergs län,33800,Permanent employment
C05753,32,Stockholms län,37600,Permanent employment
C05754,57,Östergötlands län,39600,Permanent employment
C05755,79,Norrbottens län,26700,Retired
C05756,42,Västra Götalands län,43000,Permanent employment
C05757,58,Västernorrlands län,48400,Permanent employment
C05758,40,Blekinge län,41800,Permanent employment
C05759,44,Västra Götalands län,39100,Permanent employment
C05760,36,Skåne län,54200,Permanent employment
C05761,62,Östergötlands län,42800,Permanent employment
C05762,77,Skåne län,30100,Retired
C05763,73,Gotlands län,15800,Retired
C05764,31,Norrbottens län,31300,Permanent employment
C05765,72,Skåne län,15000,Retired
C05766,61,Örebro län,37600,Permanent employment
C05767,34,Västra Götalands län,24600,Temporary/Probation/Freelance
C05768,23,Skåne län,6200,Student
C05769,35,Skåne län,13800,Unemployed
C05770,67,Östergötlands län,16900,Retired
C05771,61,Stockholms län,31400,Self-employed
C05772,61,Västra Götalands län,31700,Temporary/Probation/Freelance
C05773,27,Västernorrlands län,51700,Permanent employment
C05774,55,Stockholms län,53600,Self-employed
C05775,21,Västernorrlands län,11900,Student
C05776,43,Stockholms län,43100,Permanent employment
C05777,60,Skåne län,29100,Permanent employment
C05778,31,Östergötlands län,36600,Permanent employment
C05779,65,Stockholms län,16700,Retired
C05780,25,Stockholms län,45200,Permanent employment
C05781,58,Jönköpings län,54000,Permanent employment
C05782,41,Stockholms län,38600,Permanent employment
C05783,52,Stockholms län,13900,Unemployed
C05784,34,Stockholms län,28500,Permanent employment
C05785,20,Stockholms län,14100,Student
C05786,65,Stockholms län,32600,Retired
C05787,38,Skåne län,49000,Permanent employment
C05788,68,Örebro län,26100,Retired
C05789,67,Stockholms län,23600,Retired
C05790,31,Stockholms län,41500,Permanent employment
C05791,35,Västra Götalands län,43100,Permanent employment
C05792,63,Stockholms län,40400,Permanent employment
C05793,77,Västra Götalands län,32700,Retired
C05794,72,Stockholms län,29400,Retired
C05795,46,Stockholms län,41000,Permanent employment
C05796,66,Stockholms län,36500,Retired
C05797,32,Uppsala län,33100,Permanent employment
C05798,75,Värmlands län,37400,Retired
C05799,78,Stockholms län,14800,Retired
C05800,25,Norrbottens län,37000,Permanent employment
C05801,41,Östergötlands län,48200,Permanent employment
C05802,33,Västernorrlands län,40400,Permanent employment
C05803,37,Stockholms län,46300,Permanent employment
C05804,71,Stockholms län,51900,Permanent employment
C05805,40,Skåne län,48100,Permanent employment
C05806,31,Stockholms län,41600,Permanent employment
C05807,41,Värmlands län,40800,Permanent employment
C05808,74,Blekinge län,29600,Retired
C05809,55,Västra Götalands län,37000,Self-employed
C05810,37,Stockholms län,65500,Self-employed
C05811,34,Västra Götalands län,38700,Parental leave
C05812,65,Hallands län,24500,Retired
C05813,69,Västra Götalands län,27600,Retired
C05814,37,Södermanlands län,47000,Permanent employment
C05815,20,Västernorrlands län,29600,Parental leave
C05816,21,Västerbottens län,8900,Student
C05817,34,Dalarnas län,30100,Permanent employment
C05818,49,Skåne län,40400,Permanent employment
C05819,75,Kalmar län,46700,Self-employed
C05820,47,Stockholms län,55000,Permanent employment
C05821,70,Jämtlands län,26300,Retired
C05822,43,Västerbottens län,53000,Permanent employment
C05823,60,Stockholms län,30800,Permanent employment
C05824,56,Jönköpings län,52500,Permanent employment
C05825,26,Dalarnas län,42600,Permanent employment
C05826,42,Stockholms län,52300,Permanent employment
C05827,62,Stockholms län,29400,Permanent employment
C05828,21,Norrbottens län,27200,Permanent employment
C05829,41,Västmanlands län,37700,Permanent employment
C05830,45,Gävleborgs län,50000,Permanent employment
C05831,79,Stockholms län,27500,Retired
C05832,53,Stockholms län,51500,Permanent employment
C05833,69,Hallands län,21200,Retired
C05834,43,Skåne län,50700,Permanent employment
C05835,66,Södermanlands län,14000,Unemployed
C05836,52,Dalarnas län,53200,Permanent employment
C05837,71,Gävleborgs län,28700,Retired
C05838,38,Södermanlands län,11100,Unemployed
C05839,47,Stockholms län,47000,Permanent employment
C05840,58,Stockholms län,33300,Permanent employment
C05841,38,Skåne län,53400,Permanent employment
C05842,34,Stockholms län,13300,Student
C05843,34,Skåne län,13500,Student
C05844,24,Skåne län,14600,Student
C05845,77,Dalarnas län,25400,Retired
C05846,28,Södermanlands län,2700,Student
C05847,29,Skåne län,44800,Permanent employment
C05848,56,Västra Götalands län,31800,Self-employed
C05849,38,Hallands län,10700,Unemployed
C05850,51,Västerbottens län,58500,Self-employed
C05851,27,Hallands län,34300,Permanent employment
C05852,78,Gävleborgs län,25100,Retired
C05853,78,Uppsala län,29000,Retired
C05854,65,Skåne län,47900,Permanent employment
C05855,42,Skåne län,52700,Permanent employment
C05856,62,Norrbottens län,39100,Permanent employment
C05857,30,Stockholms län,35900,Permanent employment
C05858,21,Stockholms län,11800,Student
C05859,22,Västra Götalands län,3600,Student
C05860,46,Stockholms län,39400,Permanent employment
C05861,49,Västra Götalands län,38800,Permanent employment
C05862,51,Västerbottens län,17400,Parental leave
C05863,20,Jämtlands län,26200,Permanent employment
C05864,35,Stockholms län,45100,Permanent employment
C05865,57,Stockholms län,25000,Retired
C05866,40,Skåne län,41800,Permanent employment
C05867,61,Hallands län,37000,Permanent employment
C05868,30,Västra Götalands län,37200,Permanent employment
C05869,65,Västra Götalands län,20300,Retired
C05870,48,Hallands län,18000,Self-employed
C05871,30,Stockholms län,31900,Permanent employment
C05872,32,Värmlands län,40200,Permanent employment
C05873,64,Stockholms län,42900,Permanent employment
C05874,79,Stockholms län,25200,Retired
C05875,38,Västra Götalands län,49300,Permanent employment
C05876,31,Skåne län,39900,Permanent employment
C05877,75,Västra Götalands län,43600,Permanent employment
C05878,57,Kronobergs län,26800,Temporary/Probation/Freelance
C05879,42,Stockholms län,40200,Permanent employment
C05880,45,Östergötlands län,30400,Parental leave
C05881,28,Hallands län,30800,Permanent employment
C05882,62,Stockholms län,48000,Permanent employment
C05883,44,Västra Götalands län,38300,Permanent employment
C05884,68,Värmlands län,33700,Retired
C05885,46,Skåne län,44000,Self-employed
C05886,46,Dalarnas län,53000,Permanent employment
C05887,48,Västmanlands län,37500,Permanent employment
C05888,79,Dalarnas län,35400,Retired
C05889,77,Västra Götalands län,16300,Retired
C05890,48,Östergötlands län,29600,Temporary/Probation/Freelance
C05891,56,Skåne län,33900,Permanent employment
C05892,51,Västra Götalands län,45100,Permanent employment
C05893,50,Stockholms län,44000,Permanent employment
C05894,27,Västra Götalands län,22000,Permanent employment
C05895,52,Skåne län,46000,Permanent employment
C05896,32,Stockholms län,41600,Permanent employment
C05897,65,Skåne län,37000,Permanent employment
C05898,37,Stockholms län,43000,Permanent employment
C05899,69,Stockholms län,22300,Retired
C05900,46,Gävleborgs län,56600,Permanent employment
C05901,59,Skåne län,14800,Unemployed
C05902,54,Skåne län,25600,Temporary/Probation/Freelance
C05903,27,Södermanlands län,30300,Permanent employment
C05904,43,Skåne län,33000,Permanent employment
C05905,25,Stockholms län,37100,Permanent employment
C05906,58,Västra Götalands län,43800,Permanent employment
C05907,44,Örebro län,36500,Permanent employment
C05908,60,Västmanlands län,33100,Permanent employment
C05909,33,Stockholms län,41300,Permanent employment
C05910,27,Skåne län,44800,Permanent employment
C05911,37,Örebro län,43000,Permanent employment
C05912,79,Stockholms län,27500,Retired
C05913,59,Stockholms län,42300,Permanent employment
C05914,41,Örebro län,63200,Permanent employment
C05915,49,Värmlands län,44400,Permanent employment
C05916,32,Skåne län,47600,Permanent employment
C05917,69,Stockholms län,27900,Retired
C05918,61,Skåne län,39200,Permanent employment
C05919,40,Kronobergs län,49100,Permanent employment
C05920,54,Skåne län,44600,Permanent employment
C05921,26,Blekinge län,30900,Permanent employment
C05922,67,Skåne län,24500,Retired
C05923,28,Västra Götalands län,26600,Temporary/Probation/Freelance
C05924,59,Västra Götalands län,42700,Permanent employment
C05925,33,Västra Götalands län,37500,Permanent employment
C05926,60,Stockholms län,41000,Self-employed
C05927,55,Kronobergs län,36300,Permanent employment
C05928,57,Stockholms län,67000,Self-employed
C05929,51,Skåne län,44500,Permanent employment
C05930,72,Västerbottens län,25400,Retired
C05931,24,Västra Götalands län,28400,Temporary/Probation/Freelance
C05932,44,Stockholms län,42200,Permanent employment
C05933,32,Uppsala län,39400,Permanent employment
C05934,73,Stockholms län,52800,Permanent employment
C05935,41,Stockholms län,34100,Permanent employment
C05936,63,Skåne län,35400,Permanent employment
C05937,55,Östergötlands län,21600,Retired
C05938,33,Stockholms län,32500,Permanent employment
C05939,27,Stockholms län,52100,Permanent employment
C05940,40,Västra Götalands län,38700,Self-employed
C05941,42,Skåne län,33800,Temporary/Probation/Freelance
C05942,27,Västmanlands län,36000,Permanent employment
C05943,23,Stockholms län,3900,Unemployed
C05944,71,Västmanlands län,21100,Retired
C05945,76,Skåne län,15700,Retired
C05946,41,Uppsala län,32600,Temporary/Probation/Freelance
C05947,38,Södermanlands län,27600,Temporary/Probation/Freelance
C05948,20,Kronobergs län,6200,Student
C05949,57,Skåne län,13500,Unemployed
C05950,76,Stockholms län,20900,Retired
C05951,32,Västmanlands län,45100,Permanent employment
C05952,32,Stockholms län,41900,Permanent employment
C05953,58,Skåne län,36000,Retired
C05954,51,Kronobergs län,50100,Permanent employment
C05955,23,Skåne län,12400,Student
C05956,45,Dalarnas län,49200,Permanent employment
C05957,35,Norrbottens län,50100,Permanent employment
C05958,35,Stockholms län,32400,Permanent employment
C05959,56,Kronobergs län,46600,Permanent employment
C05960,70,Örebro län,12700,Retired
C05961,44,Östergötlands län,31600,Permanent employment
C05962,75,Västra Götalands län,16100,Retired
C05963,39,Norrbottens län,46800,Permanent employment
C05964,56,Västra Götalands län,14800,Retired
C05965,52,Stockholms län,54200,Self-employed
C05966,73,Västmanlands län,35300,Retired
C05967,71,Västerbottens län,21700,Retired
C05968,33,Västra Götalands län,39400,Permanent employment
C05969,68,Kalmar län,19000,Retired
C05970,77,Jämtlands län,15300,Retired
C05971,61,Västerbottens län,22500,Retired
C05972,29,Västernorrlands län,25300,Parental leave
C05973,69,Kalmar län,20700,Retired
C05974,67,Värmlands län,18800,Retired
C05975,43,Västra Götalands län,35600,Permanent employment
C05976,77,Stockholms län,23100,Retired
C05977,21,Skåne län,400,Student
C05978,29,Västra Götalands län,41500,Permanent employment
C05979,50,Gävleborgs län,33200,Permanent employment
C05980,47,Dalarnas län,40800,Permanent employment
C05981,64,Stockholms län,32100,Retired
C05982,20,Skåne län,16900,Unemployed
C05983,73,Skåne län,23900,Retired
C05984,24,Gävleborgs län,21000,Student
C05985,34,Stockholms län,38700,Permanent employment
C05986,21,Västra Götalands län,38500,Temporary/Probation/Freelance
C05987,49,Västra Götalands län,33700,Self-employed
C05988,71,Västernorrlands län,12000,Retired
C05989,57,Skåne län,44600,Permanent employment
C05990,70,Västra Götalands län,27000,Retired
C05991,23,Västerbottens län,15600,Unemployed
C05992,52,Västra Götalands län,34900,Permanent employment
C05993,52,Stockholms län,25000,Unemployed
C05994,46,Stockholms län,37300,Permanent employment
C05995,23,Örebro län,10500,Student
C05996,61,Östergötlands län,44800,Permanent employment
C05997,47,Västra Götalands län,36600,Temporary/Probation/Freelance
C05998,63,Västra Götalands län,11200,Unemployed
C05999,46,Norrbottens län,48700,Permanent employment
C06000,27,Skåne län,49300,Permanent employment
C06001,56,Västra Götalands län,39800,Permanent employment
C06002,33,Stockholms län,7500,Student
C06003,68,Skåne län,16800,Retired
C06004,46,Stockholms län,49400,Self-employed
C06005,27,Västmanlands län,31800,Permanent employment
C06006,77,Västmanlands län,28700,Retired
C06007,48,Uppsala län,12100,Unemployed
C06008,21,Östergötlands län,8800,Student
C06009,60,Västra Götalands län,36000,Permanent employment
C06010,29,Västra Götalands län,83700,Self-employed
C06011,67,Västra Götalands län,24600,Retired
C06012,74,Norrbottens län,15800,Retired
C06013,72,Dalarnas län,44900,Permanent employment
C06014,52,Kalmar län,33100,Permanent employment
C06015,51,Östergötlands län,11400,Unemployed
C06016,57,Hallands län,46000,Permanent employment
C06017,25,Örebro län,41600,Permanent employment
C06018,49,Skåne län,61100,Self-employed
C06019,45,Västra Götalands län,54100,Permanent employment
C06020,30,Stockholms län,13300,Unemployed
C06021,41,Västernorrlands län,51300,Permanent employment
C06022,79,Västra Götalands län,29500,Retired
C06023,79,Kronobergs län,60200,Self-employed
C06024,29,Kronobergs län,27600,Permanent employment
C06025,28,Stockholms län,39800,Permanent employment
C06026,36,Örebro län,43000,Permanent employment
C06027,69,Västra Götalands län,33000,Retired
C06028,33,Västra Götalands län,38800,Permanent employment
C06029,58,Stockholms län,40200,Permanent employment
C06030,26,Uppsala län,35800,Permanent employment
C06031,60,Skåne län,40400,Permanent employment
C06032,42,Uppsala län,46100,Permanent employment
C06033,56,Blekinge län,45300,Permanent employment
C06034,33,Stockholms län,36600,Permanent employment
C06035,61,Jönköpings län,40700,Permanent employment
C06036,26,Västra Götalands län,31300,Permanent employment
C06037,59,Gävleborgs län,53100,Permanent employment
C06038,69,Kronobergs län,22000,Retired
C06039,31,Västra Götalands län,39700,Permanent employment
C06040,77,Stockholms län,45900,Permanent employment
C06041,49,Skåne län,46900,Permanent employment
C06042,30,Västernorrlands län,34800,Permanent employment
C06043,43,Stockholms län,49200,Permanent employment
C06044,27,Uppsala län,41400,Temporary/Probation/Freelance
C06045,57,Stockholms län,28600,Retired
C06046,62,Skåne län,26900,Retired
C06047,34,Västra Götalands län,42500,Permanent employment
C06048,50,Stockholms län,45500,Permanent employment
C06049,76,Stockholms län,41100,Permanent employment
C06050,74,Dalarnas län,37300,Retired
C06051,47,Skåne län,55700,Permanent employment
C06052,66,Skåne län,20500,Retired
C06053,46,Jämtlands län,52900,Permanent employment
C06054,36,Östergötlands län,48300,Permanent employment
C06055,79,Gävleborgs län,24800,Retired
C06056,49,Västerbottens län,55600,Permanent employment
C06057,49,Uppsala län,45800,Permanent employment
C06058,45,Skåne län,46800,Permanent employment
C06059,66,Skåne län,53800,Self-employed
C06060,66,Dalarnas län,22800,Self-employed
C06061,38,Östergötlands län,46900,Permanent employment
C06062,41,Värmlands län,35300,Permanent employment
C06063,47,Västerbottens län,34700,Temporary/Probation/Freelance
C06064,49,Västmanlands län,48800,Permanent employment
C06065,33,Gävleborgs län,46200,Permanent employment
C06066,59,Västra Götalands län,47400,Permanent employment
C06067,53,Gävleborgs län,63000,Permanent employment
C06068,35,Stockholms län,8400,Unemployed
C06069,33,Västra Götalands län,37900,Permanent employment
C06070,29,Västra Götalands län,38400,Temporary/Probation/Freelance
C06071,72,Blekinge län,51000,Permanent employment
C06072,39,Stockholms län,41000,Permanent employment
C06073,30,Västra Götalands län,39500,Temporary/Probation/Freelance
C06074,52,Stockholms län,34800,Permanent employment
C06075,36,Kronobergs län,39400,Permanent employment
C06076,22,Kronobergs län,12100,Student
C06077,43,Norrbottens län,47000,Permanent employment
C06078,49,Södermanlands län,53800,Permanent employment
C06079,49,Örebro län,51200,Permanent employment
C06080,43,Stockholms län,12200,Unemployed
C06081,44,Skåne län,67700,Self-employed
C06082,67,Skåne län,16200,Unemployed
C06083,38,Västra Götalands län,14100,Student
C06084,31,Örebro län,43600,Permanent employment
C06085,26,Västra Götalands län,36300,Permanent employment
C06086,52,Västra Götalands län,51900,Permanent employment
C06087,59,Blekinge län,51200,Self-employed
C06088,25,Västra Götalands län,37300,Temporary/Probation/Freelance
C06089,57,Skåne län,53400,Permanent employment
C06090,20,Stockholms län,29200,Temporary/Probation/Freelance
C06091,39,Gävleborgs län,18200,Unemployed
C06092,62,Gävleborgs län,12600,Unemployed
C06093,35,Östergötlands län,41800,Permanent employment
C06094,51,Gävleborgs län,44900,Permanent employment
C06095,31,Västra Götalands län,29900,Parental leave
C06096,62,Kalmar län,53400,Self-employed
C06097,22,Östergötlands län,9500,Unemployed
C06098,65,Västerbottens län,46900,Permanent employment
C06099,33,Västra Götalands län,28800,Temporary/Probation/Freelance
C06100,65,Jönköpings län,12000,Retired
C06101,40,Västra Götalands län,47800,Permanent employment
C06102,63,Skåne län,33800,Retired
C06103,36,Skåne län,18300,Unemployed
C06104,68,Västra Götalands län,23900,Retired
C06105,26,Skåne län,37300,Self-employed
C06106,28,Västra Götalands län,44100,Permanent employment
C06107,46,Gävleborgs län,42000,Permanent employment
C06108,25,Norrbottens län,37700,Permanent employment
C06109,27,Västra Götalands län,56000,Permanent employment
C06110,72,Västernorrlands län,34300,Retired
C06111,69,Västmanlands län,41700,Permanent employment
C06112,38,Södermanlands län,34100,Parental leave
C06113,69,Västernorrlands län,35100,Retired
C06114,50,Stockholms län,48300,Permanent employment
C06115,40,Östergötlands län,37400,Permanent employment
C06116,59,Västra Götalands län,45400,Permanent employment
C06117,60,Skåne län,41400,Permanent employment
C06118,73,Skåne län,22500,Retired
C06119,39,Värmlands län,24600,Temporary/Probation/Freelance
C06120,60,Stockholms län,21200,Temporary/Probation/Freelance
C06121,23,Norrbottens län,7200,Student
C06122,27,Blekinge län,36100,Temporary/Probation/Freelance
C06123,24,Jämtlands län,15000,Student
C06124,76,Kronobergs län,38800,Retired
C06125,70,Hallands län,20600,Retired
C06126,59,Skåne län,31000,Self-employed
C06127,48,Västra Götalands län,51200,Permanent employment
C06128,39,Stockholms län,34700,Permanent employment
C06129,31,Kalmar län,24100,Permanent employment
C06130,35,Stockholms län,51000,Permanent employment
C06131,35,Hallands län,38600,Permanent employment
C06132,55,Västerbottens län,38300,Permanent employment
C06133,46,Stockholms län,49500,Permanent employment
C06134,20,Västra Götalands län,30600,Permanent employment
C06135,24,Västra Götalands län,28200,Permanent employment
C06136,29,Stockholms län,29000,Permanent employment
C06137,43,Uppsala län,41300,Permanent employment
C06138,77,Stockholms län,20500,Retired
C06139,59,Södermanlands län,40200,Permanent employment
C06140,79,Stockholms län,28200,Retired
C06141,51,Jönköpings län,47300,Permanent employment
C06142,40,Jönköpings län,43600,Permanent employment
C06143,26,Örebro län,39000,Permanent employment
C06144,67,Värmlands län,36500,Retired
C06145,59,Värmlands län,45600,Permanent employment
C06146,28,Skåne län,71300,Self-employed
C06147,50,Östergötlands län,41100,Permanent employment
C06148,52,Kalmar län,43700,Permanent employment
C06149,62,Östergötlands län,40800,Permanent employment
C06150,67,Hallands län,26700,Retired
C06151,48,Jämtlands län,48400,Permanent employment
C06152,45,Södermanlands län,12800,Student
C06153,21,Skåne län,4700,Unemployed
C06154,24,Västra Götalands län,5600,Student
C06155,33,Västmanlands län,39800,Permanent employment
C06156,23,Uppsala län,43100,Permanent employment
C06157,64,Södermanlands län,20400,Retired
C06158,64,Dalarnas län,58600,Permanent employment
C06159,26,Stockholms län,28700,Permanent employment
C06160,76,Hallands län,25600,Retired
C06161,30,Västmanlands län,36900,Permanent employment
C06162,41,Västernorrlands län,36100,Self-employed
C06163,30,Stockholms län,14500,Student
C06164,42,Jönköpings län,43600,Self-employed
C06165,33,Uppsala län,18000,Self-employed
C06166,52,Skåne län,31300,Permanent employment
C06167,39,Västra Götalands län,37600,Permanent employment
C06168,72,Norrbottens län,28300,Retired
C06169,21,Skåne län,28600,Permanent employment
C06170,34,Skåne län,45200,Permanent employment
C06171,20,Kalmar län,9300,Student
C06172,62,Stockholms län,44900,Permanent employment
C06173,21,Östergötlands län,20000,Unemployed
C06174,66,Uppsala län,22600,Retired
C06175,47,Värmlands län,58700,Permanent employment
C06176,51,Skåne län,49800,Permanent employment
C06177,53,Södermanlands län,28000,Self-employed
C06178,32,Skåne län,9200,Unemployed
C06179,33,Stockholms län,2800,Student
C06180,40,Stockholms län,45300,Permanent employment
C06181,45,Västmanlands län,33600,Permanent employment
C06182,28,Jämtlands län,50400,Permanent employment
C06183,30,Stockholms län,53700,Permanent employment
C06184,79,Västra Götalands län,12700,Retired
C06185,23,Skåne län,11300,Student
C06186,70,Kronobergs län,12000,Retired
C06187,62,Västra Götalands län,16800,Unemployed
C06188,35,Uppsala län,51600,Permanent employment
C06189,26,Stockholms län,38000,Permanent employment
C06190,26,Stockholms län,40100,Permanent employment
C06191,60,Stockholms län,38400,Permanent employment
C06192,61,Stockholms län,30400,Temporary/Probation/Freelance
C06193,56,Östergötlands län,48000,Permanent employment
C06194,69,Skåne län,22600,Retired
C06195,60,Västra Götalands län,32500,Retired
C06196,28,Östergötlands län,25900,Parental leave
C06197,25,Stockholms län,35800,Permanent employment
C06198,67,Stockholms län,12000,Retired
C06199,34,Gävleborgs län,54300,Permanent employment
C06200,20,Stockholms län,0,Student
C06201,60,Dalarnas län,31700,Retired
C06202,36,Skåne län,48000,Permanent employment
C06203,73,Västernorrlands län,23900,Retired
C06204,58,Kalmar län,10400,Unemployed
C06205,32,Stockholms län,12200,Unemployed
C06206,74,Skåne län,21200,Retired
C06207,31,Hallands län,34300,Permanent employment
C06208,37,Västra Götalands län,30100,Permanent employment
C06209,42,Kalmar län,55500,Self-employed
C06210,23,Stockholms län,34600,Permanent employment
C06211,46,Västra Götalands län,42600,Permanent employment
C06212,29,Västernorrlands län,37700,Permanent employment
C06213,35,Västerbottens län,49000,Permanent employment
C06214,42,Hallands län,35300,Permanent employment
C06215,62,Stockholms län,31700,Permanent employment
C06216,67,Stockholms län,24000,Retired
C06217,25,Örebro län,35700,Permanent employment
C06218,38,Örebro län,37300,Self-employed
C06219,43,Jämtlands län,49200,Permanent employment
C06220,33,Skåne län,35200,Permanent employment
C06221,79,Dalarnas län,27000,Retired
C06222,55,Örebro län,55400,Permanent employment
C06223,31,Hallands län,46800,Temporary/Probation/Freelance
C06224,40,Värmlands län,51100,Permanent employment
C06225,31,Stockholms län,18000,Self-employed
C06226,61,Västra Götalands län,47400,Permanent employment
C06227,32,Västerbottens län,48900,Permanent employment
C06228,72,Stockholms län,25800,Retired
C06229,64,Västra Götalands län,19200,Retired
C06230,36,Östergötlands län,37600,Self-employed
C06231,48,Örebro län,53600,Permanent employment
C06232,68,Västra Götalands län,20200,Retired
C06233,54,Västernorrlands län,38300,Permanent employment
C06234,32,Västra Götalands län,33400,Permanent employment
C06235,37,Kalmar län,46000,Self-employed
C06236,76,Stockholms län,22300,Retired
C06237,57,Värmlands län,31700,Permanent employment
C06238,56,Kalmar län,40000,Permanent employment
C06239,65,Västra Götalands län,19500,Student
C06240,72,Stockholms län,25200,Retired
C06241,78,Gävleborgs län,28200,Retired
C06242,33,Blekinge län,28100,Permanent employment
C06243,53,Västernorrlands län,49700,Permanent employment
C06244,62,Västra Götalands län,42000,Temporary/Probation/Freelance
C06245,59,Stockholms län,45200,Permanent employment
C06246,45,Hallands län,36600,Permanent employment
C06247,33,Gävleborgs län,56500,Self-employed
C06248,70,Värmlands län,29600,Retired
C06249,61,Kalmar län,38100,Permanent employment
C06250,32,Västerbottens län,18300,Unemployed
C06251,49,Uppsala län,48200,Permanent employment
C06252,30,Jönköpings län,24100,Permanent employment
C06253,41,Västra Götalands län,40900,Permanent employment
C06254,21,Stockholms län,8300,Student
C06255,35,Skåne län,44600,Permanent employment
C06256,52,Västra Götalands län,45000,Permanent employment
C06257,49,Västra Götalands län,50500,Permanent employment
C06258,64,Stockholms län,59800,Self-employed
C06259,79,Västra Götalands län,35200,Retired
C06260,26,Skåne län,40400,Permanent employment
C06261,27,Skåne län,48300,Permanent employment
C06262,70,Örebro län,30400,Retired
C06263,34,Stockholms län,46600,Permanent employment
C06264,70,Västra Götalands län,35100,Retired
C06265,72,Västra Götalands län,21500,Retired
C06266,49,Västra Götalands län,13700,Unemployed
C06267,69,Skåne län,12000,Retired
C06268,31,Kronobergs län,38800,Temporary/Probation/Freelance
C06269,44,Kronobergs län,52200,Permanent employment
C06270,59,Västra Götalands län,44000,Permanent employment
C06271,43,Skåne län,50600,Permanent employment
C06272,70,Östergötlands län,31400,Retired
C06273,23,Västra Götalands län,30100,Permanent employment
C06274,52,Västmanlands län,48000,Permanent employment
C06275,49,Stockholms län,44900,Permanent employment
C06276,58,Västerbottens län,42300,Permanent employment
C06277,32,Stockholms län,6600,Student
C06278,44,Skåne län,19700,Self-employed
C06279,73,Skåne län,14900,Retired
C06280,25,Stockholms län,37500,Permanent employment
C06281,67,Västernorrlands län,16100,Retired
C06282,48,Skåne län,38400,Permanent employment
C06283,61,Stockholms län,37300,Permanent employment
C06284,60,Västra Götalands län,21900,Retired
C06285,34,Västra Götalands län,45900,Permanent employment
C06286,54,Västerbottens län,18000,Self-employed
C06287,75,Blekinge län,24200,Retired
C06288,35,Uppsala län,10300,Unemployed
C06289,68,Stockholms län,23600,Retired
C06290,50,Västra Götalands län,40600,Permanent employment
C06291,27,Västra Götalands län,9100,Student
C06292,36,Västerbottens län,18000,Self-employed
C06293,66,Västra Götalands län,26800,Retired
C06294,44,Västernorrlands län,46100,Self-employed
C06295,76,Norrbottens län,25000,Retired
C06296,76,Gotlands län,49800,Permanent employment
C06297,38,Stockholms län,35100,Permanent employment
C06298,25,Stockholms län,25400,Self-employed
C06299,64,Östergötlands län,54600,Permanent employment
C06300,36,Skåne län,48800,Permanent employment
C06301,64,Stockholms län,6300,Unemployed
C06302,36,Östergötlands län,43700,Permanent employment
C06303,48,Östergötlands län,52500,Permanent employment
C06304,58,Stockholms län,82500,Self-employed
C06305,35,Jönköpings län,39300,Parental leave
C06306,41,Stockholms län,36800,Self-employed
C06307,41,Blekinge län,44100,Permanent employment
C06308,44,Stockholms län,32300,Permanent employment
C06309,54,Örebro län,30800,Temporary/Probation/Freelance
C06310,74,Stockholms län,25300,Retired
C06311,35,Dalarnas län,51400,Permanent employment
C06312,52,Hallands län,29600,Permanent employment
C06313,64,Skåne län,36500,Permanent employment
C06314,41,Skåne län,43400,Permanent employment
C06315,41,Jönköpings län,51100,Permanent employment
C06316,75,Stockholms län,21100,Retired
C06317,60,Västra Götalands län,59500,Permanent employment
C06318,48,Västernorrlands län,25600,Self-employed
C06319,62,Jämtlands län,39600,Permanent employment
C06320,21,Västra Götalands län,21300,Temporary/Probation/Freelance
C06321,51,Kalmar län,43600,Permanent employment
C06322,47,Skåne län,15900,Unemployed
C06323,47,Västra Götalands län,46300,Permanent employment
C06324,41,Örebro län,39000,Permanent employment
C06325,27,Jönköpings län,46600,Permanent employment
C06326,29,Västernorrlands län,41000,Temporary/Probation/Freelance
C06327,72,Östergötlands län,19000,Retired
C06328,38,Skåne län,66600,Permanent employment
C06329,51,Västerbottens län,25100,Self-employed
C06330,21,Jämtlands län,30300,Temporary/Probation/Freelance
C06331,21,Västra Götalands län,30300,Permanent employment
C06332,64,Östergötlands län,16000,Retired
C06333,53,Stockholms län,46400,Permanent employment
C06334,50,Stockholms län,44200,Permanent employment
C06335,29,Västra Götalands län,15700,Unemployed
C06336,55,Skåne län,43000,Permanent employment
C06337,25,Skåne län,43600,Permanent employment
C06338,33,Skåne län,42200,Permanent employment
C06339,48,Skåne län,38100,Permanent employment
C06340,35,Skåne län,42900,Permanent employment
C06341,34,Gävleborgs län,32300,Permanent employment
C06342,57,Stockholms län,75000,Self-employed
C06343,60,Värmlands län,17800,Unemployed
C06344,78,Kronobergs län,26200,Retired
C06345,42,Västra Götalands län,48700,Permanent employment
C06346,24,Jämtlands län,9400,Student
C06347,44,Östergötlands län,46100,Permanent employment
C06348,66,Stockholms län,37800,Permanent employment
C06349,52,Stockholms län,40400,Permanent employment
C06350,55,Stockholms län,56100,Self-employed
C06351,22,Västra Götalands län,21400,Temporary/Probation/Freelance
C06352,46,Stockholms län,40100,Permanent employment
C06353,24,Stockholms län,28400,Permanent employment
C06354,54,Västra Götalands län,34400,Permanent employment
C06355,66,Skåne län,18000,Unemployed
C06356,73,Kalmar län,28500,Retired
C06357,49,Skåne län,48000,Permanent employment
C06358,52,Västra Götalands län,8100,Student
C06359,77,Stockholms län,32100,Retired
C06360,58,Skåne län,52400,Self-employed
C06361,20,Örebro län,14900,Student
C06362,54,Jönköpings län,52300,Permanent employment
C06363,31,Västra Götalands län,34700,Permanent employment
C06364,46,Västmanlands län,38800,Permanent employment
C06365,47,Örebro län,10000,Unemployed
C06366,46,Västra Götalands län,45400,Permanent employment
C06367,39,Västra Götalands län,18000,Self-employed
C06368,26,Värmlands län,9700,Unemployed
C06369,49,Västra Götalands län,32500,Self-employed
C06370,77,Skåne län,19600,Retired
C06371,63,Stockholms län,47200,Permanent employment
C06372,36,Östergötlands län,35000,Permanent employment
C06373,73,Stockholms län,12000,Retired
C06374,71,Jönköpings län,12200,Retired
C06375,31,Skåne län,41700,Permanent employment
C06376,24,Västerbottens län,25900,Permanent employment
C06377,62,Västerbottens län,38700,Permanent employment
C06378,71,Västra Götalands län,36100,Retired
C06379,70,Norrbottens län,27000,Retired
C06380,66,Norrbottens län,18800,Retired
C06381,50,Dalarnas län,35300,Permanent employment
C06382,46,Stockholms län,58200,Permanent employment
C06383,20,Gotlands län,31400,Parental leave
C06384,33,Skåne län,35000,Permanent employment
C06385,49,Stockholms län,46400,Permanent employment
C06386,64,Örebro län,21000,Retired
C06387,54,Stockholms län,48600,Permanent employment
C06388,58,Kronobergs län,31100,Permanent employment
C06389,42,Stockholms län,37800,Self-employed
C06390,49,Skåne län,9800,Unemployed
C06391,31,Hallands län,37400,Permanent employment
C06392,37,Västra Götalands län,38300,Permanent employment
C06393,62,Östergötlands län,38800,Permanent employment
C06394,62,Hallands län,39100,Permanent employment
C06395,67,Västra Götalands län,25700,Retired
C06396,43,Västra Götalands län,42300,Permanent employment
C06397,52,Östergötlands län,9900,Unemployed
C06398,35,Stockholms län,47900,Permanent employment
C06399,42,Stockholms län,22300,Unemployed
C06400,76,Västra Götalands län,40500,Permanent employment
C06401,58,Kronobergs län,52100,Permanent employment
C06402,70,Stockholms län,13100,Retired
C06403,34,Stockholms län,25400,Parental leave
C06404,73,Västra Götalands län,33000,Retired
C06405,24,Hallands län,11100,Student
C06406,71,Skåne län,18900,Retired
C06407,35,Västra Götalands län,50800,Permanent employment
C06408,43,Stockholms län,37800,Permanent employment
C06409,50,Östergötlands län,45500,Permanent employment
C06410,75,Jönköpings län,49600,Permanent employment
C06411,23,Östergötlands län,32600,Permanent employment
C06412,40,Dalarnas län,62600,Permanent employment
C06413,69,Hallands län,19900,Retired
C06414,37,Västra Götalands län,57500,Self-employed
C06415,31,Uppsala län,44200,Permanent employment
C06416,37,Uppsala län,43500,Permanent employment
C06417,36,Stockholms län,38500,Permanent employment
C06418,78,Västra Götalands län,32000,Retired
C06419,58,Jönköpings län,39500,Permanent employment
C06420,51,Kalmar län,56600,Self-employed
C06421,69,Västra Götalands län,26900,Retired
C06422,53,Västerbottens län,31000,Temporary/Probation/Freelance
C06423,21,Stockholms län,16700,Student
C06424,41,Stockholms län,47400,Permanent employment
C06425,43,Stockholms län,49400,Permanent employment
C06426,33,Västra Götalands län,40800,Permanent employment
C06427,76,Stockholms län,46400,Self-employed
C06428,56,Hallands län,38100,Self-employed
C06429,35,Hallands län,44900,Permanent employment
C06430,48,Södermanlands län,49300,Permanent employment
C06431,58,Stockholms län,46300,Permanent employment
C06432,77,Kronobergs län,28100,Retired
C06433,66,Stockholms län,69400,Permanent employment
C06434,47,Stockholms län,41500,Permanent employment
C06435,57,Skåne län,18000,Self-employed
C06436,49,Västra Götalands län,42100,Permanent employment
C06437,45,Stockholms län,42500,Permanent employment
C06438,33,Skåne län,41100,Permanent employment
C06439,32,Uppsala län,36200,Permanent employment
C06440,52,Västra Götalands län,50100,Permanent employment
C06441,37,Örebro län,39600,Permanent employment
C06442,21,Örebro län,34000,Permanent employment
C06443,55,Jönköpings län,32800,Permanent employment
C06444,23,Skåne län,10000,Student
C06445,50,Värmlands län,39300,Permanent employment
C06446,54,Stockholms län,42500,Permanent employment
C06447,65,Hallands län,28600,Permanent employment
C06448,49,Västmanlands län,17400,Unemployed
C06449,20,Jönköpings län,8100,Student
C06450,53,Skåne län,44200,Permanent employment
C06451,77,Västra Götalands län,26800,Retired
C06452,76,Stockholms län,18800,Retired
C06453,38,Kronobergs län,36100,Self-employed
C06454,41,Södermanlands län,32600,Permanent employment
C06455,78,Stockholms län,21600,Retired
C06456,31,Stockholms län,17700,Student
C06457,48,Kronobergs län,46900,Permanent employment
C06458,39,Stockholms län,34500,Permanent employment
C06459,22,Hallands län,12100,Student
C06460,43,Skåne län,40200,Temporary/Probation/Freelance
C06461,41,Stockholms län,37900,Permanent employment
C06462,61,Södermanlands län,13100,Unemployed
C06463,74,Stockholms län,22600,Retired
C06464,41,Jönköpings län,14500,Unemployed
C06465,79,Uppsala län,24700,Retired
C06466,20,Västra Götalands län,35100,Temporary/Probation/Freelance
C06467,49,Östergötlands län,44100,Permanent employment
C06468,22,Jönköpings län,16200,Student
C06469,65,Västra Götalands län,29500,Permanent employment
C06470,56,Skåne län,35000,Permanent employment
C06471,62,Skåne län,53400,Permanent employment
C06472,77,Västmanlands län,20600,Retired
C06473,55,Stockholms län,55000,Self-employed
C06474,74,Norrbottens län,23000,Retired
C06475,61,Gävleborgs län,62000,Self-employed
C06476,69,Södermanlands län,26800,Retired
C06477,50,Gävleborgs län,63500,Permanent employment
C06478,32,Västra Götalands län,13900,Unemployed
C06479,48,Västernorrlands län,42100,Permanent employment
C06480,30,Västra Götalands län,46900,Permanent employment
C06481,47,Västra Götalands län,16700,Unemployed
C06482,51,Stockholms län,39300,Permanent employment
C06483,46,Skåne län,51100,Permanent employment
C06484,23,Stockholms län,11000,Student
C06485,32,Östergötlands län,38600,Permanent employment
C06486,51,Norrbottens län,48100,Permanent employment
C06487,76,Stockholms län,29600,Retired
C06488,42,Västra Götalands län,46300,Permanent employment
C06489,36,Stockholms län,43200,Permanent employment
C06490,57,Stockholms län,57600,Permanent employment
C06491,48,Skåne län,44700,Permanent employment
C06492,43,Stockholms län,54400,Permanent employment
C06493,39,Västerbottens län,34900,Self-employed
C06494,30,Stockholms län,32100,Permanent employment
C06495,65,Stockholms län,49800,Permanent employment
C06496,28,Stockholms län,36200,Permanent employment
C06497,38,Östergötlands län,6200,Unemployed
C06498,21,Stockholms län,9000,Student
C06499,32,Skåne län,12500,Student
C06500,62,Skåne län,38100,Permanent employment
C06501,34,Stockholms län,32300,Permanent employment
C06502,30,Uppsala län,39400,Permanent employment
C06503,52,Örebro län,37000,Permanent employment
C06504,20,Skåne län,11500,Student
C06505,29,Blekinge län,45200,Permanent employment
C06506,65,Västra Götalands län,33000,Retired
C06507,55,Västra Götalands län,24800,Temporary/Probation/Freelance
C06508,66,Västra Götalands län,55500,Permanent employment
C06509,66,Örebro län,28000,Retired
C06510,59,Stockholms län,38300,Permanent employment
C06511,23,Stockholms län,7900,Student
C06512,58,Jönköpings län,32400,Self-employed
C06513,78,Västmanlands län,12000,Retired
C06514,78,Stockholms län,33800,Retired
C06515,54,Skåne län,46500,Permanent employment
C06516,27,Västra Götalands län,42500,Permanent employment
C06517,75,Skåne län,24600,Retired
C06518,56,Uppsala län,32400,Permanent employment
C06519,67,Östergötlands län,26300,Retired
C06520,32,Stockholms län,17800,Unemployed
C06521,25,Södermanlands län,44600,Permanent employment
C06522,28,Stockholms län,45600,Permanent employment
C06523,61,Västra Götalands län,10300,Student
C06524,29,Gävleborgs län,22000,Permanent employment
C06525,21,Västra Götalands län,34800,Permanent employment
C06526,65,Västra Götalands län,43500,Permanent employment
C06527,24,Skåne län,20000,Student
C06528,77,Stockholms län,37200,Retired
C06529,39,Stockholms län,52700,Permanent employment
C06530,67,Östergötlands län,14300,Retired
C06531,53,Västra Götalands län,37200,Permanent employment
C06532,67,Västerbottens län,27600,Retired
C06533,66,Blekinge län,15700,Retired
C06534,24,Jönköpings län,14400,Student
C06535,20,Skåne län,36500,Permanent employment
C06536,32,Gotlands län,48900,Permanent employment
C06537,60,Västra Götalands län,50700,Permanent employment
C06538,67,Västra Götalands län,21200,Retired
C06539,50,Värmlands län,44500,Permanent employment
C06540,49,Västra Götalands län,39100,Permanent employment
C06541,25,Blekinge län,32100,Temporary/Probation/Freelance
C06542,69,Jämtlands län,12000,Retired
C06543,78,Västra Götalands län,40900,Permanent employment
C06544,41,Gotlands län,49900,Permanent employment
C06545,53,Skåne län,49300,Permanent employment
C06546,25,Örebro län,44100,Permanent employment
C06547,47,Blekinge län,37600,Permanent employment
C06548,52,Skåne län,36000,Permanent employment
C06549,30,Södermanlands län,42200,Permanent employment
C06550,39,Västmanlands län,38300,Permanent employment
C06551,44,Skåne län,36800,Permanent employment
C06552,46,Skåne län,48900,Self-employed
C06553,47,Dalarnas län,44800,Permanent employment
C06554,23,Västernorrlands län,46700,Permanent employment
C06555,56,Örebro län,45600,Permanent employment
C06556,55,Stockholms län,25100,Retired
C06557,41,Blekinge län,41100,Permanent employment
C06558,22,Östergötlands län,35800,Permanent employment
C06559,61,Stockholms län,42800,Permanent employment
C06560,76,Gävleborgs län,20300,Retired
C06561,31,Gävleborgs län,36500,Permanent employment
C06562,42,Skåne län,42700,Permanent employment
C06563,25,Stockholms län,9600,Student
C06564,49,Stockholms län,60800,Permanent employment
C06565,34,Blekinge län,42500,Permanent employment
C06566,43,Stockholms län,43700,Permanent employment
C06567,61,Hallands län,42600,Permanent employment
C06568,45,Hallands län,35200,Permanent employment
C06569,42,Gävleborgs län,32400,Permanent employment
C06570,37,Stockholms län,50200,Permanent employment
C06571,48,Jönköpings län,50100,Permanent employment
C06572,23,Västmanlands län,12000,Student
C06573,21,Skåne län,41900,Temporary/Probation/Freelance
C06574,78,Stockholms län,25400,Retired
C06575,23,Stockholms län,35700,Permanent employment
C06576,62,Örebro län,43700,Self-employed
C06577,65,Västra Götalands län,25500,Permanent employment
C06578,42,Dalarnas län,53200,Permanent employment
C06579,43,Stockholms län,10100,Unemployed
C06580,53,Västra Götalands län,46800,Permanent employment
C06581,69,Västra Götalands län,19000,Retired
C06582,68,Stockholms län,25800,Retired
C06583,58,Västerbottens län,54700,Permanent employment
C06584,33,Skåne län,42200,Permanent employment
C06585,62,Gävleborgs län,48700,Permanent employment
C06586,44,Västmanlands län,43800,Permanent employment
C06587,54,Östergötlands län,12900,Unemployed
C06588,23,Skåne län,8500,Student
C06589,31,Blekinge län,43300,Permanent employment
C06590,57,Västra Götalands län,43200,Permanent employment
C06591,48,Hallands län,49800,Permanent employment
C06592,43,Värmlands län,43800,Permanent employment
C06593,42,Stockholms län,52100,Permanent employment
C06594,76,Västra Götalands län,28800,Retired
C06595,55,Östergötlands län,24700,Retired
C06596,37,Stockholms län,49800,Permanent employment
C06597,34,Värmlands län,45200,Permanent employment
C06598,26,Stockholms län,41100,Parental leave
C06599,66,Stockholms län,38100,Permanent employment
C06600,52,Stockholms län,51200,Permanent employment
C06601,50,Kalmar län,49800,Permanent employment
C06602,50,Östergötlands län,51500,Permanent employment
C06603,38,Västra Götalands län,41700,Permanent employment
C06604,65,Västra Götalands län,24600,Retired
C06605,51,Östergötlands län,41700,Permanent employment
C06606,32,Blekinge län,40500,Permanent employment
C06607,26,Stockholms län,32000,Permanent employment
C06608,46,Västra Götalands län,69500,Self-employed
C06609,65,Kronobergs län,44000,Permanent employment
C06610,38,Stockholms län,76100,Self-employed
C06611,70,Stockholms län,19300,Retired
C06612,59,Östergötlands län,44400,Permanent employment
C06613,28,Västra Götalands län,30800,Temporary/Probation/Freelance
C06614,23,Stockholms län,34700,Permanent employment
C06615,34,Uppsala län,43300,Permanent employment
C06616,61,Stockholms län,21100,Self-employed
C06617,31,Västerbottens län,46300,Permanent employment
C06618,36,Västra Götalands län,17600,Unemployed
C06619,51,Stockholms län,34500,Permanent employment
C06620,56,Stockholms län,70900,Self-employed
C06621,28,Västmanlands län,19900,Temporary/Probation/Freelance
C06622,35,Stockholms län,46900,Permanent employment
C06623,49,Norrbottens län,42900,Permanent employment
C06624,45,Södermanlands län,43700,Permanent employment
C06625,68,Stockholms län,21500,Retired
C06626,33,Västra Götalands län,34200,Temporary/Probation/Freelance
C06627,77,Hallands län,17700,Retired
C06628,62,Norrbottens län,49600,Permanent employment
C06629,50,Värmlands län,48700,Permanent employment
C06630,62,Gotlands län,42100,Self-employed
C06631,39,Västra Götalands län,17500,Unemployed
C06632,31,Örebro län,34400,Permanent employment
C06633,62,Skåne län,29700,Temporary/Probation/Freelance
C06634,51,Uppsala län,34500,Permanent employment
C06635,58,Stockholms län,25500,Temporary/Probation/Freelance
C06636,39,Södermanlands län,38900,Permanent employment
C06637,77,Västmanlands län,12000,Retired
C06638,54,Jönköpings län,9200,Student
C06639,30,Södermanlands län,37200,Permanent employment
C06640,50,Örebro län,11500,Student
C06641,63,Stockholms län,47000,Permanent employment
C06642,64,Hallands län,22300,Retired
C06643,46,Dalarnas län,34000,Temporary/Probation/Freelance
C06644,70,Kalmar län,61100,Self-employed
C06645,37,Uppsala län,52700,Permanent employment
C06646,36,Skåne län,12900,Student
C06647,70,Västra Götalands län,46400,Permanent employment
C06648,68,Skåne län,17000,Retired
C06649,59,Stockholms län,59600,Self-employed
C06650,69,Stockholms län,36100,Permanent employment
C06651,27,Västra Götalands län,32600,Temporary/Probation/Freelance
C06652,76,Kronobergs län,28500,Retired
C06653,38,Värmlands län,48000,Permanent employment
C06654,27,Västra Götalands län,22000,Permanent employment
C06655,31,Hallands län,43600,Permanent employment
C06656,35,Gävleborgs län,42100,Temporary/Probation/Freelance
C06657,30,Stockholms län,18000,Self-employed
C06658,38,Stockholms län,46200,Permanent employment
C06659,25,Västra Götalands län,41600,Self-employed
C06660,35,Stockholms län,45800,Self-employed
C06661,49,Västra Götalands län,19100,Unemployed
C06662,39,Norrbottens län,46700,Permanent employment
C06663,44,Dalarnas län,38100,Permanent employment
C06664,61,Hallands län,38300,Permanent employment
C06665,77,Gävleborgs län,18500,Retired
C06666,58,Stockholms län,15000,Temporary/Probation/Freelance
C06667,43,Skåne län,41200,Permanent employment
C06668,58,Gotlands län,57200,Self-employed
C06669,31,Östergötlands län,40300,Permanent employment
C06670,29,Stockholms län,39200,Permanent employment
C06671,39,Gävleborgs län,43000,Permanent employment
C06672,70,Västra Götalands län,23400,Retired
C06673,32,Västra Götalands län,54700,Self-employed
C06674,24,Stockholms län,35900,Permanent employment
C06675,27,Jönköpings län,40100,Permanent employment
C06676,70,Västernorrlands län,25500,Self-employed
C06677,56,Västra Götalands län,40000,Permanent employment
C06678,32,Hallands län,41100,Permanent employment
C06679,52,Gävleborgs län,24700,Temporary/Probation/Freelance
C06680,47,Skåne län,40700,Permanent employment
C06681,62,Hallands län,16800,Unemployed
C06682,33,Östergötlands län,43500,Permanent employment
C06683,69,Jönköpings län,17200,Retired
C06684,39,Västra Götalands län,35500,Permanent employment
C06685,60,Östergötlands län,34500,Permanent employment
C06686,22,Skåne län,13300,Student
C06687,39,Södermanlands län,39100,Permanent employment
C06688,35,Stockholms län,41200,Permanent employment
C06689,54,Skåne län,36400,Permanent employment
C06690,24,Stockholms län,30100,Temporary/Probation/Freelance
C06691,58,Gävleborgs län,41400,Permanent employment
C06692,25,Östergötlands län,41100,Permanent employment
C06693,61,Hallands län,45400,Permanent employment
C06694,79,Uppsala län,12000,Retired
C06695,45,Uppsala län,15400,Unemployed
C06696,62,Jönköpings län,42400,Permanent employment
C06697,64,Västernorrlands län,32500,Retired
C06698,36,Kronobergs län,39200,Permanent employment
C06699,74,Örebro län,27700,Retired
C06700,39,Stockholms län,45600,Permanent employment
C06701,50,Stockholms län,29600,Self-employed
C06702,63,Värmlands län,31400,Retired
C06703,41,Skåne län,52200,Self-employed
C06704,40,Skåne län,42600,Permanent employment
C06705,49,Uppsala län,38900,Permanent employment
C06706,70,Stockholms län,32000,Retired
C06707,79,Skåne län,29900,Retired
C06708,48,Dalarnas län,45100,Permanent employment
C06709,55,Stockholms län,42900,Permanent employment
C06710,79,Västernorrlands län,16100,Retired
C06711,33,Södermanlands län,41000,Temporary/Probation/Freelance
C06712,29,Skåne län,30200,Permanent employment
C06713,62,Stockholms län,30200,Retired
C06714,71,Gotlands län,38000,Retired
C06715,72,Stockholms län,37600,Permanent employment
C06716,35,Stockholms län,41500,Permanent employment
C06717,33,Västerbottens län,32500,Permanent employment
C06718,35,Västra Götalands län,53700,Permanent employment
C06719,27,Västra Götalands län,30800,Parental leave
C06720,42,Stockholms län,21100,Parental leave
C06721,55,Västernorrlands län,35400,Permanent employment
C06722,20,Skåne län,13300,Student
C06723,70,Västmanlands län,18800,Retired
C06724,39,Stockholms län,32600,Permanent employment
C06725,50,Södermanlands län,55100,Self-employed
C06726,27,Norrbottens län,40600,Permanent employment
C06727,44,Gotlands län,39700,Permanent employment
C06728,34,Gävleborgs län,35500,Permanent employment
C06729,70,Östergötlands län,21600,Retired
C06730,66,Skåne län,41600,Permanent employment
C06731,52,Västmanlands län,54600,Permanent employment
C06732,30,Hallands län,43200,Permanent employment
C06733,77,Västra Götalands län,28000,Retired
C06734,38,Stockholms län,44400,Permanent employment
C06735,28,Stockholms län,32700,Permanent employment
C06736,51,Stockholms län,55100,Permanent employment
C06737,78,Skåne län,23800,Retired
C06738,22,Värmlands län,23300,Permanent employment
C06739,27,Jönköpings län,54100,Temporary/Probation/Freelance
C06740,70,Skåne län,44600,Permanent employment
C06741,33,Värmlands län,30000,Permanent employment
C06742,25,Uppsala län,37000,Temporary/Probation/Freelance
C06743,49,Dalarnas län,51800,Permanent employment
C06744,65,Västerbottens län,40200,Permanent employment
C06745,45,Stockholms län,38700,Permanent employment
C06746,67,Stockholms län,22100,Retired
C06747,57,Stockholms län,47800,Permanent employment
C06748,23,Västra Götalands län,34800,Parental leave
C06749,67,Stockholms län,19600,Retired
C06750,40,Västra Götalands län,54900,Permanent employment
C06751,38,Blekinge län,34300,Permanent employment
C06752,52,Västmanlands län,40800,Permanent employment
C06753,35,Örebro län,42800,Self-employed
C06754,32,Västerbottens län,12800,Unemployed
C06755,22,Uppsala län,26400,Permanent employment
C06756,45,Stockholms län,67800,Self-employed
C06757,75,Stockholms län,22900,Retired
C06758,45,Kalmar län,47600,Permanent employment
C06759,71,Skåne län,26200,Retired
C06760,35,Västerbottens län,32900,Temporary/Probation/Freelance
C06761,43,Örebro län,43800,Permanent employment
C06762,32,Stockholms län,19200,Parental leave
C06763,25,Värmlands län,37200,Temporary/Probation/Freelance
C06764,36,Stockholms län,44400,Permanent employment
C06765,56,Stockholms län,39700,Permanent employment
C06766,66,Västmanlands län,20600,Retired
C06767,70,Västerbottens län,26000,Retired
C06768,28,Stockholms län,12000,Unemployed
C06769,72,Örebro län,22400,Retired
C06770,35,Västmanlands län,49900,Permanent employment
C06771,34,Stockholms län,39400,Permanent employment
C06772,78,Södermanlands län,17800,Retired
C06773,58,Västra Götalands län,16200,Unemployed
C06774,34,Örebro län,35900,Permanent employment
C06775,39,Jönköpings län,50900,Permanent employment
C06776,43,Stockholms län,42300,Permanent employment
C06777,59,Västra Götalands län,24900,Retired
C06778,47,Västra Götalands län,49200,Permanent employment
C06779,75,Skåne län,17800,Retired
C06780,23,Stockholms län,35700,Temporary/Probation/Freelance
C06781,44,Västmanlands län,56900,Permanent employment
C06782,51,Västra Götalands län,48300,Permanent employment
C06783,45,Dalarnas län,46400,Permanent employment
C06784,40,Västernorrlands län,51300,Permanent employment
C06785,62,Värmlands län,36600,Temporary/Probation/Freelance
C06786,65,Västerbottens län,44000,Permanent employment
C06787,72,Västerbottens län,17300,Retired
C06788,71,Västra Götalands län,19300,Retired
C06789,65,Västra Götalands län,12500,Unemployed
C06790,53,Västra Götalands län,22100,Self-employed
C06791,75,Västra Götalands län,33600,Retired
C06792,37,Stockholms län,38500,Permanent employment
C06793,36,Jönköpings län,44600,Permanent employment
C06794,41,Stockholms län,38700,Permanent employment
C06795,47,Södermanlands län,49100,Permanent employment
C06796,35,Stockholms län,51900,Permanent employment
C06797,74,Västernorrlands län,14700,Retired
C06798,37,Skåne län,13300,Student
C06799,30,Stockholms län,22800,Parental leave
C06800,47,Hallands län,42200,Permanent employment
C06801,24,Stockholms län,23300,Student
C06802,33,Värmlands län,31700,Parental leave
C06803,31,Östergötlands län,44300,Permanent employment
C06804,46,Östergötlands län,31900,Parental leave
C06805,35,Dalarnas län,29100,Parental leave
C06806,71,Skåne län,19600,Retired
C06807,58,Dalarnas län,53400,Permanent employment
C06808,41,Kalmar län,58400,Permanent employment
C06809,40,Östergötlands län,45400,Permanent employment
C06810,41,Skåne län,66800,Self-employed
C06811,58,Stockholms län,30000,Retired
C06812,22,Stockholms län,9100,Student
C06813,23,Stockholms län,30400,Permanent employment
C06814,69,Örebro län,20800,Retired
C06815,47,Västra Götalands län,81800,Self-employed
C06816,27,Stockholms län,34900,Parental leave
C06817,28,Södermanlands län,10200,Student
C06818,72,Jämtlands län,20500,Retired
C06819,66,Stockholms län,46600,Permanent employment
C06820,58,Skåne län,33900,Permanent employment
C06821,47,Skåne län,39700,Permanent employment
C06822,51,Västra Götalands län,43600,Permanent employment
C06823,66,Uppsala län,40000,Permanent employment
C06824,65,Västernorrlands län,41200,Self-employed
C06825,34,Kalmar län,42800,Permanent employment
C06826,65,Södermanlands län,37500,Retired
C06827,30,Östergötlands län,43000,Permanent employment
C06828,27,Jönköpings län,36900,Permanent employment
C06829,61,Stockholms län,50000,Permanent employment
C06830,42,Västernorrlands län,45300,Permanent employment
C06831,69,Stockholms län,12000,Retired
C06832,29,Dalarnas län,46400,Permanent employment
C06833,46,Kalmar län,36700,Permanent employment
C06834,72,Uppsala län,24800,Retired
C06835,74,Stockholms län,18300,Retired
C06836,25,Skåne län,23200,Parental leave
C06837,44,Västra Götalands län,26400,Temporary/Probation/Freelance
C06838,53,Gävleborgs län,18000,Self-employed
C06839,25,Västra Götalands län,33100,Permanent employment
C06840,65,Skåne län,45900,Permanent employment
C06841,65,Stockholms län,51600,Self-employed
C06842,31,Västernorrlands län,24900,Permanent employment
C06843,28,Gävleborgs län,44800,Permanent employment
C06844,31,Jönköpings län,54600,Permanent employment
C06845,69,Stockholms län,36000,Retired
C06846,31,Västra Götalands län,34300,Permanent employment
C06847,44,Värmlands län,11400,Unemployed
C06848,41,Skåne län,38700,Permanent employment
C06849,48,Kalmar län,57800,Permanent employment
C06850,21,Västmanlands län,7400,Student
C06851,32,Stockholms län,6500,Student
C06852,66,Blekinge län,48900,Permanent employment
C06853,73,Stockholms län,31900,Retired
C06854,59,Stockholms län,49800,Permanent employment
C06855,20,Jämtlands län,4700,Student
C06856,43,Skåne län,48500,Permanent employment
C06857,62,Värmlands län,41700,Temporary/Probation/Freelance
C06858,42,Skåne län,45000,Permanent employment
C06859,68,Örebro län,26000,Retired
C06860,58,Skåne län,44400,Permanent employment
C06861,21,Stockholms län,27800,Temporary/Probation/Freelance
C06862,68,Gävleborgs län,53200,Self-employed
C06863,68,Stockholms län,30100,Retired
C06864,22,Skåne län,16500,Student
C06865,46,Skåne län,29700,Parental leave
C06866,42,Stockholms län,30500,Temporary/Probation/Freelance
C06867,36,Stockholms län,41500,Permanent employment
C06868,32,Västra Götalands län,49000,Permanent employment
C06869,51,Södermanlands län,26500,Temporary/Probation/Freelance
C06870,67,Kalmar län,23200,Retired
C06871,50,Skåne län,45600,Permanent employment
C06872,30,Jönköpings län,48800,Self-employed
C06873,54,Västra Götalands län,34500,Permanent employment
C06874,39,Dalarnas län,48800,Permanent employment
C06875,77,Stockholms län,27000,Retired
C06876,42,Västra Götalands län,47800,Self-employed
C06877,29,Östergötlands län,40500,Permanent employment
C06878,31,Hallands län,44000,Self-employed
C06879,60,Skåne län,32900,Permanent employment
C06880,41,Östergötlands län,52700,Permanent employment
C06881,63,Stockholms län,13700,Retired
C06882,27,Skåne län,31900,Permanent employment
C06883,44,Stockholms län,53400,Permanent employment
C06884,51,Stockholms län,35500,Permanent employment
C06885,77,Norrbottens län,22800,Retired
C06886,74,Östergötlands län,55700,Permanent employment
C06887,27,Hallands län,38500,Permanent employment
C06888,36,Uppsala län,20200,Self-employed
C06889,31,Dalarnas län,43300,Permanent employment
C06890,48,Södermanlands län,48100,Permanent employment
C06891,45,Jönköpings län,45900,Permanent employment
C06892,70,Hallands län,12000,Retired
C06893,75,Dalarnas län,33000,Retired
C06894,40,Örebro län,57400,Permanent employment
C06895,50,Uppsala län,44800,Permanent employment
C06896,66,Örebro län,11300,Unemployed
C06897,65,Västra Götalands län,46700,Permanent employment
C06898,22,Norrbottens län,33800,Permanent employment
C06899,36,Västernorrlands län,49400,Permanent employment
C06900,40,Skåne län,45100,Permanent employment
C06901,30,Västra Götalands län,41800,Permanent employment
C06902,29,Skåne län,43200,Permanent employment
C06903,21,Hallands län,22800,Student
C06904,64,Stockholms län,46100,Permanent employment
C06905,39,Stockholms län,46200,Permanent employment
C06906,20,Stockholms län,2400,Student
C06907,29,Västerbottens län,21400,Parental leave
C06908,77,Stockholms län,24800,Retired
C06909,74,Stockholms län,23300,Retired
C06910,50,Östergötlands län,38300,Permanent employment
C06911,38,Hallands län,24100,Parental leave
C06912,74,Jämtlands län,28100,Retired
C06913,25,Västra Götalands län,34000,Permanent employment
C06914,28,Södermanlands län,6200,Student
C06915,36,Jämtlands län,37700,Permanent employment
C06916,34,Stockholms län,32300,Permanent employment
C06917,37,Norrbottens län,42400,Permanent employment
C06918,71,Stockholms län,23700,Retired
C06919,51,Västra Götalands län,14900,Unemployed
C06920,35,Stockholms län,42100,Permanent employment
C06921,72,Västernorrlands län,12000,Retired
C06922,20,Stockholms län,22200,Permanent employment
C06923,32,Stockholms län,34400,Permanent employment
C06924,46,Gävleborgs län,52200,Permanent employment
C06925,52,Stockholms län,44300,Permanent employment
C06926,22,Värmlands län,12100,Student
C06927,44,Västra Götalands län,54800,Permanent employment
C06928,61,Hallands län,41800,Permanent employment
C06929,60,Jönköpings län,42900,Permanent employment
C06930,59,Västernorrlands län,14200,Unemployed
C06931,44,Dalarnas län,45400,Permanent employment
C06932,26,Gotlands län,30700,Permanent employment
C06933,36,Stockholms län,48500,Permanent employment
C06934,25,Uppsala län,38700,Permanent employment
C06935,78,Stockholms län,18100,Retired
C06936,53,Skåne län,43800,Permanent employment
C06937,42,Dalarnas län,18000,Self-employed
C06938,62,Västra Götalands län,2300,Student
C06939,45,Värmlands län,51200,Permanent employment
C06940,39,Skåne län,43500,Permanent employment
C06941,76,Östergötlands län,33200,Retired
C06942,70,Västra Götalands län,24300,Retired
C06943,56,Värmlands län,44500,Permanent employment
C06944,21,Västra Götalands län,13900,Unemployed
C06945,49,Stockholms län,37900,Permanent employment
C06946,60,Hallands län,45900,Permanent employment
C06947,33,Jönköpings län,33300,Permanent employment
C06948,34,Stockholms län,40200,Permanent employment
C06949,65,Västra Götalands län,37200,Permanent employment
C06950,24,Uppsala län,13700,Student
C06951,64,Gävleborgs län,46000,Permanent employment
C06952,47,Södermanlands län,53600,Permanent employment
C06953,43,Skåne län,50100,Permanent employment
C06954,20,Örebro län,29600,Temporary/Probation/Freelance
C06955,65,Kalmar län,53800,Permanent employment
C06956,35,Örebro län,47700,Permanent employment
C06957,51,Västra Götalands län,28800,Permanent employment
C06958,59,Västernorrlands län,38700,Permanent employment
C06959,60,Östergötlands län,42000,Permanent employment
C06960,77,Stockholms län,52200,Permanent employment
C06961,52,Blekinge län,42000,Permanent employment
C06962,36,Värmlands län,24500,Temporary/Probation/Freelance
C06963,77,Skåne län,12000,Retired
C06964,56,Uppsala län,32900,Retired
C06965,37,Stockholms län,55100,Permanent employment
C06966,27,Östergötlands län,23200,Parental leave
C06967,77,Västra Götalands län,14000,Retired
C06968,37,Stockholms län,52300,Permanent employment
C06969,58,Östergötlands län,52100,Permanent employment
C06970,47,Stockholms län,39900,Permanent employment
C06971,26,Västra Götalands län,28600,Parental leave
C06972,53,Dalarnas län,48900,Permanent employment
C06973,22,Skåne län,4900,Student
C06974,43,Stockholms län,38700,Permanent employment
C06975,48,Stockholms län,42600,Permanent employment
C06976,38,Blekinge län,10000,Unemployed
C06977,62,Hallands län,63400,Permanent employment
C06978,71,Skåne län,32600,Retired
C06979,61,Västernorrlands län,40900,Permanent employment
C06980,21,Jämtlands län,10600,Student
C06981,31,Stockholms län,26800,Permanent employment
C06982,54,Stockholms län,47800,Permanent employment
C06983,75,Jönköpings län,29100,Retired
C06984,69,Kalmar län,19200,Retired
C06985,79,Hallands län,20800,Retired
C06986,41,Västra Götalands län,38600,Permanent employment
C06987,38,Stockholms län,54700,Permanent employment
C06988,52,Värmlands län,16700,Student
C06989,33,Hallands län,40700,Permanent employment
C06990,24,Norrbottens län,30900,Permanent employment
C06991,76,Västra Götalands län,15200,Retired
C06992,27,Västra Götalands län,32100,Self-employed
C06993,31,Stockholms län,39800,Self-employed
C06994,34,Västra Götalands län,33300,Permanent employment
C06995,73,Stockholms län,27800,Retired
C06996,45,Västra Götalands län,18000,Self-employed
C06997,56,Stockholms län,19700,Temporary/Probation/Freelance
C06998,71,Stockholms län,19500,Retired
C06999,36,Stockholms län,34000,Permanent employment
C07000,51,Stockholms län,52000,Permanent employment
C07001,20,Östergötlands län,39100,Temporary/Probation/Freelance
C07002,27,Norrbottens län,16400,Temporary/Probation/Freelance
C07003,79,Jönköpings län,25900,Retired
C07004,59,Västra Götalands län,40200,Permanent employment
C07005,40,Stockholms län,44900,Permanent employment
C07006,43,Skåne län,54600,Self-employed
C07007,53,Stockholms län,30600,Permanent employment
C07008,22,Stockholms län,37500,Permanent employment
C07009,32,Stockholms län,41600,Permanent employment
C07010,28,Blekinge län,18300,Unemployed
C07011,31,Stockholms län,25000,Permanent employment
C07012,70,Gävleborgs län,29700,Temporary/Probation/Freelance
C07013,42,Skåne län,48800,Permanent employment
C07014,30,Västmanlands län,41000,Permanent employment
C07015,48,Norrbottens län,51000,Permanent employment
C07016,66,Västra Götalands län,27100,Retired
C07017,31,Gävleborgs län,24400,Permanent employment
C07018,22,Stockholms län,15800,Student
C07019,38,Örebro län,41600,Permanent employment
C07020,63,Uppsala län,25300,Retired
C07021,53,Skåne län,55900,Permanent employment
C07022,71,Västra Götalands län,23800,Retired
C07023,69,Gävleborgs län,21400,Retired
C07024,57,Gävleborgs län,34900,Permanent employment
C07025,47,Stockholms län,35700,Permanent employment
C07026,53,Jönköpings län,36500,Permanent employment
C07027,20,Värmlands län,29700,Temporary/Probation/Freelance
C07028,76,Västra Götalands län,39200,Retired
C07029,38,Stockholms län,42800,Permanent employment
C07030,25,Skåne län,37800,Permanent employment
C07031,64,Örebro län,47800,Permanent employment
C07032,39,Västra Götalands län,40100,Permanent employment
C07033,52,Kalmar län,54600,Permanent employment
C07034,54,Västra Götalands län,41600,Permanent employment
C07035,38,Skåne län,53600,Permanent employment
C07036,74,Gävleborgs län,47200,Permanent employment
C07037,44,Hallands län,46500,Self-employed
C07038,38,Kalmar län,40700,Permanent employment
C07039,53,Dalarnas län,51600,Permanent employment
C07040,63,Stockholms län,23100,Retired
C07041,61,Gävleborgs län,39500,Permanent employment
C07042,44,Västra Götalands län,56100,Permanent employment
C07043,62,Jämtlands län,5600,Unemployed
C07044,28,Uppsala län,48600,Permanent employment
C07045,72,Västra Götalands län,38100,Retired
C07046,40,Örebro län,38800,Permanent employment
C07047,57,Västra Götalands län,38400,Permanent employment
C07048,22,Stockholms län,4400,Student
C07049,31,Södermanlands län,37000,Temporary/Probation/Freelance
C07050,49,Skåne län,40500,Permanent employment
C07051,68,Skåne län,23000,Retired
C07052,47,Västra Götalands län,49500,Permanent employment
C07053,72,Jönköpings län,12700,Retired
C07054,48,Västmanlands län,7900,Unemployed
C07055,52,Blekinge län,47300,Permanent employment
C07056,34,Stockholms län,35300,Permanent employment
C07057,67,Stockholms län,17000,Retired
C07058,34,Västra Götalands län,14000,Unemployed
C07059,77,Skåne län,23000,Retired
C07060,73,Skåne län,17500,Retired
C07061,70,Värmlands län,25000,Retired
C07062,49,Jönköpings län,38000,Permanent employment
C07063,59,Norrbottens län,48000,Permanent employment
C07064,57,Jämtlands län,13200,Unemployed
C07065,26,Stockholms län,44700,Temporary/Probation/Freelance
C07066,50,Gävleborgs län,8800,Unemployed
C07067,22,Västra Götalands län,25300,Temporary/Probation/Freelance
C07068,45,Skåne län,51500,Permanent employment
C07069,31,Hallands län,30600,Permanent employment
C07070,29,Västmanlands län,10200,Student
C07071,38,Västerbottens län,6100,Unemployed
C07072,43,Skåne län,9700,Unemployed
C07073,64,Stockholms län,10300,Unemployed
C07074,20,Västra Götalands län,28800,Permanent employment
C07075,48,Stockholms län,51900,Permanent employment
C07076,27,Västra Götalands län,36100,Permanent employment
C07077,50,Örebro län,42700,Permanent employment
C07078,59,Jönköpings län,37400,Permanent employment
C07079,51,Stockholms län,37000,Permanent employment
C07080,55,Västra Götalands län,50100,Permanent employment
C07081,39,Östergötlands län,46200,Permanent employment
C07082,56,Uppsala län,40700,Permanent employment
C07083,36,Västra Götalands län,56200,Permanent employment
C07084,46,Västerbottens län,25600,Permanent employment
C07085,63,Västra Götalands län,31100,Retired
C07086,21,Skåne län,22000,Permanent employment
C07087,57,Hallands län,31100,Temporary/Probation/Freelance
C07088,48,Stockholms län,51800,Permanent employment
C07089,39,Örebro län,32500,Permanent employment
C07090,28,Hallands län,46700,Permanent employment
C07091,28,Västerbottens län,37000,Permanent employment
C07092,69,Norrbottens län,37400,Permanent employment
C07093,64,Jönköpings län,25500,Retired
C07094,33,Norrbottens län,41700,Permanent employment
C07095,43,Västerbottens län,61600,Permanent employment
C07096,50,Västra Götalands län,43700,Permanent employment
C07097,75,Östergötlands län,29800,Retired
C07098,23,Västra Götalands län,30800,Permanent employment
C07099,27,Uppsala län,32800,Temporary/Probation/Freelance
C07100,70,Västra Götalands län,22100,Retired
C07101,21,Stockholms län,24700,Permanent employment
C07102,28,Västra Götalands län,51900,Self-employed
C07103,67,Västerbottens län,16900,Retired
C07104,50,Uppsala län,31000,Permanent employment
C07105,40,Västra Götalands län,30900,Temporary/Probation/Freelance
C07106,21,Södermanlands län,5900,Student
C07107,20,Västra Götalands län,8500,Student
C07108,32,Västra Götalands län,26300,Permanent employment
C07109,70,Stockholms län,30600,Retired
C07110,35,Hallands län,15000,Temporary/Probation/Freelance
C07111,56,Västmanlands län,26900,Retired
C07112,79,Kronobergs län,27600,Retired
C07113,38,Västra Götalands län,46400,Permanent employment
C07114,31,Västra Götalands län,45200,Permanent employment
C07115,53,Uppsala län,36800,Permanent employment
C07116,74,Västernorrlands län,37600,Retired
C07117,69,Skåne län,17600,Retired
C07118,21,Jönköpings län,13300,Student
C07119,56,Stockholms län,44600,Temporary/Probation/Freelance
C07120,45,Skåne län,43500,Permanent employment
C07121,74,Västra Götalands län,18900,Retired
C07122,25,Västra Götalands län,43600,Permanent employment
C07123,49,Västra Götalands län,41000,Permanent employment
C07124,78,Värmlands län,17900,Retired
C07125,41,Blekinge län,34200,Parental leave
C07126,53,Skåne län,50300,Permanent employment
C07127,20,Norrbottens län,9800,Student
C07128,42,Västerbottens län,45500,Permanent employment
C07129,35,Kalmar län,46200,Permanent employment
C07130,69,Västra Götalands län,22600,Retired
C07131,40,Uppsala län,43100,Permanent employment
C07132,50,Stockholms län,8600,Unemployed
C07133,58,Västra Götalands län,6300,Student
C07134,25,Blekinge län,37900,Permanent employment
C07135,47,Stockholms län,59800,Permanent employment
C07136,64,Västra Götalands län,35000,Permanent employment
C07137,79,Västernorrlands län,20400,Retired
C07138,58,Västernorrlands län,21700,Self-employed
C07139,58,Hallands län,28500,Permanent employment
C07140,28,Skåne län,47700,Permanent employment
C07141,78,Stockholms län,27600,Retired
C07142,29,Värmlands län,47500,Permanent employment
C07143,63,Jämtlands län,29800,Permanent employment
C07144,38,Gävleborgs län,56400,Self-employed
C07145,73,Västra Götalands län,38900,Retired
C07146,63,Stockholms län,49700,Permanent employment
C07147,55,Kalmar län,47000,Permanent employment
C07148,29,Kalmar län,32600,Permanent employment
C07149,43,Gävleborgs län,55200,Permanent employment
C07150,48,Stockholms län,40500,Permanent employment
C07151,59,Skåne län,16000,Unemployed
C07152,28,Stockholms län,23800,Parental leave
C07153,77,Västra Götalands län,23200,Retired
C07154,66,Värmlands län,49800,Permanent employment
C07155,44,Västra Götalands län,51300,Permanent employment
C07156,66,Värmlands län,43100,Permanent employment
C07157,46,Hallands län,60100,Permanent employment
C07158,45,Stockholms län,43500,Permanent employment
C07159,37,Kronobergs län,53000,Permanent employment
C07160,54,Västerbottens län,25500,Temporary/Probation/Freelance
C07161,55,Södermanlands län,34300,Permanent employment
C07162,38,Stockholms län,43600,Permanent employment
C07163,55,Kronobergs län,31200,Permanent employment
C07164,58,Jönköpings län,45200,Permanent employment
C07165,57,Skåne län,43700,Permanent employment
C07166,20,Skåne län,13100,Student
C07167,65,Norrbottens län,23800,Retired
C07168,52,Västra Götalands län,27600,Temporary/Probation/Freelance
C07169,43,Stockholms län,30600,Temporary/Probation/Freelance
C07170,31,Västra Götalands län,45900,Permanent employment
C07171,45,Örebro län,52200,Permanent employment
C07172,68,Gävleborgs län,32800,Retired
C07173,44,Gotlands län,29200,Permanent employment
C07174,55,Östergötlands län,50500,Permanent employment
C07175,28,Västmanlands län,42900,Permanent employment
C07176,47,Västra Götalands län,59300,Permanent employment
C07177,66,Skåne län,20200,Retired
C07178,55,Stockholms län,40900,Permanent employment
C07179,30,Västra Götalands län,32100,Temporary/Probation/Freelance
C07180,51,Stockholms län,28100,Permanent employment
C07181,30,Stockholms län,0,Student
C07182,43,Östergötlands län,47200,Permanent employment
C07183,63,Jönköpings län,15800,Retired
C07184,56,Skåne län,33600,Permanent employment
C07185,26,Östergötlands län,12700,Student
C07186,73,Stockholms län,12800,Retired
C07187,45,Stockholms län,49900,Permanent employment
C07188,39,Stockholms län,38900,Permanent employment
C07189,45,Blekinge län,28700,Self-employed
C07190,51,Stockholms län,15400,Unemployed
C07191,53,Södermanlands län,22700,Self-employed
C07192,50,Skåne län,57100,Permanent employment
C07193,46,Uppsala län,44300,Permanent employment
C07194,30,Uppsala län,37900,Permanent employment
C07195,73,Örebro län,28300,Retired
C07196,47,Skåne län,52500,Permanent employment
C07197,33,Västmanlands län,26900,Parental leave
C07198,62,Skåne län,16800,Unemployed
C07199,79,Gävleborgs län,29200,Retired
C07200,77,Uppsala län,34200,Retired
C07201,41,Västra Götalands län,41700,Permanent employment
C07202,32,Skåne län,43300,Permanent employment
C07203,54,Västernorrlands län,49000,Permanent employment
C07204,30,Kalmar län,41000,Permanent employment
C07205,67,Västmanlands län,12000,Retired
C07206,31,Skåne län,46800,Permanent employment
C07207,28,Västra Götalands län,45300,Permanent employment
C07208,44,Dalarnas län,35300,Temporary/Probation/Freelance
C07209,39,Norrbottens län,11600,Unemployed
C07210,72,Västra Götalands län,35400,Retired
C07211,51,Östergötlands län,44600,Permanent employment
C07212,31,Södermanlands län,41400,Permanent employment
C07213,42,Östergötlands län,37000,Permanent employment
C07214,54,Stockholms län,12700,Unemployed
C07215,27,Stockholms län,38500,Permanent employment
C07216,47,Hallands län,10500,Unemployed
C07217,46,Örebro län,11400,Unemployed
C07218,55,Stockholms län,16100,Unemployed
C07219,74,Skåne län,63800,Self-employed
C07220,70,Jönköpings län,32800,Permanent employment
C07221,70,Gävleborgs län,40000,Retired
C07222,34,Stockholms län,24800,Parental leave
C07223,32,Skåne län,9900,Unemployed
C07224,40,Västerbottens län,55700,Permanent employment
C07225,70,Östergötlands län,28700,Retired
C07226,65,Västra Götalands län,37800,Temporary/Probation/Freelance
C07227,76,Dalarnas län,18000,Retired
C07228,31,Stockholms län,41200,Permanent employment
C07229,71,Norrbottens län,41800,Retired
C07230,44,Örebro län,39000,Permanent employment
C07231,20,Stockholms län,35100,Permanent employment
C07232,41,Östergötlands län,39600,Permanent employment
C07233,23,Västra Götalands län,21600,Temporary/Probation/Freelance
C07234,53,Dalarnas län,43300,Permanent employment
C07235,35,Stockholms län,44800,Permanent employment
C07236,52,Västra Götalands län,13300,Unemployed
C07237,47,Uppsala län,29400,Temporary/Probation/Freelance
C07238,78,Värmlands län,39300,Retired
C07239,55,Västra Götalands län,55000,Permanent employment
C07240,36,Skåne län,46200,Permanent employment
C07241,79,Västra Götalands län,24600,Retired
C07242,70,Dalarnas län,34100,Retired
C07243,29,Kronobergs län,43100,Permanent employment
C07244,47,Västra Götalands län,46900,Permanent employment
C07245,43,Stockholms län,60700,Permanent employment
C07246,24,Västra Götalands län,5700,Student
C07247,57,Västra Götalands län,13900,Unemployed
C07248,66,Blekinge län,22900,Retired
C07249,32,Värmlands län,15900,Unemployed
C07250,78,Skåne län,16500,Retired
C07251,79,Västernorrlands län,27200,Retired
C07252,69,Stockholms län,41100,Permanent employment
C07253,43,Stockholms län,52300,Permanent employment
C07254,65,Västmanlands län,40800,Permanent employment
C07255,44,Västmanlands län,25400,Temporary/Probation/Freelance
C07256,47,Skåne län,49800,Permanent employment
C07257,24,Västerbottens län,10600,Student
C07258,21,Västra Götalands län,8700,Student
C07259,57,Norrbottens län,41600,Permanent employment
C07260,38,Skåne län,36300,Self-employed
C07261,28,Stockholms län,42400,Parental leave
C07262,33,Skåne län,34400,Temporary/Probation/Freelance
C07263,55,Norrbottens län,36100,Temporary/Probation/Freelance
C07264,23,Jönköpings län,34200,Temporary/Probation/Freelance
C07265,73,Västerbottens län,25900,Retired
C07266,20,Värmlands län,26600,Temporary/Probation/Freelance
C07267,30,Blekinge län,6500,Student
C07268,35,Skåne län,26600,Temporary/Probation/Freelance
C07269,50,Hallands län,49600,Permanent employment
C07270,42,Västra Götalands län,12300,Unemployed
C07271,39,Stockholms län,19200,Unemployed
C07272,69,Västernorrlands län,35800,Retired
C07273,55,Hallands län,16200,Temporary/Probation/Freelance
C07274,20,Västernorrlands län,20400,Unemployed
C07275,42,Västra Götalands län,37200,Permanent employment
C07276,77,Blekinge län,22100,Retired
C07277,39,Skåne län,46000,Permanent employment
C07278,32,Örebro län,17500,Parental leave
C07279,64,Östergötlands län,11300,Unemployed
C07280,46,Västerbottens län,46200,Permanent employment
C07281,48,Skåne län,22700,Parental leave
C07282,24,Västerbottens län,22400,Parental leave
C07283,34,Dalarnas län,51000,Permanent employment
C07284,53,Västra Götalands län,45900,Permanent employment
C07285,27,Skåne län,45100,Permanent employment
C07286,50,Hallands län,58500,Permanent employment
C07287,51,Västmanlands län,50700,Permanent employment
C07288,37,Skåne län,41500,Permanent employment
C07289,65,Västra Götalands län,38800,Permanent employment
C07290,66,Värmlands län,46800,Permanent employment
C07291,64,Skåne län,16800,Unemployed
C07292,23,Skåne län,11300,Student
C07293,25,Stockholms län,43400,Permanent employment
C07294,54,Uppsala län,44200,Permanent employment
C07295,31,Gävleborgs län,30100,Temporary/Probation/Freelance
C07296,79,Västmanlands län,21000,Retired
C07297,34,Stockholms län,31900,Permanent employment
C07298,50,Dalarnas län,38800,Permanent employment
C07299,40,Stockholms län,42400,Permanent employment
C07300,61,Skåne län,13700,Student
C07301,31,Stockholms län,38200,Permanent employment
C07302,35,Västerbottens län,42100,Permanent employment
C07303,44,Västerbottens län,43200,Permanent employment
C07304,69,Hallands län,12000,Retired
C07305,22,Kronobergs län,7300,Student
C07306,67,Skåne län,29200,Retired
C07307,71,Västra Götalands län,15800,Retired
C07308,38,Stockholms län,34100,Permanent employment
C07309,60,Blekinge län,22900,Self-employed
C07310,20,Västra Götalands län,26500,Permanent employment
C07311,74,Kronobergs län,23500,Retired
C07312,46,Stockholms län,46600,Permanent employment
C07313,36,Skåne län,49900,Permanent employment
C07314,40,Västra Götalands län,43300,Permanent employment
C07315,22,Norrbottens län,13600,Student
C07316,65,Stockholms län,34600,Permanent employment
C07317,21,Skåne län,16000,Student
C07318,61,Skåne län,45500,Permanent employment
C07319,38,Uppsala län,6000,Unemployed
C07320,76,Västra Götalands län,24700,Retired
C07321,26,Stockholms län,54200,Permanent employment
C07322,52,Södermanlands län,59400,Permanent employment
C07323,48,Värmlands län,44700,Self-employed
C07324,58,Skåne län,47200,Permanent employment
C07325,21,Norrbottens län,4400,Student
C07326,25,Kronobergs län,3600,Student
C07327,25,Skåne län,36700,Permanent employment
C07328,57,Södermanlands län,12000,Unemployed
C07329,30,Uppsala län,39000,Permanent employment
C07330,51,Västernorrlands län,49400,Permanent employment
C07331,33,Västra Götalands län,42100,Permanent employment
C07332,69,Östergötlands län,31000,Retired
C07333,73,Västra Götalands län,27400,Retired
C07334,52,Västerbottens län,52900,Permanent employment
C07335,35,Stockholms län,63500,Self-employed
C07336,27,Uppsala län,36700,Permanent employment
C07337,20,Stockholms län,15000,Temporary/Probation/Freelance
C07338,38,Dalarnas län,36500,Permanent employment
C07339,60,Stockholms län,47100,Permanent employment
C07340,48,Östergötlands län,46200,Permanent employment
C07341,77,Skåne län,57300,Permanent employment
C07342,43,Västra Götalands län,18000,Self-employed
C07343,56,Örebro län,49200,Permanent employment
C07344,50,Kalmar län,44700,Self-employed
C07345,47,Skåne län,39400,Permanent employment
C07346,44,Västerbottens län,57400,Permanent employment
C07347,48,Södermanlands län,37300,Permanent employment
C07348,46,Uppsala län,47400,Permanent employment
C07349,62,Västra Götalands län,40000,Temporary/Probation/Freelance
C07350,74,Västra Götalands län,18000,Retired
C07351,42,Kalmar län,32200,Permanent employment
C07352,20,Stockholms län,13100,Student
C07353,54,Västra Götalands län,65500,Self-employed
C07354,50,Västra Götalands län,41500,Permanent employment
C07355,25,Dalarnas län,27000,Permanent employment
C07356,60,Västmanlands län,44700,Permanent employment
C07357,71,Stockholms län,21800,Retired
C07358,79,Örebro län,12000,Retired
C07359,26,Stockholms län,42100,Permanent employment
C07360,73,Dalarnas län,38000,Permanent employment
C07361,62,Västra Götalands län,47300,Permanent employment
C07362,53,Skåne län,61100,Permanent employment
C07363,54,Västra Götalands län,44800,Permanent employment
C07364,77,Stockholms län,46500,Self-employed
C07365,48,Stockholms län,45800,Permanent employment
C07366,38,Östergötlands län,44300,Permanent employment
C07367,52,Örebro län,24000,Self-employed
C07368,45,Skåne län,15200,Unemployed
C07369,32,Stockholms län,34000,Permanent employment
C07370,71,Örebro län,20800,Retired
C07371,61,Stockholms län,31800,Self-employed
C07372,63,Örebro län,46200,Permanent employment
C07373,34,Skåne län,32500,Permanent employment
C07374,51,Skåne län,47700,Permanent employment
C07375,26,Uppsala län,41500,Permanent employment
C07376,20,Gävleborgs län,30500,Temporary/Probation/Freelance
C07377,45,Stockholms län,8400,Unemployed
C07378,41,Stockholms län,40800,Permanent employment
C07379,49,Västra Götalands län,44400,Permanent employment
C07380,28,Västmanlands län,28800,Permanent employment
C07381,39,Stockholms län,47200,Permanent employment
C07382,34,Västra Götalands län,48000,Permanent employment
C07383,74,Västra Götalands län,27400,Retired
C07384,50,Hallands län,36400,Permanent employment
C07385,64,Skåne län,60000,Permanent employment
C07386,40,Östergötlands län,41300,Permanent employment
C07387,25,Jönköpings län,39800,Permanent employment
C07388,66,Västra Götalands län,38200,Permanent employment
C07389,37,Stockholms län,46500,Permanent employment
C07390,38,Hallands län,54700,Permanent employment
C07391,60,Södermanlands län,35500,Permanent employment
C07392,23,Skåne län,7700,Student
C07393,76,Skåne län,25100,Retired
C07394,53,Dalarnas län,32900,Permanent employment
C07395,36,Hallands län,50800,Permanent employment
C07396,20,Stockholms län,24900,Permanent employment
C07397,26,Stockholms län,30400,Temporary/Probation/Freelance
C07398,73,Västra Götalands län,16200,Retired
C07399,61,Skåne län,35000,Permanent employment
C07400,33,Västra Götalands län,44800,Self-employed
C07401,21,Skåne län,39300,Parental leave
C07402,62,Örebro län,36300,Permanent employment
C07403,54,Västernorrlands län,51400,Permanent employment
C07404,43,Stockholms län,54200,Permanent employment
C07405,42,Västra Götalands län,62600,Self-employed
C07406,26,Stockholms län,36800,Permanent employment
C07407,62,Skåne län,44700,Permanent employment
C07408,67,Skåne län,34600,Retired
C07409,27,Västra Götalands län,17800,Unemployed
C07410,53,Jönköpings län,45100,Permanent employment
C07411,43,Örebro län,23900,Self-employed
C07412,43,Östergötlands län,57900,Permanent employment
C07413,28,Östergötlands län,47100,Self-employed
C07414,76,Stockholms län,20100,Retired
C07415,51,Västra Götalands län,54500,Self-employed
C07416,52,Stockholms län,17400,Parental leave
C07417,39,Jönköpings län,49900,Permanent employment
C07418,25,Uppsala län,42300,Permanent employment
C07419,33,Stockholms län,40500,Permanent employment
C07420,60,Stockholms län,17800,Unemployed
C07421,27,Stockholms län,31700,Parental leave
C07422,57,Skåne län,47200,Permanent employment
C07423,44,Skåne län,49800,Permanent employment
C07424,35,Uppsala län,38300,Temporary/Probation/Freelance
C07425,52,Västra Götalands län,42700,Permanent employment
C07426,36,Östergötlands län,48100,Permanent employment
C07427,25,Jönköpings län,26300,Temporary/Probation/Freelance
C07428,41,Värmlands län,47200,Permanent employment
C07429,63,Skåne län,42900,Permanent employment
C07430,60,Västerbottens län,10400,Unemployed
C07431,42,Jönköpings län,48900,Permanent employment
C07432,52,Örebro län,32600,Permanent employment
C07433,33,Västra Götalands län,30300,Permanent employment
C07434,31,Gävleborgs län,43000,Permanent employment
C07435,20,Västerbottens län,25300,Permanent employment
C07436,79,Stockholms län,27600,Retired
C07437,33,Stockholms län,23200,Unemployed
C07438,25,Västra Götalands län,23400,Permanent employment
C07439,40,Kronobergs län,50200,Self-employed
C07440,32,Örebro län,50900,Permanent employment
C07441,64,Stockholms län,44700,Permanent employment
C07442,20,Örebro län,10000,Student
C07443,28,Stockholms län,12400,Unemployed
C07444,56,Södermanlands län,18300,Retired
C07445,43,Västerbottens län,30500,Permanent employment
C07446,63,Stockholms län,39700,Permanent employment
C07447,52,Jönköpings län,14200,Unemployed
C07448,27,Stockholms län,39100,Permanent employment
C07449,59,Västmanlands län,61700,Self-employed
C07450,26,Västra Götalands län,44100,Permanent employment
C07451,47,Värmlands län,46500,Permanent employment
C07452,35,Skåne län,47300,Permanent employment
C07453,38,Jönköpings län,44600,Permanent employment
C07454,49,Stockholms län,31400,Self-employed
C07455,76,Södermanlands län,61900,Self-employed
C07456,66,Skåne län,41900,Permanent employment
C07457,47,Västra Götalands län,46900,Permanent employment
C07458,40,Stockholms län,63100,Permanent employment
C07459,30,Stockholms län,44400,Permanent employment
C07460,31,Stockholms län,36600,Permanent employment
C07461,53,Jönköpings län,34300,Permanent employment
C07462,38,Stockholms län,18400,Unemployed
C07463,69,Stockholms län,12000,Retired
C07464,36,Stockholms län,42000,Permanent employment
C07465,40,Västmanlands län,31800,Permanent employment
C07466,38,Stockholms län,41600,Permanent employment
C07467,69,Örebro län,20400,Retired
C07468,61,Blekinge län,44000,Permanent employment
C07469,50,Västra Götalands län,43500,Permanent employment
C07470,42,Stockholms län,51600,Permanent employment
C07471,70,Hallands län,28400,Retired
C07472,21,Södermanlands län,14200,Student
C07473,78,Stockholms län,14000,Retired
C07474,52,Gävleborgs län,44100,Permanent employment
C07475,38,Hallands län,49400,Permanent employment
C07476,51,Uppsala län,45600,Permanent employment
C07477,57,Kalmar län,38900,Permanent employment
C07478,20,Jönköpings län,24700,Permanent employment
C07479,77,Västra Götalands län,36900,Retired
C07480,43,Hallands län,48300,Permanent employment
C07481,43,Stockholms län,30300,Permanent employment
C07482,30,Stockholms län,29200,Permanent employment
C07483,36,Skåne län,30300,Permanent employment
C07484,52,Skåne län,35300,Permanent employment
C07485,44,Skåne län,36800,Permanent employment
C07486,60,Västra Götalands län,51500,Permanent employment
C07487,41,Västra Götalands län,16100,Unemployed
C07488,77,Jönköpings län,17900,Retired
C07489,45,Dalarnas län,23700,Temporary/Probation/Freelance
C07490,67,Stockholms län,19700,Retired
C07491,25,Hallands län,31700,Permanent employment
C07492,44,Jämtlands län,43000,Permanent employment
C07493,35,Skåne län,39200,Permanent employment
C07494,45,Skåne län,28500,Parental leave
C07495,68,Stockholms län,14700,Retired
C07496,24,Örebro län,9700,Student
C07497,23,Jönköpings län,11100,Student
C07498,77,Västra Götalands län,16700,Retired
C07499,29,Stockholms län,33000,Permanent employment
C07500,60,Stockholms län,41700,Permanent employment
C07501,46,Östergötlands län,51100,Permanent employment
C07502,69,Södermanlands län,31900,Retired
C07503,31,Dalarnas län,43200,Self-employed
C07504,33,Dalarnas län,40000,Permanent employment
C07505,50,Skåne län,13400,Unemployed
C07506,76,Stockholms län,51500,Permanent employment
C07507,44,Stockholms län,56700,Permanent employment
C07508,38,Västra Götalands län,50700,Permanent employment
C07509,47,Stockholms län,48000,Permanent employment
C07510,73,Västra Götalands län,27000,Retired
C07511,71,Stockholms län,24800,Retired
C07512,75,Västra Götalands län,18600,Retired
C07513,24,Västmanlands län,7300,Student
C07514,30,Skåne län,39800,Permanent employment
C07515,51,Örebro län,41400,Permanent employment
C07516,79,Värmlands län,14400,Retired
C07517,42,Västra Götalands län,43600,Permanent employment
C07518,29,Skåne län,18000,Self-employed
C07519,57,Uppsala län,37200,Retired
C07520,22,Västmanlands län,26000,Permanent employment
C07521,36,Västra Götalands län,44800,Permanent employment
C07522,52,Värmlands län,53400,Permanent employment
C07523,45,Skåne län,62200,Permanent employment
C07524,62,Stockholms län,41700,Permanent employment
C07525,37,Norrbottens län,39400,Permanent employment
C07526,53,Stockholms län,49500,Permanent employment
C07527,46,Gävleborgs län,44700,Permanent employment
C07528,54,Stockholms län,44000,Permanent employment
C07529,63,Jönköpings län,31500,Temporary/Probation/Freelance
C07530,30,Blekinge län,32600,Parental leave
C07531,25,Västernorrlands län,52200,Permanent employment
C07532,29,Dalarnas län,28600,Permanent employment
C07533,34,Örebro län,51500,Permanent employment
C07534,53,Jönköpings län,43500,Permanent employment
C07535,77,Stockholms län,30200,Retired
C07536,60,Västra Götalands län,44100,Permanent employment
C07537,61,Kalmar län,45400,Self-employed
C07538,38,Västra Götalands län,46400,Permanent employment
C07539,35,Värmlands län,25200,Parental leave
C07540,39,Blekinge län,56200,Permanent employment
C07541,26,Västra Götalands län,41900,Permanent employment
C07542,23,Västmanlands län,32700,Permanent employment
C07543,45,Västernorrlands län,12800,Unemployed
C07544,74,Hallands län,14200,Retired
C07545,31,Västra Götalands län,42800,Permanent employment
C07546,23,Skåne län,35200,Permanent employment
C07547,56,Stockholms län,55700,Self-employed
C07548,27,Stockholms län,46600,Self-employed
C07549,78,Stockholms län,22300,Retired
C07550,63,Stockholms län,32600,Retired
C07551,79,Stockholms län,27200,Retired
C07552,43,Västmanlands län,47000,Permanent employment
C07553,56,Skåne län,18600,Self-employed
C07554,47,Kronobergs län,6700,Unemployed
C07555,63,Kalmar län,40200,Retired
C07556,45,Skåne län,50800,Permanent employment
C07557,26,Stockholms län,47100,Permanent employment
C07558,46,Södermanlands län,1900,Student
C07559,54,Västmanlands län,52000,Permanent employment
C07560,78,Västra Götalands län,21900,Retired
C07561,57,Skåne län,43800,Permanent employment
C07562,64,Skåne län,16200,Unemployed
C07563,27,Uppsala län,39300,Permanent employment
C07564,64,Skåne län,44200,Permanent employment
C07565,46,Hallands län,38800,Permanent employment
C07566,72,Västra Götalands län,28200,Retired
C07567,72,Stockholms län,17700,Retired
C07568,21,Örebro län,5900,Student
C07569,79,Östergötlands län,24600,Retired
C07570,24,Skåne län,19900,Temporary/Probation/Freelance
C07571,43,Hallands län,53200,Permanent employment
C07572,51,Skåne län,53300,Permanent employment
C07573,29,Skåne län,27400,Parental leave
C07574,61,Stockholms län,41200,Permanent employment
C07575,20,Blekinge län,10200,Student
C07576,26,Södermanlands län,24200,Permanent employment
C07577,50,Stockholms län,34700,Permanent employment
C07578,63,Stockholms län,48000,Permanent employment
C07579,77,Hallands län,26600,Retired
C07580,60,Stockholms län,40500,Permanent employment
C07581,56,Stockholms län,39900,Permanent employment
C07582,35,Skåne län,50000,Permanent employment
C07583,23,Gävleborgs län,600,Student
C07584,27,Värmlands län,78900,Self-employed
C07585,49,Gävleborgs län,61600,Self-employed
C07586,61,Hallands län,40200,Permanent employment
C07587,44,Kalmar län,33100,Temporary/Probation/Freelance
C07588,64,Västra Götalands län,33600,Retired
C07589,47,Uppsala län,37700,Permanent employment
C07590,20,Stockholms län,40300,Temporary/Probation/Freelance
C07591,34,Östergötlands län,37900,Permanent employment
C07592,76,Södermanlands län,47800,Permanent employment
C07593,58,Västra Götalands län,30000,Retired
C07594,74,Skåne län,25100,Retired
C07595,26,Stockholms län,45700,Permanent employment
C07596,67,Gävleborgs län,20900,Retired
C07597,29,Hallands län,37800,Permanent employment
C07598,22,Skåne län,24600,Permanent employment
C07599,69,Västernorrlands län,11200,Unemployed
C07600,38,Stockholms län,46300,Permanent employment
C07601,64,Värmlands län,48900,Permanent employment
C07602,27,Jönköpings län,21800,Self-employed
C07603,50,Västra Götalands län,47700,Permanent employment
C07604,72,Västernorrlands län,32100,Retired
C07605,38,Skåne län,54200,Permanent employment
C07606,63,Stockholms län,42200,Permanent employment
C07607,30,Stockholms län,26000,Self-employed
C07608,59,Östergötlands län,47700,Permanent employment
C07609,37,Värmlands län,53000,Self-employed
C07610,29,Södermanlands län,38000,Permanent employment
C07611,39,Östergötlands län,43000,Permanent employment
C07612,28,Värmlands län,51100,Self-employed
C07613,76,Stockholms län,26800,Retired
C07614,40,Västmanlands län,12400,Unemployed
C07615,27,Uppsala län,36500,Permanent employment
C07616,44,Stockholms län,21700,Parental leave
C07617,35,Stockholms län,47200,Permanent employment
C07618,61,Västerbottens län,45900,Permanent employment
C07619,71,Skåne län,15300,Retired
C07620,38,Uppsala län,44300,Permanent employment
C07621,73,Skåne län,20200,Retired
C07622,46,Västra Götalands län,53000,Permanent employment
C07623,25,Östergötlands län,19900,Temporary/Probation/Freelance
C07624,57,Västra Götalands län,18500,Unemployed
C07625,51,Uppsala län,67900,Self-employed
C07626,63,Stockholms län,26000,Permanent employment
C07627,66,Skåne län,47500,Permanent employment
C07628,40,Stockholms län,48500,Permanent employment
C07629,67,Jämtlands län,13200,Retired
C07630,59,Stockholms län,40700,Permanent employment
C07631,53,Västra Götalands län,42000,Permanent employment
C07632,47,Södermanlands län,10200,Unemployed
C07633,35,Västmanlands län,33500,Self-employed
C07634,69,Stockholms län,29900,Retired
C07635,55,Västerbottens län,24500,Retired
C07636,22,Stockholms län,7000,Student
C07637,36,Värmlands län,37000,Permanent employment
C07638,63,Skåne län,29800,Retired
C07639,24,Blekinge län,41900,Permanent employment
C07640,23,Södermanlands län,28500,Permanent employment
C07641,45,Västmanlands län,44400,Permanent employment
C07642,42,Stockholms län,62900,Permanent employment
C07643,35,Västra Götalands län,60100,Self-employed
C07644,37,Skåne län,36600,Parental leave
C07645,30,Norrbottens län,34000,Permanent employment
C07646,62,Hallands län,37100,Permanent employment
C07647,52,Stockholms län,54000,Permanent employment
C07648,26,Kalmar län,53200,Self-employed
C07649,43,Stockholms län,46300,Permanent employment
C07650,48,Södermanlands län,15700,Unemployed
C07651,23,Östergötlands län,42100,Permanent employment
C07652,26,Västmanlands län,11100,Unemployed
C07653,20,Västmanlands län,31100,Permanent employment
C07654,74,Stockholms län,19100,Retired
C07655,61,Skåne län,44900,Permanent employment
C07656,64,Stockholms län,17200,Unemployed
C07657,57,Östergötlands län,45200,Permanent employment
C07658,58,Stockholms län,20900,Unemployed
C07659,53,Västra Götalands län,41400,Permanent employment
C07660,60,Västerbottens län,46800,Permanent employment
C07661,20,Stockholms län,38900,Permanent employment
C07662,53,Östergötlands län,42400,Permanent employment
C07663,63,Stockholms län,39700,Permanent employment
C07664,49,Västernorrlands län,13400,Unemployed
C07665,42,Stockholms län,34900,Permanent employment
C07666,41,Hallands län,53000,Permanent employment
C07667,62,Dalarnas län,44100,Permanent employment
C07668,63,Stockholms län,12100,Retired
C07669,78,Hallands län,40000,Permanent employment
C07670,36,Stockholms län,68600,Self-employed
C07671,64,Örebro län,39100,Self-employed
C07672,49,Södermanlands län,56000,Permanent employment
C07673,72,Norrbottens län,22000,Retired
C07674,47,Västernorrlands län,34900,Permanent employment
C07675,50,Västra Götalands län,30200,Permanent employment
C07676,50,Skåne län,59700,Permanent employment
C07677,61,Västra Götalands län,37300,Permanent employment
C07678,77,Stockholms län,19800,Retired
C07679,22,Östergötlands län,29200,Permanent employment
C07680,22,Stockholms län,31700,Permanent employment
C07681,72,Västra Götalands län,17000,Retired
C07682,52,Värmlands län,53900,Permanent employment
C07683,53,Jämtlands län,47200,Permanent employment
C07684,52,Västra Götalands län,53600,Permanent employment
C07685,27,Västra Götalands län,24100,Permanent employment
C07686,60,Gävleborgs län,46400,Permanent employment
C07687,63,Västernorrlands län,45800,Permanent employment
C07688,35,Skåne län,44800,Permanent employment
C07689,37,Stockholms län,11900,Unemployed
C07690,66,Skåne län,32600,Permanent employment
C07691,23,Skåne län,3200,Student
C07692,72,Västra Götalands län,33000,Retired
C07693,30,Norrbottens län,33000,Temporary/Probation/Freelance
C07694,54,Västernorrlands län,43600,Permanent employment
C07695,75,Kronobergs län,41200,Permanent employment
C07696,62,Stockholms län,50100,Permanent employment
C07697,36,Stockholms län,37800,Temporary/Probation/Freelance
C07698,60,Stockholms län,37300,Permanent employment
C07699,41,Jönköpings län,34900,Permanent employment
C07700,42,Dalarnas län,47600,Permanent employment
C07701,73,Blekinge län,32500,Retired
C07702,59,Skåne län,16800,Unemployed
C07703,57,Stockholms län,54600,Permanent employment
C07704,36,Skåne län,43800,Permanent employment
C07705,20,Dalarnas län,32300,Temporary/Probation/Freelance
C07706,21,Västra Götalands län,29600,Permanent employment
C07707,50,Stockholms län,50300,Permanent employment
C07708,56,Dalarnas län,38000,Permanent employment
C07709,47,Södermanlands län,46400,Permanent employment
C07710,72,Västra Götalands län,74700,Self-employed
C07711,20,Stockholms län,24900,Permanent employment
C07712,40,Västra Götalands län,18000,Self-employed
C07713,27,Stockholms län,41700,Permanent employment
C07714,40,Hallands län,60700,Permanent employment
C07715,22,Västra Götalands län,6600,Student
C07716,75,Uppsala län,32800,Retired
C07717,32,Västernorrlands län,38100,Permanent employment
C07718,69,Stockholms län,17000,Retired
C07719,38,Gävleborgs län,49800,Permanent employment
C07720,73,Kronobergs län,13900,Retired
C07721,49,Västra Götalands län,55600,Permanent employment
C07722,76,Västra Götalands län,24700,Retired
C07723,23,Stockholms län,22000,Permanent employment
C07724,62,Östergötlands län,36900,Retired
C07725,72,Skåne län,29900,Retired
C07726,32,Västmanlands län,40200,Permanent employment
C07727,28,Västerbottens län,44200,Permanent employment
C07728,35,Stockholms län,18000,Self-employed
C07729,66,Jönköpings län,38600,Permanent employment
C07730,48,Västra Götalands län,62600,Permanent employment
C07731,54,Skåne län,30800,Parental leave
C07732,26,Jämtlands län,33500,Permanent employment
C07733,22,Stockholms län,10800,Student
C07734,74,Blekinge län,16200,Retired
C07735,27,Västra Götalands län,42600,Temporary/Probation/Freelance
C07736,63,Stockholms län,39900,Permanent employment
C07737,79,Västra Götalands län,12800,Retired
C07738,33,Stockholms län,10900,Student
C07739,63,Skåne län,50000,Permanent employment
C07740,23,Västra Götalands län,13500,Student
C07741,45,Uppsala län,19800,Self-employed
C07742,27,Stockholms län,31400,Permanent employment
C07743,62,Västerbottens län,18000,Self-employed
C07744,38,Gävleborgs län,50000,Permanent employment
C07745,54,Västernorrlands län,48300,Permanent employment
C07746,54,Norrbottens län,49000,Permanent employment
C07747,26,Stockholms län,37200,Self-employed
C07748,62,Stockholms län,6400,Unemployed
C07749,41,Stockholms län,39400,Permanent employment
C07750,64,Gävleborgs län,65000,Self-employed
C07751,33,Västra Götalands län,40600,Permanent employment
C07752,56,Västra Götalands län,30900,Permanent employment
C07753,29,Västernorrlands län,36100,Permanent employment
C07754,40,Skåne län,33400,Parental leave
C07755,26,Stockholms län,13600,Unemployed
C07756,56,Stockholms län,33100,Permanent employment
C07757,44,Stockholms län,36200,Self-employed
C07758,78,Östergötlands län,18800,Retired
C07759,68,Jönköpings län,24100,Retired
C07760,32,Värmlands län,40000,Permanent employment
C07761,49,Stockholms län,33200,Self-employed
C07762,33,Västra Götalands län,16600,Unemployed
C07763,38,Skåne län,39800,Parental leave
C07764,57,Norrbottens län,64800,Permanent employment
C07765,64,Västra Götalands län,36500,Permanent employment
C07766,62,Västerbottens län,43500,Permanent employment
C07767,35,Östergötlands län,32300,Permanent employment
C07768,43,Stockholms län,41700,Permanent employment
C07769,28,Skåne län,47000,Permanent employment
C07770,63,Stockholms län,27100,Permanent employment
C07771,52,Skåne län,42100,Permanent employment
C07772,57,Uppsala län,42800,Permanent employment
C07773,27,Skåne län,27100,Permanent employment
C07774,43,Jämtlands län,47600,Permanent employment
C07775,37,Södermanlands län,46800,Permanent employment
C07776,23,Norrbottens län,6900,Student
C07777,43,Stockholms län,49500,Permanent employment
C07778,76,Stockholms län,18100,Retired
C07779,68,Skåne län,15800,Unemployed
C07780,47,Västmanlands län,45100,Self-employed
C07781,51,Västra Götalands län,14900,Unemployed
C07782,20,Västra Götalands län,28000,Temporary/Probation/Freelance
C07783,78,Södermanlands län,14500,Retired
C07784,21,Stockholms län,3000,Student
C07785,72,Stockholms län,18500,Retired
C07786,45,Jönköpings län,41200,Permanent employment
C07787,38,Västerbottens län,11400,Student
C07788,70,Västernorrlands län,23700,Retired
C07789,22,Stockholms län,7700,Student
C07790,49,Västra Götalands län,31000,Permanent employment
C07791,49,Hallands län,40100,Permanent employment
C07792,28,Stockholms län,29900,Permanent employment
C07793,40,Jönköpings län,57200,Permanent employment
C07794,61,Skåne län,24400,Retired
C07795,64,Västra Götalands län,34900,Retired
C07796,21,Södermanlands län,10400,Student
C07797,65,Västernorrlands län,37000,Retired
C07798,33,Skåne län,40200,Permanent employment
C07799,32,Uppsala län,40500,Permanent employment
C07800,41,Östergötlands län,19700,Student
C07801,20,Västra Götalands län,6400,Student
C07802,27,Västra Götalands län,33300,Permanent employment
C07803,74,Västra Götalands län,24800,Retired
C07804,38,Södermanlands län,97500,Self-employed
C07805,31,Östergötlands län,35400,Permanent employment
C07806,30,Kronobergs län,31900,Parental leave
C07807,56,Stockholms län,30200,Retired
C07808,66,Västra Götalands län,35100,Retired
C07809,34,Östergötlands län,44300,Permanent employment
C07810,20,Östergötlands län,41900,Temporary/Probation/Freelance
C07811,33,Uppsala län,43300,Permanent employment
C07812,22,Skåne län,10600,Student
C07813,32,Västra Götalands län,30500,Permanent employment
C07814,44,Västmanlands län,11900,Unemployed
C07815,27,Värmlands län,38500,Self-employed
C07816,45,Västra Götalands län,15200,Unemployed
C07817,31,Södermanlands län,41700,Permanent employment
C07818,72,Västra Götalands län,37300,Retired
C07819,66,Stockholms län,12000,Retired
C07820,53,Värmlands län,44100,Self-employed
C07821,38,Värmlands län,58400,Permanent employment
C07822,44,Västra Götalands län,35300,Permanent employment
C07823,43,Stockholms län,40100,Permanent employment
C07824,57,Norrbottens län,46300,Permanent employment
C07825,52,Västra Götalands län,51100,Permanent employment
C07826,75,Västra Götalands län,14200,Retired
C07827,66,Stockholms län,53800,Permanent employment
C07828,37,Kronobergs län,49000,Permanent employment
C07829,45,Stockholms län,35200,Permanent employment
C07830,29,Jönköpings län,15800,Student
C07831,28,Skåne län,45200,Permanent employment
C07832,35,Dalarnas län,45000,Permanent employment
C07833,34,Södermanlands län,34800,Permanent employment
C07834,73,Västra Götalands län,15700,Retired
C07835,30,Stockholms län,35100,Permanent employment
C07836,50,Jönköpings län,52200,Permanent employment
C07837,46,Jämtlands län,33000,Permanent employment
C07838,61,Västra Götalands län,37200,Permanent employment
C07839,43,Skåne län,47000,Permanent employment
C07840,70,Uppsala län,28900,Retired
C07841,52,Jönköpings län,57100,Self-employed
C07842,39,Stockholms län,39500,Permanent employment
C07843,21,Jönköpings län,29300,Permanent employment
C07844,48,Stockholms län,41800,Permanent employment
C07845,76,Värmlands län,25800,Retired
C07846,45,Stockholms län,49100,Permanent employment
C07847,65,Stockholms län,22700,Retired
C07848,50,Västra Götalands län,45800,Permanent employment
C07849,26,Gävleborgs län,30000,Temporary/Probation/Freelance
C07850,20,Västerbottens län,2100,Student
C07851,44,Västmanlands län,54100,Permanent employment
C07852,57,Stockholms län,50200,Permanent employment
C07853,63,Södermanlands län,6800,Unemployed
C07854,36,Dalarnas län,46900,Temporary/Probation/Freelance
C07855,52,Gävleborgs län,33300,Temporary/Probation/Freelance
C07856,40,Västra Götalands län,48800,Permanent employment
C07857,40,Östergötlands län,41500,Permanent employment
C07858,31,Stockholms län,38900,Permanent employment
C07859,29,Västmanlands län,41800,Permanent employment
C07860,28,Stockholms län,19100,Student
C07861,23,Västra Götalands län,4500,Student
C07862,29,Västerbottens län,45900,Permanent employment
C07863,24,Västra Götalands län,7900,Student
C07864,58,Uppsala län,19700,Unemployed
C07865,38,Södermanlands län,34800,Permanent employment
C07866,74,Stockholms län,23400,Retired
C07867,28,Västra Götalands län,23500,Permanent employment
C07868,35,Skåne län,40400,Permanent employment
C07869,39,Stockholms län,41700,Permanent employment
C07870,24,Stockholms län,33500,Temporary/Probation/Freelance
C07871,67,Stockholms län,12900,Retired
C07872,22,Norrbottens län,43300,Temporary/Probation/Freelance
C07873,65,Örebro län,36700,Retired
C07874,77,Kronobergs län,44100,Permanent employment
C07875,51,Jämtlands län,8700,Unemployed
C07876,47,Västra Götalands län,35100,Permanent employment
C07877,58,Västra Götalands län,43700,Permanent employment
C07878,39,Västra Götalands län,39500,Permanent employment
C07879,62,Västra Götalands län,51900,Permanent employment
C07880,24,Stockholms län,8300,Student
C07881,20,Skåne län,12300,Student
C07882,47,Västmanlands län,44000,Self-employed
C07883,54,Stockholms län,35300,Self-employed
C07884,65,Stockholms län,23900,Temporary/Probation/Freelance
C07885,25,Uppsala län,30000,Permanent employment
C07886,76,Södermanlands län,21300,Retired
C07887,34,Stockholms län,38500,Permanent employment
C07888,35,Västra Götalands län,46600,Permanent employment
C07889,36,Södermanlands län,45200,Permanent employment
C07890,36,Stockholms län,43600,Permanent employment
C07891,31,Gävleborgs län,24900,Permanent employment
C07892,53,Västra Götalands län,53100,Permanent employment
C07893,72,Uppsala län,13200,Retired
C07894,38,Jönköpings län,48500,Permanent employment
C07895,46,Västra Götalands län,18900,Unemployed
C07896,67,Värmlands län,32300,Retired
C07897,64,Stockholms län,48600,Permanent employment
C07898,49,Västernorrlands län,45500,Permanent employment
C07899,33,Värmlands län,5500,Student
C07900,72,Västmanlands län,14100,Retired
C07901,47,Stockholms län,45300,Permanent employment
C07902,33,Stockholms län,24600,Temporary/Probation/Freelance
C07903,44,Östergötlands län,41400,Permanent employment
C07904,67,Stockholms län,28700,Retired
C07905,21,Stockholms län,9100,Student
C07906,76,Stockholms län,37700,Permanent employment
C07907,32,Västra Götalands län,24900,Student
C07908,65,Stockholms län,40600,Permanent employment
C07909,38,Stockholms län,34700,Parental leave
C07910,48,Jämtlands län,49900,Permanent employment
C07911,70,Stockholms län,21000,Retired
C07912,36,Skåne län,11200,Unemployed
C07913,51,Västra Götalands län,33600,Permanent employment
C07914,24,Västerbottens län,11200,Student
C07915,21,Gävleborgs län,30300,Temporary/Probation/Freelance
C07916,30,Blekinge län,29500,Permanent employment
C07917,60,Jämtlands län,32800,Retired
C07918,30,Blekinge län,42400,Permanent employment
C07919,34,Västra Götalands län,30200,Temporary/Probation/Freelance
C07920,42,Uppsala län,42400,Permanent employment
C07921,64,Västra Götalands län,22400,Retired
C07922,58,Skåne län,20500,Temporary/Probation/Freelance
C07923,34,Hallands län,33800,Permanent employment
C07924,20,Västra Götalands län,16900,Unemployed
C07925,77,Stockholms län,42100,Self-employed
C07926,28,Södermanlands län,47100,Temporary/Probation/Freelance
C07927,65,Västra Götalands län,19700,Retired
C07928,67,Stockholms län,23300,Retired
C07929,55,Östergötlands län,46400,Permanent employment
C07930,31,Västra Götalands län,56200,Self-employed
C07931,76,Västernorrlands län,22100,Retired
C07932,55,Stockholms län,38100,Permanent employment
C07933,48,Skåne län,42900,Permanent employment
C07934,35,Stockholms län,48000,Permanent employment
C07935,36,Jönköpings län,43200,Permanent employment
C07936,25,Stockholms län,55000,Permanent employment
C07937,49,Västra Götalands län,43000,Permanent employment
C07938,51,Västra Götalands län,46700,Permanent employment
C07939,37,Uppsala län,30200,Parental leave
C07940,52,Västra Götalands län,43500,Permanent employment
C07941,39,Skåne län,51100,Permanent employment
C07942,59,Södermanlands län,35900,Permanent employment
C07943,77,Skåne län,40500,Retired
C07944,29,Jönköpings län,25900,Parental leave
C07945,42,Stockholms län,48300,Permanent employment
C07946,26,Västra Götalands län,48800,Self-employed
C07947,56,Värmlands län,42900,Permanent employment
C07948,62,Värmlands län,52200,Permanent employment
C07949,73,Kronobergs län,37500,Retired
C07950,44,Stockholms län,39500,Permanent employment
C07951,74,Västmanlands län,18600,Retired
C07952,21,Östergötlands län,33800,Permanent employment
C07953,48,Västra Götalands län,44700,Permanent employment
C07954,21,Örebro län,7500,Student
C07955,68,Västra Götalands län,21900,Retired
C07956,54,Kronobergs län,41500,Permanent employment
C07957,55,Jämtlands län,35200,Permanent employment
C07958,66,Västra Götalands län,25800,Retired
C07959,31,Skåne län,38400,Permanent employment
C07960,20,Västra Götalands län,7700,Student
C07961,76,Stockholms län,12000,Retired
C07962,35,Kronobergs län,42700,Permanent employment
C07963,26,Dalarnas län,51700,Permanent employment
C07964,48,Stockholms län,42700,Permanent employment
C07965,51,Kalmar län,42900,Permanent employment
C07966,23,Kalmar län,26100,Temporary/Probation/Freelance
C07967,39,Jönköpings län,49300,Permanent employment
C07968,23,Skåne län,15400,Student
C07969,38,Norrbottens län,33200,Self-employed
C07970,73,Uppsala län,13400,Retired
C07971,79,Västra Götalands län,21500,Retired
C07972,60,Västra Götalands län,39300,Permanent employment
C07973,27,Hallands län,28300,Temporary/Probation/Freelance
C07974,70,Stockholms län,32300,Retired
C07975,51,Skåne län,37800,Permanent employment
C07976,31,Västerbottens län,41000,Permanent employment
C07977,72,Östergötlands län,26900,Retired
C07978,58,Västra Götalands län,27400,Retired
C07979,55,Västerbottens län,47900,Permanent employment
C07980,60,Värmlands län,18000,Self-employed
C07981,32,Västra Götalands län,42200,Permanent employment
C07982,29,Västerbottens län,37900,Permanent employment
C07983,57,Stockholms län,24500,Temporary/Probation/Freelance
C07984,28,Västra Götalands län,39900,Parental leave
C07985,42,Kalmar län,51300,Permanent employment
C07986,60,Jönköpings län,37300,Permanent employment
C07987,59,Skåne län,39700,Permanent employment
C07988,53,Stockholms län,52600,Permanent employment
C07989,64,Östergötlands län,42800,Permanent employment
C07990,67,Stockholms län,14800,Retired
C07991,61,Stockholms län,55300,Permanent employment
C07992,33,Östergötlands län,40600,Self-employed
C07993,38,Värmlands län,45200,Permanent employment
C07994,44,Stockholms län,48200,Permanent employment
C07995,34,Skåne län,32100,Permanent employment
C07996,37,Västra Götalands län,54100,Permanent employment
C07997,25,Uppsala län,31500,Permanent employment
C07998,53,Västernorrlands län,46700,Permanent employment
C07999,77,Dalarnas län,20200,Retired
C08000,25,Uppsala län,15300,Student
C08001,56,Norrbottens län,34500,Temporary/Probation/Freelance
C08002,63,Västra Götalands län,13300,Unemployed
C08003,29,Södermanlands län,27100,Permanent employment
C08004,68,Västra Götalands län,26500,Retired
C08005,53,Västra Götalands län,46000,Permanent employment
C08006,43,Hallands län,34200,Permanent employment
C08007,56,Västra Götalands län,25300,Retired
C08008,27,Uppsala län,42600,Permanent employment
C08009,57,Norrbottens län,43500,Permanent employment
C08010,24,Västmanlands län,7500,Student
C08011,77,Västra Götalands län,33500,Retired
C08012,37,Stockholms län,57800,Permanent employment
C08013,64,Hallands län,16100,Retired
C08014,30,Västra Götalands län,45200,Permanent employment
C08015,56,Västmanlands län,52700,Self-employed
C08016,60,Jämtlands län,38700,Permanent employment
C08017,50,Västernorrlands län,41200,Self-employed
C08018,46,Kalmar län,43800,Permanent employment
C08019,50,Gävleborgs län,52400,Permanent employment
C08020,70,Stockholms län,20800,Retired
C08021,50,Jönköpings län,32200,Permanent employment
C08022,76,Stockholms län,22400,Retired
C08023,77,Dalarnas län,30500,Retired
C08024,39,Västernorrlands län,66400,Self-employed
C08025,31,Uppsala län,35100,Permanent employment
C08026,39,Jönköpings län,15900,Unemployed
C08027,75,Norrbottens län,32300,Retired
C08028,25,Skåne län,42600,Permanent employment
C08029,53,Skåne län,82200,Self-employed
C08030,67,Skåne län,33700,Retired
C08031,36,Västra Götalands län,27400,Parental leave
C08032,64,Västerbottens län,42300,Permanent employment
C08033,30,Jönköpings län,75600,Self-employed
C08034,32,Stockholms län,29800,Permanent employment
C08035,66,Stockholms län,23400,Retired
C08036,28,Stockholms län,51300,Permanent employment
C08037,36,Skåne län,59200,Permanent employment
C08038,76,Västernorrlands län,26000,Retired
C08039,43,Västra Götalands län,16700,Temporary/Probation/Freelance
C08040,74,Norrbottens län,21400,Retired
C08041,77,Gävleborgs län,29000,Retired
C08042,36,Skåne län,39500,Permanent employment
C08043,21,Skåne län,46400,Permanent employment
C08044,56,Västra Götalands län,40800,Self-employed
C08045,49,Stockholms län,54300,Permanent employment
C08046,29,Hallands län,37200,Permanent employment
C08047,61,Skåne län,15200,Unemployed
C08048,20,Västra Götalands län,10000,Student
C08049,76,Skåne län,20000,Retired
C08050,26,Östergötlands län,35200,Permanent employment
C08051,30,Hallands län,42900,Permanent employment
C08052,26,Jönköpings län,8900,Student
C08053,68,Stockholms län,20800,Retired
C08054,64,Västra Götalands län,28200,Retired
C08055,70,Östergötlands län,34600,Retired
C08056,41,Gävleborgs län,57000,Permanent employment
C08057,44,Stockholms län,10000,Unemployed
C08058,29,Hallands län,32600,Permanent employment
C08059,52,Skåne län,54100,Permanent employment
C08060,50,Stockholms län,41500,Permanent employment
C08061,59,Blekinge län,40700,Self-employed
C08062,28,Västra Götalands län,28600,Permanent employment
C08063,70,Östergötlands län,28900,Retired
C08064,30,Stockholms län,37800,Permanent employment
C08065,70,Västra Götalands län,31300,Retired
C08066,20,Stockholms län,35600,Permanent employment
C08067,50,Västra Götalands län,52400,Permanent employment
C08068,35,Västmanlands län,52500,Permanent employment
C08069,39,Stockholms län,38000,Self-employed
C08070,51,Blekinge län,44900,Permanent employment
C08071,35,Skåne län,14800,Unemployed
C08072,35,Västra Götalands län,45800,Permanent employment
C08073,60,Östergötlands län,47800,Permanent employment
C08074,61,Kalmar län,39800,Permanent employment
C08075,70,Stockholms län,26100,Retired
C08076,29,Stockholms län,34000,Permanent employment
C08077,50,Skåne län,49600,Self-employed
C08078,47,Stockholms län,47600,Permanent employment
C08079,43,Stockholms län,36800,Permanent employment
C08080,49,Östergötlands län,47500,Permanent employment
C08081,36,Stockholms län,19500,Unemployed
C08082,34,Stockholms län,38500,Temporary/Probation/Freelance
C08083,34,Södermanlands län,29700,Permanent employment
C08084,31,Stockholms län,29200,Permanent employment
C08085,57,Värmlands län,46700,Permanent employment
C08086,55,Stockholms län,14600,Unemployed
C08087,67,Västra Götalands län,42300,Self-employed
C08088,63,Kronobergs län,4000,Unemployed
C08089,24,Västra Götalands län,22800,Permanent employment
C08090,71,Stockholms län,32900,Retired
C08091,67,Västernorrlands län,45900,Permanent employment
C08092,38,Västra Götalands län,58900,Permanent employment
C08093,45,Stockholms län,51100,Permanent employment
C08094,67,Stockholms län,26200,Retired
C08095,51,Västra Götalands län,18000,Self-employed
C08096,68,Västernorrlands län,26200,Retired
C08097,26,Skåne län,37400,Permanent employment
C08098,29,Skåne län,30100,Permanent employment
C08099,39,Uppsala län,54100,Permanent employment
C08100,46,Kronobergs län,45400,Permanent employment
C08101,79,Södermanlands län,26800,Retired
C08102,79,Jönköpings län,18100,Retired
C08103,40,Stockholms län,47500,Permanent employment
C08104,21,Stockholms län,28700,Temporary/Probation/Freelance
C08105,68,Västra Götalands län,39900,Retired
C08106,45,Västra Götalands län,41100,Permanent employment
C08107,27,Östergötlands län,33100,Permanent employment
C08108,53,Dalarnas län,46800,Permanent employment
C08109,64,Uppsala län,41400,Permanent employment
C08110,61,Kronobergs län,44700,Permanent employment
C08111,50,Västra Götalands län,56500,Permanent employment
C08112,35,Västra Götalands län,38200,Permanent employment
C08113,73,Västmanlands län,24700,Retired
C08114,63,Stockholms län,19500,Retired
C08115,35,Stockholms län,40300,Permanent employment
C08116,40,Västra Götalands län,42500,Self-employed
C08117,61,Östergötlands län,24000,Retired
C08118,26,Stockholms län,50500,Permanent employment
C08119,34,Hallands län,34300,Permanent employment
C08120,52,Kronobergs län,13000,Unemployed
C08121,42,Jönköpings län,18000,Self-employed
C08122,60,Uppsala län,33600,Temporary/Probation/Freelance
C08123,33,Stockholms län,38900,Permanent employment
C08124,57,Stockholms län,47200,Permanent employment
C08125,36,Skåne län,46700,Permanent employment
C08126,21,Södermanlands län,900,Student
C08127,30,Dalarnas län,50100,Permanent employment
C08128,71,Stockholms län,26000,Retired
C08129,70,Dalarnas län,26500,Retired
C08130,27,Kalmar län,50300,Permanent employment
C08131,59,Södermanlands län,39600,Permanent employment
C08132,52,Östergötlands län,35300,Permanent employment
C08133,70,Östergötlands län,16300,Retired
C08134,36,Skåne län,13900,Unemployed
C08135,61,Jönköpings län,42900,Self-employed
C08136,23,Västra Götalands län,41400,Permanent employment
C08137,35,Gotlands län,47700,Permanent employment
C08138,66,Västra Götalands län,13700,Retired
C08139,48,Hallands län,40200,Permanent employment
C08140,41,Uppsala län,40800,Permanent employment
C08141,26,Örebro län,36100,Permanent employment
C08142,60,Värmlands län,11200,Unemployed
C08143,56,Norrbottens län,34500,Permanent employment
C08144,41,Stockholms län,46000,Permanent employment
C08145,66,Västmanlands län,39800,Permanent employment
C08146,22,Dalarnas län,22000,Permanent employment
C08147,43,Västra Götalands län,56200,Permanent employment
C08148,77,Skåne län,23500,Retired
C08149,38,Västerbottens län,41900,Parental leave
C08150,29,Västerbottens län,18500,Unemployed
C08151,53,Västra Götalands län,41800,Permanent employment
C08152,71,Jönköpings län,36800,Retired
C08153,32,Örebro län,18400,Unemployed
C08154,79,Stockholms län,19900,Retired
C08155,75,Södermanlands län,21700,Retired
C08156,27,Norrbottens län,40100,Permanent employment
C08157,58,Örebro län,28300,Temporary/Probation/Freelance
C08158,41,Jämtlands län,52200,Permanent employment
C08159,38,Hallands län,47700,Permanent employment
C08160,56,Kalmar län,50300,Permanent employment
C08161,78,Norrbottens län,28300,Retired
C08162,34,Östergötlands län,33200,Permanent employment
C08163,40,Västra Götalands län,7500,Unemployed
C08164,53,Skåne län,25600,Parental leave
C08165,36,Stockholms län,59800,Permanent employment
C08166,35,Stockholms län,51900,Permanent employment
C08167,20,Kronobergs län,31000,Temporary/Probation/Freelance
C08168,55,Skåne län,52700,Permanent employment
C08169,37,Stockholms län,45200,Permanent employment
C08170,29,Kalmar län,10600,Student
C08171,77,Västra Götalands län,45700,Permanent employment
C08172,76,Västra Götalands län,21000,Retired
C08173,53,Stockholms län,38800,Permanent employment
C08174,44,Västra Götalands län,48100,Permanent employment
C08175,56,Stockholms län,45400,Self-employed
C08176,35,Stockholms län,43300,Permanent employment
C08177,25,Stockholms län,41800,Permanent employment
C08178,62,Västra Götalands län,40400,Permanent employment
C08179,21,Stockholms län,17200,Unemployed
C08180,34,Stockholms län,29600,Permanent employment
C08181,21,Stockholms län,22000,Permanent employment
C08182,26,Jämtlands län,22100,Parental leave
C08183,24,Gävleborgs län,30100,Permanent employment
C08184,73,Stockholms län,14500,Retired
C08185,43,Östergötlands län,57200,Permanent employment
C08186,26,Jämtlands län,49900,Permanent employment
C08187,27,Stockholms län,40800,Permanent employment
C08188,66,Stockholms län,30400,Retired
C08189,50,Stockholms län,39000,Permanent employment
C08190,41,Västerbottens län,53100,Permanent employment
C08191,76,Västra Götalands län,40900,Permanent employment
C08192,40,Stockholms län,44600,Permanent employment
C08193,37,Stockholms län,43600,Permanent employment
C08194,27,Västerbottens län,33000,Permanent employment
C08195,36,Gotlands län,49100,Permanent employment
C08196,36,Hallands län,41200,Permanent employment
C08197,59,Södermanlands län,41200,Permanent employment
C08198,42,Västra Götalands län,29100,Permanent employment
C08199,50,Stockholms län,47600,Permanent employment
C08200,20,Värmlands län,29300,Permanent employment
C08201,29,Stockholms län,31400,Permanent employment
C08202,44,Stockholms län,43300,Permanent employment
C08203,68,Skåne län,20600,Retired
C08204,43,Örebro län,34200,Permanent employment
C08205,64,Kronobergs län,35300,Retired
C08206,29,Stockholms län,19700,Unemployed
C08207,25,Skåne län,43000,Permanent employment
C08208,24,Västra Götalands län,38700,Permanent employment
C08209,39,Västra Götalands län,26000,Temporary/Probation/Freelance
C08210,29,Kalmar län,37900,Permanent employment
C08211,26,Stockholms län,34300,Permanent employment
C08212,60,Hallands län,25700,Retired
C08213,24,Östergötlands län,14800,Student
C08214,46,Jämtlands län,44500,Permanent employment
C08215,44,Skåne län,21800,Self-employed
C08216,52,Skåne län,47900,Permanent employment
C08217,50,Östergötlands län,7000,Student
C08218,44,Östergötlands län,51500,Permanent employment
C08219,37,Skåne län,58100,Permanent employment
C08220,63,Östergötlands län,31400,Retired
C08221,77,Gävleborgs län,22400,Retired
C08222,28,Blekinge län,38800,Permanent employment
C08223,27,Södermanlands län,37300,Permanent employment
C08224,71,Stockholms län,17600,Retired
C08225,42,Västra Götalands län,7300,Student
C08226,51,Stockholms län,43900,Permanent employment
C08227,35,Skåne län,43400,Permanent employment
C08228,25,Skåne län,29400,Permanent employment
C08229,49,Östergötlands län,45300,Permanent employment
C08230,52,Västra Götalands län,44600,Permanent employment
C08231,34,Västra Götalands län,22200,Permanent employment
C08232,47,Västerbottens län,44100,Permanent employment
C08233,72,Skåne län,12000,Retired
C08234,47,Skåne län,37900,Permanent employment
C08235,28,Uppsala län,20500,Temporary/Probation/Freelance
C08236,54,Kronobergs län,43400,Permanent employment
C08237,61,Stockholms län,6600,Student
C08238,57,Västra Götalands län,27300,Temporary/Probation/Freelance
C08239,58,Östergötlands län,56300,Permanent employment
C08240,32,Skåne län,5200,Student
C08241,58,Uppsala län,50700,Permanent employment
C08242,63,Västra Götalands län,28100,Retired
C08243,23,Skåne län,33100,Temporary/Probation/Freelance
C08244,38,Skåne län,53600,Permanent employment
C08245,39,Jämtlands län,12200,Unemployed
C08246,55,Västra Götalands län,22900,Retired
C08247,31,Uppsala län,32100,Permanent employment
C08248,53,Skåne län,28300,Permanent employment
C08249,76,Skåne län,24600,Retired
C08250,73,Värmlands län,35900,Retired
C08251,65,Örebro län,33300,Permanent employment
C08252,79,Södermanlands län,14900,Retired
C08253,22,Örebro län,11500,Student
C08254,48,Stockholms län,28200,Temporary/Probation/Freelance
C08255,42,Västra Götalands län,20000,Unemployed
C08256,79,Uppsala län,20300,Retired
C08257,28,Södermanlands län,72600,Self-employed
C08258,72,Västmanlands län,46100,Permanent employment
C08259,48,Kalmar län,52900,Permanent employment
C08260,63,Norrbottens län,10800,Unemployed
C08261,30,Stockholms län,36400,Permanent employment
C08262,25,Skåne län,47900,Self-employed
C08263,64,Västra Götalands län,45500,Permanent employment
C08264,21,Stockholms län,24200,Temporary/Probation/Freelance
C08265,71,Stockholms län,20400,Retired
C08266,21,Stockholms län,17700,Student
C08267,61,Norrbottens län,49300,Permanent employment
C08268,37,Västra Götalands län,36400,Permanent employment
C08269,45,Jönköpings län,46800,Permanent employment
C08270,62,Stockholms län,51500,Permanent employment
C08271,44,Stockholms län,39900,Permanent employment
C08272,34,Skåne län,34200,Temporary/Probation/Freelance
C08273,21,Västerbottens län,12900,Student
C08274,52,Västra Götalands län,33200,Permanent employment
C08275,45,Jönköpings län,39600,Permanent employment
C08276,57,Skåne län,39300,Permanent employment
C08277,46,Norrbottens län,45000,Permanent employment
C08278,35,Skåne län,41200,Permanent employment
C08279,39,Västerbottens län,47700,Permanent employment
C08280,22,Stockholms län,8400,Student
C08281,44,Västra Götalands län,20600,Parental leave
C08282,79,Västra Götalands län,12000,Retired
C08283,72,Västra Götalands län,20100,Retired
C08284,40,Skåne län,46100,Permanent employment
C08285,54,Stockholms län,45000,Permanent employment
C08286,78,Stockholms län,16300,Retired
C08287,43,Västernorrlands län,50800,Permanent employment
C08288,20,Stockholms län,26800,Temporary/Probation/Freelance
C08289,22,Norrbottens län,14300,Student
C08290,50,Västra Götalands län,51200,Permanent employment
C08291,66,Skåne län,29600,Retired
C08292,63,Västernorrlands län,47500,Permanent employment
C08293,21,Värmlands län,22000,Permanent employment
C08294,27,Blekinge län,36600,Permanent employment
C08295,60,Stockholms län,34300,Retired
C08296,66,Dalarnas län,41300,Permanent employment
C08297,49,Västra Götalands län,34200,Permanent employment
C08298,56,Värmlands län,28900,Retired
C08299,23,Västra Götalands län,33800,Permanent employment
C08300,68,Södermanlands län,23100,Retired
C08301,57,Västmanlands län,41000,Permanent employment
C08302,29,Stockholms län,39600,Permanent employment
C08303,60,Uppsala län,29200,Retired
C08304,31,Stockholms län,38600,Permanent employment
C08305,21,Stockholms län,34600,Temporary/Probation/Freelance
C08306,32,Skåne län,49700,Permanent employment
C08307,33,Stockholms län,36100,Permanent employment
C08308,38,Stockholms län,63800,Permanent employment
C08309,38,Stockholms län,57700,Permanent employment
C08310,51,Västra Götalands län,41700,Permanent employment
C08311,54,Skåne län,59300,Permanent employment
C08312,44,Skåne län,41300,Permanent employment
C08313,22,Västra Götalands län,49500,Temporary/Probation/Freelance
C08314,53,Skåne län,28500,Parental leave
C08315,36,Jönköpings län,48600,Permanent employment
C08316,40,Västerbottens län,48500,Permanent employment
C08317,74,Stockholms län,21200,Retired
C08318,64,Östergötlands län,27000,Retired
C08319,72,Hallands län,32000,Retired
C08320,49,Värmlands län,45600,Permanent employment
C08321,29,Örebro län,39800,Permanent employment
C08322,62,Stockholms län,48700,Permanent employment
C08323,25,Västra Götalands län,30200,Permanent employment
C08324,40,Västra Götalands län,30500,Parental leave
C08325,21,Stockholms län,16300,Student
C08326,77,Stockholms län,22000,Retired
C08327,33,Västra Götalands län,42200,Permanent employment
C08328,76,Uppsala län,18000,Self-employed
C08329,70,Stockholms län,24600,Retired
C08330,51,Stockholms län,42500,Self-employed
C08331,58,Stockholms län,43400,Permanent employment
C08332,54,Uppsala län,43800,Permanent employment
C08333,65,Östergötlands län,51700,Permanent employment
C08334,43,Uppsala län,38600,Permanent employment
C08335,60,Västernorrlands län,40500,Permanent employment
C08336,47,Stockholms län,39500,Permanent employment
C08337,68,Skåne län,14700,Retired
C08338,54,Västerbottens län,44500,Permanent employment
C08339,50,Dalarnas län,38400,Permanent employment
C08340,60,Östergötlands län,32000,Temporary/Probation/Freelance
C08341,76,Östergötlands län,44900,Permanent employment
C08342,53,Hallands län,46100,Permanent employment
C08343,28,Västernorrlands län,42000,Permanent employment
C08344,49,Stockholms län,28600,Permanent employment
C08345,69,Kronobergs län,34400,Retired
C08346,57,Västmanlands län,42600,Permanent employment
C08347,66,Kalmar län,47800,Permanent employment
C08348,21,Västra Götalands län,22000,Temporary/Probation/Freelance
C08349,53,Västra Götalands län,36100,Permanent employment
C08350,64,Stockholms län,27500,Retired
C08351,75,Skåne län,29000,Retired
C08352,24,Skåne län,20200,Temporary/Probation/Freelance
C08353,73,Västra Götalands län,28100,Retired
C08354,49,Örebro län,49900,Permanent employment
C08355,33,Västra Götalands län,16500,Unemployed
C08356,38,Stockholms län,47800,Self-employed
C08357,36,Västra Götalands län,47200,Permanent employment
C08358,47,Skåne län,75800,Self-employed
C08359,20,Skåne län,25400,Temporary/Probation/Freelance
C08360,29,Jönköpings län,44100,Permanent employment
C08361,65,Västra Götalands län,45900,Permanent employment
C08362,25,Västra Götalands län,28400,Permanent employment
C08363,31,Hallands län,28000,Permanent employment
C08364,46,Dalarnas län,46200,Permanent employment
C08365,52,Stockholms län,33800,Permanent employment
C08366,60,Södermanlands län,12000,Retired
C08367,38,Skåne län,68100,Permanent employment
C08368,63,Västerbottens län,22300,Temporary/Probation/Freelance
C08369,54,Stockholms län,35500,Parental leave
C08370,32,Östergötlands län,39600,Permanent employment
C08371,34,Västernorrlands län,54300,Permanent employment
C08372,37,Gävleborgs län,79100,Self-employed
C08373,37,Dalarnas län,48900,Permanent employment
C08374,58,Östergötlands län,33100,Permanent employment
C08375,53,Västmanlands län,42300,Temporary/Probation/Freelance
C08376,43,Skåne län,36300,Permanent employment
C08377,29,Västra Götalands län,38600,Temporary/Probation/Freelance
C08378,33,Uppsala län,31100,Permanent employment
C08379,50,Västra Götalands län,41500,Permanent employment
C08380,42,Östergötlands län,61300,Permanent employment
C08381,52,Östergötlands län,15000,Unemployed
C08382,34,Västra Götalands län,32500,Permanent employment
C08383,61,Uppsala län,22400,Retired
C08384,68,Stockholms län,25600,Retired
C08385,28,Jönköpings län,29600,Self-employed
C08386,50,Västra Götalands län,49600,Permanent employment
C08387,78,Stockholms län,30300,Self-employed
C08388,43,Värmlands län,18000,Self-employed
C08389,51,Västra Götalands län,43500,Permanent employment
C08390,29,Västra Götalands län,33800,Permanent employment
C08391,49,Skåne län,47600,Self-employed
C08392,32,Västra Götalands län,13200,Unemployed
C08393,70,Stockholms län,30000,Retired
C08394,55,Östergötlands län,48000,Permanent employment
C08395,55,Västra Götalands län,28900,Permanent employment
C08396,63,Norrbottens län,23600,Retired
C08397,52,Stockholms län,12200,Unemployed
C08398,50,Skåne län,42900,Permanent employment
C08399,77,Västernorrlands län,12000,Retired
C08400,65,Dalarnas län,22000,Permanent employment
C08401,46,Stockholms län,55500,Permanent employment
C08402,74,Skåne län,22200,Retired
C08403,47,Stockholms län,15200,Unemployed
C08404,54,Värmlands län,40200,Permanent employment
C08405,47,Östergötlands län,8300,Unemployed
C08406,26,Västra Götalands län,34200,Permanent employment
C08407,23,Jämtlands län,4900,Student
C08408,26,Västerbottens län,42300,Permanent employment
C08409,50,Gävleborgs län,47300,Permanent employment
C08410,41,Stockholms län,49600,Permanent employment
C08411,38,Stockholms län,47700,Permanent employment
C08412,65,Västra Götalands län,12000,Retired
C08413,40,Skåne län,42400,Permanent employment
C08414,51,Stockholms län,23400,Temporary/Probation/Freelance
C08415,28,Kronobergs län,31300,Temporary/Probation/Freelance
C08416,20,Gävleborgs län,33200,Self-employed
C08417,58,Gävleborgs län,45200,Permanent employment
C08418,54,Stockholms län,47500,Permanent employment
C08419,58,Kronobergs län,41200,Permanent employment
C08420,34,Skåne län,40000,Permanent employment
C08421,49,Västmanlands län,47600,Permanent employment
C08422,27,Skåne län,38900,Permanent employment
C08423,34,Västerbottens län,40500,Permanent employment
C08424,21,Värmlands län,34600,Permanent employment
C08425,33,Västerbottens län,35400,Permanent employment
C08426,35,Västra Götalands län,39800,Permanent employment
C08427,29,Dalarnas län,40400,Permanent employment
C08428,69,Örebro län,19900,Retired
C08429,42,Uppsala län,44900,Permanent employment
C08430,30,Stockholms län,37100,Permanent employment
C08431,30,Dalarnas län,49800,Permanent employment
C08432,50,Stockholms län,50300,Permanent employment
C08433,23,Kalmar län,38600,Permanent employment
C08434,79,Örebro län,45900,Permanent employment
C08435,65,Örebro län,25900,Retired
C08436,27,Stockholms län,40900,Permanent employment
C08437,54,Skåne län,41800,Permanent employment
C08438,23,Skåne län,24500,Self-employed
C08439,60,Östergötlands län,28000,Retired
C08440,39,Västernorrlands län,48600,Permanent employment
C08441,44,Västra Götalands län,55000,Permanent employment
C08442,25,Norrbottens län,44000,Permanent employment
C08443,59,Stockholms län,39900,Permanent employment
C08444,36,Kronobergs län,37200,Permanent employment
C08445,25,Västmanlands län,40400,Permanent employment
C08446,58,Kalmar län,43200,Permanent employment
C08447,50,Uppsala län,11800,Unemployed
C08448,71,Norrbottens län,27700,Retired
C08449,33,Dalarnas län,23600,Self-employed
C08450,59,Skåne län,11500,Unemployed
C08451,62,Skåne län,63000,Permanent employment
C08452,32,Stockholms län,22100,Temporary/Probation/Freelance
C08453,63,Norrbottens län,46100,Permanent employment
C08454,37,Örebro län,52000,Permanent employment
C08455,67,Stockholms län,29800,Retired
C08456,33,Stockholms län,42700,Permanent employment
C08457,61,Örebro län,53100,Self-employed
C08458,38,Stockholms län,44900,Permanent employment
C08459,79,Jämtlands län,34000,Retired
C08460,35,Norrbottens län,38300,Parental leave
C08461,71,Dalarnas län,30900,Retired
C08462,74,Västra Götalands län,54200,Permanent employment
C08463,40,Skåne län,51700,Permanent employment
C08464,67,Stockholms län,21600,Retired
C08465,78,Västra Götalands län,24500,Temporary/Probation/Freelance
C08466,29,Kronobergs län,32200,Parental leave
C08467,37,Skåne län,47000,Permanent employment
C08468,52,Södermanlands län,48200,Permanent employment
C08469,39,Uppsala län,55700,Permanent employment
C08470,21,Östergötlands län,38200,Self-employed
C08471,34,Örebro län,36900,Permanent employment
C08472,40,Gotlands län,47100,Permanent employment
C08473,36,Östergötlands län,44000,Permanent employment
C08474,32,Blekinge län,25200,Permanent employment
C08475,73,Stockholms län,20700,Retired
C08476,57,Gävleborgs län,36100,Permanent employment
C08477,30,Skåne län,47600,Permanent employment
C08478,60,Stockholms län,37200,Permanent employment
C08479,56,Södermanlands län,42700,Permanent employment
C08480,74,Norrbottens län,45900,Self-employed
C08481,24,Hallands län,33500,Permanent employment
C08482,32,Södermanlands län,49700,Self-employed
C08483,78,Gotlands län,45200,Permanent employment
C08484,77,Uppsala län,17700,Retired
C08485,62,Stockholms län,41100,Permanent employment
C08486,57,Västmanlands län,14200,Retired
C08487,29,Södermanlands län,32300,Parental leave
C08488,51,Västmanlands län,25400,Parental leave
C08489,29,Skåne län,38100,Parental leave
C08490,30,Stockholms län,24200,Permanent employment
C08491,66,Värmlands län,37400,Retired
C08492,32,Jönköpings län,39600,Permanent employment
C08493,49,Västra Götalands län,42900,Permanent employment
C08494,70,Västmanlands län,27800,Retired
C08495,25,Västerbottens län,48200,Permanent employment
C08496,74,Stockholms län,37100,Retired
C08497,66,Stockholms län,43000,Permanent employment
C08498,48,Skåne län,31000,Permanent employment
C08499,33,Uppsala län,29300,Temporary/Probation/Freelance
C08500,40,Skåne län,41300,Permanent employment
C08501,42,Stockholms län,56800,Self-employed
C08502,36,Skåne län,12300,Unemployed
C08503,44,Stockholms län,37100,Permanent employment
C08504,79,Västmanlands län,20200,Retired
C08505,29,Västra Götalands län,47600,Permanent employment
C08506,55,Stockholms län,14500,Unemployed
C08507,23,Västmanlands län,36900,Permanent employment
C08508,54,Östergötlands län,42100,Permanent employment
C08509,65,Jönköpings län,51200,Permanent employment
C08510,43,Stockholms län,38900,Permanent employment
C08511,26,Västmanlands län,32700,Permanent employment
C08512,61,Kalmar län,19500,Unemployed
C08513,57,Stockholms län,68800,Self-employed
C08514,56,Västerbottens län,6400,Unemployed
C08515,38,Uppsala län,52000,Permanent employment
C08516,31,Västernorrlands län,28600,Permanent employment
C08517,71,Södermanlands län,31300,Retired
C08518,73,Örebro län,31200,Retired
C08519,47,Västra Götalands län,56000,Permanent employment
C08520,71,Västmanlands län,35800,Retired
C08521,50,Västerbottens län,46600,Permanent employment
C08522,44,Dalarnas län,43300,Permanent employment
C08523,31,Kalmar län,37900,Permanent employment
C08524,41,Örebro län,44100,Permanent employment
C08525,54,Västra Götalands län,43200,Permanent employment
C08526,24,Stockholms län,28500,Temporary/Probation/Freelance
C08527,43,Västernorrlands län,52900,Permanent employment
C08528,61,Skåne län,33900,Permanent employment
C08529,61,Stockholms län,50600,Permanent employment
C08530,57,Gotlands län,23800,Retired
C08531,65,Hallands län,32700,Permanent employment
C08532,24,Skåne län,34200,Permanent employment
C08533,52,Skåne län,34100,Permanent employment
C08534,59,Uppsala län,43600,Permanent employment
C08535,54,Västra Götalands län,59800,Permanent employment
C08536,37,Gävleborgs län,41900,Permanent employment
C08537,33,Kronobergs län,27000,Temporary/Probation/Freelance
C08538,66,Västra Götalands län,29400,Retired
C08539,47,Uppsala län,16500,Unemployed
C08540,76,Stockholms län,28300,Retired
C08541,48,Hallands län,12200,Unemployed
C08542,64,Stockholms län,27200,Retired
C08543,65,Västra Götalands län,19900,Retired
C08544,58,Västra Götalands län,46300,Permanent employment
C08545,38,Jönköpings län,29200,Parental leave
C08546,53,Kalmar län,17100,Unemployed
C08547,72,Västernorrlands län,30200,Retired
C08548,36,Stockholms län,48000,Permanent employment
C08549,41,Skåne län,10900,Unemployed
C08550,30,Västernorrlands län,27400,Permanent employment
C08551,71,Gävleborgs län,16000,Retired
C08552,28,Hallands län,31200,Permanent employment
C08553,59,Kronobergs län,63900,Permanent employment
C08554,40,Stockholms län,49600,Permanent employment
C08555,43,Stockholms län,46600,Permanent employment
C08556,56,Västra Götalands län,35000,Self-employed
C08557,22,Stockholms län,14700,Student
C08558,53,Dalarnas län,43700,Permanent employment
C08559,64,Hallands län,45400,Permanent employment
C08560,65,Stockholms län,28100,Retired
C08561,28,Uppsala län,12100,Student
C08562,76,Hallands län,24400,Retired
C08563,59,Stockholms län,26700,Self-employed
C08564,73,Värmlands län,24300,Retired
C08565,50,Västernorrlands län,52600,Permanent employment
C08566,48,Västerbottens län,58600,Self-employed
C08567,66,Västra Götalands län,50700,Self-employed
C08568,69,Västmanlands län,29600,Retired
C08569,42,Hallands län,36600,Permanent employment
C08570,42,Skåne län,42100,Self-employed
C08571,40,Västra Götalands län,44700,Permanent employment
C08572,35,Stockholms län,37500,Permanent employment
C08573,42,Stockholms län,48600,Permanent employment
C08574,38,Västra Götalands län,49800,Permanent employment
C08575,79,Västerbottens län,25000,Retired
C08576,21,Skåne län,31400,Permanent employment
C08577,55,Skåne län,38800,Permanent employment
C08578,31,Skåne län,26500,Parental leave
C08579,36,Skåne län,35500,Permanent employment
C08580,24,Blekinge län,41700,Self-employed
C08581,38,Jämtlands län,34300,Self-employed
C08582,58,Skåne län,37400,Permanent employment
C08583,77,Stockholms län,24300,Retired
C08584,34,Västra Götalands län,35400,Permanent employment
C08585,45,Kronobergs län,35100,Permanent employment
C08586,46,Västra Götalands län,41100,Permanent employment
C08587,65,Hallands län,13500,Unemployed
C08588,60,Västra Götalands län,35300,Permanent employment
C08589,47,Stockholms län,47500,Permanent employment
C08590,55,Stockholms län,43500,Permanent employment
C08591,76,Jönköpings län,17800,Retired
C08592,23,Västra Götalands län,17100,Unemployed
C08593,38,Stockholms län,54700,Permanent employment
C08594,74,Blekinge län,23400,Retired
C08595,61,Norrbottens län,13200,Unemployed
C08596,54,Stockholms län,42800,Permanent employment
C08597,46,Västmanlands län,41300,Permanent employment
C08598,40,Örebro län,28200,Self-employed
C08599,50,Gävleborgs län,45800,Permanent employment
C08600,61,Västernorrlands län,11000,Unemployed
C08601,35,Skåne län,18000,Self-employed
C08602,55,Västra Götalands län,57200,Permanent employment
C08603,79,Västra Götalands län,43600,Temporary/Probation/Freelance
C08604,26,Östergötlands län,14400,Unemployed
C08605,46,Södermanlands län,35900,Permanent employment
C08606,39,Östergötlands län,61100,Permanent employment
C08607,55,Stockholms län,16100,Unemployed
C08608,26,Västra Götalands län,35400,Permanent employment
C08609,60,Västerbottens län,53600,Permanent employment
C08610,67,Dalarnas län,16900,Retired
C08611,38,Stockholms län,30500,Permanent employment
C08612,65,Stockholms län,19300,Retired
C08613,69,Västra Götalands län,28900,Retired
C08614,28,Kronobergs län,86000,Self-employed
C08615,32,Örebro län,33000,Permanent employment
C08616,67,Värmlands län,15700,Retired
C08617,74,Västra Götalands län,24100,Retired
C08618,25,Uppsala län,37900,Permanent employment
C08619,24,Stockholms län,19400,Student
C08620,34,Uppsala län,39800,Permanent employment
C08621,69,Skåne län,38700,Retired
C08622,25,Norrbottens län,47600,Permanent employment
C08623,49,Stockholms län,37400,Temporary/Probation/Freelance
C08624,73,Stockholms län,32800,Permanent employment
C08625,24,Västra Götalands län,26800,Temporary/Probation/Freelance
C08626,46,Östergötlands län,46800,Permanent employment
C08627,36,Västmanlands län,16000,Parental leave
C08628,74,Stockholms län,19200,Retired
C08629,43,Västerbottens län,42700,Permanent employment
C08630,59,Gävleborgs län,37500,Permanent employment
C08631,62,Dalarnas län,57800,Permanent employment
C08632,34,Stockholms län,33000,Parental leave
C08633,23,Östergötlands län,9000,Student
C08634,36,Värmlands län,32100,Permanent employment
C08635,38,Örebro län,11900,Unemployed
C08636,76,Västra Götalands län,35100,Retired
C08637,75,Skåne län,38700,Permanent employment
C08638,48,Östergötlands län,42200,Permanent employment
C08639,53,Västerbottens län,35900,Permanent employment
C08640,54,Stockholms län,46200,Permanent employment
C08641,75,Stockholms län,26100,Retired
C08642,40,Stockholms län,46300,Permanent employment
C08643,44,Västra Götalands län,9300,Unemployed
C08644,40,Stockholms län,48600,Permanent employment
C08645,49,Skåne län,42100,Permanent employment
C08646,40,Jönköpings län,49300,Self-employed
C08647,35,Stockholms län,50500,Permanent employment
C08648,29,Västra Götalands län,40900,Permanent employment
C08649,60,Stockholms län,47600,Permanent employment
C08650,32,Östergötlands län,35500,Temporary/Probation/Freelance
C08651,28,Skåne län,37000,Temporary/Probation/Freelance
C08652,39,Kalmar län,51800,Permanent employment
C08653,28,Uppsala län,46400,Permanent employment
C08654,51,Västernorrlands län,48000,Permanent employment
C08655,44,Västernorrlands län,50900,Permanent employment
C08656,40,Kalmar län,46200,Permanent employment
C08657,48,Kronobergs län,49800,Permanent employment
C08658,30,Östergötlands län,34800,Permanent employment
C08659,28,Västmanlands län,25700,Permanent employment
C08660,76,Skåne län,53200,Permanent employment
C08661,42,Stockholms län,46400,Permanent employment
C08662,37,Västmanlands län,46200,Permanent employment
C08663,24,Skåne län,14500,Student
C08664,46,Kalmar län,40400,Permanent employment
C08665,50,Östergötlands län,44300,Permanent employment
C08666,52,Stockholms län,40900,Permanent employment
C08667,55,Västerbottens län,13300,Unemployed
C08668,30,Västra Götalands län,35300,Permanent employment
C08669,33,Stockholms län,34100,Permanent employment
C08670,79,Skåne län,26600,Retired
C08671,77,Skåne län,18000,Self-employed
C08672,34,Stockholms län,47200,Permanent employment
C08673,54,Gotlands län,6400,Student
C08674,26,Västra Götalands län,41400,Permanent employment
C08675,22,Södermanlands län,12700,Student
C08676,35,Östergötlands län,42900,Permanent employment
C08677,26,Stockholms län,41000,Permanent employment
C08678,59,Kalmar län,35400,Permanent employment
C08679,50,Hallands län,41200,Permanent employment
C08680,25,Stockholms län,36300,Permanent employment
C08681,22,Västra Götalands län,33200,Permanent employment
C08682,68,Kronobergs län,21500,Retired
C08683,33,Västra Götalands län,36900,Permanent employment
C08684,50,Östergötlands län,17300,Unemployed
C08685,43,Skåne län,47800,Permanent employment
C08686,45,Västra Götalands län,87100,Self-employed
C08687,38,Västra Götalands län,38700,Permanent employment
C08688,26,Västra Götalands län,29000,Permanent employment
C08689,30,Stockholms län,51400,Permanent employment
C08690,28,Västerbottens län,39800,Permanent employment
C08691,43,Västmanlands län,54300,Permanent employment
C08692,57,Skåne län,16900,Retired
C08693,35,Gävleborgs län,36200,Self-employed
C08694,22,Kronobergs län,30900,Permanent employment
C08695,45,Stockholms län,45000,Self-employed
C08696,53,Västra Götalands län,44500,Permanent employment
C08697,73,Jämtlands län,12800,Retired
C08698,49,Stockholms län,44200,Permanent employment
C08699,46,Västra Götalands län,47400,Permanent employment
C08700,53,Örebro län,38900,Self-employed
C08701,77,Gävleborgs län,30800,Retired
C08702,76,Södermanlands län,30800,Retired
C08703,42,Stockholms län,46500,Permanent employment
C08704,34,Uppsala län,32900,Permanent employment
C08705,44,Skåne län,15400,Unemployed
C08706,50,Västernorrlands län,16000,Unemployed
C08707,61,Hallands län,24600,Retired
C08708,50,Västernorrlands län,39800,Permanent employment
C08709,24,Västra Götalands län,35900,Permanent employment
C08710,58,Hallands län,26900,Retired
C08711,71,Stockholms län,21100,Retired
C08712,38,Östergötlands län,46100,Permanent employment
C08713,64,Stockholms län,17400,Retired
C08714,44,Östergötlands län,31800,Permanent employment
C08715,74,Stockholms län,13200,Retired
C08716,73,Stockholms län,49700,Self-employed
C08717,49,Kalmar län,28200,Parental leave
C08718,62,Skåne län,45900,Permanent employment
C08719,76,Stockholms län,29700,Retired
C08720,50,Västra Götalands län,47400,Permanent employment
C08721,38,Hallands län,40500,Permanent employment
C08722,57,Västra Götalands län,45900,Permanent employment
C08723,30,Västra Götalands län,38000,Self-employed
C08724,35,Västra Götalands län,42700,Permanent employment
C08725,66,Västernorrlands län,31300,Retired
C08726,61,Uppsala län,47000,Permanent employment
C08727,38,Uppsala län,42100,Permanent employment
C08728,29,Stockholms län,32300,Permanent employment
C08729,44,Hallands län,54700,Permanent employment
C08730,35,Kronobergs län,13800,Unemployed
C08731,26,Skåne län,20800,Temporary/Probation/Freelance
C08732,58,Stockholms län,37000,Self-employed
C08733,32,Västra Götalands län,25700,Permanent employment
C08734,54,Västra Götalands län,26700,Permanent employment
C08735,38,Uppsala län,17800,Unemployed
C08736,78,Skåne län,17700,Retired
C08737,37,Gävleborgs län,20200,Temporary/Probation/Freelance
C08738,27,Västra Götalands län,34000,Permanent employment
C08739,29,Stockholms län,35600,Permanent employment
C08740,47,Dalarnas län,40800,Permanent employment
C08741,52,Stockholms län,10400,Unemployed
C08742,39,Kalmar län,44700,Permanent employment
C08743,41,Stockholms län,43300,Permanent employment
C08744,22,Västernorrlands län,18500,Student
C08745,52,Stockholms län,42400,Permanent employment
C08746,49,Stockholms län,44700,Permanent employment
C08747,32,Västernorrlands län,31600,Permanent employment
C08748,27,Hallands län,42500,Permanent employment
C08749,31,Värmlands län,43300,Temporary/Probation/Freelance
C08750,32,Stockholms län,13600,Unemployed
C08751,51,Kalmar län,40600,Permanent employment
C08752,26,Norrbottens län,39300,Permanent employment
C08753,32,Hallands län,41300,Permanent employment
C08754,30,Västmanlands län,58200,Permanent employment
C08755,74,Västerbottens län,22900,Retired
C08756,67,Västra Götalands län,21500,Retired
C08757,28,Östergötlands län,29900,Permanent employment
C08758,41,Östergötlands län,42900,Permanent employment
C08759,27,Stockholms län,12300,Unemployed
C08760,45,Gotlands län,34400,Temporary/Probation/Freelance
C08761,22,Västernorrlands län,27800,Temporary/Probation/Freelance
C08762,64,Skåne län,26600,Self-employed
C08763,50,Gävleborgs län,37600,Permanent employment
C08764,74,Örebro län,20900,Retired
C08765,27,Norrbottens län,17000,Unemployed
C08766,70,Jämtlands län,25100,Retired
C08767,58,Västra Götalands län,46300,Permanent employment
C08768,28,Dalarnas län,38100,Permanent employment
C08769,44,Västra Götalands län,15600,Unemployed
C08770,34,Västra Götalands län,27900,Parental leave
C08771,26,Västra Götalands län,24800,Parental leave
C08772,38,Västra Götalands län,39100,Permanent employment
C08773,48,Jönköpings län,38800,Permanent employment
C08774,41,Gotlands län,53800,Permanent employment
C08775,69,Södermanlands län,30700,Retired
C08776,32,Stockholms län,12300,Unemployed
C08777,71,Skåne län,25100,Retired
C08778,34,Gävleborgs län,57600,Self-employed
C08779,63,Västra Götalands län,38900,Permanent employment
C08780,42,Stockholms län,44100,Permanent employment
C08781,33,Örebro län,31400,Permanent employment
C08782,65,Västernorrlands län,36900,Permanent employment
C08783,44,Örebro län,49700,Permanent employment
C08784,57,Västra Götalands län,43500,Permanent employment
C08785,49,Stockholms län,45500,Self-employed
C08786,53,Jönköpings län,53000,Permanent employment
C08787,52,Skåne län,37300,Self-employed
C08788,64,Stockholms län,16900,Unemployed
C08789,31,Stockholms län,23400,Temporary/Probation/Freelance
C08790,56,Västernorrlands län,12300,Unemployed
C08791,79,Västra Götalands län,18800,Retired
C08792,22,Södermanlands län,23700,Temporary/Probation/Freelance
C08793,30,Östergötlands län,50500,Permanent employment
C08794,58,Kronobergs län,34100,Permanent employment
C08795,39,Stockholms län,40100,Permanent employment
C08796,39,Västra Götalands län,30700,Permanent employment
C08797,28,Stockholms län,25800,Temporary/Probation/Freelance
C08798,48,Värmlands län,43700,Permanent employment
C08799,28,Västmanlands län,43900,Permanent employment
C08800,46,Västra Götalands län,41500,Permanent employment
C08801,55,Västra Götalands län,34900,Permanent employment
C08802,26,Stockholms län,35900,Self-employed
C08803,51,Skåne län,46800,Permanent employment
C08804,76,Västra Götalands län,29200,Retired
C08805,55,Västra Götalands län,38500,Permanent employment
C08806,70,Stockholms län,17300,Retired
C08807,38,Östergötlands län,42300,Permanent employment
C08808,56,Östergötlands län,45400,Permanent employment
C08809,22,Skåne län,14000,Student
C08810,31,Västra Götalands län,9900,Unemployed
C08811,30,Skåne län,33000,Permanent employment
C08812,40,Västra Götalands län,18000,Self-employed
C08813,72,Stockholms län,12000,Retired
C08814,42,Dalarnas län,37200,Permanent employment
C08815,60,Skåne län,36100,Permanent employment
C08816,55,Stockholms län,20500,Retired
C08817,54,Västra Götalands län,47100,Permanent employment
C08818,41,Skåne län,44400,Permanent employment
C08819,52,Stockholms län,46900,Permanent employment
C08820,39,Västra Götalands län,37200,Temporary/Probation/Freelance
C08821,28,Västernorrlands län,49400,Self-employed
C08822,71,Östergötlands län,22500,Retired
C08823,30,Skåne län,15800,Unemployed
C08824,23,Stockholms län,6400,Unemployed
C08825,70,Västernorrlands län,22100,Retired
C08826,37,Östergötlands län,56500,Self-employed
C08827,64,Stockholms län,22900,Retired
C08828,38,Skåne län,46600,Permanent employment
C08829,39,Stockholms län,43600,Permanent employment
C08830,43,Uppsala län,49300,Permanent employment
C08831,42,Stockholms län,17600,Unemployed
C08832,37,Stockholms län,15000,Temporary/Probation/Freelance
C08833,60,Stockholms län,38400,Permanent employment
C08834,54,Dalarnas län,30800,Permanent employment
C08835,65,Västernorrlands län,12000,Retired
C08836,22,Skåne län,12900,Student
C08837,54,Västra Götalands län,50600,Permanent employment
C08838,51,Västra Götalands län,41500,Permanent employment
C08839,71,Kronobergs län,19100,Retired
C08840,21,Jönköpings län,13300,Unemployed
C08841,47,Västra Götalands län,95400,Self-employed
C08842,79,Jönköpings län,16600,Retired
C08843,31,Hallands län,28600,Permanent employment
C08844,76,Skåne län,28100,Retired
C08845,24,Skåne län,13300,Student
C08846,61,Örebro län,45700,Permanent employment
C08847,74,Västra Götalands län,24400,Retired
C08848,63,Västerbottens län,21700,Retired
C08849,42,Värmlands län,34500,Permanent employment
C08850,23,Stockholms län,44900,Temporary/Probation/Freelance
C08851,78,Västra Götalands län,37400,Retired
C08852,48,Västra Götalands län,41500,Permanent employment
C08853,24,Västra Götalands län,17000,Student
C08854,64,Skåne län,26300,Retired
C08855,53,Stockholms län,32600,Permanent employment
C08856,31,Västerbottens län,18000,Self-employed
C08857,29,Västmanlands län,43300,Permanent employment
C08858,21,Skåne län,19100,Unemployed
C08859,53,Stockholms län,47500,Permanent employment
C08860,51,Örebro län,46800,Permanent employment
C08861,53,Blekinge län,38800,Permanent employment
C08862,75,Kronobergs län,16000,Retired
C08863,73,Västra Götalands län,29300,Retired
C08864,54,Västra Götalands län,30400,Temporary/Probation/Freelance
C08865,24,Stockholms län,29100,Temporary/Probation/Freelance
C08866,61,Västra Götalands län,51800,Permanent employment
C08867,39,Västra Götalands län,56800,Permanent employment
C08868,47,Hallands län,55500,Self-employed
C08869,64,Östergötlands län,36500,Permanent employment
C08870,42,Stockholms län,45400,Permanent employment
C08871,72,Stockholms län,40000,Permanent employment
C08872,33,Stockholms län,37000,Permanent employment
C08873,60,Stockholms län,34600,Permanent employment
C08874,21,Kalmar län,16300,Student
C08875,67,Uppsala län,20600,Retired
C08876,34,Östergötlands län,49200,Permanent employment
C08877,30,Kronobergs län,37100,Permanent employment
C08878,35,Östergötlands län,41600,Permanent employment
C08879,36,Västra Götalands län,40300,Permanent employment
C08880,32,Skåne län,33400,Permanent employment
C08881,52,Stockholms län,46500,Permanent employment
C08882,40,Stockholms län,29600,Temporary/Probation/Freelance
C08883,22,Västra Götalands län,35600,Permanent employment
C08884,36,Södermanlands län,39600,Permanent employment
C08885,77,Västernorrlands län,25500,Retired
C08886,60,Västra Götalands län,39700,Temporary/Probation/Freelance
C08887,55,Södermanlands län,41100,Temporary/Probation/Freelance
C08888,64,Skåne län,18800,Retired
C08889,40,Västra Götalands län,42600,Permanent employment
C08890,33,Stockholms län,33800,Self-employed
C08891,41,Uppsala län,39000,Permanent employment
C08892,73,Skåne län,28600,Retired
C08893,66,Västernorrlands län,16000,Retired
C08894,49,Östergötlands län,20800,Student
C08895,20,Kalmar län,11200,Student
C08896,31,Stockholms län,36700,Permanent employment
C08897,43,Hallands län,59100,Permanent employment
C08898,50,Västra Götalands län,35800,Permanent employment
C08899,21,Blekinge län,6100,Student
C08900,69,Västra Götalands län,15100,Retired
C08901,40,Östergötlands län,44800,Permanent employment
C08902,65,Västra Götalands län,38500,Permanent employment
C08903,55,Uppsala län,19600,Temporary/Probation/Freelance
C08904,56,Värmlands län,15600,Retired
C08905,48,Örebro län,32600,Temporary/Probation/Freelance
C08906,63,Värmlands län,28300,Retired
C08907,61,Stockholms län,33300,Permanent employment
C08908,60,Västra Götalands län,41600,Permanent employment
C08909,45,Skåne län,42100,Permanent employment
C08910,69,Norrbottens län,19300,Retired
C08911,58,Jönköpings län,54300,Permanent employment
C08912,59,Västra Götalands län,42600,Permanent employment
C08913,75,Jönköpings län,25100,Retired
C08914,33,Kronobergs län,42800,Permanent employment
C08915,27,Stockholms län,38600,Permanent employment
C08916,48,Uppsala län,44900,Permanent employment
C08917,52,Stockholms län,50800,Permanent employment
C08918,67,Stockholms län,19800,Retired
C08919,37,Stockholms län,36900,Self-employed
C08920,53,Värmlands län,38000,Permanent employment
C08921,49,Skåne län,41300,Temporary/Probation/Freelance
C08922,21,Värmlands län,55000,Self-employed
C08923,45,Västra Götalands län,46600,Permanent employment
C08924,71,Örebro län,34800,Retired
C08925,31,Skåne län,29400,Permanent employment
C08926,50,Stockholms län,44400,Permanent employment
C08927,50,Västra Götalands län,34600,Permanent employment
C08928,27,Västra Götalands län,28100,Permanent employment
C08929,27,Västra Götalands län,15600,Student
C08930,74,Värmlands län,43500,Temporary/Probation/Freelance
C08931,43,Västra Götalands län,42100,Permanent employment
C08932,25,Blekinge län,35100,Permanent employment
C08933,31,Örebro län,34900,Permanent employment
C08934,64,Västra Götalands län,54800,Permanent employment
C08935,51,Stockholms län,40900,Permanent employment
C08936,62,Skåne län,54700,Permanent employment
C08937,30,Västra Götalands län,38300,Permanent employment
C08938,72,Skåne län,36300,Self-employed
C08939,35,Jämtlands län,46900,Permanent employment
C08940,35,Stockholms län,58200,Permanent employment
C08941,53,Västra Götalands län,46100,Permanent employment
C08942,38,Örebro län,43600,Permanent employment
C08943,67,Västra Götalands län,27600,Retired
C08944,70,Kronobergs län,22300,Retired
C08945,44,Kronobergs län,24700,Self-employed
C08946,76,Hallands län,23400,Retired
C08947,63,Kronobergs län,49100,Permanent employment
C08948,74,Dalarnas län,46100,Permanent employment
C08949,28,Stockholms län,19700,Temporary/Probation/Freelance
C08950,53,Västra Götalands län,50600,Permanent employment
C08951,39,Stockholms län,48600,Permanent employment
C08952,77,Skåne län,24800,Retired
C08953,22,Västra Götalands län,37600,Permanent employment
C08954,47,Stockholms län,51400,Permanent employment
C08955,37,Västra Götalands län,51200,Permanent employment
C08956,42,Stockholms län,18000,Self-employed
C08957,60,Västra Götalands län,47500,Permanent employment
C08958,73,Skåne län,21800,Retired
C08959,53,Södermanlands län,47400,Permanent employment
C08960,72,Stockholms län,17300,Retired
C08961,35,Västra Götalands län,51400,Permanent employment
C08962,50,Kronobergs län,64200,Self-employed
C08963,48,Stockholms län,44300,Permanent employment
C08964,23,Västra Götalands län,16400,Temporary/Probation/Freelance
C08965,47,Stockholms län,48700,Permanent employment
C08966,63,Västra Götalands län,44400,Permanent employment
C08967,46,Skåne län,31600,Permanent employment
C08968,55,Stockholms län,43000,Permanent employment
C08969,54,Stockholms län,36500,Temporary/Probation/Freelance
C08970,22,Hallands län,5000,Unemployed
C08971,28,Stockholms län,38400,Permanent employment
C08972,48,Stockholms län,46600,Permanent employment
C08973,40,Västra Götalands län,46600,Permanent employment
C08974,20,Skåne län,28400,Permanent employment
C08975,35,Östergötlands län,46100,Permanent employment
C08976,46,Skåne län,43500,Permanent employment
C08977,38,Hallands län,40100,Self-employed
C08978,61,Skåne län,46300,Permanent employment
C08979,60,Västra Götalands län,24200,Unemployed
C08980,43,Jämtlands län,44700,Permanent employment
C08981,61,Kronobergs län,38200,Permanent employment
C08982,59,Södermanlands län,29000,Temporary/Probation/Freelance
C08983,60,Stockholms län,42400,Permanent employment
C08984,54,Stockholms län,40400,Permanent employment
C08985,20,Stockholms län,25300,Permanent employment
C08986,55,Östergötlands län,17900,Retired
C08987,43,Hallands län,41000,Permanent employment
C08988,70,Stockholms län,43500,Permanent employment
C08989,76,Västra Götalands län,23300,Retired
C08990,48,Kronobergs län,53000,Permanent employment
C08991,29,Västerbottens län,23700,Permanent employment
C08992,25,Skåne län,36800,Permanent employment
C08993,41,Västra Götalands län,41000,Permanent employment
C08994,52,Västmanlands län,36500,Permanent employment
C08995,39,Gävleborgs län,39200,Permanent employment
C08996,46,Skåne län,32200,Permanent employment
C08997,32,Kronobergs län,42100,Self-employed
C08998,74,Skåne län,43000,Permanent employment
C08999,31,Kalmar län,28200,Permanent employment
C09000,74,Uppsala län,23500,Retired
C09001,73,Östergötlands län,24400,Retired
C09002,48,Stockholms län,38500,Permanent employment
C09003,63,Uppsala län,24500,Retired
C09004,38,Stockholms län,30400,Temporary/Probation/Freelance
C09005,57,Gotlands län,41700,Permanent employment
C09006,37,Uppsala län,50500,Permanent employment
C09007,44,Skåne län,52300,Permanent employment
C09008,46,Värmlands län,64600,Self-employed
C09009,54,Skåne län,29500,Self-employed
C09010,47,Västerbottens län,43700,Permanent employment
C09011,42,Stockholms län,6100,Unemployed
C09012,42,Västmanlands län,35500,Temporary/Probation/Freelance
C09013,26,Uppsala län,43900,Permanent employment
C09014,22,Västernorrlands län,15600,Student
C09015,26,Stockholms län,51000,Permanent employment
C09016,21,Västra Götalands län,15300,Student
C09017,34,Stockholms län,33200,Parental leave
C09018,71,Västra Götalands län,24600,Retired
C09019,23,Stockholms län,48200,Permanent employment
C09020,55,Västra Götalands län,25700,Retired
C09021,36,Västra Götalands län,61900,Permanent employment
C09022,78,Västernorrlands län,19100,Retired
C09023,45,Västra Götalands län,42800,Permanent employment
C09024,41,Kalmar län,50300,Permanent employment
C09025,50,Stockholms län,15000,Temporary/Probation/Freelance
C09026,36,Västra Götalands län,43300,Permanent employment
C09027,46,Stockholms län,18800,Unemployed
C09028,26,Örebro län,8100,Student
C09029,72,Uppsala län,23900,Retired
C09030,41,Skåne län,33900,Permanent employment
C09031,35,Hallands län,42100,Permanent employment
C09032,58,Jönköpings län,37200,Permanent employment
C09033,38,Västra Götalands län,50300,Permanent employment
C09034,71,Uppsala län,29600,Retired
C09035,46,Stockholms län,39400,Permanent employment
C09036,58,Västerbottens län,10200,Unemployed
C09037,25,Östergötlands län,48900,Permanent employment
C09038,77,Västra Götalands län,14700,Retired
C09039,58,Skåne län,48500,Permanent employment
C09040,25,Västra Götalands län,38300,Permanent employment
C09041,26,Stockholms län,15600,Student
C09042,36,Skåne län,46400,Permanent employment
C09043,76,Kronobergs län,20200,Retired
C09044,34,Skåne län,20700,Temporary/Probation/Freelance
C09045,47,Västerbottens län,37000,Permanent employment
C09046,22,Stockholms län,22000,Permanent employment
C09047,40,Västra Götalands län,44200,Permanent employment
C09048,50,Östergötlands län,50700,Permanent employment
C09049,73,Södermanlands län,36600,Permanent employment
C09050,52,Uppsala län,37800,Permanent employment
C09051,66,Jönköpings län,25200,Retired
C09052,50,Jönköpings län,54700,Permanent employment
C09053,20,Uppsala län,36200,Temporary/Probation/Freelance
C09054,43,Västra Götalands län,44400,Permanent employment
C09055,48,Stockholms län,37800,Permanent employment
C09056,68,Östergötlands län,24200,Retired
C09057,73,Södermanlands län,49200,Permanent employment
C09058,27,Västra Götalands län,12900,Student
C09059,29,Stockholms län,39800,Permanent employment
C09060,25,Jämtlands län,36700,Parental leave
C09061,70,Stockholms län,34400,Retired
C09062,67,Jönköpings län,29800,Retired
C09063,55,Stockholms län,12000,Retired
C09064,44,Södermanlands län,51800,Permanent employment
C09065,50,Västra Götalands län,44000,Permanent employment
C09066,54,Skåne län,45900,Permanent employment
C09067,26,Stockholms län,28500,Parental leave
C09068,52,Stockholms län,40200,Permanent employment
C09069,24,Stockholms län,22000,Permanent employment
C09070,26,Jämtlands län,40100,Permanent employment
C09071,68,Västmanlands län,14800,Retired
C09072,57,Blekinge län,46600,Permanent employment
C09073,43,Skåne län,42200,Permanent employment
C09074,46,Gävleborgs län,52900,Permanent employment
C09075,37,Hallands län,57200,Permanent employment
C09076,61,Dalarnas län,42700,Self-employed
C09077,58,Skåne län,39400,Permanent employment
C09078,60,Stockholms län,6400,Student
C09079,57,Västra Götalands län,53100,Self-employed
C09080,25,Skåne län,33900,Permanent employment
C09081,40,Västra Götalands län,44800,Permanent employment
C09082,48,Stockholms län,10300,Unemployed
C09083,36,Västra Götalands län,45400,Permanent employment
C09084,61,Kronobergs län,54600,Permanent employment
C09085,44,Östergötlands län,39800,Permanent employment
C09086,29,Västra Götalands län,38100,Permanent employment
C09087,40,Hallands län,48400,Permanent employment
C09088,70,Västra Götalands län,33200,Retired
C09089,33,Västerbottens län,46100,Permanent employment
C09090,46,Västra Götalands län,50100,Permanent employment
C09091,40,Västra Götalands län,32400,Parental leave
C09092,20,Västra Götalands län,50100,Permanent employment
C09093,48,Kronobergs län,50000,Permanent employment
C09094,60,Västmanlands län,32300,Temporary/Probation/Freelance
C09095,51,Kronobergs län,53400,Permanent employment
C09096,65,Västra Götalands län,28000,Retired
C09097,39,Södermanlands län,62800,Permanent employment
C09098,28,Stockholms län,34100,Permanent employment
C09099,77,Stockholms län,23600,Retired
C09100,44,Västra Götalands län,19300,Temporary/Probation/Freelance
C09101,46,Östergötlands län,13600,Unemployed
C09102,56,Södermanlands län,34800,Permanent employment
C09103,36,Hallands län,45900,Permanent employment
C09104,61,Stockholms län,38100,Permanent employment
C09105,28,Uppsala län,43500,Permanent employment
C09106,40,Östergötlands län,41600,Permanent employment
C09107,31,Västra Götalands län,35700,Temporary/Probation/Freelance
C09108,73,Skåne län,22400,Retired
C09109,26,Västmanlands län,39500,Temporary/Probation/Freelance
C09110,64,Östergötlands län,29300,Temporary/Probation/Freelance
C09111,76,Södermanlands län,20900,Retired
C09112,53,Stockholms län,15400,Temporary/Probation/Freelance
C09113,49,Västerbottens län,35600,Permanent employment
C09114,50,Skåne län,17000,Unemployed
C09115,40,Skåne län,36000,Permanent employment
C09116,47,Västernorrlands län,51700,Permanent employment
C09117,54,Södermanlands län,42000,Permanent employment
C09118,71,Östergötlands län,42900,Permanent employment
C09119,79,Västra Götalands län,27800,Retired
C09120,77,Värmlands län,31400,Retired
C09121,71,Västra Götalands län,13700,Retired
C09122,52,Värmlands län,35300,Permanent employment
C09123,59,Skåne län,41200,Permanent employment
C09124,66,Dalarnas län,16000,Student
C09125,37,Skåne län,45100,Permanent employment
C09126,73,Stockholms län,32000,Retired
C09127,40,Skåne län,18000,Self-employed
C09128,52,Västra Götalands län,41100,Permanent employment
C09129,62,Västra Götalands län,43500,Permanent employment
C09130,78,Uppsala län,16400,Retired
C09131,29,Stockholms län,29900,Permanent employment
C09132,55,Uppsala län,37400,Permanent employment
C09133,50,Norrbottens län,12500,Unemployed
C09134,41,Stockholms län,9400,Unemployed
C09135,63,Skåne län,51500,Permanent employment
C09136,46,Västra Götalands län,46400,Permanent employment
C09137,56,Dalarnas län,45200,Permanent employment
C09138,44,Västra Götalands län,47000,Permanent employment
C09139,45,Gävleborgs län,56000,Permanent employment
C09140,49,Hallands län,59100,Permanent employment
C09141,36,Dalarnas län,40000,Self-employed
C09142,27,Uppsala län,41700,Permanent employment
C09143,66,Blekinge län,21800,Retired
C09144,48,Västmanlands län,51200,Permanent employment
C09145,57,Östergötlands län,70500,Self-employed
C09146,43,Dalarnas län,45000,Permanent employment
C09147,44,Jönköpings län,17800,Unemployed
C09148,36,Jönköpings län,12700,Unemployed
C09149,41,Östergötlands län,53100,Permanent employment
C09150,47,Skåne län,38800,Permanent employment
C09151,54,Stockholms län,37500,Permanent employment
C09152,52,Stockholms län,49200,Permanent employment
C09153,28,Gävleborgs län,46000,Permanent employment
C09154,48,Västernorrlands län,49600,Permanent employment
C09155,33,Stockholms län,64100,Self-employed
C09156,27,Skåne län,32000,Permanent employment
C09157,71,Skåne län,23400,Retired
C09158,45,Jönköpings län,34000,Permanent employment
C09159,61,Skåne län,34600,Permanent employment
C09160,44,Skåne län,41600,Temporary/Probation/Freelance
C09161,75,Skåne län,40400,Permanent employment
C09162,56,Västra Götalands län,44900,Temporary/Probation/Freelance
C09163,60,Skåne län,48000,Self-employed
C09164,43,Östergötlands län,43500,Permanent employment
C09165,70,Hallands län,22200,Retired
C09166,67,Västra Götalands län,30900,Retired
C09167,65,Västra Götalands län,42900,Self-employed
C09168,28,Västra Götalands län,38300,Permanent employment
C09169,38,Västra Götalands län,15200,Unemployed
C09170,42,Östergötlands län,8600,Unemployed
C09171,44,Skåne län,30600,Parental leave
C09172,74,Västra Götalands län,23600,Retired
C09173,24,Västra Götalands län,33200,Permanent employment
C09174,21,Blekinge län,37900,Temporary/Probation/Freelance
C09175,41,Jönköpings län,28600,Parental leave
C09176,31,Västra Götalands län,34100,Temporary/Probation/Freelance
C09177,26,Stockholms län,28500,Permanent employment
C09178,73,Stockholms län,37900,Retired
C09179,50,Skåne län,55800,Permanent employment
C09180,21,Stockholms län,8300,Student
C09181,35,Jönköpings län,45800,Permanent employment
C09182,35,Södermanlands län,29800,Permanent employment
C09183,25,Västra Götalands län,35400,Temporary/Probation/Freelance
C09184,58,Östergötlands län,18800,Retired
C09185,58,Västra Götalands län,31600,Permanent employment
C09186,63,Västra Götalands län,26300,Retired
C09187,55,Skåne län,36600,Permanent employment
C09188,22,Stockholms län,4900,Student
C09189,67,Västra Götalands län,29400,Retired
C09190,72,Stockholms län,35300,Retired
C09191,66,Stockholms län,50000,Self-employed
C09192,22,Stockholms län,38800,Permanent employment
C09193,68,Södermanlands län,21500,Retired
C09194,77,Västmanlands län,16400,Unemployed
C09195,74,Västra Götalands län,25600,Retired
C09196,30,Kronobergs län,41200,Permanent employment
C09197,59,Norrbottens län,36400,Permanent employment
C09198,76,Uppsala län,12000,Retired
C09199,63,Hallands län,52800,Permanent employment
C09200,53,Västmanlands län,40500,Self-employed
C09201,65,Värmlands län,18000,Self-employed
C09202,37,Stockholms län,44900,Permanent employment
C09203,45,Västra Götalands län,32200,Parental leave
C09204,50,Uppsala län,45400,Permanent employment
C09205,76,Jönköpings län,25700,Retired
C09206,22,Skåne län,46800,Self-employed
C09207,45,Värmlands län,42700,Permanent employment
C09208,60,Stockholms län,48200,Self-employed
C09209,59,Stockholms län,41900,Permanent employment
C09210,52,Stockholms län,46400,Permanent employment
C09211,78,Stockholms län,26700,Retired
C09212,66,Stockholms län,55500,Self-employed
C09213,23,Västernorrlands län,7500,Student
C09214,39,Östergötlands län,49800,Permanent employment
C09215,23,Stockholms län,12200,Student
C09216,44,Västra Götalands län,53600,Permanent employment
C09217,48,Värmlands län,46400,Permanent employment
C09218,79,Västra Götalands län,31000,Retired
C09219,68,Västra Götalands län,12000,Retired
C09220,34,Stockholms län,30600,Permanent employment
C09221,28,Värmlands län,36700,Parental leave
C09222,50,Skåne län,47300,Permanent employment
C09223,48,Västra Götalands län,26100,Self-employed
C09224,43,Västerbottens län,46300,Permanent employment
C09225,73,Örebro län,50500,Permanent employment
C09226,67,Örebro län,20100,Temporary/Probation/Freelance
C09227,41,Stockholms län,32300,Temporary/Probation/Freelance
C09228,76,Skåne län,39200,Retired
C09229,39,Jämtlands län,39400,Permanent employment
C09230,63,Hallands län,17500,Retired
C09231,46,Stockholms län,27800,Permanent employment
C09232,27,Västra Götalands län,35400,Permanent employment
C09233,74,Stockholms län,30400,Retired
C09234,49,Västra Götalands län,41400,Permanent employment
C09235,59,Dalarnas län,61200,Permanent employment
C09236,44,Gotlands län,68800,Permanent employment
C09237,23,Kalmar län,44400,Temporary/Probation/Freelance
C09238,31,Östergötlands län,33000,Permanent employment
C09239,52,Dalarnas län,47200,Permanent employment
C09240,62,Skåne län,38900,Permanent employment
C09241,35,Hallands län,40500,Permanent employment
C09242,55,Västra Götalands län,45400,Permanent employment
C09243,57,Södermanlands län,35600,Permanent employment
C09244,55,Blekinge län,15000,Temporary/Probation/Freelance
C09245,45,Västra Götalands län,19900,Self-employed
C09246,74,Norrbottens län,25800,Retired
C09247,52,Stockholms län,58300,Permanent employment
C09248,45,Stockholms län,51600,Permanent employment
C09249,33,Gotlands län,37200,Permanent employment
C09250,36,Västra Götalands län,17000,Unemployed
C09251,20,Kronobergs län,9700,Student
C09252,61,Norrbottens län,50500,Permanent employment
C09253,33,Stockholms län,43300,Permanent employment
C09254,37,Stockholms län,28300,Permanent employment
C09255,55,Stockholms län,38500,Permanent employment
C09256,35,Dalarnas län,16700,Unemployed
C09257,34,Stockholms län,43700,Permanent employment
C09258,30,Skåne län,34800,Permanent employment
C09259,61,Kalmar län,28000,Permanent employment
C09260,33,Västra Götalands län,39500,Permanent employment
C09261,50,Stockholms län,34300,Permanent employment
C09262,49,Västra Götalands län,39200,Permanent employment
C09263,56,Jönköpings län,52900,Permanent employment
C09264,56,Västernorrlands län,39800,Permanent employment
C09265,72,Västmanlands län,19000,Retired
C09266,20,Kronobergs län,29000,Temporary/Probation/Freelance
C09267,42,Norrbottens län,51400,Permanent employment
C09268,44,Stockholms län,43300,Permanent employment
C09269,31,Värmlands län,48300,Permanent employment
C09270,41,Blekinge län,22600,Temporary/Probation/Freelance
C09271,39,Blekinge län,37700,Permanent employment
C09272,47,Stockholms län,48300,Permanent employment
C09273,61,Skåne län,38100,Permanent employment
C09274,41,Stockholms län,48400,Permanent employment
C09275,61,Västra Götalands län,59000,Permanent employment
C09276,36,Uppsala län,36100,Permanent employment
C09277,37,Västra Götalands län,47300,Permanent employment
C09278,47,Hallands län,51500,Permanent employment
C09279,23,Västra Götalands län,6700,Student
C09280,23,Västra Götalands län,30100,Temporary/Probation/Freelance
C09281,43,Stockholms län,28900,Permanent employment
C09282,74,Stockholms län,23900,Retired
C09283,55,Jönköpings län,36000,Permanent employment
C09284,31,Västernorrlands län,31100,Permanent employment
C09285,71,Skåne län,22500,Retired
C09286,58,Västra Götalands län,39900,Permanent employment
C09287,45,Dalarnas län,22700,Self-employed
C09288,67,Gävleborgs län,73100,Self-employed
C09289,39,Skåne län,46000,Permanent employment
C09290,26,Skåne län,15600,Unemployed
C09291,51,Västmanlands län,41000,Permanent employment
C09292,54,Örebro län,44600,Permanent employment
C09293,54,Västra Götalands län,30400,Permanent employment
C09294,51,Hallands län,37300,Permanent employment
C09295,76,Västra Götalands län,34300,Retired
C09296,74,Jönköpings län,28200,Retired
C09297,69,Västmanlands län,20500,Retired
C09298,79,Västra Götalands län,26600,Retired
C09299,76,Stockholms län,12000,Retired
C09300,34,Uppsala län,12400,Unemployed
C09301,40,Dalarnas län,45000,Permanent employment
C09302,45,Västra Götalands län,34700,Parental leave
C09303,68,Kronobergs län,18200,Retired
C09304,48,Stockholms län,45300,Permanent employment
C09305,62,Hallands län,13000,Unemployed
C09306,26,Stockholms län,51800,Self-employed
C09307,25,Skåne län,11200,Student
C09308,61,Västra Götalands län,42700,Permanent employment
C09309,30,Skåne län,40400,Permanent employment
C09310,39,Västernorrlands län,40800,Permanent employment
C09311,42,Stockholms län,41300,Permanent employment
C09312,36,Södermanlands län,34000,Permanent employment
C09313,56,Stockholms län,57700,Self-employed
C09314,43,Stockholms län,13500,Unemployed
C09315,45,Stockholms län,37400,Permanent employment
C09316,30,Västra Götalands län,23700,Temporary/Probation/Freelance
C09317,77,Jönköpings län,35500,Retired
C09318,37,Västernorrlands län,43200,Permanent employment
C09319,59,Stockholms län,52600,Self-employed
C09320,62,Västra Götalands län,39400,Permanent employment
C09321,31,Västerbottens län,30000,Permanent employment
C09322,77,Stockholms län,24200,Retired
C09323,48,Blekinge län,52700,Permanent employment
C09324,42,Västra Götalands län,55300,Permanent employment
C09325,34,Västra Götalands län,16800,Student
C09326,75,Skåne län,28500,Retired
C09327,56,Östergötlands län,34500,Temporary/Probation/Freelance
C09328,31,Västra Götalands län,22700,Temporary/Probation/Freelance
C09329,39,Västra Götalands län,45500,Permanent employment
C09330,75,Stockholms län,30900,Retired
C09331,60,Västerbottens län,34000,Retired
C09332,57,Skåne län,43800,Self-employed
C09333,44,Skåne län,42100,Permanent employment
C09334,61,Västmanlands län,36600,Permanent employment
C09335,41,Västra Götalands län,30000,Parental leave
C09336,26,Stockholms län,46200,Permanent employment
C09337,55,Skåne län,39600,Permanent employment
C09338,74,Värmlands län,28600,Retired
C09339,36,Västra Götalands län,53200,Permanent employment
C09340,52,Västerbottens län,42200,Permanent employment
C09341,64,Stockholms län,9100,Student
C09342,47,Uppsala län,53900,Permanent employment
C09343,75,Skåne län,26500,Retired
C09344,58,Västra Götalands län,35300,Retired
C09345,22,Södermanlands län,30400,Permanent employment
C09346,70,Örebro län,32100,Retired
C09347,56,Stockholms län,15900,Retired
C09348,67,Stockholms län,29400,Retired
C09349,55,Västerbottens län,40400,Permanent employment
C09350,73,Kronobergs län,15000,Retired
C09351,28,Västerbottens län,34800,Permanent employment
C09352,40,Södermanlands län,44100,Permanent employment
C09353,79,Stockholms län,28000,Retired
C09354,31,Västra Götalands län,37300,Permanent employment
C09355,21,Västmanlands län,600,Student
C09356,62,Skåne län,39300,Self-employed
C09357,76,Stockholms län,24000,Retired
C09358,33,Västra Götalands län,42600,Permanent employment
C09359,78,Stockholms län,30500,Retired
C09360,64,Västmanlands län,32300,Self-employed
C09361,46,Södermanlands län,31900,Self-employed
C09362,69,Västmanlands län,18300,Retired
C09363,36,Gotlands län,38200,Permanent employment
C09364,29,Hallands län,26700,Permanent employment
C09365,41,Värmlands län,15900,Unemployed
C09366,50,Stockholms län,63400,Permanent employment
C09367,48,Örebro län,51100,Permanent employment
C09368,78,Stockholms län,30700,Retired
C09369,56,Jönköpings län,46200,Permanent employment
C09370,51,Skåne län,35600,Permanent employment
C09371,64,Gävleborgs län,21700,Retired
C09372,33,Stockholms län,16800,Unemployed
C09373,20,Skåne län,19800,Temporary/Probation/Freelance
C09374,67,Västra Götalands län,20500,Retired
C09375,20,Östergötlands län,3500,Student
C09376,29,Södermanlands län,34500,Permanent employment
C09377,61,Skåne län,37800,Retired
C09378,44,Stockholms län,56400,Permanent employment
C09379,71,Skåne län,25000,Retired
C09380,38,Västra Götalands län,55900,Permanent employment
C09381,24,Västmanlands län,13400,Student
C09382,36,Kronobergs län,43200,Permanent employment
C09383,52,Västra Götalands län,22600,Parental leave
C09384,35,Stockholms län,42600,Permanent employment
C09385,46,Skåne län,43000,Permanent employment
C09386,76,Västerbottens län,21200,Retired
C09387,67,Östergötlands län,23100,Retired
C09388,41,Hallands län,37700,Permanent employment
C09389,50,Västra Götalands län,35900,Permanent employment
C09390,51,Hallands län,35500,Permanent employment
C09391,75,Kalmar län,53000,Self-employed
C09392,69,Stockholms län,17200,Retired
C09393,28,Skåne län,39500,Permanent employment
C09394,61,Södermanlands län,43300,Permanent employment
C09395,37,Västra Götalands län,47400,Permanent employment
C09396,24,Blekinge län,8300,Student
C09397,21,Västmanlands län,22300,Permanent employment
C09398,51,Stockholms län,57100,Permanent employment
C09399,46,Kalmar län,40100,Permanent employment
C09400,23,Skåne län,19700,Student
C09401,62,Stockholms län,33600,Permanent employment
C09402,40,Hallands län,37900,Permanent employment
C09403,47,Södermanlands län,32400,Permanent employment
C09404,37,Stockholms län,30700,Temporary/Probation/Freelance
C09405,29,Stockholms län,16600,Unemployed
C09406,37,Jönköpings län,34700,Permanent employment
C09407,30,Västernorrlands län,38200,Permanent employment
C09408,46,Stockholms län,42100,Permanent employment
C09409,32,Västmanlands län,23400,Permanent employment
C09410,53,Kronobergs län,44300,Permanent employment
C09411,31,Skåne län,44400,Permanent employment
C09412,57,Skåne län,53300,Permanent employment
C09413,64,Västernorrlands län,18000,Self-employed
C09414,28,Västra Götalands län,45200,Permanent employment
C09415,54,Norrbottens län,50600,Permanent employment
C09416,21,Värmlands län,27400,Permanent employment
C09417,53,Södermanlands län,33000,Permanent employment
C09418,39,Västerbottens län,47300,Permanent employment
C09419,46,Norrbottens län,33100,Permanent employment
C09420,54,Stockholms län,47200,Permanent employment
C09421,70,Gävleborgs län,19800,Retired
C09422,51,Västra Götalands län,39000,Permanent employment
C09423,46,Västernorrlands län,47000,Permanent employment
C09424,35,Västernorrlands län,61100,Permanent employment
C09425,77,Gävleborgs län,34100,Retired
C09426,61,Dalarnas län,23800,Retired
C09427,35,Stockholms län,31800,Parental leave
C09428,67,Stockholms län,23100,Retired
C09429,38,Stockholms län,43000,Permanent employment
C09430,66,Stockholms län,54300,Permanent employment
C09431,71,Jönköpings län,25900,Retired
C09432,29,Västra Götalands län,34200,Temporary/Probation/Freelance
C09433,55,Jönköpings län,15600,Unemployed
C09434,42,Västra Götalands län,44600,Permanent employment
C09435,44,Örebro län,37700,Permanent employment
C09436,41,Västra Götalands län,39000,Permanent employment
C09437,58,Skåne län,26100,Retired
C09438,26,Södermanlands län,42200,Permanent employment
C09439,22,Stockholms län,4000,Student
C09440,56,Skåne län,38200,Permanent employment
C09441,30,Västra Götalands län,25600,Temporary/Probation/Freelance
C09442,25,Skåne län,31400,Permanent employment
C09443,31,Västra Götalands län,15000,Temporary/Probation/Freelance
C09444,41,Östergötlands län,35800,Permanent employment
C09445,48,Stockholms län,44700,Permanent employment
C09446,23,Västra Götalands län,34000,Permanent employment
C09447,79,Stockholms län,19100,Retired
C09448,64,Västra Götalands län,27100,Retired
C09449,39,Värmlands län,45700,Permanent employment
C09450,36,Stockholms län,49900,Permanent employment
C09451,43,Hallands län,56500,Permanent employment
C09452,64,Västra Götalands län,36800,Permanent employment
C09453,28,Västra Götalands län,34600,Permanent employment
C09454,33,Stockholms län,22900,Self-employed
C09455,78,Örebro län,34500,Retired
C09456,27,Stockholms län,34900,Permanent employment
C09457,43,Skåne län,49300,Self-employed
C09458,65,Blekinge län,28400,Retired
C09459,61,Stockholms län,53000,Permanent employment
C09460,38,Östergötlands län,34600,Permanent employment
C09461,61,Stockholms län,17800,Unemployed
C09462,21,Gotlands län,15000,Temporary/Probation/Freelance
C09463,60,Stockholms län,35000,Permanent employment
C09464,48,Gävleborgs län,41000,Self-employed
C09465,68,Stockholms län,23800,Retired
C09466,72,Dalarnas län,34600,Retired
C09467,71,Dalarnas län,45900,Self-employed
C09468,68,Skåne län,23600,Retired
C09469,50,Skåne län,46300,Permanent employment
C09470,40,Östergötlands län,53000,Permanent employment
C09471,45,Norrbottens län,40000,Permanent employment
C09472,56,Västra Götalands län,31500,Permanent employment
C09473,68,Västerbottens län,24600,Retired
C09474,30,Kalmar län,46500,Self-employed
C09475,70,Dalarnas län,22600,Retired
C09476,65,Skåne län,54500,Permanent employment
C09477,72,Dalarnas län,29800,Retired
C09478,66,Stockholms län,29700,Permanent employment
C09479,39,Västra Götalands län,41500,Permanent employment
C09480,28,Västra Götalands län,41500,Permanent employment
C09481,29,Västra Götalands län,12100,Student
C09482,39,Skåne län,52700,Permanent employment
C09483,54,Västra Götalands län,55600,Permanent employment
C09484,72,Uppsala län,26700,Retired
C09485,74,Hallands län,47300,Permanent employment
C09486,61,Skåne län,33400,Permanent employment
C09487,23,Östergötlands län,6600,Student
C09488,33,Västra Götalands län,26700,Parental leave
C09489,25,Stockholms län,18600,Temporary/Probation/Freelance
C09490,40,Stockholms län,50300,Permanent employment
C09491,50,Skåne län,47200,Self-employed
C09492,21,Gävleborgs län,42800,Permanent employment
C09493,42,Skåne län,56800,Self-employed
C09494,30,Västmanlands län,40300,Permanent employment
C09495,64,Skåne län,34800,Retired
C09496,53,Värmlands län,40000,Permanent employment
C09497,54,Östergötlands län,15500,Temporary/Probation/Freelance
C09498,39,Örebro län,51600,Permanent employment
C09499,71,Kalmar län,45900,Permanent employment
C09500,30,Skåne län,37100,Permanent employment
C09501,49,Stockholms län,41600,Permanent employment
C09502,60,Västernorrlands län,37900,Permanent employment
C09503,48,Västra Götalands län,44900,Permanent employment
C09504,67,Västmanlands län,25400,Retired
C09505,35,Stockholms län,49900,Permanent employment
C09506,45,Stockholms län,35000,Permanent employment
C09507,30,Östergötlands län,45800,Permanent employment
C09508,53,Skåne län,43600,Permanent employment
C09509,42,Värmlands län,45400,Permanent employment
C09510,26,Kronobergs län,32800,Permanent employment
C09511,53,Uppsala län,32800,Parental leave
C09512,52,Jönköpings län,41000,Parental leave
C09513,23,Västra Götalands län,13900,Student
C09514,63,Östergötlands län,39900,Permanent employment
C09515,58,Norrbottens län,18000,Self-employed
C09516,33,Stockholms län,33700,Permanent employment
C09517,46,Västra Götalands län,41200,Permanent employment
C09518,55,Hallands län,15700,Unemployed
C09519,53,Stockholms län,11400,Unemployed
C09520,44,Västra Götalands län,39500,Permanent employment
C09521,42,Skåne län,42500,Permanent employment
C09522,51,Västra Götalands län,44700,Permanent employment
C09523,78,Västra Götalands län,39200,Self-employed
C09524,62,Stockholms län,40200,Permanent employment
C09525,23,Västmanlands län,3200,Student
C09526,45,Västra Götalands län,48100,Permanent employment
C09527,78,Värmlands län,16700,Retired
C09528,33,Skåne län,44400,Permanent employment
C09529,76,Stockholms län,31700,Retired
C09530,74,Östergötlands län,15300,Retired
C09531,22,Gävleborgs län,43900,Temporary/Probation/Freelance
C09532,73,Jämtlands län,31600,Retired
C09533,43,Skåne län,46200,Permanent employment
C09534,77,Södermanlands län,17000,Retired
C09535,40,Västra Götalands län,18000,Self-employed
C09536,38,Västra Götalands län,45000,Permanent employment
C09537,56,Örebro län,43900,Permanent employment
C09538,58,Stockholms län,49200,Permanent employment
C09539,20,Stockholms län,200,Student
C09540,53,Jönköpings län,51900,Permanent employment
C09541,27,Stockholms län,39000,Temporary/Probation/Freelance
C09542,38,Värmlands län,48000,Permanent employment
C09543,39,Skåne län,35500,Permanent employment
C09544,47,Örebro län,43400,Permanent employment
C09545,38,Stockholms län,36900,Permanent employment
C09546,29,Västra Götalands län,28800,Permanent employment
C09547,25,Hallands län,29800,Permanent employment
C09548,20,Östergötlands län,31800,Temporary/Probation/Freelance
C09549,54,Skåne län,39200,Permanent employment
C09550,77,Hallands län,22300,Retired
C09551,34,Gävleborgs län,57000,Self-employed
C09552,77,Stockholms län,23900,Retired
C09553,58,Örebro län,37800,Self-employed
C09554,63,Norrbottens län,42400,Self-employed
C09555,58,Västra Götalands län,20400,Unemployed
C09556,78,Västra Götalands län,33000,Retired
C09557,25,Stockholms län,22000,Permanent employment
C09558,49,Skåne län,41600,Permanent employment
C09559,63,Västra Götalands län,30100,Temporary/Probation/Freelance
C09560,47,Hallands län,59400,Permanent employment
C09561,69,Kronobergs län,22600,Retired
C09562,22,Jämtlands län,8000,Student
C09563,57,Skåne län,13000,Unemployed
C09564,45,Västerbottens län,44200,Permanent employment
C09565,36,Skåne län,46500,Permanent employment
C09566,36,Värmlands län,32900,Temporary/Probation/Freelance
C09567,53,Västra Götalands län,28400,Temporary/Probation/Freelance
C09568,71,Västra Götalands län,55900,Permanent employment
C09569,52,Stockholms län,45200,Permanent employment
C09570,66,Stockholms län,18600,Unemployed
C09571,43,Hallands län,45500,Permanent employment
C09572,27,Gävleborgs län,35100,Permanent employment
C09573,21,Hallands län,15900,Unemployed
C09574,24,Uppsala län,22000,Permanent employment
C09575,36,Östergötlands län,43900,Permanent employment
C09576,35,Västra Götalands län,24600,Permanent employment
C09577,63,Hallands län,34400,Permanent employment
C09578,62,Västerbottens län,10800,Unemployed
C09579,24,Skåne län,29800,Permanent employment
C09580,28,Jönköpings län,40300,Permanent employment
C09581,41,Skåne län,33300,Permanent employment
C09582,47,Värmlands län,41500,Permanent employment
C09583,27,Skåne län,35600,Permanent employment
C09584,28,Östergötlands län,22200,Unemployed
C09585,66,Östergötlands län,43700,Self-employed
C09586,78,Västra Götalands län,15000,Retired
C09587,34,Stockholms län,44000,Permanent employment
C09588,38,Södermanlands län,28400,Parental leave
C09589,44,Stockholms län,50200,Permanent employment
C09590,57,Jämtlands län,50000,Permanent employment
C09591,52,Stockholms län,39000,Permanent employment
C09592,26,Västra Götalands län,35100,Permanent employment
C09593,63,Västra Götalands län,12500,Unemployed
C09594,37,Västra Götalands län,60900,Self-employed
C09595,38,Västra Götalands län,56400,Permanent employment
C09596,44,Kalmar län,56600,Permanent employment
C09597,54,Kalmar län,43500,Permanent employment
C09598,37,Södermanlands län,55700,Permanent employment
C09599,27,Hallands län,15500,Unemployed
C09600,42,Västernorrlands län,42500,Permanent employment
C09601,24,Västernorrlands län,30800,Self-employed
C09602,60,Västra Götalands län,46300,Permanent employment
C09603,28,Gävleborgs län,49200,Permanent employment
C09604,20,Västerbottens län,38600,Permanent employment
C09605,58,Värmlands län,37400,Permanent employment
C09606,62,Kalmar län,32800,Temporary/Probation/Freelance
C09607,70,Skåne län,17900,Retired
C09608,46,Västernorrlands län,31700,Temporary/Probation/Freelance
C09609,27,Västra Götalands län,15900,Unemployed
C09610,61,Örebro län,45200,Permanent employment
C09611,58,Stockholms län,49900,Permanent employment
C09612,28,Stockholms län,33000,Permanent employment
C09613,79,Östergötlands län,33300,Retired
C09614,29,Stockholms län,35400,Permanent employment
C09615,72,Gävleborgs län,15900,Retired
C09616,78,Stockholms län,30900,Retired
C09617,61,Skåne län,46200,Permanent employment
C09618,73,Stockholms län,30700,Retired
C09619,59,Stockholms län,44100,Permanent employment
C09620,25,Uppsala län,15000,Temporary/Probation/Freelance
C09621,38,Norrbottens län,5800,Student
C09622,20,Värmlands län,30900,Temporary/Probation/Freelance
C09623,44,Västra Götalands län,43900,Self-employed
C09624,59,Västernorrlands län,55600,Permanent employment
C09625,39,Västerbottens län,39400,Permanent employment
C09626,40,Skåne län,51100,Permanent employment
C09627,50,Östergötlands län,49100,Permanent employment
C09628,67,Östergötlands län,12000,Retired
C09629,23,Stockholms län,29900,Permanent employment
C09630,40,Södermanlands län,30900,Temporary/Probation/Freelance
C09631,29,Jönköpings län,19300,Unemployed
C09632,57,Stockholms län,31000,Permanent employment
C09633,25,Dalarnas län,43400,Permanent employment
C09634,59,Västmanlands län,52100,Self-employed
C09635,40,Uppsala län,68700,Self-employed
C09636,30,Värmlands län,33600,Permanent employment
C09637,78,Värmlands län,29300,Retired
C09638,22,Östergötlands län,4400,Student
C09639,38,Västra Götalands län,59400,Permanent employment
C09640,22,Södermanlands län,27000,Permanent employment
C09641,46,Stockholms län,8100,Unemployed
C09642,52,Skåne län,38900,Permanent employment
C09643,41,Blekinge län,51800,Permanent employment
C09644,32,Stockholms län,37800,Permanent employment
C09645,40,Skåne län,52100,Permanent employment
C09646,61,Jämtlands län,35000,Retired
C09647,55,Västra Götalands län,49800,Permanent employment
C09648,54,Västra Götalands län,61800,Self-employed
C09649,49,Västra Götalands län,38000,Permanent employment
C09650,28,Västra Götalands län,32600,Permanent employment
C09651,44,Stockholms län,36700,Permanent employment
C09652,27,Västernorrlands län,10200,Student
C09653,26,Örebro län,51500,Permanent employment
C09654,33,Södermanlands län,36200,Permanent employment
C09655,52,Skåne län,57300,Permanent employment
C09656,54,Västra Götalands län,18000,Self-employed
C09657,79,Stockholms län,20700,Retired
C09658,26,Uppsala län,31500,Permanent employment
C09659,60,Stockholms län,52900,Self-employed
C09660,67,Dalarnas län,45500,Permanent employment
C09661,47,Stockholms län,33400,Permanent employment
C09662,29,Östergötlands län,32200,Permanent employment
C09663,41,Stockholms län,53100,Permanent employment
C09664,22,Värmlands län,14800,Student
C09665,44,Västernorrlands län,39100,Permanent employment
C09666,55,Skåne län,37800,Permanent employment
C09667,22,Stockholms län,9400,Student
C09668,31,Skåne län,10500,Unemployed
C09669,61,Västra Götalands län,45800,Permanent employment
C09670,60,Västra Götalands län,41600,Permanent employment
C09671,50,Västra Götalands län,51800,Permanent employment
C09672,56,Södermanlands län,41300,Permanent employment
C09673,37,Stockholms län,51200,Permanent employment
C09674,27,Stockholms län,11900,Unemployed
C09675,37,Västerbottens län,41500,Permanent employment
C09676,46,Västra Götalands län,44100,Self-employed
C09677,73,Västra Götalands län,7800,Unemployed
C09678,21,Gävleborgs län,29400,Temporary/Probation/Freelance
C09679,47,Västmanlands län,52700,Permanent employment
C09680,44,Stockholms län,20800,Temporary/Probation/Freelance
C09681,50,Stockholms län,52000,Permanent employment
C09682,23,Västernorrlands län,30600,Temporary/Probation/Freelance
C09683,41,Norrbottens län,46200,Permanent employment
C09684,70,Skåne län,26700,Retired
C09685,50,Gävleborgs län,42900,Permanent employment
C09686,47,Stockholms län,47500,Permanent employment
C09687,42,Stockholms län,43400,Permanent employment
C09688,43,Skåne län,40900,Permanent employment
C09689,40,Örebro län,53200,Permanent employment
C09690,66,Västra Götalands län,15200,Retired
C09691,65,Västra Götalands län,39500,Permanent employment
C09692,37,Stockholms län,14100,Student
C09693,37,Östergötlands län,38600,Permanent employment
C09694,72,Jämtlands län,22700,Retired
C09695,39,Stockholms län,35400,Permanent employment
C09696,45,Västra Götalands län,42100,Permanent employment
C09697,28,Västra Götalands län,27900,Permanent employment
C09698,61,Västra Götalands län,37900,Permanent employment
C09699,49,Norrbottens län,46200,Permanent employment
C09700,74,Kalmar län,23500,Retired
C09701,60,Västra Götalands län,64700,Self-employed
C09702,34,Stockholms län,43000,Permanent employment
C09703,58,Kronobergs län,40400,Permanent employment
C09704,66,Skåne län,49700,Permanent employment
C09705,43,Stockholms län,44000,Permanent employment
C09706,26,Gävleborgs län,33200,Permanent employment
C09707,21,Västra Götalands län,22000,Permanent employment
C09708,46,Södermanlands län,55200,Permanent employment
C09709,35,Stockholms län,53900,Permanent employment
C09710,47,Södermanlands län,43600,Permanent employment
C09711,30,Västra Götalands län,37400,Permanent employment
C09712,71,Örebro län,22300,Retired
C09713,25,Skåne län,24700,Permanent employment
C09714,29,Stockholms län,37200,Permanent employment
C09715,49,Uppsala län,30000,Permanent employment
C09716,45,Östergötlands län,9300,Unemployed
C09717,28,Västra Götalands län,9900,Student
C09718,44,Uppsala län,50700,Permanent employment
C09719,25,Stockholms län,18000,Self-employed
C09720,55,Södermanlands län,41900,Permanent employment
C09721,61,Hallands län,42500,Permanent employment
C09722,51,Skåne län,43900,Permanent employment
C09723,57,Västmanlands län,45300,Permanent employment
C09724,61,Västra Götalands län,48400,Permanent employment
C09725,27,Västra Götalands län,45800,Self-employed
C09726,66,Stockholms län,34700,Retired
C09727,74,Stockholms län,22400,Retired
C09728,28,Skåne län,26700,Self-employed
C09729,34,Stockholms län,50700,Permanent employment
C09730,27,Jönköpings län,55100,Permanent employment
C09731,31,Stockholms län,42200,Permanent employment
C09732,55,Stockholms län,12000,Retired
C09733,50,Stockholms län,46900,Permanent employment
C09734,56,Värmlands län,24400,Temporary/Probation/Freelance
C09735,62,Jönköpings län,53400,Permanent employment
C09736,49,Stockholms län,44800,Self-employed
C09737,57,Uppsala län,24600,Temporary/Probation/Freelance
C09738,21,Västra Götalands län,11700,Student
C09739,41,Västra Götalands län,19200,Unemployed
C09740,56,Stockholms län,37300,Permanent employment
C09741,24,Västra Götalands län,36200,Temporary/Probation/Freelance
C09742,22,Jönköpings län,600,Student
C09743,72,Västra Götalands län,23300,Retired
C09744,55,Västra Götalands län,19000,Temporary/Probation/Freelance
C09745,35,Värmlands län,39100,Permanent employment
C09746,57,Västra Götalands län,66400,Self-employed
C09747,57,Stockholms län,38700,Self-employed
C09748,41,Skåne län,39900,Permanent employment
C09749,23,Stockholms län,15900,Student
C09750,75,Västerbottens län,27900,Retired
C09751,36,Uppsala län,18000,Self-employed
C09752,26,Kalmar län,37500,Permanent employment
C09753,54,Stockholms län,45400,Permanent employment
C09754,55,Stockholms län,48500,Permanent employment
C09755,33,Hallands län,36000,Permanent employment
C09756,41,Skåne län,58600,Permanent employment
C09757,34,Jönköpings län,31700,Parental leave
C09758,67,Stockholms län,12800,Retired
C09759,26,Västra Götalands län,35400,Permanent employment
C09760,47,Stockholms län,52600,Permanent employment
C09761,71,Skåne län,21800,Retired
C09762,29,Västra Götalands län,38800,Permanent employment
C09763,76,Blekinge län,23700,Retired
C09764,67,Stockholms län,12000,Retired
C09765,73,Västra Götalands län,21100,Retired
C09766,26,Östergötlands län,36800,Self-employed
C09767,61,Stockholms län,54600,Permanent employment
C09768,64,Skåne län,52300,Permanent employment
C09769,70,Stockholms län,15600,Retired
C09770,30,Östergötlands län,27600,Permanent employment
C09771,61,Västra Götalands län,48000,Permanent employment
C09772,40,Gävleborgs län,14000,Unemployed
C09773,26,Hallands län,39200,Permanent employment
C09774,39,Stockholms län,36900,Permanent employment
C09775,57,Stockholms län,42500,Permanent employment
C09776,53,Hallands län,40200,Permanent employment
C09777,52,Kalmar län,37000,Permanent employment
C09778,74,Stockholms län,21500,Retired
C09779,36,Värmlands län,43700,Permanent employment
C09780,45,Stockholms län,36400,Permanent employment
C09781,38,Östergötlands län,42300,Permanent employment
C09782,38,Stockholms län,32400,Self-employed
C09783,64,Västra Götalands län,22500,Retired
C09784,75,Södermanlands län,21000,Retired
C09785,46,Stockholms län,56700,Permanent employment
C09786,61,Östergötlands län,44600,Permanent employment
C09787,27,Dalarnas län,34600,Permanent employment
C09788,31,Skåne län,36000,Parental leave
C09789,51,Stockholms län,30300,Permanent employment
C09790,20,Västra Götalands län,12800,Student
C09791,30,Stockholms län,39400,Permanent employment
C09792,48,Kalmar län,31800,Parental leave
C09793,22,Skåne län,7400,Student
C09794,42,Hallands län,50900,Permanent employment
C09795,52,Stockholms län,32100,Parental leave
C09796,47,Västmanlands län,35200,Parental leave
C09797,68,Skåne län,17800,Retired
C09798,55,Norrbottens län,31700,Retired
C09799,44,Västra Götalands län,41300,Permanent employment
C09800,66,Norrbottens län,13600,Retired
C09801,61,Skåne län,55800,Permanent employment
C09802,31,Stockholms län,43800,Permanent employment
C09803,33,Västra Götalands län,41500,Parental leave
C09804,64,Västra Götalands län,23800,Retired
C09805,53,Västmanlands län,51900,Permanent employment
C09806,63,Södermanlands län,51700,Permanent employment
C09807,60,Skåne län,21500,Retired
C09808,62,Västmanlands län,31800,Permanent employment
C09809,73,Dalarnas län,52500,Self-employed
C09810,51,Stockholms län,47000,Permanent employment
C09811,28,Västra Götalands län,40300,Permanent employment
C09812,78,Hallands län,23900,Retired
C09813,28,Stockholms län,34400,Permanent employment
C09814,60,Västernorrlands län,38700,Permanent employment
C09815,78,Skåne län,28700,Retired
C09816,58,Västra Götalands län,12000,Retired
C09817,51,Dalarnas län,16400,Temporary/Probation/Freelance
C09818,52,Stockholms län,18000,Self-employed
C09819,42,Västmanlands län,30900,Permanent employment
C09820,42,Västra Götalands län,44000,Permanent employment
C09821,56,Västmanlands län,55100,Self-employed
C09822,64,Skåne län,46700,Permanent employment
C09823,56,Stockholms län,34500,Permanent employment
C09824,26,Västra Götalands län,26000,Permanent employment
C09825,46,Jönköpings län,46200,Permanent employment
C09826,58,Kalmar län,46600,Permanent employment
C09827,49,Blekinge län,49100,Permanent employment
C09828,48,Skåne län,21500,Parental leave
C09829,59,Västra Götalands län,48800,Permanent employment
C09830,58,Västra Götalands län,44300,Permanent employment
C09831,41,Västra Götalands län,38000,Permanent employment
C09832,74,Västra Götalands län,19500,Retired
C09833,25,Värmlands län,29000,Self-employed
C09834,78,Stockholms län,18200,Retired
C09835,25,Västmanlands län,45700,Permanent employment
C09836,21,Kronobergs län,12600,Student
C09837,77,Skåne län,35200,Permanent employment
C09838,25,Blekinge län,34800,Permanent employment
C09839,64,Skåne län,47200,Permanent employment
C09840,76,Södermanlands län,12000,Retired
C09841,76,Stockholms län,28100,Retired
C09842,74,Stockholms län,37700,Retired
C09843,37,Skåne län,47200,Permanent employment
C09844,60,Stockholms län,9100,Student
C09845,34,Uppsala län,7900,Unemployed
C09846,40,Stockholms län,28900,Permanent employment
C09847,65,Stockholms län,39400,Permanent employment
C09848,40,Dalarnas län,16000,Unemployed
C09849,49,Västra Götalands län,42100,Self-employed
C09850,51,Västernorrlands län,37400,Parental leave
C09851,60,Västra Götalands län,45600,Permanent employment
C09852,76,Västmanlands län,18300,Retired
C09853,23,Skåne län,19000,Unemployed
C09854,51,Skåne län,49100,Permanent employment
C09855,66,Skåne län,12900,Retired
C09856,45,Östergötlands län,38100,Permanent employment
C09857,20,Västra Götalands län,7500,Student
C09858,46,Gävleborgs län,21100,Unemployed
C09859,41,Värmlands län,50200,Permanent employment
C09860,27,Skåne län,30800,Permanent employment
C09861,70,Västerbottens län,65200,Permanent employment
C09862,47,Norrbottens län,36300,Temporary/Probation/Freelance
C09863,77,Skåne län,15600,Retired
C09864,74,Dalarnas län,40900,Permanent employment
C09865,59,Stockholms län,11900,Unemployed
C09866,21,Stockholms län,25000,Parental leave
C09867,42,Stockholms län,40400,Temporary/Probation/Freelance
C09868,32,Västra Götalands län,37100,Permanent employment
C09869,71,Stockholms län,30400,Retired
C09870,30,Stockholms län,37100,Permanent employment
C09871,35,Stockholms län,42500,Permanent employment
C09872,52,Östergötlands län,40800,Permanent employment
C09873,35,Skåne län,45100,Permanent employment
C09874,32,Stockholms län,32500,Permanent employment
C09875,46,Skåne län,44800,Permanent employment
C09876,32,Uppsala län,34000,Permanent employment
C09877,21,Södermanlands län,3300,Student
C09878,38,Örebro län,12600,Unemployed
C09879,61,Norrbottens län,30600,Permanent employment
C09880,49,Skåne län,54500,Permanent employment
C09881,42,Östergötlands län,54000,Self-employed
C09882,50,Västernorrlands län,41700,Permanent employment
C09883,39,Skåne län,6900,Unemployed
C09884,65,Västra Götalands län,10100,Student
C09885,22,Kalmar län,31800,Temporary/Probation/Freelance
C09886,64,Stockholms län,26800,Retired
C09887,73,Västra Götalands län,18500,Retired
C09888,79,Västra Götalands län,44500,Permanent employment
C09889,33,Skåne län,51400,Permanent employment
C09890,39,Uppsala län,41400,Permanent employment
C09891,57,Örebro län,63600,Self-employed
C09892,30,Södermanlands län,37900,Permanent employment
C09893,69,Västra Götalands län,42400,Self-employed
C09894,55,Kronobergs län,10700,Student
C09895,56,Skåne län,39200,Permanent employment
C09896,29,Stockholms län,39000,Permanent employment
C09897,63,Västra Götalands län,49800,Permanent employment
C09898,58,Stockholms län,17600,Unemployed
C09899,73,Skåne län,31900,Retired
C09900,22,Östergötlands län,6900,Student
C09901,20,Västerbottens län,30400,Permanent employment
C09902,40,Norrbottens län,60200,Permanent employment
C09903,34,Västra Götalands län,22200,Temporary/Probation/Freelance
C09904,51,Norrbottens län,44200,Permanent employment
C09905,68,Stockholms län,15400,Retired
C09906,44,Norrbottens län,14400,Unemployed
C09907,69,Stockholms län,31200,Retired
C09908,23,Kalmar län,18600,Student
C09909,27,Uppsala län,27000,Self-employed
C09910,20,Västerbottens län,24200,Permanent employment
C09911,40,Västra Götalands län,56100,Permanent employment
C09912,74,Hallands län,12000,Retired
C09913,29,Norrbottens län,33500,Permanent employment
C09914,45,Västra Götalands län,51800,Permanent employment
C09915,49,Västra Götalands län,33100,Permanent employment
C09916,70,Stockholms län,16600,Retired
C09917,34,Västmanlands län,16300,Student
C09918,29,Västerbottens län,15000,Temporary/Probation/Freelance
C09919,20,Västerbottens län,0,Student
C09920,39,Stockholms län,50900,Permanent employment
C09921,44,Stockholms län,43000,Temporary/Probation/Freelance
C09922,65,Jönköpings län,53000,Permanent employment
C09923,47,Östergötlands län,18000,Self-employed
C09924,46,Östergötlands län,55200,Permanent employment
C09925,45,Hallands län,45600,Permanent employment
C09926,28,Värmlands län,30500,Self-employed
C09927,36,Västernorrlands län,28100,Self-employed
C09928,69,Stockholms län,28800,Retired
C09929,74,Södermanlands län,27000,Retired
C09930,65,Uppsala län,52800,Permanent employment
C09931,76,Jönköpings län,19500,Retired
C09932,34,Gotlands län,34600,Permanent employment
C09933,25,Kronobergs län,59500,Self-employed
C09934,22,Västerbottens län,10800,Unemployed
C09935,44,Blekinge län,34900,Parental leave
C09936,28,Skåne län,30200,Permanent employment
C09937,51,Västra Götalands län,59300,Permanent employment
C09938,56,Västra Götalands län,57000,Permanent employment
C09939,66,Hallands län,37800,Permanent employment
C09940,55,Västmanlands län,43400,Permanent employment
C09941,69,Västra Götalands län,24800,Retired
C09942,24,Dalarnas län,29100,Permanent employment
C09943,21,Östergötlands län,5000,Student
C09944,61,Stockholms län,43700,Permanent employment
C09945,40,Örebro län,34600,Permanent employment
C09946,32,Kronobergs län,48800,Permanent employment
C09947,40,Västra Götalands län,73800,Self-employed
C09948,43,Västra Götalands län,54400,Permanent employment
C09949,54,Östergötlands län,54900,Permanent employment
C09950,36,Skåne län,50200,Permanent employment
C09951,51,Gävleborgs län,38600,Permanent employment
C09952,59,Dalarnas län,33800,Permanent employment
C09953,35,Västra Götalands län,37500,Permanent employment
C09954,27,Västra Götalands län,41200,Permanent employment
C09955,28,Gävleborgs län,20900,Self-employed
C09956,36,Västra Götalands län,46200,Permanent employment
C09957,61,Östergötlands län,46900,Permanent employment
C09958,55,Stockholms län,41700,Permanent employment
C09959,57,Kalmar län,45700,Self-employed
C09960,33,Stockholms län,56200,Permanent employment
C09961,46,Stockholms län,44800,Permanent employment
C09962,49,Jämtlands län,47800,Permanent employment
C09963,48,Västra Götalands län,53200,Permanent employment
C09964,47,Västmanlands län,51300,Permanent employment
C09965,49,Västra Götalands län,36700,Temporary/Probation/Freelance
C09966,50,Kalmar län,46900,Permanent employment
C09967,55,Stockholms län,44900,Permanent employment
C09968,26,Västerbottens län,15400,Temporary/Probation/Freelance
C09969,55,Stockholms län,55100,Permanent employment
C09970,27,Hallands län,33900,Permanent employment
C09971,23,Stockholms län,14400,Student
C09972,70,Södermanlands län,22300,Retired
C09973,76,Stockholms län,45700,Retired
C09974,20,Skåne län,5900,Student
C09975,41,Dalarnas län,61600,Permanent employment
C09976,26,Västra Götalands län,37100,Permanent employment
C09977,46,Västra Götalands län,50100,Permanent employment
C09978,67,Gävleborgs län,24000,Retired
C09979,72,Västra Götalands län,35000,Retired
C09980,64,Dalarnas län,24800,Retired
C09981,43,Kalmar län,47300,Permanent employment
C09982,47,Dalarnas län,45700,Permanent employment
C09983,43,Västra Götalands län,49000,Permanent employment
C09984,76,Stockholms län,17400,Retired
C09985,76,Stockholms län,12000,Retired
C09986,54,Uppsala län,48200,Permanent employment
C09987,42,Jönköpings län,59900,Permanent employment
C09988,39,Västmanlands län,42100,Permanent employment
C09989,22,Västra Götalands län,13800,Student
C09990,74,Västerbottens län,13500,Retired
C09991,47,Skåne län,41100,Permanent employment
C09992,41,Västra Götalands län,45900,Self-employed
C09993,53,Södermanlands län,44800,Permanent employment
C09994,76,Västra Götalands län,31700,Retired
C09995,30,Västra Götalands län,15500,Temporary/Probation/Freelance
C09996,67,Västmanlands län,22700,Retired
C09997,69,Skåne län,19500,Retired
C09998,71,Västra Götalands län,17500,Retired
C09999,42,Stockholms län,39900,Permanent employment
C10000,28,Västra Götalands län,39900,Permanent employment
