employment_id,customer_id,employment_status,monthly_income,valid_from,valid_to
1,C00001,Temporary/Probation/Freelance,26400,2026-09-10,
2,C00002,Retired,18900,2026-09-10,
3,C00003,Permanent employment,30800,2026-09-10,
4,C00004,Permanent employment,35700,2026-09-10,
5,C00005,Permanent employment,45900,2026-09-10,
6,C00006,Self-employed,29900,2026-09-10,
7,C00007,Self-employed,57100,2026-09-10,
8,C00008,Retired,24000,2026-09-10,
9,C00009,Permanent employment,42600,2026-09-10,
10,C00010,Permanent employment,40000,2026-09-10,
11,C00011,Student,9600,2026-09-10,
12,C00012,Retired,28600,2026-09-10,
13,C00013,Retired,15300,2026-09-10,
14,C00014,Permanent employment,37500,2026-09-10,
15,C00015,Permanent employment,40700,2026-09-10,
16,C00016,Permanent employment,43200,2026-09-10,
17,C00017,Permanent employment,52100,2026-09-10,
18,C00018,Self-employed,41700,2026-09-10,
19,C00019,Permanent employment,35200,2026-09-10,
20,C00020,Unemployed,15600,2026-09-10,
21,C00021,Self-employed,42900,2026-09-10,
22,C00022,Permanent employment,46400,2026-09-10,
23,C00023,Unemployed,14800,2026-09-10,
24,C00024,Permanent employment,53500,2026-09-10,
25,C00025,Permanent employment,41300,2026-09-10,
26,C00026,Self-employed,66900,2026-09-10,
27,C00027,Permanent employment,39100,2026-09-10,
28,C00028,Unemployed,15700,2026-09-10,
29,C00029,Unemployed,7100,2026-09-10,
30,C00030,Student,15600,2026-09-10,
31,C00031,Unemployed,13300,2026-09-10,
32,C00032,Permanent employment,41500,2026-09-10,
33,C00033,Student,8400,2026-09-10,
34,C00034,Self-employed,65700,2026-09-10,
35,C00035,Retired,25500,2026-09-10,
36,C00036,Retired,24900,2026-09-10,
37,C00037,Temporary/Probation/Freelance,45100,2026-09-10,
38,C00038,Unemployed,4000,2026-09-10,
39,C00039,Permanent employment,40100,2026-09-10,
40,C00040,Permanent employment,43900,2026-09-10,
41,C00041,Permanent employment,32200,2026-09-10,
42,C00042,Self-employed,51000,2026-09-10,
43,C00043,Student,3300,2026-09-10,
44,C00044,Retired,14800,2026-09-10,
45,C00045,Parental leave,32600,2026-09-10,
46,C00046,Permanent employment,36600,2026-09-10,
47,C00047,Permanent employment,48600,2026-09-10,
48,C00048,Permanent employment,40800,2026-09-10,
49,C00049,Permanent employment,39100,2026-09-10,
50,C00050,Permanent employment,31100,2026-09-10,
51,C00051,Retired,17200,2026-09-10,
52,C00052,Retired,20900,2026-09-10,
53,C00053,Retired,18300,2026-09-10,
54,C00054,Retired,23000,2026-09-10,
55,C00055,Permanent employment,32000,2026-09-10,
56,C00056,Retired,18000,2026-09-10,
57,C00057,Permanent employment,46700,2026-09-10,
58,C00058,Permanent employment,29200,2026-09-10,
59,C00059,Permanent employment,25400,2026-09-10,
60,C00060,Self-employed,67300,2026-09-10,
61,C00061,Permanent employment,44700,2026-09-10,
62,C00062,Permanent employment,32900,2026-09-10,
63,C00063,Retired,28100,2026-09-10,
64,C00064,Permanent employment,53300,2026-09-10,
65,C00065,Permanent employment,44800,2026-09-10,
66,C00066,Permanent employment,41100,2026-09-10,
67,C00067,Permanent employment,25800,2026-09-10,
68,C00068,Retired,20500,2026-09-10,
69,C00069,Permanent employment,22000,2026-09-10,
70,C00070,Retired,23800,2026-09-10,
71,C00071,Permanent employment,48800,2026-09-10,
72,C00072,Self-employed,27200,2026-09-10,
73,C00073,Temporary/Probation/Freelance,35500,2026-09-10,
74,C00074,Unemployed,7000,2026-09-10,
75,C00075,Permanent employment,41300,2026-09-10,
76,C00076,Permanent employment,28900,2026-09-10,
77,C00077,Permanent employment,44300,2026-09-10,
78,C00078,Temporary/Probation/Freelance,39000,2026-09-10,
79,C00079,Permanent employment,42000,2026-09-10,
80,C00080,Permanent employment,39100,2026-09-10,
81,C00081,Permanent employment,39500,2026-09-10,
82,C00082,Permanent employment,45500,2026-09-10,
83,C00083,Permanent employment,50700,2026-09-10,
84,C00084,Student,9900,2026-09-10,
85,C00085,Unemployed,11900,2026-09-10,
86,C00086,Permanent employment,47000,2026-09-10,
87,C00087,Permanent employment,55700,2026-09-10,
88,C00088,Permanent employment,45200,2026-09-10,
89,C00089,Permanent employment,34100,2026-09-10,
90,C00090,Permanent employment,58200,2026-09-10,
91,C00091,Permanent employment,32300,2026-09-10,
92,C00092,Self-employed,30900,2026-09-10,
93,C00093,Unemployed,18000,2026-09-10,
94,C00094,Permanent employment,42100,2026-09-10,
95,C00095,Permanent employment,46500,2026-09-10,
96,C00096,Permanent employment,48000,2026-09-10,
97,C00097,Permanent employment,48100,2026-09-10,
98,C00098,Permanent employment,55100,2026-09-10,
99,C00099,Student,8700,2026-09-10,
100,C00100,Permanent employment,38200,2026-09-10,
101,C00101,Student,5400,2026-09-10,
102,C00102,Permanent employment,48200,2026-09-10,
103,C00103,Permanent employment,46400,2026-09-10,
104,C00104,Self-employed,67600,2026-09-10,
105,C00105,Retired,26500,2026-09-10,
106,C00106,Student,18700,2026-09-10,
107,C00107,Permanent employment,44100,2026-09-10,
108,C00108,Self-employed,49200,2026-09-10,
109,C00109,Permanent employment,38500,2026-09-10,
110,C00110,Permanent employment,25100,2026-09-10,
111,C00111,Permanent employment,31300,2026-09-10,
112,C00112,Permanent employment,39600,2026-09-10,
113,C00113,Retired,12700,2026-09-10,
114,C00114,Retired,27100,2026-09-10,
115,C00115,Permanent employment,51100,2026-09-10,
116,C00116,Retired,23500,2026-09-10,
117,C00117,Retired,26600,2026-09-10,
118,C00118,Temporary/Probation/Freelance,33300,2026-09-10,
119,C00119,Retired,30600,2026-09-10,
120,C00120,Permanent employment,44300,2026-09-10,
121,C00121,Permanent employment,34500,2026-09-10,
122,C00122,Retired,12000,2026-09-10,
123,C00123,Permanent employment,42600,2026-09-10,
124,C00124,Permanent employment,26600,2026-09-10,
125,C00125,Permanent employment,38300,2026-09-10,
126,C00126,Student,11300,2026-09-10,
127,C00127,Retired,20200,2026-09-10,
128,C00128,Retired,29100,2026-09-10,
129,C00129,Self-employed,47900,2026-09-10,
130,C00130,Unemployed,11400,2026-09-10,
131,C00131,Permanent employment,41800,2026-09-10,
132,C00132,Permanent employment,47400,2026-09-10,
133,C00133,Permanent employment,26100,2026-09-10,
134,C00134,Permanent employment,43300,2026-09-10,
135,C00135,Permanent employment,44400,2026-09-10,
136,C00136,Permanent employment,40700,2026-09-10,
137,C00137,Self-employed,32000,2026-09-10,
138,C00138,Permanent employment,50700,2026-09-10,
139,C00139,Permanent employment,59300,2026-09-10,
140,C00140,Retired,21600,2026-09-10,
141,C00141,Retired,24100,2026-09-10,
142,C00142,Permanent employment,42100,2026-09-10,
143,C00143,Permanent employment,37900,2026-09-10,
144,C00144,Permanent employment,45500,2026-09-10,
145,C00145,Permanent employment,55700,2026-09-10,
146,C00146,Unemployed,23500,2026-09-10,
147,C00147,Temporary/Probation/Freelance,20000,2026-09-10,
148,C00148,Permanent employment,38700,2026-09-10,
149,C00149,Temporary/Probation/Freelance,26500,2026-09-10,
150,C00150,Unemployed,12500,2026-09-10,
151,C00151,Retired,31500,2026-09-10,
152,C00152,Permanent employment,38200,2026-09-10,
153,C00153,Permanent employment,45000,2026-09-10,
154,C00154,Permanent employment,46700,2026-09-10,
155,C00155,Retired,23100,2026-09-10,
156,C00156,Student,12200,2026-09-10,
157,C00157,Permanent employment,27100,2026-09-10,
158,C00158,Permanent employment,40700,2026-09-10,
159,C00159,Permanent employment,36000,2026-09-10,
160,C00160,Permanent employment,33300,2026-09-10,
161,C00161,Permanent employment,54400,2026-09-10,
162,C00162,Retired,22200,2026-09-10,
163,C00163,Permanent employment,45600,2026-09-10,
164,C00164,Permanent employment,51100,2026-09-10,
165,C00165,Permanent employment,32200,2026-09-10,
166,C00166,Retired,25900,2026-09-10,
167,C00167,Permanent employment,33600,2026-09-10,
168,C00168,Permanent employment,41800,2026-09-10,
169,C00169,Student,7200,2026-09-10,
170,C00170,Permanent employment,43000,2026-09-10,
171,C00171,Self-employed,65200,2026-09-10,
172,C00172,Student,19100,2026-09-10,
173,C00173,Permanent employment,40000,2026-09-10,
174,C00174,Permanent employment,32000,2026-09-10,
175,C00175,Student,13400,2026-09-10,
176,C00176,Temporary/Probation/Freelance,35100,2026-09-10,
177,C00177,Permanent employment,34700,2026-09-10,
178,C00178,Permanent employment,44800,2026-09-10,
179,C00179,Retired,23700,2026-09-10,
180,C00180,Permanent employment,37700,2026-09-10,
181,C00181,Permanent employment,49600,2026-09-10,
182,C00182,Permanent employment,48600,2026-09-10,
183,C00183,Retired,22300,2026-09-10,
184,C00184,Retired,36500,2026-09-10,
185,C00185,Permanent employment,37100,2026-09-10,
186,C00186,Permanent employment,54400,2026-09-10,
187,C00187,Self-employed,52600,2026-09-10,
188,C00188,Student,15400,2026-09-10,
189,C00189,Temporary/Probation/Freelance,37600,2026-09-10,
190,C00190,Temporary/Probation/Freelance,23500,2026-09-10,
191,C00191,Self-employed,51600,2026-09-10,
192,C00192,Retired,17500,2026-09-10,
193,C00193,Retired,23200,2026-09-10,
194,C00194,Temporary/Probation/Freelance,20800,2026-09-10,
195,C00195,Self-employed,41400,2026-09-10,
196,C00196,Permanent employment,45400,2026-09-10,
197,C00197,Permanent employment,37000,2026-09-10,
198,C00198,Retired,23900,2026-09-10,
199,C00199,Retired,29500,2026-09-10,
200,C00200,Permanent employment,36100,2026-09-10,
201,C00201,Permanent employment,49200,2026-09-10,
202,C00202,Permanent employment,44500,2026-09-10,
203,C00203,Temporary/Probation/Freelance,22400,2026-09-10,
204,C00204,Temporary/Probation/Freelance,15000,2026-09-10,
205,C00205,Permanent employment,52600,2026-09-10,
206,C00206,Permanent employment,28300,2026-09-10,
207,C00207,Unemployed,14000,2026-09-10,
208,C00208,Permanent employment,57200,2026-09-10,
209,C00209,Student,12100,2026-09-10,
210,C00210,Permanent employment,41300,2026-09-10,
211,C00211,Permanent employment,44900,2026-09-10,
212,C00212,Permanent employment,41700,2026-09-10,
213,C00213,Unemployed,13700,2026-09-10,
214,C00214,Permanent employment,37000,2026-09-10,
215,C00215,Permanent employment,31200,2026-09-10,
216,C00216,Permanent employment,31000,2026-09-10,
217,C00217,Permanent employment,44600,2026-09-10,
218,C00218,Retired,38200,2026-09-10,
219,C00219,Permanent employment,33300,2026-09-10,
220,C00220,Retired,20300,2026-09-10,
221,C00221,Permanent employment,39300,2026-09-10,
222,C00222,Permanent employment,49800,2026-09-10,
223,C00223,Permanent employment,38700,2026-09-10,
224,C00224,Permanent employment,40500,2026-09-10,
225,C00225,Permanent employment,53100,2026-09-10,
226,C00226,Permanent employment,31100,2026-09-10,
227,C00227,Retired,20300,2026-09-10,
228,C00228,Permanent employment,37200,2026-09-10,
229,C00229,Retired,30800,2026-09-10,
230,C00230,Permanent employment,42700,2026-09-10,
231,C00231,Permanent employment,38000,2026-09-10,
232,C00232,Permanent employment,48100,2026-09-10,
233,C00233,Permanent employment,56100,2026-09-10,
234,C00234,Temporary/Probation/Freelance,15000,2026-09-10,
235,C00235,Student,13100,2026-09-10,
236,C00236,Unemployed,20900,2026-09-10,
237,C00237,Permanent employment,55900,2026-09-10,
238,C00238,Self-employed,40500,2026-09-10,
239,C00239,Retired,24600,2026-09-10,
240,C00240,Self-employed,48700,2026-09-10,
241,C00241,Retired,22100,2026-09-10,
242,C00242,Retired,30400,2026-09-10,
243,C00243,Retired,12700,2026-09-10,
244,C00244,Permanent employment,49000,2026-09-10,
245,C00245,Student,9600,2026-09-10,
246,C00246,Retired,31000,2026-09-10,
247,C00247,Permanent employment,52800,2026-09-10,
248,C00248,Retired,24700,2026-09-10,
249,C00249,Retired,19500,2026-09-10,
250,C00250,Unemployed,18200,2026-09-10,
251,C00251,Permanent employment,36100,2026-09-10,
252,C00252,Permanent employment,37600,2026-09-10,
253,C00253,Retired,23400,2026-09-10,
254,C00254,Permanent employment,41400,2026-09-10,
255,C00255,Permanent employment,36500,2026-09-10,
256,C00256,Permanent employment,42900,2026-09-10,
257,C00257,Retired,23700,2026-09-10,
258,C00258,Permanent employment,53400,2026-09-10,
259,C00259,Permanent employment,36900,2026-09-10,
260,C00260,Permanent employment,34700,2026-09-10,
261,C00261,Permanent employment,50800,2026-09-10,
262,C00262,Retired,24200,2026-09-10,
263,C00263,Temporary/Probation/Freelance,22200,2026-09-10,
264,C00264,Permanent employment,44400,2026-09-10,
265,C00265,Retired,13300,2026-09-10,
266,C00266,Unemployed,18100,2026-09-10,
267,C00267,Permanent employment,43800,2026-09-10,
268,C00268,Permanent employment,58400,2026-09-10,
269,C00269,Permanent employment,37200,2026-09-10,
270,C00270,Permanent employment,40300,2026-09-10,
271,C00271,Temporary/Probation/Freelance,31400,2026-09-10,
272,C00272,Retired,33100,2026-09-10,
273,C00273,Retired,20500,2026-09-10,
274,C00274,Retired,19000,2026-09-10,
275,C00275,Permanent employment,45500,2026-09-10,
276,C00276,Permanent employment,40300,2026-09-10,
277,C00277,Permanent employment,46300,2026-09-10,
278,C00278,Permanent employment,43500,2026-09-10,
279,C00279,Permanent employment,47900,2026-09-10,
280,C00280,Retired,30200,2026-09-10,
281,C00281,Retired,26500,2026-09-10,
282,C00282,Permanent employment,53100,2026-09-10,
283,C00283,Self-employed,38900,2026-09-10,
284,C00284,Permanent employment,27900,2026-09-10,
285,C00285,Permanent employment,37500,2026-09-10,
286,C00286,Student,9600,2026-09-10,
287,C00287,Parental leave,32500,2026-09-10,
288,C00288,Self-employed,55500,2026-09-10,
289,C00289,Permanent employment,40500,2026-09-10,
290,C00290,Unemployed,17500,2026-09-10,
291,C00291,Student,0,2026-09-10,
292,C00292,Student,7300,2026-09-10,
293,C00293,Retired,27400,2026-09-10,
294,C00294,Self-employed,61400,2026-09-10,
295,C00295,Self-employed,58600,2026-09-10,
296,C00296,Temporary/Probation/Freelance,37400,2026-09-10,
297,C00297,Permanent employment,44200,2026-09-10,
298,C00298,Self-employed,42800,2026-09-10,
299,C00299,Permanent employment,29900,2026-09-10,
300,C00300,Unemployed,13000,2026-09-10,
301,C00301,Student,4300,2026-09-10,
302,C00302,Self-employed,56100,2026-09-10,
303,C00303,Permanent employment,35400,2026-09-10,
304,C00304,Retired,22800,2026-09-10,
305,C00305,Permanent employment,34700,2026-09-10,
306,C00306,Retired,23800,2026-09-10,
307,C00307,Self-employed,42600,2026-09-10,
308,C00308,Permanent employment,32700,2026-09-10,
309,C00309,Retired,26300,2026-09-10,
310,C00310,Permanent employment,43000,2026-09-10,
311,C00311,Permanent employment,45200,2026-09-10,
312,C00312,Self-employed,37500,2026-09-10,
313,C00313,Permanent employment,25000,2026-09-10,
314,C00314,Retired,29200,2026-09-10,
315,C00315,Retired,31100,2026-09-10,
316,C00316,Retired,30700,2026-09-10,
317,C00317,Permanent employment,35400,2026-09-10,
318,C00318,Permanent employment,47700,2026-09-10,
319,C00319,Temporary/Probation/Freelance,34500,2026-09-10,
320,C00320,Permanent employment,46700,2026-09-10,
321,C00321,Self-employed,67200,2026-09-10,
322,C00322,Permanent employment,45400,2026-09-10,
323,C00323,Permanent employment,37400,2026-09-10,
324,C00324,Permanent employment,39700,2026-09-10,
325,C00325,Retired,19100,2026-09-10,
326,C00326,Unemployed,13300,2026-09-10,
327,C00327,Self-employed,27200,2026-09-10,
328,C00328,Permanent employment,33000,2026-09-10,
329,C00329,Permanent employment,33200,2026-09-10,
330,C00330,Permanent employment,37800,2026-09-10,
331,C00331,Permanent employment,43100,2026-09-10,
332,C00332,Permanent employment,46600,2026-09-10,
333,C00333,Permanent employment,28700,2026-09-10,
334,C00334,Permanent employment,46100,2026-09-10,
335,C00335,Permanent employment,25900,2026-09-10,
336,C00336,Permanent employment,32300,2026-09-10,
337,C00337,Permanent employment,46900,2026-09-10,
338,C00338,Retired,24300,2026-09-10,
339,C00339,Permanent employment,52100,2026-09-10,
340,C00340,Permanent employment,41700,2026-09-10,
341,C00341,Permanent employment,50600,2026-09-10,
342,C00342,Permanent employment,40500,2026-09-10,
343,C00343,Unemployed,13100,2026-09-10,
344,C00344,Permanent employment,29700,2026-09-10,
345,C00345,Self-employed,43900,2026-09-10,
346,C00346,Permanent employment,35400,2026-09-10,
347,C00347,Retired,40300,2026-09-10,
348,C00348,Unemployed,15200,2026-09-10,
349,C00349,Permanent employment,42200,2026-09-10,
350,C00350,Permanent employment,48300,2026-09-10,
351,C00351,Permanent employment,35300,2026-09-10,
352,C00352,Retired,20400,2026-09-10,
353,C00353,Permanent employment,40600,2026-09-10,
354,C00354,Self-employed,56600,2026-09-10,
355,C00355,Permanent employment,23200,2026-09-10,
356,C00356,Retired,19000,2026-09-10,
357,C00357,Student,10600,2026-09-10,
358,C00358,Temporary/Probation/Freelance,35100,2026-09-10,
359,C00359,Retired,25400,2026-09-10,
360,C00360,Permanent employment,38700,2026-09-10,
361,C00361,Permanent employment,45700,2026-09-10,
362,C00362,Self-employed,32700,2026-09-10,
363,C00363,Permanent employment,38400,2026-09-10,
364,C00364,Permanent employment,47900,2026-09-10,
365,C00365,Retired,27700,2026-09-10,
366,C00366,Permanent employment,44900,2026-09-10,
367,C00367,Retired,27500,2026-09-10,
368,C00368,Retired,29300,2026-09-10,
369,C00369,Temporary/Probation/Freelance,15000,2026-09-10,
370,C00370,Permanent employment,32900,2026-09-10,
371,C00371,Permanent employment,48800,2026-09-10,
372,C00372,Permanent employment,28000,2026-09-10,
373,C00373,Permanent employment,48800,2026-09-10,
374,C00374,Permanent employment,45200,2026-09-10,
375,C00375,Student,10400,2026-09-10,
376,C00376,Permanent employment,46900,2026-09-10,
377,C00377,Retired,13300,2026-09-10,
378,C00378,Student,18400,2026-09-10,
379,C00379,Retired,20400,2026-09-10,
380,C00380,Self-employed,23400,2026-09-10,
381,C00381,Permanent employment,34300,2026-09-10,
382,C00382,Permanent employment,43200,2026-09-10,
383,C00383,Permanent employment,50900,2026-09-10,
384,C00384,Retired,23400,2026-09-10,
385,C00385,Temporary/Probation/Freelance,27400,2026-09-10,
386,C00386,Retired,21800,2026-09-10,
387,C00387,Permanent employment,35500,2026-09-10,
388,C00388,Temporary/Probation/Freelance,25800,2026-09-10,
389,C00389,Permanent employment,38900,2026-09-10,
390,C00390,Retired,25700,2026-09-10,
391,C00391,Retired,12000,2026-09-10,
392,C00392,Permanent employment,41900,2026-09-10,
393,C00393,Temporary/Probation/Freelance,40500,2026-09-10,
394,C00394,Permanent employment,45900,2026-09-10,
395,C00395,Temporary/Probation/Freelance,37500,2026-09-10,
396,C00396,Retired,21100,2026-09-10,
397,C00397,Retired,35600,2026-09-10,
398,C00398,Temporary/Probation/Freelance,36400,2026-09-10,
399,C00399,Permanent employment,43500,2026-09-10,
400,C00400,Permanent employment,47500,2026-09-10,
401,C00401,Permanent employment,29400,2026-09-10,
402,C00402,Retired,15100,2026-09-10,
403,C00403,Permanent employment,50600,2026-09-10,
404,C00404,Retired,31800,2026-09-10,
405,C00405,Permanent employment,38600,2026-09-10,
406,C00406,Retired,29900,2026-09-10,
407,C00407,Student,12700,2026-09-10,
408,C00408,Student,6000,2026-09-10,
409,C00409,Retired,16900,2026-09-10,
410,C00410,Temporary/Probation/Freelance,24200,2026-09-10,
411,C00411,Permanent employment,41600,2026-09-10,
412,C00412,Retired,21100,2026-09-10,
413,C00413,Retired,12800,2026-09-10,
414,C00414,Permanent employment,41600,2026-09-10,
415,C00415,Permanent employment,45200,2026-09-10,
416,C00416,Permanent employment,49600,2026-09-10,
417,C00417,Permanent employment,40900,2026-09-10,
418,C00418,Unemployed,20000,2026-09-10,
419,C00419,Temporary/Probation/Freelance,30200,2026-09-10,
420,C00420,Permanent employment,60700,2026-09-10,
421,C00421,Permanent employment,37800,2026-09-10,
422,C00422,Permanent employment,45500,2026-09-10,
423,C00423,Permanent employment,37400,2026-09-10,
424,C00424,Permanent employment,40300,2026-09-10,
425,C00425,Unemployed,17400,2026-09-10,
426,C00426,Permanent employment,50300,2026-09-10,
427,C00427,Permanent employment,43200,2026-09-10,
428,C00428,Self-employed,50700,2026-09-10,
429,C00429,Parental leave,31600,2026-09-10,
430,C00430,Permanent employment,36200,2026-09-10,
431,C00431,Self-employed,31400,2026-09-10,
432,C00432,Temporary/Probation/Freelance,30000,2026-09-10,
433,C00433,Permanent employment,43700,2026-09-10,
434,C00434,Permanent employment,30600,2026-09-10,
435,C00435,Permanent employment,42600,2026-09-10,
436,C00436,Permanent employment,43300,2026-09-10,
437,C00437,Temporary/Probation/Freelance,28900,2026-09-10,
438,C00438,Retired,13500,2026-09-10,
439,C00439,Unemployed,15300,2026-09-10,
440,C00440,Permanent employment,27600,2026-09-10,
441,C00441,Permanent employment,39000,2026-09-10,
442,C00442,Retired,29900,2026-09-10,
443,C00443,Unemployed,20600,2026-09-10,
444,C00444,Unemployed,14300,2026-09-10,
445,C00445,Retired,36200,2026-09-10,
446,C00446,Temporary/Probation/Freelance,35900,2026-09-10,
447,C00447,Retired,27200,2026-09-10,
448,C00448,Permanent employment,50800,2026-09-10,
449,C00449,Permanent employment,54400,2026-09-10,
450,C00450,Permanent employment,43800,2026-09-10,
451,C00451,Self-employed,42500,2026-09-10,
452,C00452,Permanent employment,41200,2026-09-10,
453,C00453,Self-employed,21800,2026-09-10,
454,C00454,Permanent employment,44200,2026-09-10,
455,C00455,Permanent employment,46300,2026-09-10,
456,C00456,Permanent employment,38300,2026-09-10,
457,C00457,Temporary/Probation/Freelance,21400,2026-09-10,
458,C00458,Unemployed,21200,2026-09-10,
459,C00459,Unemployed,13000,2026-09-10,
460,C00460,Permanent employment,26000,2026-09-10,
461,C00461,Unemployed,8200,2026-09-10,
462,C00462,Self-employed,53000,2026-09-10,
463,C00463,Permanent employment,39700,2026-09-10,
464,C00464,Self-employed,53600,2026-09-10,
465,C00465,Retired,22300,2026-09-10,
466,C00466,Permanent employment,46500,2026-09-10,
467,C00467,Permanent employment,57400,2026-09-10,
468,C00468,Retired,22600,2026-09-10,
469,C00469,Permanent employment,46200,2026-09-10,
470,C00470,Permanent employment,43800,2026-09-10,
471,C00471,Student,4200,2026-09-10,
472,C00472,Retired,37700,2026-09-10,
473,C00473,Self-employed,83200,2026-09-10,
474,C00474,Retired,22800,2026-09-10,
475,C00475,Self-employed,47700,2026-09-10,
476,C00476,Retired,32600,2026-09-10,
477,C00477,Student,9100,2026-09-10,
478,C00478,Unemployed,17900,2026-09-10,
479,C00479,Retired,18200,2026-09-10,
480,C00480,Permanent employment,57800,2026-09-10,
481,C00481,Permanent employment,45500,2026-09-10,
482,C00482,Permanent employment,48300,2026-09-10,
483,C00483,Self-employed,69400,2026-09-10,
484,C00484,Retired,29600,2026-09-10,
485,C00485,Permanent employment,44600,2026-09-10,
486,C00486,Permanent employment,55000,2026-09-10,
487,C00487,Student,14200,2026-09-10,
488,C00488,Permanent employment,43800,2026-09-10,
489,C00489,Self-employed,18000,2026-09-10,
490,C00490,Retired,23800,2026-09-10,
491,C00491,Permanent employment,41300,2026-09-10,
492,C00492,Permanent employment,45200,2026-09-10,
493,C00493,Permanent employment,40500,2026-09-10,
494,C00494,Temporary/Probation/Freelance,33100,2026-09-10,
495,C00495,Permanent employment,41900,2026-09-10,
496,C00496,Permanent employment,55000,2026-09-10,
497,C00497,Permanent employment,49300,2026-09-10,
498,C00498,Parental leave,27200,2026-09-10,
499,C00499,Permanent employment,43100,2026-09-10,
500,C00500,Temporary/Probation/Freelance,34100,2026-09-10,
501,C00501,Permanent employment,32500,2026-09-10,
502,C00502,Self-employed,53400,2026-09-10,
503,C00503,Self-employed,18000,2026-09-10,
504,C00504,Retired,34600,2026-09-10,
505,C00505,Temporary/Probation/Freelance,27000,2026-09-10,
506,C00506,Permanent employment,45300,2026-09-10,
507,C00507,Retired,15900,2026-09-10,
508,C00508,Retired,27900,2026-09-10,
509,C00509,Retired,15700,2026-09-10,
510,C00510,Permanent employment,40900,2026-09-10,
511,C00511,Permanent employment,51800,2026-09-10,
512,C00512,Permanent employment,49300,2026-09-10,
513,C00513,Retired,27900,2026-09-10,
514,C00514,Retired,21400,2026-09-10,
515,C00515,Student,4800,2026-09-10,
516,C00516,Student,13900,2026-09-10,
517,C00517,Permanent employment,38600,2026-09-10,
518,C00518,Retired,19500,2026-09-10,
519,C00519,Retired,33900,2026-09-10,
520,C00520,Parental leave,33500,2026-09-10,
521,C00521,Permanent employment,35500,2026-09-10,
522,C00522,Permanent employment,44900,2026-09-10,
523,C00523,Permanent employment,41900,2026-09-10,
524,C00524,Retired,21300,2026-09-10,
525,C00525,Retired,21500,2026-09-10,
526,C00526,Permanent employment,54200,2026-09-10,
527,C00527,Student,20000,2026-09-10,
528,C00528,Permanent employment,44700,2026-09-10,
529,C00529,Student,10800,2026-09-10,
530,C00530,Unemployed,8500,2026-09-10,
531,C00531,Unemployed,20800,2026-09-10,
532,C00532,Unemployed,11400,2026-09-10,
533,C00533,Retired,20900,2026-09-10,
534,C00534,Permanent employment,50500,2026-09-10,
535,C00535,Self-employed,50100,2026-09-10,
536,C00536,Retired,27700,2026-09-10,
537,C00537,Retired,28700,2026-09-10,
538,C00538,Permanent employment,37900,2026-09-10,
539,C00539,Unemployed,17500,2026-09-10,
540,C00540,Permanent employment,26000,2026-09-10,
541,C00541,Retired,35300,2026-09-10,
542,C00542,Parental leave,28900,2026-09-10,
543,C00543,Unemployed,17500,2026-09-10,
544,C00544,Permanent employment,46400,2026-09-10,
545,C00545,Self-employed,18000,2026-09-10,
546,C00546,Permanent employment,46500,2026-09-10,
547,C00547,Permanent employment,23200,2026-09-10,
548,C00548,Student,12500,2026-09-10,
549,C00549,Permanent employment,46500,2026-09-10,
550,C00550,Self-employed,22000,2026-09-10,
551,C00551,Permanent employment,46300,2026-09-10,
552,C00552,Retired,20600,2026-09-10,
553,C00553,Permanent employment,43900,2026-09-10,
554,C00554,Permanent employment,26900,2026-09-10,
555,C00555,Retired,15200,2026-09-10,
556,C00556,Permanent employment,39500,2026-09-10,
557,C00557,Parental leave,23200,2026-09-10,
558,C00558,Unemployed,11900,2026-09-10,
559,C00559,Retired,19200,2026-09-10,
560,C00560,Self-employed,50400,2026-09-10,
561,C00561,Permanent employment,23900,2026-09-10,
562,C00562,Unemployed,22000,2026-09-10,
563,C00563,Self-employed,33900,2026-09-10,
564,C00564,Self-employed,39500,2026-09-10,
565,C00565,Permanent employment,49200,2026-09-10,
566,C00566,Permanent employment,57200,2026-09-10,
567,C00567,Permanent employment,40900,2026-09-10,
568,C00568,Self-employed,57400,2026-09-10,
569,C00569,Retired,19200,2026-09-10,
570,C00570,Permanent employment,51600,2026-09-10,
571,C00571,Permanent employment,49900,2026-09-10,
572,C00572,Unemployed,9700,2026-09-10,
573,C00573,Self-employed,55400,2026-09-10,
574,C00574,Self-employed,19300,2026-09-10,
575,C00575,Retired,18700,2026-09-10,
576,C00576,Retired,14500,2026-09-10,
577,C00577,Parental leave,30000,2026-09-10,
578,C00578,Retired,30900,2026-09-10,
579,C00579,Self-employed,22600,2026-09-10,
580,C00580,Permanent employment,40800,2026-09-10,
581,C00581,Unemployed,13000,2026-09-10,
582,C00582,Retired,16700,2026-09-10,
583,C00583,Permanent employment,42000,2026-09-10,
584,C00584,Permanent employment,49100,2026-09-10,
585,C00585,Permanent employment,49600,2026-09-10,
586,C00586,Permanent employment,40200,2026-09-10,
587,C00587,Student,9800,2026-09-10,
588,C00588,Student,10100,2026-09-10,
589,C00589,Permanent employment,32900,2026-09-10,
590,C00590,Permanent employment,38700,2026-09-10,
591,C00591,Temporary/Probation/Freelance,18200,2026-09-10,
592,C00592,Permanent employment,42200,2026-09-10,
593,C00593,Student,18500,2026-09-10,
594,C00594,Permanent employment,41900,2026-09-10,
595,C00595,Retired,31700,2026-09-10,
596,C00596,Permanent employment,49700,2026-09-10,
597,C00597,Permanent employment,53100,2026-09-10,
598,C00598,Temporary/Probation/Freelance,15000,2026-09-10,
599,C00599,Permanent employment,39200,2026-09-10,
600,C00600,Unemployed,16400,2026-09-10,
601,C00601,Permanent employment,43600,2026-09-10,
602,C00602,Temporary/Probation/Freelance,39600,2026-09-10,
603,C00603,Unemployed,16800,2026-09-10,
604,C00604,Permanent employment,39700,2026-09-10,
605,C00605,Temporary/Probation/Freelance,22300,2026-09-10,
606,C00606,Permanent employment,31700,2026-09-10,
607,C00607,Self-employed,69100,2026-09-10,
608,C00608,Self-employed,34100,2026-09-10,
609,C00609,Permanent employment,42500,2026-09-10,
610,C00610,Permanent employment,49300,2026-09-10,
611,C00611,Student,9900,2026-09-10,
612,C00612,Retired,15800,2026-09-10,
613,C00613,Retired,12000,2026-09-10,
614,C00614,Temporary/Probation/Freelance,27100,2026-09-10,
615,C00615,Retired,24600,2026-09-10,
616,C00616,Retired,29500,2026-09-10,
617,C00617,Student,9400,2026-09-10,
618,C00618,Permanent employment,45100,2026-09-10,
619,C00619,Retired,14700,2026-09-10,
620,C00620,Retired,31200,2026-09-10,
621,C00621,Student,25000,2026-09-10,
622,C00622,Permanent employment,47100,2026-09-10,
623,C00623,Unemployed,18800,2026-09-10,
624,C00624,Permanent employment,47400,2026-09-10,
625,C00625,Unemployed,9800,2026-09-10,
626,C00626,Permanent employment,39000,2026-09-10,
627,C00627,Permanent employment,49600,2026-09-10,
628,C00628,Permanent employment,49200,2026-09-10,
629,C00629,Student,5300,2026-09-10,
630,C00630,Permanent employment,41200,2026-09-10,
631,C00631,Retired,24700,2026-09-10,
632,C00632,Permanent employment,46500,2026-09-10,
633,C00633,Self-employed,51400,2026-09-10,
634,C00634,Permanent employment,47900,2026-09-10,
635,C00635,Permanent employment,24400,2026-09-10,
636,C00636,Permanent employment,57800,2026-09-10,
637,C00637,Permanent employment,54900,2026-09-10,
638,C00638,Temporary/Probation/Freelance,29900,2026-09-10,
639,C00639,Permanent employment,36700,2026-09-10,
640,C00640,Permanent employment,48900,2026-09-10,
641,C00641,Permanent employment,22000,2026-09-10,
642,C00642,Permanent employment,56700,2026-09-10,
643,C00643,Permanent employment,36900,2026-09-10,
644,C00644,Permanent employment,40800,2026-09-10,
645,C00645,Self-employed,55500,2026-09-10,
646,C00646,Retired,20600,2026-09-10,
647,C00647,Permanent employment,43000,2026-09-10,
648,C00648,Permanent employment,37400,2026-09-10,
649,C00649,Permanent employment,47400,2026-09-10,
650,C00650,Self-employed,50500,2026-09-10,
651,C00651,Student,15300,2026-09-10,
652,C00652,Permanent employment,33600,2026-09-10,
653,C00653,Permanent employment,36500,2026-09-10,
654,C00654,Permanent employment,39400,2026-09-10,
655,C00655,Temporary/Probation/Freelance,38900,2026-09-10,
656,C00656,Self-employed,19300,2026-09-10,
657,C00657,Temporary/Probation/Freelance,23200,2026-09-10,
658,C00658,Permanent employment,54900,2026-09-10,
659,C00659,Self-employed,54500,2026-09-10,
660,C00660,Permanent employment,52600,2026-09-10,
661,C00661,Permanent employment,44400,2026-09-10,
662,C00662,Temporary/Probation/Freelance,44100,2026-09-10,
663,C00663,Permanent employment,34800,2026-09-10,
664,C00664,Parental leave,28700,2026-09-10,
665,C00665,Student,8500,2026-09-10,
666,C00666,Permanent employment,36000,2026-09-10,
667,C00667,Permanent employment,29200,2026-09-10,
668,C00668,Student,12800,2026-09-10,
669,C00669,Permanent employment,29400,2026-09-10,
670,C00670,Permanent employment,35700,2026-09-10,
671,C00671,Permanent employment,22000,2026-09-10,
672,C00672,Temporary/Probation/Freelance,24100,2026-09-10,
673,C00673,Student,10700,2026-09-10,
674,C00674,Permanent employment,47000,2026-09-10,
675,C00675,Permanent employment,43400,2026-09-10,
676,C00676,Retired,19200,2026-09-10,
677,C00677,Permanent employment,35200,2026-09-10,
678,C00678,Parental leave,26000,2026-09-10,
679,C00679,Unemployed,22200,2026-09-10,
680,C00680,Permanent employment,34400,2026-09-10,
681,C00681,Retired,18500,2026-09-10,
682,C00682,Permanent employment,38000,2026-09-10,
683,C00683,Permanent employment,30300,2026-09-10,
684,C00684,Permanent employment,43300,2026-09-10,
685,C00685,Permanent employment,31500,2026-09-10,
686,C00686,Permanent employment,45900,2026-09-10,
687,C00687,Permanent employment,41900,2026-09-10,
688,C00688,Permanent employment,39800,2026-09-10,
689,C00689,Self-employed,39700,2026-09-10,
690,C00690,Permanent employment,34200,2026-09-10,
691,C00691,Permanent employment,42200,2026-09-10,
692,C00692,Permanent employment,50400,2026-09-10,
693,C00693,Parental leave,40800,2026-09-10,
694,C00694,Parental leave,16000,2026-09-10,
695,C00695,Permanent employment,36400,2026-09-10,
696,C00696,Unemployed,8900,2026-09-10,
697,C00697,Permanent employment,42600,2026-09-10,
698,C00698,Permanent employment,47800,2026-09-10,
699,C00699,Parental leave,44300,2026-09-10,
700,C00700,Permanent employment,42700,2026-09-10,
701,C00701,Permanent employment,45900,2026-09-10,
702,C00702,Permanent employment,23600,2026-09-10,
703,C00703,Permanent employment,38200,2026-09-10,
704,C00704,Permanent employment,30900,2026-09-10,
705,C00705,Parental leave,25700,2026-09-10,
706,C00706,Retired,20600,2026-09-10,
707,C00707,Permanent employment,55000,2026-09-10,
708,C00708,Permanent employment,40600,2026-09-10,
709,C00709,Permanent employment,41900,2026-09-10,
710,C00710,Permanent employment,45100,2026-09-10,
711,C00711,Self-employed,62100,2026-09-10,
712,C00712,Parental leave,18600,2026-09-10,
713,C00713,Permanent employment,47400,2026-09-10,
714,C00714,Self-employed,49100,2026-09-10,
715,C00715,Parental leave,29400,2026-09-10,
716,C00716,Retired,31400,2026-09-10,
717,C00717,Retired,23100,2026-09-10,
718,C00718,Retired,30100,2026-09-10,
719,C00719,Permanent employment,39200,2026-09-10,
720,C00720,Permanent employment,44700,2026-09-10,
721,C00721,Retired,26100,2026-09-10,
722,C00722,Permanent employment,36600,2026-09-10,
723,C00723,Student,17800,2026-09-10,
724,C00724,Permanent employment,50500,2026-09-10,
725,C00725,Permanent employment,44600,2026-09-10,
726,C00726,Retired,25100,2026-09-10,
727,C00727,Unemployed,15900,2026-09-10,
728,C00728,Retired,29600,2026-09-10,
729,C00729,Permanent employment,49300,2026-09-10,
730,C00730,Unemployed,17600,2026-09-10,
731,C00731,Permanent employment,36800,2026-09-10,
732,C00732,Retired,18200,2026-09-10,
733,C00733,Permanent employment,49900,2026-09-10,
734,C00734,Permanent employment,47000,2026-09-10,
735,C00735,Self-employed,27300,2026-09-10,
736,C00736,Retired,29900,2026-09-10,
737,C00737,Self-employed,72300,2026-09-10,
738,C00738,Retired,23900,2026-09-10,
739,C00739,Permanent employment,56000,2026-09-10,
740,C00740,Permanent employment,50400,2026-09-10,
741,C00741,Permanent employment,36900,2026-09-10,
742,C00742,Permanent employment,48000,2026-09-10,
743,C00743,Temporary/Probation/Freelance,15800,2026-09-10,
744,C00744,Temporary/Probation/Freelance,32800,2026-09-10,
745,C00745,Permanent employment,30800,2026-09-10,
746,C00746,Permanent employment,44300,2026-09-10,
747,C00747,Permanent employment,49700,2026-09-10,
748,C00748,Parental leave,26500,2026-09-10,
749,C00749,Permanent employment,54800,2026-09-10,
750,C00750,Permanent employment,36500,2026-09-10,
751,C00751,Permanent employment,23000,2026-09-10,
752,C00752,Permanent employment,42800,2026-09-10,
753,C00753,Retired,33500,2026-09-10,
754,C00754,Unemployed,13900,2026-09-10,
755,C00755,Permanent employment,33800,2026-09-10,
756,C00756,Permanent employment,31500,2026-09-10,
757,C00757,Parental leave,26600,2026-09-10,
758,C00758,Temporary/Probation/Freelance,20900,2026-09-10,
759,C00759,Retired,25600,2026-09-10,
760,C00760,Permanent employment,45300,2026-09-10,
761,C00761,Unemployed,10200,2026-09-10,
762,C00762,Permanent employment,42700,2026-09-10,
763,C00763,Student,17200,2026-09-10,
764,C00764,Permanent employment,40000,2026-09-10,
765,C00765,Student,7700,2026-09-10,
766,C00766,Permanent employment,46300,2026-09-10,
767,C00767,Unemployed,8400,2026-09-10,
768,C00768,Retired,30500,2026-09-10,
769,C00769,Permanent employment,42100,2026-09-10,
770,C00770,Retired,15800,2026-09-10,
771,C00771,Permanent employment,41800,2026-09-10,
772,C00772,Retired,20500,2026-09-10,
773,C00773,Temporary/Probation/Freelance,23000,2026-09-10,
774,C00774,Parental leave,30400,2026-09-10,
775,C00775,Retired,31300,2026-09-10,
776,C00776,Permanent employment,35100,2026-09-10,
777,C00777,Permanent employment,31200,2026-09-10,
778,C00778,Permanent employment,27300,2026-09-10,
779,C00779,Permanent employment,32800,2026-09-10,
780,C00780,Retired,20500,2026-09-10,
781,C00781,Permanent employment,33800,2026-09-10,
782,C00782,Permanent employment,40100,2026-09-10,
783,C00783,Student,19600,2026-09-10,
784,C00784,Parental leave,37400,2026-09-10,
785,C00785,Permanent employment,32300,2026-09-10,
786,C00786,Temporary/Probation/Freelance,31100,2026-09-10,
787,C00787,Permanent employment,37400,2026-09-10,
788,C00788,Permanent employment,55900,2026-09-10,
789,C00789,Self-employed,46300,2026-09-10,
790,C00790,Retired,31300,2026-09-10,
791,C00791,Self-employed,30800,2026-09-10,
792,C00792,Parental leave,39600,2026-09-10,
793,C00793,Self-employed,37100,2026-09-10,
794,C00794,Unemployed,6900,2026-09-10,
795,C00795,Student,9100,2026-09-10,
796,C00796,Permanent employment,38200,2026-09-10,
797,C00797,Permanent employment,50000,2026-09-10,
798,C00798,Permanent employment,40700,2026-09-10,
799,C00799,Permanent employment,46800,2026-09-10,
800,C00800,Retired,19100,2026-09-10,
801,C00801,Permanent employment,37100,2026-09-10,
802,C00802,Parental leave,30000,2026-09-10,
803,C00803,Permanent employment,48700,2026-09-10,
804,C00804,Parental leave,20600,2026-09-10,
805,C00805,Permanent employment,51500,2026-09-10,
806,C00806,Permanent employment,49600,2026-09-10,
807,C00807,Retired,21800,2026-09-10,
808,C00808,Self-employed,41600,2026-09-10,
809,C00809,Permanent employment,26500,2026-09-10,
810,C00810,Temporary/Probation/Freelance,44400,2026-09-10,
811,C00811,Retired,21600,2026-09-10,
812,C00812,Retired,31500,2026-09-10,
813,C00813,Permanent employment,33800,2026-09-10,
814,C00814,Permanent employment,43000,2026-09-10,
815,C00815,Retired,27600,2026-09-10,
816,C00816,Permanent employment,41800,2026-09-10,
817,C00817,Permanent employment,34000,2026-09-10,
818,C00818,Permanent employment,44100,2026-09-10,
819,C00819,Permanent employment,22000,2026-09-10,
820,C00820,Permanent employment,39000,2026-09-10,
821,C00821,Retired,19500,2026-09-10,
822,C00822,Permanent employment,30600,2026-09-10,
823,C00823,Permanent employment,40500,2026-09-10,
824,C00824,Parental leave,22700,2026-09-10,
825,C00825,Permanent employment,46300,2026-09-10,
826,C00826,Retired,28500,2026-09-10,
827,C00827,Permanent employment,35300,2026-09-10,
828,C00828,Self-employed,45300,2026-09-10,
829,C00829,Unemployed,17000,2026-09-10,
830,C00830,Permanent employment,45700,2026-09-10,
831,C00831,Unemployed,9200,2026-09-10,
832,C00832,Permanent employment,46700,2026-09-10,
833,C00833,Permanent employment,38000,2026-09-10,
834,C00834,Permanent employment,39100,2026-09-10,
835,C00835,Unemployed,14200,2026-09-10,
836,C00836,Parental leave,17900,2026-09-10,
837,C00837,Retired,22700,2026-09-10,
838,C00838,Permanent employment,51700,2026-09-10,
839,C00839,Permanent employment,55100,2026-09-10,
840,C00840,Permanent employment,50000,2026-09-10,
841,C00841,Student,10100,2026-09-10,
842,C00842,Permanent employment,47800,2026-09-10,
843,C00843,Permanent employment,41800,2026-09-10,
844,C00844,Retired,22300,2026-09-10,
845,C00845,Permanent employment,46000,2026-09-10,
846,C00846,Temporary/Probation/Freelance,24800,2026-09-10,
847,C00847,Permanent employment,37200,2026-09-10,
848,C00848,Retired,30200,2026-09-10,
849,C00849,Permanent employment,38600,2026-09-10,
850,C00850,Permanent employment,35600,2026-09-10,
851,C00851,Student,5100,2026-09-10,
852,C00852,Student,12200,2026-09-10,
853,C00853,Permanent employment,53600,2026-09-10,
854,C00854,Retired,32300,2026-09-10,
855,C00855,Permanent employment,43500,2026-09-10,
856,C00856,Permanent employment,49000,2026-09-10,
857,C00857,Student,11400,2026-09-10,
858,C00858,Permanent employment,40700,2026-09-10,
859,C00859,Permanent employment,44600,2026-09-10,
860,C00860,Permanent employment,28100,2026-09-10,
861,C00861,Permanent employment,36300,2026-09-10,
862,C00862,Temporary/Probation/Freelance,28300,2026-09-10,
863,C00863,Permanent employment,34100,2026-09-10,
864,C00864,Permanent employment,42700,2026-09-10,
865,C00865,Permanent employment,44300,2026-09-10,
866,C00866,Permanent employment,43800,2026-09-10,
867,C00867,Permanent employment,49800,2026-09-10,
868,C00868,Permanent employment,39400,2026-09-10,
869,C00869,Retired,36300,2026-09-10,
870,C00870,Retired,14300,2026-09-10,
871,C00871,Parental leave,35300,2026-09-10,
872,C00872,Permanent employment,46500,2026-09-10,
873,C00873,Permanent employment,42300,2026-09-10,
874,C00874,Unemployed,8700,2026-09-10,
875,C00875,Student,11700,2026-09-10,
876,C00876,Permanent employment,53900,2026-09-10,
877,C00877,Retired,27000,2026-09-10,
878,C00878,Self-employed,44200,2026-09-10,
879,C00879,Student,10700,2026-09-10,
880,C00880,Self-employed,55600,2026-09-10,
881,C00881,Temporary/Probation/Freelance,42500,2026-09-10,
882,C00882,Student,8200,2026-09-10,
883,C00883,Temporary/Probation/Freelance,31500,2026-09-10,
884,C00884,Temporary/Probation/Freelance,30000,2026-09-10,
885,C00885,Self-employed,36800,2026-09-10,
886,C00886,Parental leave,31200,2026-09-10,
887,C00887,Permanent employment,53700,2026-09-10,
888,C00888,Permanent employment,33400,2026-09-10,
889,C00889,Temporary/Probation/Freelance,32900,2026-09-10,
890,C00890,Permanent employment,40800,2026-09-10,
891,C00891,Permanent employment,42900,2026-09-10,
892,C00892,Retired,26900,2026-09-10,
893,C00893,Retired,26600,2026-09-10,
894,C00894,Permanent employment,38600,2026-09-10,
895,C00895,Permanent employment,42600,2026-09-10,
896,C00896,Self-employed,44700,2026-09-10,
897,C00897,Permanent employment,37700,2026-09-10,
898,C00898,Retired,24300,2026-09-10,
899,C00899,Student,9900,2026-09-10,
900,C00900,Parental leave,42100,2026-09-10,
901,C00901,Student,5900,2026-09-10,
902,C00902,Student,15000,2026-09-10,
903,C00903,Permanent employment,41300,2026-09-10,
904,C00904,Permanent employment,52200,2026-09-10,
905,C00905,Permanent employment,39400,2026-09-10,
906,C00906,Retired,12000,2026-09-10,
907,C00907,Retired,23100,2026-09-10,
908,C00908,Permanent employment,50400,2026-09-10,
909,C00909,Student,8400,2026-09-10,
910,C00910,Permanent employment,44000,2026-09-10,
911,C00911,Permanent employment,58800,2026-09-10,
912,C00912,Permanent employment,39900,2026-09-10,
913,C00913,Permanent employment,49500,2026-09-10,
914,C00914,Permanent employment,38100,2026-09-10,
915,C00915,Permanent employment,53100,2026-09-10,
916,C00916,Permanent employment,44500,2026-09-10,
917,C00917,Self-employed,53800,2026-09-10,
918,C00918,Retired,19400,2026-09-10,
919,C00919,Permanent employment,43700,2026-09-10,
920,C00920,Permanent employment,39200,2026-09-10,
921,C00921,Retired,14000,2026-09-10,
922,C00922,Permanent employment,41500,2026-09-10,
923,C00923,Permanent employment,44900,2026-09-10,
924,C00924,Retired,18600,2026-09-10,
925,C00925,Self-employed,48200,2026-09-10,
926,C00926,Student,9100,2026-09-10,
927,C00927,Unemployed,16400,2026-09-10,
928,C00928,Permanent employment,43800,2026-09-10,
929,C00929,Permanent employment,59700,2026-09-10,
930,C00930,Permanent employment,24200,2026-09-10,
931,C00931,Parental leave,25200,2026-09-10,
932,C00932,Retired,28600,2026-09-10,
933,C00933,Permanent employment,44300,2026-09-10,
934,C00934,Permanent employment,48100,2026-09-10,
935,C00935,Temporary/Probation/Freelance,15000,2026-09-10,
936,C00936,Permanent employment,43700,2026-09-10,
937,C00937,Unemployed,14000,2026-09-10,
938,C00938,Temporary/Probation/Freelance,34900,2026-09-10,
939,C00939,Permanent employment,40500,2026-09-10,
940,C00940,Permanent employment,45100,2026-09-10,
941,C00941,Permanent employment,44300,2026-09-10,
942,C00942,Permanent employment,36200,2026-09-10,
943,C00943,Temporary/Probation/Freelance,32800,2026-09-10,
944,C00944,Permanent employment,42100,2026-09-10,
945,C00945,Permanent employment,35000,2026-09-10,
946,C00946,Student,9900,2026-09-10,
947,C00947,Permanent employment,35500,2026-09-10,
948,C00948,Retired,13800,2026-09-10,
949,C00949,Permanent employment,47600,2026-09-10,
950,C00950,Permanent employment,58100,2026-09-10,
951,C00951,Permanent employment,46900,2026-09-10,
952,C00952,Permanent employment,45100,2026-09-10,
953,C00953,Permanent employment,48500,2026-09-10,
954,C00954,Retired,37200,2026-09-10,
955,C00955,Permanent employment,43800,2026-09-10,
956,C00956,Permanent employment,39900,2026-09-10,
957,C00957,Self-employed,52900,2026-09-10,
958,C00958,Permanent employment,31100,2026-09-10,
959,C00959,Permanent employment,44800,2026-09-10,
960,C00960,Permanent employment,43000,2026-09-10,
961,C00961,Unemployed,14300,2026-09-10,
962,C00962,Permanent employment,38300,2026-09-10,
963,C00963,Student,15100,2026-09-10,
964,C00964,Permanent employment,40600,2026-09-10,
965,C00965,Permanent employment,36600,2026-09-10,
966,C00966,Permanent employment,26400,2026-09-10,
967,C00967,Permanent employment,42300,2026-09-10,
968,C00968,Permanent employment,40000,2026-09-10,
969,C00969,Permanent employment,43400,2026-09-10,
970,C00970,Permanent employment,41600,2026-09-10,
971,C00971,Retired,21300,2026-09-10,
972,C00972,Retired,18100,2026-09-10,
973,C00973,Permanent employment,37800,2026-09-10,
974,C00974,Temporary/Probation/Freelance,22400,2026-09-10,
975,C00975,Unemployed,13200,2026-09-10,
976,C00976,Unemployed,9400,2026-09-10,
977,C00977,Self-employed,67600,2026-09-10,
978,C00978,Temporary/Probation/Freelance,29900,2026-09-10,
979,C00979,Permanent employment,34300,2026-09-10,
980,C00980,Permanent employment,46500,2026-09-10,
981,C00981,Permanent employment,38700,2026-09-10,
982,C00982,Permanent employment,50300,2026-09-10,
983,C00983,Unemployed,11500,2026-09-10,
984,C00984,Student,17000,2026-09-10,
985,C00985,Self-employed,63000,2026-09-10,
986,C00986,Permanent employment,70500,2026-09-10,
987,C00987,Permanent employment,43700,2026-09-10,
988,C00988,Permanent employment,49800,2026-09-10,
989,C00989,Student,10100,2026-09-10,
990,C00990,Retired,24500,2026-09-10,
991,C00991,Retired,32500,2026-09-10,
992,C00992,Permanent employment,48400,2026-09-10,
993,C00993,Temporary/Probation/Freelance,29300,2026-09-10,
994,C00994,Permanent employment,54200,2026-09-10,
995,C00995,Permanent employment,52000,2026-09-10,
996,C00996,Permanent employment,48900,2026-09-10,
997,C00997,Retired,32400,2026-09-10,
998,C00998,Permanent employment,35500,2026-09-10,
999,C00999,Retired,20700,2026-09-10,
1000,C01000,Parental leave,27400,2026-09-10,
1001,C01001,Parental leave,34700,2026-09-10,
1002,C01002,Permanent employment,54400,2026-09-10,
1003,C01003,Retired,31300,2026-09-10,
1004,C01004,Student,2900,2026-09-10,
1005,C01005,Permanent employment,38000,2026-09-10,
1006,C01006,Permanent employment,47800,2026-09-10,
1007,C01007,Permanent employment,51600,2026-09-10,
1008,C01008,Permanent employment,45200,2026-09-10,
1009,C01009,Permanent employment,48700,2026-09-10,
1010,C01010,Permanent employment,31800,2026-09-10,
1011,C01011,Self-employed,41200,2026-09-10,
1012,C01012,Retired,33800,2026-09-10,
1013,C01013,Retired,26300,2026-09-10,
1014,C01014,Temporary/Probation/Freelance,23600,2026-09-10,
1015,C01015,Unemployed,17200,2026-09-10,
1016,C01016,Retired,24900,2026-09-10,
1017,C01017,Permanent employment,34800,2026-09-10,
1018,C01018,Permanent employment,34000,2026-09-10,
1019,C01019,Retired,28800,2026-09-10,
1020,C01020,Self-employed,25400,2026-09-10,
1021,C01021,Retired,38900,2026-09-10,
1022,C01022,Permanent employment,32500,2026-09-10,
1023,C01023,Retired,24300,2026-09-10,
1024,C01024,Retired,29200,2026-09-10,
1025,C01025,Retired,16800,2026-09-10,
1026,C01026,Permanent employment,40000,2026-09-10,
1027,C01027,Retired,29900,2026-09-10,
1028,C01028,Retired,17200,2026-09-10,
1029,C01029,Permanent employment,58400,2026-09-10,
1030,C01030,Retired,24300,2026-09-10,
1031,C01031,Student,7900,2026-09-10,
1032,C01032,Permanent employment,56400,2026-09-10,
1033,C01033,Permanent employment,30600,2026-09-10,
1034,C01034,Permanent employment,50100,2026-09-10,
1035,C01035,Student,5100,2026-09-10,
1036,C01036,Permanent employment,51800,2026-09-10,
1037,C01037,Permanent employment,58100,2026-09-10,
1038,C01038,Retired,23200,2026-09-10,
1039,C01039,Student,9500,2026-09-10,
1040,C01040,Permanent employment,43000,2026-09-10,
1041,C01041,Permanent employment,39500,2026-09-10,
1042,C01042,Permanent employment,43600,2026-09-10,
1043,C01043,Permanent employment,51300,2026-09-10,
1044,C01044,Self-employed,55600,2026-09-10,
1045,C01045,Retired,27500,2026-09-10,
1046,C01046,Permanent employment,39900,2026-09-10,
1047,C01047,Permanent employment,30500,2026-09-10,
1048,C01048,Permanent employment,42400,2026-09-10,
1049,C01049,Retired,14600,2026-09-10,
1050,C01050,Permanent employment,28900,2026-09-10,
1051,C01051,Permanent employment,48300,2026-09-10,
1052,C01052,Permanent employment,55600,2026-09-10,
1053,C01053,Retired,24100,2026-09-10,
1054,C01054,Retired,25800,2026-09-10,
1055,C01055,Retired,20600,2026-09-10,
1056,C01056,Temporary/Probation/Freelance,43800,2026-09-10,
1057,C01057,Permanent employment,52600,2026-09-10,
1058,C01058,Permanent employment,38000,2026-09-10,
1059,C01059,Permanent employment,49600,2026-09-10,
1060,C01060,Retired,23100,2026-09-10,
1061,C01061,Retired,26100,2026-09-10,
1062,C01062,Permanent employment,37400,2026-09-10,
1063,C01063,Permanent employment,29300,2026-09-10,
1064,C01064,Parental leave,23300,2026-09-10,
1065,C01065,Permanent employment,41100,2026-09-10,
1066,C01066,Permanent employment,39500,2026-09-10,
1067,C01067,Permanent employment,22000,2026-09-10,
1068,C01068,Temporary/Probation/Freelance,32500,2026-09-10,
1069,C01069,Permanent employment,35100,2026-09-10,
1070,C01070,Permanent employment,44700,2026-09-10,
1071,C01071,Permanent employment,36700,2026-09-10,
1072,C01072,Permanent employment,25500,2026-09-10,
1073,C01073,Permanent employment,29700,2026-09-10,
1074,C01074,Temporary/Probation/Freelance,28400,2026-09-10,
1075,C01075,Retired,24600,2026-09-10,
1076,C01076,Permanent employment,56200,2026-09-10,
1077,C01077,Unemployed,16800,2026-09-10,
1078,C01078,Retired,37700,2026-09-10,
1079,C01079,Permanent employment,35900,2026-09-10,
1080,C01080,Retired,18800,2026-09-10,
1081,C01081,Temporary/Probation/Freelance,33700,2026-09-10,
1082,C01082,Permanent employment,51000,2026-09-10,
1083,C01083,Permanent employment,37200,2026-09-10,
1084,C01084,Permanent employment,52800,2026-09-10,
1085,C01085,Retired,27200,2026-09-10,
1086,C01086,Permanent employment,41900,2026-09-10,
1087,C01087,Unemployed,20000,2026-09-10,
1088,C01088,Parental leave,22800,2026-09-10,
1089,C01089,Retired,28600,2026-09-10,
1090,C01090,Permanent employment,36700,2026-09-10,
1091,C01091,Retired,31700,2026-09-10,
1092,C01092,Permanent employment,45300,2026-09-10,
1093,C01093,Permanent employment,52700,2026-09-10,
1094,C01094,Self-employed,45900,2026-09-10,
1095,C01095,Student,7800,2026-09-10,
1096,C01096,Permanent employment,37400,2026-09-10,
1097,C01097,Permanent employment,39300,2026-09-10,
1098,C01098,Permanent employment,40500,2026-09-10,
1099,C01099,Permanent employment,47800,2026-09-10,
1100,C01100,Permanent employment,45100,2026-09-10,
1101,C01101,Student,13400,2026-09-10,
1102,C01102,Retired,39400,2026-09-10,
1103,C01103,Retired,18800,2026-09-10,
1104,C01104,Retired,30900,2026-09-10,
1105,C01105,Retired,19100,2026-09-10,
1106,C01106,Student,5300,2026-09-10,
1107,C01107,Permanent employment,55000,2026-09-10,
1108,C01108,Permanent employment,36700,2026-09-10,
1109,C01109,Permanent employment,42800,2026-09-10,
1110,C01110,Permanent employment,32400,2026-09-10,
1111,C01111,Retired,40800,2026-09-10,
1112,C01112,Temporary/Probation/Freelance,29800,2026-09-10,
1113,C01113,Permanent employment,30300,2026-09-10,
1114,C01114,Permanent employment,38900,2026-09-10,
1115,C01115,Permanent employment,59900,2026-09-10,
1116,C01116,Permanent employment,43500,2026-09-10,
1117,C01117,Permanent employment,37400,2026-09-10,
1118,C01118,Permanent employment,53400,2026-09-10,
1119,C01119,Permanent employment,53900,2026-09-10,
1120,C01120,Permanent employment,31900,2026-09-10,
1121,C01121,Retired,18300,2026-09-10,
1122,C01122,Retired,20000,2026-09-10,
1123,C01123,Retired,21600,2026-09-10,
1124,C01124,Retired,29700,2026-09-10,
1125,C01125,Permanent employment,42400,2026-09-10,
1126,C01126,Permanent employment,42900,2026-09-10,
1127,C01127,Permanent employment,38000,2026-09-10,
1128,C01128,Permanent employment,41000,2026-09-10,
1129,C01129,Unemployed,20200,2026-09-10,
1130,C01130,Permanent employment,33100,2026-09-10,
1131,C01131,Permanent employment,43200,2026-09-10,
1132,C01132,Temporary/Probation/Freelance,34900,2026-09-10,
1133,C01133,Unemployed,16700,2026-09-10,
1134,C01134,Permanent employment,35300,2026-09-10,
1135,C01135,Student,15500,2026-09-10,
1136,C01136,Student,20700,2026-09-10,
1137,C01137,Permanent employment,55600,2026-09-10,
1138,C01138,Permanent employment,27600,2026-09-10,
1139,C01139,Permanent employment,44400,2026-09-10,
1140,C01140,Permanent employment,40400,2026-09-10,
1141,C01141,Retired,27800,2026-09-10,
1142,C01142,Permanent employment,52400,2026-09-10,
1143,C01143,Unemployed,9400,2026-09-10,
1144,C01144,Self-employed,60600,2026-09-10,
1145,C01145,Student,9900,2026-09-10,
1146,C01146,Permanent employment,41200,2026-09-10,
1147,C01147,Permanent employment,46700,2026-09-10,
1148,C01148,Student,9300,2026-09-10,
1149,C01149,Retired,31800,2026-09-10,
1150,C01150,Retired,21100,2026-09-10,
1151,C01151,Student,16700,2026-09-10,
1152,C01152,Retired,23800,2026-09-10,
1153,C01153,Permanent employment,26400,2026-09-10,
1154,C01154,Permanent employment,37400,2026-09-10,
1155,C01155,Permanent employment,44300,2026-09-10,
1156,C01156,Permanent employment,45600,2026-09-10,
1157,C01157,Permanent employment,37300,2026-09-10,
1158,C01158,Retired,19000,2026-09-10,
1159,C01159,Retired,36400,2026-09-10,
1160,C01160,Temporary/Probation/Freelance,41200,2026-09-10,
1161,C01161,Retired,15400,2026-09-10,
1162,C01162,Permanent employment,32100,2026-09-10,
1163,C01163,Permanent employment,47200,2026-09-10,
1164,C01164,Retired,22800,2026-09-10,
1165,C01165,Permanent employment,22000,2026-09-10,
1166,C01166,Retired,18900,2026-09-10,
1167,C01167,Temporary/Probation/Freelance,35900,2026-09-10,
1168,C01168,Permanent employment,45800,2026-09-10,
1169,C01169,Student,5300,2026-09-10,
1170,C01170,Temporary/Probation/Freelance,25500,2026-09-10,
1171,C01171,Permanent employment,43400,2026-09-10,
1172,C01172,Retired,41800,2026-09-10,
1173,C01173,Permanent employment,43300,2026-09-10,
1174,C01174,Self-employed,32000,2026-09-10,
1175,C01175,Permanent employment,55600,2026-09-10,
1176,C01176,Permanent employment,49100,2026-09-10,
1177,C01177,Permanent employment,37400,2026-09-10,
1178,C01178,Unemployed,14100,2026-09-10,
1179,C01179,Temporary/Probation/Freelance,28500,2026-09-10,
1180,C01180,Permanent employment,48800,2026-09-10,
1181,C01181,Retired,15100,2026-09-10,
1182,C01182,Self-employed,23600,2026-09-10,
1183,C01183,Permanent employment,41200,2026-09-10,
1184,C01184,Self-employed,29200,2026-09-10,
1185,C01185,Permanent employment,45100,2026-09-10,
1186,C01186,Retired,16700,2026-09-10,
1187,C01187,Permanent employment,59900,2026-09-10,
1188,C01188,Temporary/Probation/Freelance,28800,2026-09-10,
1189,C01189,Permanent employment,45900,2026-09-10,
1190,C01190,Permanent employment,45500,2026-09-10,
1191,C01191,Unemployed,13700,2026-09-10,
1192,C01192,Self-employed,66200,2026-09-10,
1193,C01193,Permanent employment,46000,2026-09-10,
1194,C01194,Permanent employment,41400,2026-09-10,
1195,C01195,Permanent employment,22000,2026-09-10,
1196,C01196,Temporary/Probation/Freelance,33100,2026-09-10,
1197,C01197,Retired,30300,2026-09-10,
1198,C01198,Retired,15000,2026-09-10,
1199,C01199,Permanent employment,40300,2026-09-10,
1200,C01200,Student,14800,2026-09-10,
1201,C01201,Permanent employment,37000,2026-09-10,
1202,C01202,Student,5700,2026-09-10,
1203,C01203,Student,9200,2026-09-10,
1204,C01204,Permanent employment,54200,2026-09-10,
1205,C01205,Unemployed,17700,2026-09-10,
1206,C01206,Permanent employment,52200,2026-09-10,
1207,C01207,Retired,16900,2026-09-10,
1208,C01208,Permanent employment,40400,2026-09-10,
1209,C01209,Self-employed,41800,2026-09-10,
1210,C01210,Retired,21800,2026-09-10,
1211,C01211,Permanent employment,39600,2026-09-10,
1212,C01212,Permanent employment,48400,2026-09-10,
1213,C01213,Unemployed,7500,2026-09-10,
1214,C01214,Retired,24900,2026-09-10,
1215,C01215,Self-employed,74900,2026-09-10,
1216,C01216,Self-employed,46400,2026-09-10,
1217,C01217,Permanent employment,32200,2026-09-10,
1218,C01218,Unemployed,8900,2026-09-10,
1219,C01219,Permanent employment,45500,2026-09-10,
1220,C01220,Self-employed,76300,2026-09-10,
1221,C01221,Retired,25400,2026-09-10,
1222,C01222,Permanent employment,35700,2026-09-10,
1223,C01223,Permanent employment,39700,2026-09-10,
1224,C01224,Permanent employment,32700,2026-09-10,
1225,C01225,Permanent employment,46900,2026-09-10,
1226,C01226,Permanent employment,31800,2026-09-10,
1227,C01227,Permanent employment,51400,2026-09-10,
1228,C01228,Permanent employment,49400,2026-09-10,
1229,C01229,Retired,22400,2026-09-10,
1230,C01230,Permanent employment,49500,2026-09-10,
1231,C01231,Retired,25100,2026-09-10,
1232,C01232,Permanent employment,42500,2026-09-10,
1233,C01233,Temporary/Probation/Freelance,37200,2026-09-10,
1234,C01234,Permanent employment,28200,2026-09-10,
1235,C01235,Permanent employment,33900,2026-09-10,
1236,C01236,Unemployed,23000,2026-09-10,
1237,C01237,Retired,22400,2026-09-10,
1238,C01238,Self-employed,37300,2026-09-10,
1239,C01239,Retired,27000,2026-09-10,
1240,C01240,Permanent employment,36600,2026-09-10,
1241,C01241,Retired,15100,2026-09-10,
1242,C01242,Permanent employment,34700,2026-09-10,
1243,C01243,Permanent employment,36800,2026-09-10,
1244,C01244,Retired,26400,2026-09-10,
1245,C01245,Permanent employment,38100,2026-09-10,
1246,C01246,Permanent employment,49500,2026-09-10,
1247,C01247,Parental leave,29100,2026-09-10,
1248,C01248,Permanent employment,29400,2026-09-10,
1249,C01249,Retired,24300,2026-09-10,
1250,C01250,Permanent employment,37700,2026-09-10,
1251,C01251,Permanent employment,51900,2026-09-10,
1252,C01252,Permanent employment,47200,2026-09-10,
1253,C01253,Permanent employment,36800,2026-09-10,
1254,C01254,Self-employed,35500,2026-09-10,
1255,C01255,Permanent employment,39200,2026-09-10,
1256,C01256,Permanent employment,36900,2026-09-10,
1257,C01257,Self-employed,21000,2026-09-10,
1258,C01258,Self-employed,21000,2026-09-10,
1259,C01259,Permanent employment,37400,2026-09-10,
1260,C01260,Permanent employment,39600,2026-09-10,
1261,C01261,Permanent employment,37500,2026-09-10,
1262,C01262,Retired,32900,2026-09-10,
1263,C01263,Permanent employment,45400,2026-09-10,
1264,C01264,Permanent employment,36800,2026-09-10,
1265,C01265,Unemployed,16300,2026-09-10,
1266,C01266,Temporary/Probation/Freelance,41600,2026-09-10,
1267,C01267,Permanent employment,49700,2026-09-10,
1268,C01268,Permanent employment,46000,2026-09-10,
1269,C01269,Permanent employment,48300,2026-09-10,
1270,C01270,Permanent employment,53400,2026-09-10,
1271,C01271,Permanent employment,55100,2026-09-10,
1272,C01272,Retired,17200,2026-09-10,
1273,C01273,Self-employed,45400,2026-09-10,
1274,C01274,Permanent employment,34200,2026-09-10,
1275,C01275,Permanent employment,46200,2026-09-10,
1276,C01276,Permanent employment,41700,2026-09-10,
1277,C01277,Permanent employment,53500,2026-09-10,
1278,C01278,Retired,22100,2026-09-10,
1279,C01279,Student,2900,2026-09-10,
1280,C01280,Temporary/Probation/Freelance,44800,2026-09-10,
1281,C01281,Permanent employment,57400,2026-09-10,
1282,C01282,Self-employed,54800,2026-09-10,
1283,C01283,Permanent employment,41500,2026-09-10,
1284,C01284,Unemployed,17400,2026-09-10,
1285,C01285,Parental leave,30200,2026-09-10,
1286,C01286,Permanent employment,42800,2026-09-10,
1287,C01287,Permanent employment,33300,2026-09-10,
1288,C01288,Permanent employment,44900,2026-09-10,
1289,C01289,Student,12700,2026-09-10,
1290,C01290,Unemployed,14700,2026-09-10,
1291,C01291,Permanent employment,51200,2026-09-10,
1292,C01292,Temporary/Probation/Freelance,28200,2026-09-10,
1293,C01293,Permanent employment,42100,2026-09-10,
1294,C01294,Permanent employment,45700,2026-09-10,
1295,C01295,Retired,24500,2026-09-10,
1296,C01296,Permanent employment,48400,2026-09-10,
1297,C01297,Self-employed,38800,2026-09-10,
1298,C01298,Permanent employment,34500,2026-09-10,
1299,C01299,Retired,22700,2026-09-10,
1300,C01300,Retired,21000,2026-09-10,
1301,C01301,Permanent employment,25600,2026-09-10,
1302,C01302,Self-employed,18000,2026-09-10,
1303,C01303,Student,4200,2026-09-10,
1304,C01304,Permanent employment,44200,2026-09-10,
1305,C01305,Student,3500,2026-09-10,
1306,C01306,Retired,27900,2026-09-10,
1307,C01307,Unemployed,15500,2026-09-10,
1308,C01308,Self-employed,32900,2026-09-10,
1309,C01309,Permanent employment,44600,2026-09-10,
1310,C01310,Permanent employment,41700,2026-09-10,
1311,C01311,Parental leave,19200,2026-09-10,
1312,C01312,Retired,27000,2026-09-10,
1313,C01313,Unemployed,11600,2026-09-10,
1314,C01314,Retired,17100,2026-09-10,
1315,C01315,Permanent employment,49700,2026-09-10,
1316,C01316,Permanent employment,44700,2026-09-10,
1317,C01317,Permanent employment,51400,2026-09-10,
1318,C01318,Permanent employment,42200,2026-09-10,
1319,C01319,Permanent employment,39500,2026-09-10,
1320,C01320,Student,14000,2026-09-10,
1321,C01321,Permanent employment,49700,2026-09-10,
1322,C01322,Permanent employment,35800,2026-09-10,
1323,C01323,Retired,25600,2026-09-10,
1324,C01324,Permanent employment,42000,2026-09-10,
1325,C01325,Retired,27900,2026-09-10,
1326,C01326,Permanent employment,41400,2026-09-10,
1327,C01327,Temporary/Probation/Freelance,29100,2026-09-10,
1328,C01328,Permanent employment,46900,2026-09-10,
1329,C01329,Permanent employment,44200,2026-09-10,
1330,C01330,Permanent employment,58400,2026-09-10,
1331,C01331,Self-employed,39400,2026-09-10,
1332,C01332,Permanent employment,37400,2026-09-10,
1333,C01333,Permanent employment,41400,2026-09-10,
1334,C01334,Retired,17300,2026-09-10,
1335,C01335,Retired,20700,2026-09-10,
1336,C01336,Permanent employment,43600,2026-09-10,
1337,C01337,Permanent employment,37800,2026-09-10,
1338,C01338,Permanent employment,42600,2026-09-10,
1339,C01339,Unemployed,11700,2026-09-10,
1340,C01340,Student,11800,2026-09-10,
1341,C01341,Permanent employment,53200,2026-09-10,
1342,C01342,Parental leave,35000,2026-09-10,
1343,C01343,Retired,12000,2026-09-10,
1344,C01344,Permanent employment,40100,2026-09-10,
1345,C01345,Retired,27600,2026-09-10,
1346,C01346,Permanent employment,34500,2026-09-10,
1347,C01347,Parental leave,16000,2026-09-10,
1348,C01348,Permanent employment,39900,2026-09-10,
1349,C01349,Retired,18200,2026-09-10,
1350,C01350,Permanent employment,41500,2026-09-10,
1351,C01351,Retired,26400,2026-09-10,
1352,C01352,Permanent employment,44000,2026-09-10,
1353,C01353,Permanent employment,42800,2026-09-10,
1354,C01354,Permanent employment,46200,2026-09-10,
1355,C01355,Permanent employment,46400,2026-09-10,
1356,C01356,Retired,27000,2026-09-10,
1357,C01357,Retired,26200,2026-09-10,
1358,C01358,Self-employed,63700,2026-09-10,
1359,C01359,Permanent employment,45200,2026-09-10,
1360,C01360,Permanent employment,50500,2026-09-10,
1361,C01361,Retired,26400,2026-09-10,
1362,C01362,Unemployed,14800,2026-09-10,
1363,C01363,Permanent employment,40200,2026-09-10,
1364,C01364,Permanent employment,42500,2026-09-10,
1365,C01365,Permanent employment,42700,2026-09-10,
1366,C01366,Permanent employment,45600,2026-09-10,
1367,C01367,Permanent employment,44600,2026-09-10,
1368,C01368,Retired,17600,2026-09-10,
1369,C01369,Permanent employment,27200,2026-09-10,
1370,C01370,Permanent employment,30000,2026-09-10,
1371,C01371,Retired,19100,2026-09-10,
1372,C01372,Permanent employment,41200,2026-09-10,
1373,C01373,Retired,19600,2026-09-10,
1374,C01374,Permanent employment,53600,2026-09-10,
1375,C01375,Permanent employment,29400,2026-09-10,
1376,C01376,Retired,28500,2026-09-10,
1377,C01377,Permanent employment,32000,2026-09-10,
1378,C01378,Permanent employment,37200,2026-09-10,
1379,C01379,Permanent employment,38000,2026-09-10,
1380,C01380,Permanent employment,38000,2026-09-10,
1381,C01381,Permanent employment,33500,2026-09-10,
1382,C01382,Permanent employment,50500,2026-09-10,
1383,C01383,Retired,28900,2026-09-10,
1384,C01384,Permanent employment,31000,2026-09-10,
1385,C01385,Permanent employment,41600,2026-09-10,
1386,C01386,Permanent employment,48200,2026-09-10,
1387,C01387,Permanent employment,41700,2026-09-10,
1388,C01388,Permanent employment,49000,2026-09-10,
1389,C01389,Retired,26600,2026-09-10,
1390,C01390,Permanent employment,39000,2026-09-10,
1391,C01391,Permanent employment,32700,2026-09-10,
1392,C01392,Temporary/Probation/Freelance,22300,2026-09-10,
1393,C01393,Parental leave,25800,2026-09-10,
1394,C01394,Parental leave,30100,2026-09-10,
1395,C01395,Parental leave,28600,2026-09-10,
1396,C01396,Retired,20600,2026-09-10,
1397,C01397,Permanent employment,49100,2026-09-10,
1398,C01398,Permanent employment,40400,2026-09-10,
1399,C01399,Permanent employment,33900,2026-09-10,
1400,C01400,Self-employed,22100,2026-09-10,
1401,C01401,Permanent employment,31100,2026-09-10,
1402,C01402,Self-employed,30500,2026-09-10,
1403,C01403,Student,6800,2026-09-10,
1404,C01404,Permanent employment,40200,2026-09-10,
1405,C01405,Self-employed,51400,2026-09-10,
1406,C01406,Permanent employment,37100,2026-09-10,
1407,C01407,Unemployed,10900,2026-09-10,
1408,C01408,Temporary/Probation/Freelance,17300,2026-09-10,
1409,C01409,Permanent employment,38600,2026-09-10,
1410,C01410,Retired,22400,2026-09-10,
1411,C01411,Permanent employment,31700,2026-09-10,
1412,C01412,Temporary/Probation/Freelance,21700,2026-09-10,
1413,C01413,Permanent employment,41400,2026-09-10,
1414,C01414,Student,11200,2026-09-10,
1415,C01415,Temporary/Probation/Freelance,22700,2026-09-10,
1416,C01416,Retired,31100,2026-09-10,
1417,C01417,Temporary/Probation/Freelance,23200,2026-09-10,
1418,C01418,Permanent employment,35100,2026-09-10,
1419,C01419,Self-employed,65800,2026-09-10,
1420,C01420,Retired,27900,2026-09-10,
1421,C01421,Permanent employment,44000,2026-09-10,
1422,C01422,Permanent employment,47600,2026-09-10,
1423,C01423,Permanent employment,22000,2026-09-10,
1424,C01424,Self-employed,77500,2026-09-10,
1425,C01425,Permanent employment,34500,2026-09-10,
1426,C01426,Unemployed,14800,2026-09-10,
1427,C01427,Student,15600,2026-09-10,
1428,C01428,Retired,25700,2026-09-10,
1429,C01429,Permanent employment,42600,2026-09-10,
1430,C01430,Retired,31800,2026-09-10,
1431,C01431,Permanent employment,49300,2026-09-10,
1432,C01432,Permanent employment,41600,2026-09-10,
1433,C01433,Permanent employment,55800,2026-09-10,
1434,C01434,Unemployed,11000,2026-09-10,
1435,C01435,Permanent employment,49400,2026-09-10,
1436,C01436,Student,13000,2026-09-10,
1437,C01437,Permanent employment,42200,2026-09-10,
1438,C01438,Permanent employment,35900,2026-09-10,
1439,C01439,Self-employed,47900,2026-09-10,
1440,C01440,Retired,19600,2026-09-10,
1441,C01441,Permanent employment,43800,2026-09-10,
1442,C01442,Permanent employment,43300,2026-09-10,
1443,C01443,Permanent employment,49200,2026-09-10,
1444,C01444,Permanent employment,54700,2026-09-10,
1445,C01445,Retired,16700,2026-09-10,
1446,C01446,Self-employed,49300,2026-09-10,
1447,C01447,Unemployed,8300,2026-09-10,
1448,C01448,Retired,23900,2026-09-10,
1449,C01449,Retired,13000,2026-09-10,
1450,C01450,Permanent employment,57800,2026-09-10,
1451,C01451,Permanent employment,54100,2026-09-10,
1452,C01452,Permanent employment,34200,2026-09-10,
1453,C01453,Retired,19500,2026-09-10,
1454,C01454,Permanent employment,50100,2026-09-10,
1455,C01455,Student,11200,2026-09-10,
1456,C01456,Retired,24000,2026-09-10,
1457,C01457,Permanent employment,44800,2026-09-10,
1458,C01458,Unemployed,17400,2026-09-10,
1459,C01459,Permanent employment,52100,2026-09-10,
1460,C01460,Self-employed,24600,2026-09-10,
1461,C01461,Permanent employment,43600,2026-09-10,
1462,C01462,Self-employed,18000,2026-09-10,
1463,C01463,Temporary/Probation/Freelance,29600,2026-09-10,
1464,C01464,Permanent employment,54500,2026-09-10,
1465,C01465,Retired,27200,2026-09-10,
1466,C01466,Temporary/Probation/Freelance,36200,2026-09-10,
1467,C01467,Permanent employment,44300,2026-09-10,
1468,C01468,Permanent employment,40000,2026-09-10,
1469,C01469,Retired,13200,2026-09-10,
1470,C01470,Permanent employment,53200,2026-09-10,
1471,C01471,Parental leave,27300,2026-09-10,
1472,C01472,Permanent employment,41700,2026-09-10,
1473,C01473,Retired,12000,2026-09-10,
1474,C01474,Permanent employment,40500,2026-09-10,
1475,C01475,Permanent employment,45900,2026-09-10,
1476,C01476,Permanent employment,45400,2026-09-10,
1477,C01477,Retired,35200,2026-09-10,
1478,C01478,Self-employed,40500,2026-09-10,
1479,C01479,Retired,23200,2026-09-10,
1480,C01480,Self-employed,72400,2026-09-10,
1481,C01481,Retired,32100,2026-09-10,
1482,C01482,Unemployed,8400,2026-09-10,
1483,C01483,Self-employed,71100,2026-09-10,
1484,C01484,Student,2000,2026-09-10,
1485,C01485,Permanent employment,48300,2026-09-10,
1486,C01486,Permanent employment,50300,2026-09-10,
1487,C01487,Permanent employment,46300,2026-09-10,
1488,C01488,Permanent employment,40400,2026-09-10,
1489,C01489,Unemployed,12200,2026-09-10,
1490,C01490,Permanent employment,27700,2026-09-10,
1491,C01491,Temporary/Probation/Freelance,31200,2026-09-10,
1492,C01492,Permanent employment,45200,2026-09-10,
1493,C01493,Permanent employment,48500,2026-09-10,
1494,C01494,Permanent employment,28100,2026-09-10,
1495,C01495,Parental leave,26800,2026-09-10,
1496,C01496,Unemployed,11900,2026-09-10,
1497,C01497,Self-employed,29900,2026-09-10,
1498,C01498,Permanent employment,41800,2026-09-10,
1499,C01499,Permanent employment,37800,2026-09-10,
1500,C01500,Retired,28200,2026-09-10,
1501,C01501,Permanent employment,47800,2026-09-10,
1502,C01502,Temporary/Probation/Freelance,18400,2026-09-10,
1503,C01503,Permanent employment,30700,2026-09-10,
1504,C01504,Permanent employment,52800,2026-09-10,
1505,C01505,Permanent employment,52400,2026-09-10,
1506,C01506,Permanent employment,37700,2026-09-10,
1507,C01507,Permanent employment,54300,2026-09-10,
1508,C01508,Unemployed,11900,2026-09-10,
1509,C01509,Permanent employment,45200,2026-09-10,
1510,C01510,Self-employed,38700,2026-09-10,
1511,C01511,Retired,15500,2026-09-10,
1512,C01512,Unemployed,10900,2026-09-10,
1513,C01513,Retired,32600,2026-09-10,
1514,C01514,Student,16400,2026-09-10,
1515,C01515,Permanent employment,42800,2026-09-10,
1516,C01516,Permanent employment,28400,2026-09-10,
1517,C01517,Permanent employment,55600,2026-09-10,
1518,C01518,Retired,30800,2026-09-10,
1519,C01519,Permanent employment,37200,2026-09-10,
1520,C01520,Retired,12000,2026-09-10,
1521,C01521,Student,14300,2026-09-10,
1522,C01522,Permanent employment,51700,2026-09-10,
1523,C01523,Permanent employment,48000,2026-09-10,
1524,C01524,Permanent employment,24600,2026-09-10,
1525,C01525,Permanent employment,46400,2026-09-10,
1526,C01526,Permanent employment,53200,2026-09-10,
1527,C01527,Temporary/Probation/Freelance,28800,2026-09-10,
1528,C01528,Permanent employment,58700,2026-09-10,
1529,C01529,Retired,28800,2026-09-10,
1530,C01530,Permanent employment,45300,2026-09-10,
1531,C01531,Permanent employment,54800,2026-09-10,
1532,C01532,Permanent employment,40700,2026-09-10,
1533,C01533,Permanent employment,34300,2026-09-10,
1534,C01534,Permanent employment,36500,2026-09-10,
1535,C01535,Self-employed,48700,2026-09-10,
1536,C01536,Permanent employment,41100,2026-09-10,
1537,C01537,Temporary/Probation/Freelance,24500,2026-09-10,
1538,C01538,Self-employed,67000,2026-09-10,
1539,C01539,Parental leave,30500,2026-09-10,
1540,C01540,Permanent employment,50800,2026-09-10,
1541,C01541,Permanent employment,38200,2026-09-10,
1542,C01542,Temporary/Probation/Freelance,28500,2026-09-10,
1543,C01543,Permanent employment,32600,2026-09-10,
1544,C01544,Permanent employment,36000,2026-09-10,
1545,C01545,Retired,25500,2026-09-10,
1546,C01546,Unemployed,11800,2026-09-10,
1547,C01547,Retired,23500,2026-09-10,
1548,C01548,Permanent employment,46700,2026-09-10,
1549,C01549,Student,7300,2026-09-10,
1550,C01550,Unemployed,12900,2026-09-10,
1551,C01551,Retired,18800,2026-09-10,
1552,C01552,Permanent employment,38400,2026-09-10,
1553,C01553,Retired,32500,2026-09-10,
1554,C01554,Retired,13900,2026-09-10,
1555,C01555,Permanent employment,44000,2026-09-10,
1556,C01556,Permanent employment,28400,2026-09-10,
1557,C01557,Permanent employment,55600,2026-09-10,
1558,C01558,Parental leave,33500,2026-09-10,
1559,C01559,Temporary/Probation/Freelance,27000,2026-09-10,
1560,C01560,Retired,30500,2026-09-10,
1561,C01561,Permanent employment,52600,2026-09-10,
1562,C01562,Permanent employment,42100,2026-09-10,
1563,C01563,Permanent employment,46300,2026-09-10,
1564,C01564,Permanent employment,46600,2026-09-10,
1565,C01565,Retired,33800,2026-09-10,
1566,C01566,Permanent employment,44800,2026-09-10,
1567,C01567,Permanent employment,43800,2026-09-10,
1568,C01568,Permanent employment,44000,2026-09-10,
1569,C01569,Permanent employment,40800,2026-09-10,
1570,C01570,Permanent employment,52700,2026-09-10,
1571,C01571,Permanent employment,51200,2026-09-10,
1572,C01572,Permanent employment,57900,2026-09-10,
1573,C01573,Unemployed,13500,2026-09-10,
1574,C01574,Retired,28100,2026-09-10,
1575,C01575,Permanent employment,41300,2026-09-10,
1576,C01576,Permanent employment,43700,2026-09-10,
1577,C01577,Student,9600,2026-09-10,
1578,C01578,Permanent employment,46300,2026-09-10,
1579,C01579,Unemployed,14600,2026-09-10,
1580,C01580,Permanent employment,51000,2026-09-10,
1581,C01581,Unemployed,6300,2026-09-10,
1582,C01582,Permanent employment,43300,2026-09-10,
1583,C01583,Permanent employment,59800,2026-09-10,
1584,C01584,Unemployed,20200,2026-09-10,
1585,C01585,Permanent employment,45100,2026-09-10,
1586,C01586,Temporary/Probation/Freelance,34700,2026-09-10,
1587,C01587,Unemployed,16100,2026-09-10,
1588,C01588,Permanent employment,49400,2026-09-10,
1589,C01589,Permanent employment,38900,2026-09-10,
1590,C01590,Unemployed,11300,2026-09-10,
1591,C01591,Self-employed,33300,2026-09-10,
1592,C01592,Retired,20800,2026-09-10,
1593,C01593,Temporary/Probation/Freelance,42600,2026-09-10,
1594,C01594,Permanent employment,29800,2026-09-10,
1595,C01595,Retired,37600,2026-09-10,
1596,C01596,Unemployed,15600,2026-09-10,
1597,C01597,Permanent employment,36800,2026-09-10,
1598,C01598,Permanent employment,26000,2026-09-10,
1599,C01599,Permanent employment,41100,2026-09-10,
1600,C01600,Retired,14900,2026-09-10,
1601,C01601,Permanent employment,35600,2026-09-10,
1602,C01602,Parental leave,23200,2026-09-10,
1603,C01603,Unemployed,16500,2026-09-10,
1604,C01604,Permanent employment,37200,2026-09-10,
1605,C01605,Temporary/Probation/Freelance,17900,2026-09-10,
1606,C01606,Permanent employment,55200,2026-09-10,
1607,C01607,Temporary/Probation/Freelance,27600,2026-09-10,
1608,C01608,Retired,21100,2026-09-10,
1609,C01609,Temporary/Probation/Freelance,33800,2026-09-10,
1610,C01610,Permanent employment,44800,2026-09-10,
1611,C01611,Retired,18100,2026-09-10,
1612,C01612,Permanent employment,38700,2026-09-10,
1613,C01613,Permanent employment,50000,2026-09-10,
1614,C01614,Self-employed,27600,2026-09-10,
1615,C01615,Permanent employment,44700,2026-09-10,
1616,C01616,Permanent employment,54700,2026-09-10,
1617,C01617,Retired,21800,2026-09-10,
1618,C01618,Unemployed,18900,2026-09-10,
1619,C01619,Permanent employment,37900,2026-09-10,
1620,C01620,Permanent employment,44300,2026-09-10,
1621,C01621,Unemployed,19000,2026-09-10,
1622,C01622,Permanent employment,26000,2026-09-10,
1623,C01623,Permanent employment,58400,2026-09-10,
1624,C01624,Retired,23500,2026-09-10,
1625,C01625,Permanent employment,29900,2026-09-10,
1626,C01626,Permanent employment,50000,2026-09-10,
1627,C01627,Permanent employment,49100,2026-09-10,
1628,C01628,Temporary/Probation/Freelance,20000,2026-09-10,
1629,C01629,Temporary/Probation/Freelance,33500,2026-09-10,
1630,C01630,Permanent employment,40300,2026-09-10,
1631,C01631,Permanent employment,35800,2026-09-10,
1632,C01632,Self-employed,29100,2026-09-10,
1633,C01633,Permanent employment,44500,2026-09-10,
1634,C01634,Retired,33000,2026-09-10,
1635,C01635,Retired,23500,2026-09-10,
1636,C01636,Permanent employment,40900,2026-09-10,
1637,C01637,Permanent employment,41100,2026-09-10,
1638,C01638,Permanent employment,37100,2026-09-10,
1639,C01639,Self-employed,29400,2026-09-10,
1640,C01640,Retired,12000,2026-09-10,
1641,C01641,Permanent employment,41400,2026-09-10,
1642,C01642,Retired,31800,2026-09-10,
1643,C01643,Permanent employment,27500,2026-09-10,
1644,C01644,Permanent employment,50700,2026-09-10,
1645,C01645,Permanent employment,40300,2026-09-10,
1646,C01646,Permanent employment,42000,2026-09-10,
1647,C01647,Self-employed,35500,2026-09-10,
1648,C01648,Retired,27300,2026-09-10,
1649,C01649,Permanent employment,52800,2026-09-10,
1650,C01650,Permanent employment,44800,2026-09-10,
1651,C01651,Permanent employment,28500,2026-09-10,
1652,C01652,Temporary/Probation/Freelance,51600,2026-09-10,
1653,C01653,Temporary/Probation/Freelance,30700,2026-09-10,
1654,C01654,Permanent employment,33500,2026-09-10,
1655,C01655,Permanent employment,40300,2026-09-10,
1656,C01656,Retired,19800,2026-09-10,
1657,C01657,Permanent employment,42500,2026-09-10,
1658,C01658,Parental leave,37700,2026-09-10,
1659,C01659,Self-employed,60800,2026-09-10,
1660,C01660,Permanent employment,32700,2026-09-10,
1661,C01661,Permanent employment,32900,2026-09-10,
1662,C01662,Permanent employment,46000,2026-09-10,
1663,C01663,Self-employed,62500,2026-09-10,
1664,C01664,Permanent employment,29300,2026-09-10,
1665,C01665,Retired,30800,2026-09-10,
1666,C01666,Retired,41200,2026-09-10,
1667,C01667,Permanent employment,46300,2026-09-10,
1668,C01668,Retired,18300,2026-09-10,
1669,C01669,Parental leave,33900,2026-09-10,
1670,C01670,Retired,25500,2026-09-10,
1671,C01671,Permanent employment,57500,2026-09-10,
1672,C01672,Retired,31800,2026-09-10,
1673,C01673,Retired,17600,2026-09-10,
1674,C01674,Retired,28000,2026-09-10,
1675,C01675,Unemployed,10700,2026-09-10,
1676,C01676,Permanent employment,52300,2026-09-10,
1677,C01677,Permanent employment,36200,2026-09-10,
1678,C01678,Permanent employment,44700,2026-09-10,
1679,C01679,Permanent employment,39200,2026-09-10,
1680,C01680,Unemployed,11800,2026-09-10,
1681,C01681,Self-employed,46900,2026-09-10,
1682,C01682,Retired,27100,2026-09-10,
1683,C01683,Retired,21900,2026-09-10,
1684,C01684,Retired,25400,2026-09-10,
1685,C01685,Permanent employment,32800,2026-09-10,
1686,C01686,Retired,15300,2026-09-10,
1687,C01687,Retired,23700,2026-09-10,
1688,C01688,Permanent employment,52100,2026-09-10,
1689,C01689,Permanent employment,51900,2026-09-10,
1690,C01690,Permanent employment,49500,2026-09-10,
1691,C01691,Parental leave,36100,2026-09-10,
1692,C01692,Permanent employment,46300,2026-09-10,
1693,C01693,Permanent employment,41200,2026-09-10,
1694,C01694,Permanent employment,36200,2026-09-10,
1695,C01695,Self-employed,42800,2026-09-10,
1696,C01696,Parental leave,26100,2026-09-10,
1697,C01697,Self-employed,55700,2026-09-10,
1698,C01698,Permanent employment,33700,2026-09-10,
1699,C01699,Retired,12000,2026-09-10,
1700,C01700,Self-employed,64100,2026-09-10,
1701,C01701,Retired,27500,2026-09-10,
1702,C01702,Permanent employment,32900,2026-09-10,
1703,C01703,Permanent employment,40500,2026-09-10,
1704,C01704,Permanent employment,44300,2026-09-10,
1705,C01705,Self-employed,44900,2026-09-10,
1706,C01706,Permanent employment,52700,2026-09-10,
1707,C01707,Unemployed,10200,2026-09-10,
1708,C01708,Permanent employment,30900,2026-09-10,
1709,C01709,Permanent employment,53900,2026-09-10,
1710,C01710,Permanent employment,41700,2026-09-10,
1711,C01711,Permanent employment,46200,2026-09-10,
1712,C01712,Student,8700,2026-09-10,
1713,C01713,Permanent employment,51500,2026-09-10,
1714,C01714,Permanent employment,43100,2026-09-10,
1715,C01715,Student,9400,2026-09-10,
1716,C01716,Retired,16600,2026-09-10,
1717,C01717,Permanent employment,42100,2026-09-10,
1718,C01718,Temporary/Probation/Freelance,24000,2026-09-10,
1719,C01719,Retired,15000,2026-09-10,
1720,C01720,Permanent employment,49300,2026-09-10,
1721,C01721,Temporary/Probation/Freelance,35300,2026-09-10,
1722,C01722,Self-employed,73500,2026-09-10,
1723,C01723,Unemployed,11100,2026-09-10,
1724,C01724,Permanent employment,42200,2026-09-10,
1725,C01725,Retired,33700,2026-09-10,
1726,C01726,Self-employed,24400,2026-09-10,
1727,C01727,Permanent employment,47300,2026-09-10,
1728,C01728,Retired,20700,2026-09-10,
1729,C01729,Retired,21100,2026-09-10,
1730,C01730,Permanent employment,39300,2026-09-10,
1731,C01731,Permanent employment,48000,2026-09-10,
1732,C01732,Permanent employment,41300,2026-09-10,
1733,C01733,Permanent employment,38500,2026-09-10,
1734,C01734,Permanent employment,54900,2026-09-10,
1735,C01735,Permanent employment,38400,2026-09-10,
1736,C01736,Retired,12900,2026-09-10,
1737,C01737,Permanent employment,40200,2026-09-10,
1738,C01738,Permanent employment,27600,2026-09-10,
1739,C01739,Permanent employment,40600,2026-09-10,
1740,C01740,Temporary/Probation/Freelance,32800,2026-09-10,
1741,C01741,Permanent employment,47300,2026-09-10,
1742,C01742,Permanent employment,48900,2026-09-10,
1743,C01743,Permanent employment,38600,2026-09-10,
1744,C01744,Temporary/Probation/Freelance,27200,2026-09-10,
1745,C01745,Permanent employment,48100,2026-09-10,
1746,C01746,Unemployed,17500,2026-09-10,
1747,C01747,Student,9300,2026-09-10,
1748,C01748,Self-employed,56600,2026-09-10,
1749,C01749,Permanent employment,39100,2026-09-10,
1750,C01750,Permanent employment,23000,2026-09-10,
1751,C01751,Permanent employment,51300,2026-09-10,
1752,C01752,Student,12800,2026-09-10,
1753,C01753,Student,9500,2026-09-10,
1754,C01754,Permanent employment,39200,2026-09-10,
1755,C01755,Retired,32000,2026-09-10,
1756,C01756,Retired,23800,2026-09-10,
1757,C01757,Permanent employment,22800,2026-09-10,
1758,C01758,Temporary/Probation/Freelance,15000,2026-09-10,
1759,C01759,Permanent employment,47400,2026-09-10,
1760,C01760,Permanent employment,49200,2026-09-10,
1761,C01761,Self-employed,65400,2026-09-10,
1762,C01762,Unemployed,19900,2026-09-10,
1763,C01763,Permanent employment,48000,2026-09-10,
1764,C01764,Permanent employment,35100,2026-09-10,
1765,C01765,Permanent employment,36600,2026-09-10,
1766,C01766,Permanent employment,38800,2026-09-10,
1767,C01767,Permanent employment,44100,2026-09-10,
1768,C01768,Self-employed,20600,2026-09-10,
1769,C01769,Permanent employment,45300,2026-09-10,
1770,C01770,Permanent employment,32900,2026-09-10,
1771,C01771,Self-employed,38800,2026-09-10,
1772,C01772,Permanent employment,53200,2026-09-10,
1773,C01773,Retired,19100,2026-09-10,
1774,C01774,Retired,19100,2026-09-10,
1775,C01775,Permanent employment,43900,2026-09-10,
1776,C01776,Permanent employment,46300,2026-09-10,
1777,C01777,Permanent employment,45200,2026-09-10,
1778,C01778,Unemployed,10800,2026-09-10,
1779,C01779,Permanent employment,33800,2026-09-10,
1780,C01780,Retired,24400,2026-09-10,
1781,C01781,Student,14900,2026-09-10,
1782,C01782,Retired,18800,2026-09-10,
1783,C01783,Temporary/Probation/Freelance,28400,2026-09-10,
1784,C01784,Unemployed,6300,2026-09-10,
1785,C01785,Permanent employment,39900,2026-09-10,
1786,C01786,Permanent employment,44400,2026-09-10,
1787,C01787,Permanent employment,49100,2026-09-10,
1788,C01788,Permanent employment,39500,2026-09-10,
1789,C01789,Permanent employment,31200,2026-09-10,
1790,C01790,Permanent employment,46900,2026-09-10,
1791,C01791,Temporary/Probation/Freelance,15700,2026-09-10,
1792,C01792,Permanent employment,34200,2026-09-10,
1793,C01793,Permanent employment,48500,2026-09-10,
1794,C01794,Permanent employment,43400,2026-09-10,
1795,C01795,Student,10500,2026-09-10,
1796,C01796,Permanent employment,31500,2026-09-10,
1797,C01797,Permanent employment,32900,2026-09-10,
1798,C01798,Temporary/Probation/Freelance,33800,2026-09-10,
1799,C01799,Temporary/Probation/Freelance,31300,2026-09-10,
1800,C01800,Permanent employment,22000,2026-09-10,
1801,C01801,Retired,23200,2026-09-10,
1802,C01802,Temporary/Probation/Freelance,44200,2026-09-10,
1803,C01803,Permanent employment,49200,2026-09-10,
1804,C01804,Temporary/Probation/Freelance,22800,2026-09-10,
1805,C01805,Permanent employment,46200,2026-09-10,
1806,C01806,Temporary/Probation/Freelance,28400,2026-09-10,
1807,C01807,Permanent employment,54500,2026-09-10,
1808,C01808,Permanent employment,30100,2026-09-10,
1809,C01809,Permanent employment,47100,2026-09-10,
1810,C01810,Permanent employment,29600,2026-09-10,
1811,C01811,Permanent employment,45300,2026-09-10,
1812,C01812,Permanent employment,47500,2026-09-10,
1813,C01813,Permanent employment,53100,2026-09-10,
1814,C01814,Student,13800,2026-09-10,
1815,C01815,Temporary/Probation/Freelance,17800,2026-09-10,
1816,C01816,Permanent employment,43000,2026-09-10,
1817,C01817,Permanent employment,48600,2026-09-10,
1818,C01818,Permanent employment,50600,2026-09-10,
1819,C01819,Permanent employment,35100,2026-09-10,
1820,C01820,Permanent employment,38400,2026-09-10,
1821,C01821,Temporary/Probation/Freelance,18300,2026-09-10,
1822,C01822,Permanent employment,38000,2026-09-10,
1823,C01823,Self-employed,49900,2026-09-10,
1824,C01824,Unemployed,15400,2026-09-10,
1825,C01825,Permanent employment,41100,2026-09-10,
1826,C01826,Permanent employment,44200,2026-09-10,
1827,C01827,Permanent employment,29300,2026-09-10,
1828,C01828,Retired,22300,2026-09-10,
1829,C01829,Retired,12000,2026-09-10,
1830,C01830,Permanent employment,38300,2026-09-10,
1831,C01831,Retired,27700,2026-09-10,
1832,C01832,Student,7800,2026-09-10,
1833,C01833,Permanent employment,41500,2026-09-10,
1834,C01834,Permanent employment,51900,2026-09-10,
1835,C01835,Retired,31400,2026-09-10,
1836,C01836,Temporary/Probation/Freelance,24200,2026-09-10,
1837,C01837,Self-employed,71800,2026-09-10,
1838,C01838,Unemployed,13200,2026-09-10,
1839,C01839,Retired,29500,2026-09-10,
1840,C01840,Permanent employment,37800,2026-09-10,
1841,C01841,Permanent employment,40500,2026-09-10,
1842,C01842,Permanent employment,50600,2026-09-10,
1843,C01843,Unemployed,10400,2026-09-10,
1844,C01844,Unemployed,13400,2026-09-10,
1845,C01845,Retired,23900,2026-09-10,
1846,C01846,Permanent employment,35300,2026-09-10,
1847,C01847,Temporary/Probation/Freelance,19100,2026-09-10,
1848,C01848,Permanent employment,41500,2026-09-10,
1849,C01849,Retired,30300,2026-09-10,
1850,C01850,Permanent employment,44100,2026-09-10,
1851,C01851,Parental leave,25400,2026-09-10,
1852,C01852,Retired,39100,2026-09-10,
1853,C01853,Self-employed,40800,2026-09-10,
1854,C01854,Retired,22200,2026-09-10,
1855,C01855,Student,0,2026-09-10,
1856,C01856,Permanent employment,29300,2026-09-10,
1857,C01857,Self-employed,65900,2026-09-10,
1858,C01858,Permanent employment,68100,2026-09-10,
1859,C01859,Retired,32900,2026-09-10,
1860,C01860,Permanent employment,35700,2026-09-10,
1861,C01861,Retired,27200,2026-09-10,
1862,C01862,Permanent employment,40300,2026-09-10,
1863,C01863,Permanent employment,35500,2026-09-10,
1864,C01864,Permanent employment,35900,2026-09-10,
1865,C01865,Retired,27500,2026-09-10,
1866,C01866,Retired,15000,2026-09-10,
1867,C01867,Unemployed,4800,2026-09-10,
1868,C01868,Permanent employment,35100,2026-09-10,
1869,C01869,Permanent employment,22000,2026-09-10,
1870,C01870,Retired,18200,2026-09-10,
1871,C01871,Retired,28100,2026-09-10,
1872,C01872,Parental leave,36800,2026-09-10,
1873,C01873,Temporary/Probation/Freelance,35100,2026-09-10,
1874,C01874,Retired,22300,2026-09-10,
1875,C01875,Permanent employment,39200,2026-09-10,
1876,C01876,Permanent employment,38500,2026-09-10,
1877,C01877,Permanent employment,55400,2026-09-10,
1878,C01878,Permanent employment,36200,2026-09-10,
1879,C01879,Permanent employment,45900,2026-09-10,
1880,C01880,Temporary/Probation/Freelance,34700,2026-09-10,
1881,C01881,Temporary/Probation/Freelance,15000,2026-09-10,
1882,C01882,Retired,12000,2026-09-10,
1883,C01883,Permanent employment,47100,2026-09-10,
1884,C01884,Permanent employment,32800,2026-09-10,
1885,C01885,Permanent employment,40200,2026-09-10,
1886,C01886,Temporary/Probation/Freelance,23000,2026-09-10,
1887,C01887,Permanent employment,31900,2026-09-10,
1888,C01888,Student,12000,2026-09-10,
1889,C01889,Self-employed,63100,2026-09-10,
1890,C01890,Retired,27000,2026-09-10,
1891,C01891,Permanent employment,39600,2026-09-10,
1892,C01892,Permanent employment,57200,2026-09-10,
1893,C01893,Retired,17100,2026-09-10,
1894,C01894,Student,10300,2026-09-10,
1895,C01895,Self-employed,61400,2026-09-10,
1896,C01896,Retired,12000,2026-09-10,
1897,C01897,Permanent employment,55700,2026-09-10,
1898,C01898,Permanent employment,36800,2026-09-10,
1899,C01899,Permanent employment,48000,2026-09-10,
1900,C01900,Permanent employment,39500,2026-09-10,
1901,C01901,Permanent employment,48100,2026-09-10,
1902,C01902,Permanent employment,31900,2026-09-10,
1903,C01903,Permanent employment,35100,2026-09-10,
1904,C01904,Unemployed,12200,2026-09-10,
1905,C01905,Self-employed,54100,2026-09-10,
1906,C01906,Self-employed,71500,2026-09-10,
1907,C01907,Retired,21300,2026-09-10,
1908,C01908,Permanent employment,36000,2026-09-10,
1909,C01909,Permanent employment,47500,2026-09-10,
1910,C01910,Temporary/Probation/Freelance,27600,2026-09-10,
1911,C01911,Permanent employment,50600,2026-09-10,
1912,C01912,Retired,18700,2026-09-10,
1913,C01913,Retired,14400,2026-09-10,
1914,C01914,Permanent employment,56000,2026-09-10,
1915,C01915,Permanent employment,41700,2026-09-10,
1916,C01916,Permanent employment,36700,2026-09-10,
1917,C01917,Retired,19100,2026-09-10,
1918,C01918,Permanent employment,54900,2026-09-10,
1919,C01919,Unemployed,23200,2026-09-10,
1920,C01920,Unemployed,10800,2026-09-10,
1921,C01921,Unemployed,13200,2026-09-10,
1922,C01922,Unemployed,15300,2026-09-10,
1923,C01923,Permanent employment,32000,2026-09-10,
1924,C01924,Temporary/Probation/Freelance,25900,2026-09-10,
1925,C01925,Permanent employment,56200,2026-09-10,
1926,C01926,Temporary/Probation/Freelance,27400,2026-09-10,
1927,C01927,Permanent employment,53800,2026-09-10,
1928,C01928,Self-employed,43800,2026-09-10,
1929,C01929,Permanent employment,28100,2026-09-10,
1930,C01930,Permanent employment,36900,2026-09-10,
1931,C01931,Self-employed,38700,2026-09-10,
1932,C01932,Self-employed,70800,2026-09-10,
1933,C01933,Permanent employment,46400,2026-09-10,
1934,C01934,Permanent employment,45000,2026-09-10,
1935,C01935,Permanent employment,46300,2026-09-10,
1936,C01936,Retired,26600,2026-09-10,
1937,C01937,Permanent employment,32900,2026-09-10,
1938,C01938,Retired,31300,2026-09-10,
1939,C01939,Permanent employment,44800,2026-09-10,
1940,C01940,Unemployed,14100,2026-09-10,
1941,C01941,Temporary/Probation/Freelance,33300,2026-09-10,
1942,C01942,Permanent employment,51300,2026-09-10,
1943,C01943,Permanent employment,50400,2026-09-10,
1944,C01944,Permanent employment,47700,2026-09-10,
1945,C01945,Permanent employment,30800,2026-09-10,
1946,C01946,Temporary/Probation/Freelance,29400,2026-09-10,
1947,C01947,Permanent employment,38400,2026-09-10,
1948,C01948,Permanent employment,39300,2026-09-10,
1949,C01949,Permanent employment,43600,2026-09-10,
1950,C01950,Permanent employment,59300,2026-09-10,
1951,C01951,Permanent employment,28500,2026-09-10,
1952,C01952,Parental leave,30100,2026-09-10,
1953,C01953,Permanent employment,45800,2026-09-10,
1954,C01954,Permanent employment,39700,2026-09-10,
1955,C01955,Temporary/Probation/Freelance,29800,2026-09-10,
1956,C01956,Retired,38900,2026-09-10,
1957,C01957,Retired,26400,2026-09-10,
1958,C01958,Unemployed,20000,2026-09-10,
1959,C01959,Permanent employment,39700,2026-09-10,
1960,C01960,Unemployed,17100,2026-09-10,
1961,C01961,Parental leave,25100,2026-09-10,
1962,C01962,Parental leave,24800,2026-09-10,
1963,C01963,Permanent employment,30500,2026-09-10,
1964,C01964,Self-employed,25800,2026-09-10,
1965,C01965,Permanent employment,45400,2026-09-10,
1966,C01966,Permanent employment,55800,2026-09-10,
1967,C01967,Permanent employment,37200,2026-09-10,
1968,C01968,Self-employed,49200,2026-09-10,
1969,C01969,Unemployed,18600,2026-09-10,
1970,C01970,Student,8400,2026-09-10,
1971,C01971,Student,5100,2026-09-10,
1972,C01972,Retired,17900,2026-09-10,
1973,C01973,Permanent employment,52800,2026-09-10,
1974,C01974,Permanent employment,46000,2026-09-10,
1975,C01975,Permanent employment,46000,2026-09-10,
1976,C01976,Retired,17700,2026-09-10,
1977,C01977,Permanent employment,47400,2026-09-10,
1978,C01978,Self-employed,78300,2026-09-10,
1979,C01979,Retired,25100,2026-09-10,
1980,C01980,Retired,30300,2026-09-10,
1981,C01981,Student,6800,2026-09-10,
1982,C01982,Retired,32800,2026-09-10,
1983,C01983,Permanent employment,49000,2026-09-10,
1984,C01984,Permanent employment,36400,2026-09-10,
1985,C01985,Student,12300,2026-09-10,
1986,C01986,Unemployed,15800,2026-09-10,
1987,C01987,Permanent employment,44300,2026-09-10,
1988,C01988,Permanent employment,48600,2026-09-10,
1989,C01989,Permanent employment,44700,2026-09-10,
1990,C01990,Permanent employment,41700,2026-09-10,
1991,C01991,Permanent employment,44700,2026-09-10,
1992,C01992,Permanent employment,35600,2026-09-10,
1993,C01993,Temporary/Probation/Freelance,24800,2026-09-10,
1994,C01994,Temporary/Probation/Freelance,38900,2026-09-10,
1995,C01995,Permanent employment,39000,2026-09-10,
1996,C01996,Permanent employment,41900,2026-09-10,
1997,C01997,Retired,20500,2026-09-10,
1998,C01998,Student,5600,2026-09-10,
1999,C01999,Permanent employment,40800,2026-09-10,
2000,C02000,Permanent employment,34900,2026-09-10,
2001,C02001,Self-employed,52200,2026-09-10,
2002,C02002,Permanent employment,37100,2026-09-10,
2003,C02003,Retired,27300,2026-09-10,
2004,C02004,Permanent employment,36800,2026-09-10,
2005,C02005,Permanent employment,48400,2026-09-10,
2006,C02006,Self-employed,50100,2026-09-10,
2007,C02007,Permanent employment,49100,2026-09-10,
2008,C02008,Permanent employment,55200,2026-09-10,
2009,C02009,Self-employed,18000,2026-09-10,
2010,C02010,Permanent employment,45600,2026-09-10,
2011,C02011,Student,5000,2026-09-10,
2012,C02012,Permanent employment,24900,2026-09-10,
2013,C02013,Retired,17200,2026-09-10,
2014,C02014,Permanent employment,36000,2026-09-10,
2015,C02015,Permanent employment,52900,2026-09-10,
2016,C02016,Permanent employment,42400,2026-09-10,
2017,C02017,Permanent employment,47400,2026-09-10,
2018,C02018,Retired,30200,2026-09-10,
2019,C02019,Permanent employment,24000,2026-09-10,
2020,C02020,Permanent employment,37400,2026-09-10,
2021,C02021,Permanent employment,43000,2026-09-10,
2022,C02022,Parental leave,19200,2026-09-10,
2023,C02023,Retired,38000,2026-09-10,
2024,C02024,Temporary/Probation/Freelance,30000,2026-09-10,
2025,C02025,Permanent employment,48900,2026-09-10,
2026,C02026,Permanent employment,36600,2026-09-10,
2027,C02027,Retired,28400,2026-09-10,
2028,C02028,Retired,22700,2026-09-10,
2029,C02029,Permanent employment,41900,2026-09-10,
2030,C02030,Temporary/Probation/Freelance,40400,2026-09-10,
2031,C02031,Permanent employment,22600,2026-09-10,
2032,C02032,Permanent employment,49700,2026-09-10,
2033,C02033,Self-employed,35500,2026-09-10,
2034,C02034,Retired,16200,2026-09-10,
2035,C02035,Permanent employment,34900,2026-09-10,
2036,C02036,Permanent employment,45700,2026-09-10,
2037,C02037,Temporary/Probation/Freelance,32300,2026-09-10,
2038,C02038,Self-employed,33700,2026-09-10,
2039,C02039,Permanent employment,29200,2026-09-10,
2040,C02040,Permanent employment,38800,2026-09-10,
2041,C02041,Retired,24400,2026-09-10,
2042,C02042,Permanent employment,49200,2026-09-10,
2043,C02043,Permanent employment,49800,2026-09-10,
2044,C02044,Permanent employment,46200,2026-09-10,
2045,C02045,Retired,28600,2026-09-10,
2046,C02046,Permanent employment,31600,2026-09-10,
2047,C02047,Permanent employment,29900,2026-09-10,
2048,C02048,Unemployed,18000,2026-09-10,
2049,C02049,Permanent employment,50900,2026-09-10,
2050,C02050,Permanent employment,55000,2026-09-10,
2051,C02051,Permanent employment,51200,2026-09-10,
2052,C02052,Permanent employment,35600,2026-09-10,
2053,C02053,Self-employed,18000,2026-09-10,
2054,C02054,Retired,24300,2026-09-10,
2055,C02055,Retired,25000,2026-09-10,
2056,C02056,Permanent employment,39200,2026-09-10,
2057,C02057,Self-employed,58800,2026-09-10,
2058,C02058,Permanent employment,27400,2026-09-10,
2059,C02059,Permanent employment,39800,2026-09-10,
2060,C02060,Permanent employment,29000,2026-09-10,
2061,C02061,Permanent employment,24700,2026-09-10,
2062,C02062,Parental leave,27900,2026-09-10,
2063,C02063,Retired,31300,2026-09-10,
2064,C02064,Permanent employment,36400,2026-09-10,
2065,C02065,Temporary/Probation/Freelance,28900,2026-09-10,
2066,C02066,Permanent employment,39300,2026-09-10,
2067,C02067,Unemployed,13500,2026-09-10,
2068,C02068,Permanent employment,35300,2026-09-10,
2069,C02069,Permanent employment,36200,2026-09-10,
2070,C02070,Permanent employment,40400,2026-09-10,
2071,C02071,Permanent employment,45600,2026-09-10,
2072,C02072,Permanent employment,52700,2026-09-10,
2073,C02073,Permanent employment,38300,2026-09-10,
2074,C02074,Retired,38000,2026-09-10,
2075,C02075,Retired,24400,2026-09-10,
2076,C02076,Self-employed,59500,2026-09-10,
2077,C02077,Permanent employment,32700,2026-09-10,
2078,C02078,Temporary/Probation/Freelance,29100,2026-09-10,
2079,C02079,Retired,21700,2026-09-10,
2080,C02080,Self-employed,23000,2026-09-10,
2081,C02081,Temporary/Probation/Freelance,23900,2026-09-10,
2082,C02082,Student,11800,2026-09-10,
2083,C02083,Permanent employment,54000,2026-09-10,
2084,C02084,Retired,27800,2026-09-10,
2085,C02085,Permanent employment,47400,2026-09-10,
2086,C02086,Permanent employment,39000,2026-09-10,
2087,C02087,Permanent employment,41400,2026-09-10,
2088,C02088,Permanent employment,38600,2026-09-10,
2089,C02089,Permanent employment,34800,2026-09-10,
2090,C02090,Permanent employment,38700,2026-09-10,
2091,C02091,Self-employed,42800,2026-09-10,
2092,C02092,Retired,20100,2026-09-10,
2093,C02093,Parental leave,31700,2026-09-10,
2094,C02094,Permanent employment,42400,2026-09-10,
2095,C02095,Permanent employment,46900,2026-09-10,
2096,C02096,Retired,21700,2026-09-10,
2097,C02097,Permanent employment,44700,2026-09-10,
2098,C02098,Temporary/Probation/Freelance,22200,2026-09-10,
2099,C02099,Self-employed,70800,2026-09-10,
2100,C02100,Permanent employment,33600,2026-09-10,
2101,C02101,Retired,41300,2026-09-10,
2102,C02102,Temporary/Probation/Freelance,33800,2026-09-10,
2103,C02103,Permanent employment,27100,2026-09-10,
2104,C02104,Permanent employment,43700,2026-09-10,
2105,C02105,Retired,25500,2026-09-10,
2106,C02106,Permanent employment,55400,2026-09-10,
2107,C02107,Retired,14500,2026-09-10,
2108,C02108,Permanent employment,33600,2026-09-10,
2109,C02109,Permanent employment,47400,2026-09-10,
2110,C02110,Retired,25300,2026-09-10,
2111,C02111,Permanent employment,48300,2026-09-10,
2112,C02112,Temporary/Probation/Freelance,22000,2026-09-10,
2113,C02113,Permanent employment,30400,2026-09-10,
2114,C02114,Student,19400,2026-09-10,
2115,C02115,Retired,23600,2026-09-10,
2116,C02116,Permanent employment,32800,2026-09-10,
2117,C02117,Self-employed,57700,2026-09-10,
2118,C02118,Self-employed,18000,2026-09-10,
2119,C02119,Self-employed,51800,2026-09-10,
2120,C02120,Retired,19500,2026-09-10,
2121,C02121,Retired,20400,2026-09-10,
2122,C02122,Self-employed,68300,2026-09-10,
2123,C02123,Retired,26900,2026-09-10,
2124,C02124,Self-employed,24700,2026-09-10,
2125,C02125,Retired,24300,2026-09-10,
2126,C02126,Unemployed,14500,2026-09-10,
2127,C02127,Retired,22100,2026-09-10,
2128,C02128,Permanent employment,31300,2026-09-10,
2129,C02129,Retired,25500,2026-09-10,
2130,C02130,Self-employed,57600,2026-09-10,
2131,C02131,Permanent employment,41200,2026-09-10,
2132,C02132,Permanent employment,25000,2026-09-10,
2133,C02133,Permanent employment,43900,2026-09-10,
2134,C02134,Permanent employment,29500,2026-09-10,
2135,C02135,Permanent employment,54200,2026-09-10,
2136,C02136,Retired,19700,2026-09-10,
2137,C02137,Permanent employment,26400,2026-09-10,
2138,C02138,Permanent employment,33800,2026-09-10,
2139,C02139,Permanent employment,44000,2026-09-10,
2140,C02140,Retired,31100,2026-09-10,
2141,C02141,Retired,19900,2026-09-10,
2142,C02142,Permanent employment,37000,2026-09-10,
2143,C02143,Permanent employment,43100,2026-09-10,
2144,C02144,Unemployed,12700,2026-09-10,
2145,C02145,Permanent employment,50200,2026-09-10,
2146,C02146,Unemployed,13500,2026-09-10,
2147,C02147,Permanent employment,43600,2026-09-10,
2148,C02148,Permanent employment,49700,2026-09-10,
2149,C02149,Permanent employment,34000,2026-09-10,
2150,C02150,Retired,21700,2026-09-10,
2151,C02151,Permanent employment,46300,2026-09-10,
2152,C02152,Permanent employment,35000,2026-09-10,
2153,C02153,Retired,25900,2026-09-10,
2154,C02154,Retired,25500,2026-09-10,
2155,C02155,Unemployed,17500,2026-09-10,
2156,C02156,Student,8600,2026-09-10,
2157,C02157,Unemployed,5900,2026-09-10,
2158,C02158,Self-employed,18000,2026-09-10,
2159,C02159,Permanent employment,48200,2026-09-10,
2160,C02160,Permanent employment,44300,2026-09-10,
2161,C02161,Permanent employment,41400,2026-09-10,
2162,C02162,Unemployed,13400,2026-09-10,
2163,C02163,Permanent employment,40500,2026-09-10,
2164,C02164,Self-employed,33400,2026-09-10,
2165,C02165,Self-employed,35200,2026-09-10,
2166,C02166,Retired,21900,2026-09-10,
2167,C02167,Retired,24800,2026-09-10,
2168,C02168,Student,9600,2026-09-10,
2169,C02169,Permanent employment,40700,2026-09-10,
2170,C02170,Permanent employment,49900,2026-09-10,
2171,C02171,Permanent employment,49100,2026-09-10,
2172,C02172,Student,16700,2026-09-10,
2173,C02173,Permanent employment,36700,2026-09-10,
2174,C02174,Retired,20300,2026-09-10,
2175,C02175,Permanent employment,37600,2026-09-10,
2176,C02176,Retired,20100,2026-09-10,
2177,C02177,Permanent employment,44900,2026-09-10,
2178,C02178,Permanent employment,45800,2026-09-10,
2179,C02179,Permanent employment,43700,2026-09-10,
2180,C02180,Permanent employment,43900,2026-09-10,
2181,C02181,Permanent employment,49500,2026-09-10,
2182,C02182,Permanent employment,49700,2026-09-10,
2183,C02183,Student,6500,2026-09-10,
2184,C02184,Self-employed,51000,2026-09-10,
2185,C02185,Permanent employment,41700,2026-09-10,
2186,C02186,Retired,18000,2026-09-10,
2187,C02187,Retired,18900,2026-09-10,
2188,C02188,Retired,21100,2026-09-10,
2189,C02189,Permanent employment,54000,2026-09-10,
2190,C02190,Retired,30600,2026-09-10,
2191,C02191,Permanent employment,31700,2026-09-10,
2192,C02192,Retired,27700,2026-09-10,
2193,C02193,Retired,17100,2026-09-10,
2194,C02194,Permanent employment,40600,2026-09-10,
2195,C02195,Temporary/Probation/Freelance,40500,2026-09-10,
2196,C02196,Permanent employment,58900,2026-09-10,
2197,C02197,Permanent employment,31700,2026-09-10,
2198,C02198,Retired,24100,2026-09-10,
2199,C02199,Permanent employment,47900,2026-09-10,
2200,C02200,Permanent employment,43100,2026-09-10,
2201,C02201,Retired,24900,2026-09-10,
2202,C02202,Student,8000,2026-09-10,
2203,C02203,Permanent employment,49400,2026-09-10,
2204,C02204,Student,8300,2026-09-10,
2205,C02205,Retired,27800,2026-09-10,
2206,C02206,Retired,30800,2026-09-10,
2207,C02207,Parental leave,35100,2026-09-10,
2208,C02208,Retired,22600,2026-09-10,
2209,C02209,Permanent employment,29200,2026-09-10,
2210,C02210,Permanent employment,46400,2026-09-10,
2211,C02211,Temporary/Probation/Freelance,18400,2026-09-10,
2212,C02212,Retired,27100,2026-09-10,
2213,C02213,Temporary/Probation/Freelance,33100,2026-09-10,
2214,C02214,Retired,22400,2026-09-10,
2215,C02215,Unemployed,14300,2026-09-10,
2216,C02216,Parental leave,38700,2026-09-10,
2217,C02217,Self-employed,68300,2026-09-10,
2218,C02218,Self-employed,38700,2026-09-10,
2219,C02219,Retired,12000,2026-09-10,
2220,C02220,Temporary/Probation/Freelance,42600,2026-09-10,
2221,C02221,Permanent employment,32000,2026-09-10,
2222,C02222,Permanent employment,45600,2026-09-10,
2223,C02223,Permanent employment,37500,2026-09-10,
2224,C02224,Permanent employment,41000,2026-09-10,
2225,C02225,Student,16500,2026-09-10,
2226,C02226,Permanent employment,45400,2026-09-10,
2227,C02227,Self-employed,35900,2026-09-10,
2228,C02228,Unemployed,15100,2026-09-10,
2229,C02229,Self-employed,20500,2026-09-10,
2230,C02230,Permanent employment,40200,2026-09-10,
2231,C02231,Permanent employment,41500,2026-09-10,
2232,C02232,Permanent employment,33800,2026-09-10,
2233,C02233,Retired,33600,2026-09-10,
2234,C02234,Retired,31500,2026-09-10,
2235,C02235,Permanent employment,49400,2026-09-10,
2236,C02236,Parental leave,36600,2026-09-10,
2237,C02237,Temporary/Probation/Freelance,34700,2026-09-10,
2238,C02238,Permanent employment,38500,2026-09-10,
2239,C02239,Permanent employment,23000,2026-09-10,
2240,C02240,Temporary/Probation/Freelance,30300,2026-09-10,
2241,C02241,Retired,12400,2026-09-10,
2242,C02242,Permanent employment,26300,2026-09-10,
2243,C02243,Permanent employment,45500,2026-09-10,
2244,C02244,Retired,24300,2026-09-10,
2245,C02245,Unemployed,11500,2026-09-10,
2246,C02246,Permanent employment,32900,2026-09-10,
2247,C02247,Permanent employment,26100,2026-09-10,
2248,C02248,Retired,22100,2026-09-10,
2249,C02249,Permanent employment,46300,2026-09-10,
2250,C02250,Student,13500,2026-09-10,
2251,C02251,Permanent employment,35800,2026-09-10,
2252,C02252,Permanent employment,40300,2026-09-10,
2253,C02253,Permanent employment,38500,2026-09-10,
2254,C02254,Retired,23400,2026-09-10,
2255,C02255,Permanent employment,49500,2026-09-10,
2256,C02256,Unemployed,9800,2026-09-10,
2257,C02257,Permanent employment,31300,2026-09-10,
2258,C02258,Permanent employment,46500,2026-09-10,
2259,C02259,Permanent employment,53200,2026-09-10,
2260,C02260,Permanent employment,47100,2026-09-10,
2261,C02261,Permanent employment,36100,2026-09-10,
2262,C02262,Permanent employment,44300,2026-09-10,
2263,C02263,Permanent employment,43400,2026-09-10,
2264,C02264,Permanent employment,50000,2026-09-10,
2265,C02265,Permanent employment,38900,2026-09-10,
2266,C02266,Retired,34900,2026-09-10,
2267,C02267,Permanent employment,42100,2026-09-10,
2268,C02268,Permanent employment,38400,2026-09-10,
2269,C02269,Permanent employment,40000,2026-09-10,
2270,C02270,Permanent employment,35200,2026-09-10,
2271,C02271,Self-employed,82000,2026-09-10,
2272,C02272,Permanent employment,48300,2026-09-10,
2273,C02273,Permanent employment,43100,2026-09-10,
2274,C02274,Permanent employment,36100,2026-09-10,
2275,C02275,Retired,22600,2026-09-10,
2276,C02276,Permanent employment,51800,2026-09-10,
2277,C02277,Self-employed,38100,2026-09-10,
2278,C02278,Self-employed,31400,2026-09-10,
2279,C02279,Permanent employment,47900,2026-09-10,
2280,C02280,Student,4800,2026-09-10,
2281,C02281,Permanent employment,39600,2026-09-10,
2282,C02282,Permanent employment,47900,2026-09-10,
2283,C02283,Permanent employment,47700,2026-09-10,
2284,C02284,Temporary/Probation/Freelance,33500,2026-09-10,
2285,C02285,Unemployed,10200,2026-09-10,
2286,C02286,Permanent employment,43700,2026-09-10,
2287,C02287,Retired,22100,2026-09-10,
2288,C02288,Parental leave,30800,2026-09-10,
2289,C02289,Permanent employment,32400,2026-09-10,
2290,C02290,Permanent employment,28200,2026-09-10,
2291,C02291,Permanent employment,60100,2026-09-10,
2292,C02292,Parental leave,34400,2026-09-10,
2293,C02293,Self-employed,41200,2026-09-10,
2294,C02294,Permanent employment,45500,2026-09-10,
2295,C02295,Student,20100,2026-09-10,
2296,C02296,Student,600,2026-09-10,
2297,C02297,Temporary/Probation/Freelance,30900,2026-09-10,
2298,C02298,Permanent employment,27600,2026-09-10,
2299,C02299,Permanent employment,46700,2026-09-10,
2300,C02300,Permanent employment,49000,2026-09-10,
2301,C02301,Retired,39000,2026-09-10,
2302,C02302,Permanent employment,50700,2026-09-10,
2303,C02303,Permanent employment,41900,2026-09-10,
2304,C02304,Permanent employment,43400,2026-09-10,
2305,C02305,Retired,28700,2026-09-10,
2306,C02306,Self-employed,71200,2026-09-10,
2307,C02307,Permanent employment,33000,2026-09-10,
2308,C02308,Self-employed,49600,2026-09-10,
2309,C02309,Permanent employment,24300,2026-09-10,
2310,C02310,Permanent employment,42900,2026-09-10,
2311,C02311,Permanent employment,57100,2026-09-10,
2312,C02312,Retired,34500,2026-09-10,
2313,C02313,Permanent employment,50200,2026-09-10,
2314,C02314,Permanent employment,55500,2026-09-10,
2315,C02315,Retired,22100,2026-09-10,
2316,C02316,Unemployed,13700,2026-09-10,
2317,C02317,Permanent employment,43000,2026-09-10,
2318,C02318,Permanent employment,49600,2026-09-10,
2319,C02319,Permanent employment,65400,2026-09-10,
2320,C02320,Permanent employment,47600,2026-09-10,
2321,C02321,Retired,15900,2026-09-10,
2322,C02322,Permanent employment,35300,2026-09-10,
2323,C02323,Permanent employment,38900,2026-09-10,
2324,C02324,Student,5900,2026-09-10,
2325,C02325,Retired,17600,2026-09-10,
2326,C02326,Retired,25400,2026-09-10,
2327,C02327,Permanent employment,33000,2026-09-10,
2328,C02328,Self-employed,53800,2026-09-10,
2329,C02329,Permanent employment,49900,2026-09-10,
2330,C02330,Temporary/Probation/Freelance,25000,2026-09-10,
2331,C02331,Permanent employment,40400,2026-09-10,
2332,C02332,Student,13300,2026-09-10,
2333,C02333,Permanent employment,51100,2026-09-10,
2334,C02334,Permanent employment,43800,2026-09-10,
2335,C02335,Self-employed,27900,2026-09-10,
2336,C02336,Permanent employment,45800,2026-09-10,
2337,C02337,Permanent employment,43900,2026-09-10,
2338,C02338,Permanent employment,46000,2026-09-10,
2339,C02339,Parental leave,24100,2026-09-10,
2340,C02340,Self-employed,18000,2026-09-10,
2341,C02341,Permanent employment,28900,2026-09-10,
2342,C02342,Permanent employment,22000,2026-09-10,
2343,C02343,Parental leave,19100,2026-09-10,
2344,C02344,Permanent employment,52200,2026-09-10,
2345,C02345,Retired,25700,2026-09-10,
2346,C02346,Self-employed,45700,2026-09-10,
2347,C02347,Permanent employment,40600,2026-09-10,
2348,C02348,Permanent employment,31600,2026-09-10,
2349,C02349,Permanent employment,47700,2026-09-10,
2350,C02350,Student,11100,2026-09-10,
2351,C02351,Student,10200,2026-09-10,
2352,C02352,Retired,18500,2026-09-10,
2353,C02353,Permanent employment,40200,2026-09-10,
2354,C02354,Retired,27600,2026-09-10,
2355,C02355,Permanent employment,37600,2026-09-10,
2356,C02356,Permanent employment,45400,2026-09-10,
2357,C02357,Retired,35100,2026-09-10,
2358,C02358,Student,15600,2026-09-10,
2359,C02359,Permanent employment,45700,2026-09-10,
2360,C02360,Self-employed,43300,2026-09-10,
2361,C02361,Student,10500,2026-09-10,
2362,C02362,Permanent employment,49800,2026-09-10,
2363,C02363,Permanent employment,55200,2026-09-10,
2364,C02364,Permanent employment,48900,2026-09-10,
2365,C02365,Permanent employment,33100,2026-09-10,
2366,C02366,Student,5400,2026-09-10,
2367,C02367,Permanent employment,36900,2026-09-10,
2368,C02368,Permanent employment,51900,2026-09-10,
2369,C02369,Permanent employment,61000,2026-09-10,
2370,C02370,Permanent employment,43500,2026-09-10,
2371,C02371,Self-employed,57000,2026-09-10,
2372,C02372,Retired,13100,2026-09-10,
2373,C02373,Permanent employment,38100,2026-09-10,
2374,C02374,Unemployed,15400,2026-09-10,
2375,C02375,Permanent employment,28600,2026-09-10,
2376,C02376,Permanent employment,46700,2026-09-10,
2377,C02377,Self-employed,38200,2026-09-10,
2378,C02378,Permanent employment,43300,2026-09-10,
2379,C02379,Unemployed,11100,2026-09-10,
2380,C02380,Retired,27600,2026-09-10,
2381,C02381,Retired,31300,2026-09-10,
2382,C02382,Retired,29100,2026-09-10,
2383,C02383,Retired,28900,2026-09-10,
2384,C02384,Temporary/Probation/Freelance,34600,2026-09-10,
2385,C02385,Parental leave,29900,2026-09-10,
2386,C02386,Unemployed,12200,2026-09-10,
2387,C02387,Temporary/Probation/Freelance,37400,2026-09-10,
2388,C02388,Self-employed,29100,2026-09-10,
2389,C02389,Permanent employment,46500,2026-09-10,
2390,C02390,Permanent employment,46300,2026-09-10,
2391,C02391,Permanent employment,37700,2026-09-10,
2392,C02392,Permanent employment,31400,2026-09-10,
2393,C02393,Permanent employment,48600,2026-09-10,
2394,C02394,Permanent employment,39500,2026-09-10,
2395,C02395,Retired,26400,2026-09-10,
2396,C02396,Unemployed,13100,2026-09-10,
2397,C02397,Permanent employment,48700,2026-09-10,
2398,C02398,Permanent employment,34100,2026-09-10,
2399,C02399,Self-employed,69200,2026-09-10,
2400,C02400,Retired,22100,2026-09-10,
2401,C02401,Permanent employment,52000,2026-09-10,
2402,C02402,Permanent employment,27800,2026-09-10,
2403,C02403,Permanent employment,42700,2026-09-10,
2404,C02404,Permanent employment,36400,2026-09-10,
2405,C02405,Permanent employment,46200,2026-09-10,
2406,C02406,Permanent employment,37800,2026-09-10,
2407,C02407,Self-employed,33900,2026-09-10,
2408,C02408,Self-employed,20600,2026-09-10,
2409,C02409,Retired,12000,2026-09-10,
2410,C02410,Permanent employment,44400,2026-09-10,
2411,C02411,Permanent employment,38000,2026-09-10,
2412,C02412,Permanent employment,40300,2026-09-10,
2413,C02413,Permanent employment,44600,2026-09-10,
2414,C02414,Student,15200,2026-09-10,
2415,C02415,Permanent employment,58500,2026-09-10,
2416,C02416,Retired,31900,2026-09-10,
2417,C02417,Parental leave,30200,2026-09-10,
2418,C02418,Permanent employment,34700,2026-09-10,
2419,C02419,Permanent employment,39200,2026-09-10,
2420,C02420,Permanent employment,41500,2026-09-10,
2421,C02421,Permanent employment,44300,2026-09-10,
2422,C02422,Permanent employment,39100,2026-09-10,
2423,C02423,Permanent employment,43600,2026-09-10,
2424,C02424,Parental leave,32800,2026-09-10,
2425,C02425,Permanent employment,59300,2026-09-10,
2426,C02426,Retired,19500,2026-09-10,
2427,C02427,Temporary/Probation/Freelance,27800,2026-09-10,
2428,C02428,Retired,27800,2026-09-10,
2429,C02429,Permanent employment,38800,2026-09-10,
2430,C02430,Retired,23400,2026-09-10,
2431,C02431,Self-employed,23100,2026-09-10,
2432,C02432,Retired,12000,2026-09-10,
2433,C02433,Retired,25600,2026-09-10,
2434,C02434,Permanent employment,35700,2026-09-10,
2435,C02435,Retired,17400,2026-09-10,
2436,C02436,Permanent employment,52200,2026-09-10,
2437,C02437,Parental leave,31000,2026-09-10,
2438,C02438,Permanent employment,44700,2026-09-10,
2439,C02439,Permanent employment,42400,2026-09-10,
2440,C02440,Permanent employment,48800,2026-09-10,
2441,C02441,Permanent employment,60700,2026-09-10,
2442,C02442,Permanent employment,49200,2026-09-10,
2443,C02443,Permanent employment,24600,2026-09-10,
2444,C02444,Retired,23700,2026-09-10,
2445,C02445,Permanent employment,37600,2026-09-10,
2446,C02446,Self-employed,36900,2026-09-10,
2447,C02447,Permanent employment,41400,2026-09-10,
2448,C02448,Temporary/Probation/Freelance,30800,2026-09-10,
2449,C02449,Student,3100,2026-09-10,
2450,C02450,Permanent employment,40200,2026-09-10,
2451,C02451,Permanent employment,53000,2026-09-10,
2452,C02452,Retired,35000,2026-09-10,
2453,C02453,Permanent employment,54600,2026-09-10,
2454,C02454,Permanent employment,35500,2026-09-10,
2455,C02455,Permanent employment,42500,2026-09-10,
2456,C02456,Permanent employment,32900,2026-09-10,
2457,C02457,Permanent employment,49700,2026-09-10,
2458,C02458,Retired,21800,2026-09-10,
2459,C02459,Parental leave,23900,2026-09-10,
2460,C02460,Temporary/Probation/Freelance,41800,2026-09-10,
2461,C02461,Retired,19900,2026-09-10,
2462,C02462,Retired,31000,2026-09-10,
2463,C02463,Self-employed,34000,2026-09-10,
2464,C02464,Temporary/Probation/Freelance,36300,2026-09-10,
2465,C02465,Permanent employment,42700,2026-09-10,
2466,C02466,Permanent employment,30700,2026-09-10,
2467,C02467,Parental leave,36900,2026-09-10,
2468,C02468,Temporary/Probation/Freelance,24300,2026-09-10,
2469,C02469,Unemployed,14400,2026-09-10,
2470,C02470,Permanent employment,35900,2026-09-10,
2471,C02471,Unemployed,8500,2026-09-10,
2472,C02472,Permanent employment,53800,2026-09-10,
2473,C02473,Retired,24900,2026-09-10,
2474,C02474,Permanent employment,42300,2026-09-10,
2475,C02475,Permanent employment,42000,2026-09-10,
2476,C02476,Retired,18500,2026-09-10,
2477,C02477,Permanent employment,42100,2026-09-10,
2478,C02478,Permanent employment,52900,2026-09-10,
2479,C02479,Permanent employment,43700,2026-09-10,
2480,C02480,Permanent employment,47300,2026-09-10,
2481,C02481,Permanent employment,42800,2026-09-10,
2482,C02482,Retired,28300,2026-09-10,
2483,C02483,Retired,37500,2026-09-10,
2484,C02484,Unemployed,12900,2026-09-10,
2485,C02485,Permanent employment,47500,2026-09-10,
2486,C02486,Retired,33400,2026-09-10,
2487,C02487,Permanent employment,58700,2026-09-10,
2488,C02488,Retired,24900,2026-09-10,
2489,C02489,Permanent employment,50900,2026-09-10,
2490,C02490,Permanent employment,43200,2026-09-10,
2491,C02491,Permanent employment,47300,2026-09-10,
2492,C02492,Parental leave,28500,2026-09-10,
2493,C02493,Student,15900,2026-09-10,
2494,C02494,Parental leave,40100,2026-09-10,
2495,C02495,Permanent employment,36600,2026-09-10,
2496,C02496,Permanent employment,44300,2026-09-10,
2497,C02497,Permanent employment,41200,2026-09-10,
2498,C02498,Retired,21700,2026-09-10,
2499,C02499,Retired,22200,2026-09-10,
2500,C02500,Permanent employment,38900,2026-09-10,
2501,C02501,Retired,25900,2026-09-10,
2502,C02502,Permanent employment,34800,2026-09-10,
2503,C02503,Permanent employment,51200,2026-09-10,
2504,C02504,Retired,26000,2026-09-10,
2505,C02505,Self-employed,25900,2026-09-10,
2506,C02506,Permanent employment,30200,2026-09-10,
2507,C02507,Retired,29400,2026-09-10,
2508,C02508,Self-employed,32300,2026-09-10,
2509,C02509,Retired,34700,2026-09-10,
2510,C02510,Permanent employment,28100,2026-09-10,
2511,C02511,Permanent employment,22600,2026-09-10,
2512,C02512,Retired,21200,2026-09-10,
2513,C02513,Permanent employment,44800,2026-09-10,
2514,C02514,Permanent employment,49600,2026-09-10,
2515,C02515,Permanent employment,41600,2026-09-10,
2516,C02516,Self-employed,39200,2026-09-10,
2517,C02517,Student,6600,2026-09-10,
2518,C02518,Permanent employment,39500,2026-09-10,
2519,C02519,Temporary/Probation/Freelance,24300,2026-09-10,
2520,C02520,Retired,23400,2026-09-10,
2521,C02521,Permanent employment,30100,2026-09-10,
2522,C02522,Permanent employment,41800,2026-09-10,
2523,C02523,Permanent employment,45500,2026-09-10,
2524,C02524,Permanent employment,44200,2026-09-10,
2525,C02525,Permanent employment,51000,2026-09-10,
2526,C02526,Permanent employment,49200,2026-09-10,
2527,C02527,Permanent employment,38900,2026-09-10,
2528,C02528,Retired,28500,2026-09-10,
2529,C02529,Student,6900,2026-09-10,
2530,C02530,Retired,28100,2026-09-10,
2531,C02531,Permanent employment,48700,2026-09-10,
2532,C02532,Retired,12000,2026-09-10,
2533,C02533,Permanent employment,57400,2026-09-10,
2534,C02534,Permanent employment,32300,2026-09-10,
2535,C02535,Self-employed,56000,2026-09-10,
2536,C02536,Retired,31500,2026-09-10,
2537,C02537,Permanent employment,42000,2026-09-10,
2538,C02538,Self-employed,37500,2026-09-10,
2539,C02539,Permanent employment,45100,2026-09-10,
2540,C02540,Permanent employment,62300,2026-09-10,
2541,C02541,Permanent employment,42300,2026-09-10,
2542,C02542,Unemployed,11400,2026-09-10,
2543,C02543,Retired,33300,2026-09-10,
2544,C02544,Permanent employment,30400,2026-09-10,
2545,C02545,Permanent employment,37200,2026-09-10,
2546,C02546,Permanent employment,40500,2026-09-10,
2547,C02547,Permanent employment,34400,2026-09-10,
2548,C02548,Unemployed,14500,2026-09-10,
2549,C02549,Self-employed,25200,2026-09-10,
2550,C02550,Temporary/Probation/Freelance,35200,2026-09-10,
2551,C02551,Self-employed,30200,2026-09-10,
2552,C02552,Permanent employment,37700,2026-09-10,
2553,C02553,Permanent employment,40000,2026-09-10,
2554,C02554,Retired,29600,2026-09-10,
2555,C02555,Temporary/Probation/Freelance,26300,2026-09-10,
2556,C02556,Retired,12000,2026-09-10,
2557,C02557,Permanent employment,37200,2026-09-10,
2558,C02558,Temporary/Probation/Freelance,30500,2026-09-10,
2559,C02559,Student,6700,2026-09-10,
2560,C02560,Temporary/Probation/Freelance,39500,2026-09-10,
2561,C02561,Retired,16800,2026-09-10,
2562,C02562,Self-employed,55400,2026-09-10,
2563,C02563,Student,14000,2026-09-10,
2564,C02564,Student,10900,2026-09-10,
2565,C02565,Permanent employment,47900,2026-09-10,
2566,C02566,Permanent employment,44100,2026-09-10,
2567,C02567,Unemployed,15100,2026-09-10,
2568,C02568,Self-employed,36300,2026-09-10,
2569,C02569,Retired,25500,2026-09-10,
2570,C02570,Retired,21900,2026-09-10,
2571,C02571,Permanent employment,43000,2026-09-10,
2572,C02572,Retired,19200,2026-09-10,
2573,C02573,Permanent employment,43500,2026-09-10,
2574,C02574,Permanent employment,55600,2026-09-10,
2575,C02575,Permanent employment,36300,2026-09-10,
2576,C02576,Permanent employment,49600,2026-09-10,
2577,C02577,Retired,27600,2026-09-10,
2578,C02578,Permanent employment,46700,2026-09-10,
2579,C02579,Temporary/Probation/Freelance,32300,2026-09-10,
2580,C02580,Retired,24000,2026-09-10,
2581,C02581,Permanent employment,33900,2026-09-10,
2582,C02582,Retired,35900,2026-09-10,
2583,C02583,Permanent employment,52400,2026-09-10,
2584,C02584,Permanent employment,45300,2026-09-10,
2585,C02585,Permanent employment,45500,2026-09-10,
2586,C02586,Permanent employment,47000,2026-09-10,
2587,C02587,Permanent employment,22600,2026-09-10,
2588,C02588,Permanent employment,37500,2026-09-10,
2589,C02589,Temporary/Probation/Freelance,15000,2026-09-10,
2590,C02590,Permanent employment,41500,2026-09-10,
2591,C02591,Retired,32200,2026-09-10,
2592,C02592,Retired,21900,2026-09-10,
2593,C02593,Permanent employment,60300,2026-09-10,
2594,C02594,Permanent employment,42000,2026-09-10,
2595,C02595,Permanent employment,39200,2026-09-10,
2596,C02596,Permanent employment,41100,2026-09-10,
2597,C02597,Unemployed,5000,2026-09-10,
2598,C02598,Permanent employment,43100,2026-09-10,
2599,C02599,Permanent employment,39100,2026-09-10,
2600,C02600,Permanent employment,39600,2026-09-10,
2601,C02601,Self-employed,68000,2026-09-10,
2602,C02602,Student,8200,2026-09-10,
2603,C02603,Self-employed,51700,2026-09-10,
2604,C02604,Permanent employment,43500,2026-09-10,
2605,C02605,Student,14500,2026-09-10,
2606,C02606,Permanent employment,61000,2026-09-10,
2607,C02607,Student,17400,2026-09-10,
2608,C02608,Permanent employment,40700,2026-09-10,
2609,C02609,Permanent employment,52700,2026-09-10,
2610,C02610,Student,11500,2026-09-10,
2611,C02611,Retired,32500,2026-09-10,
2612,C02612,Student,4900,2026-09-10,
2613,C02613,Permanent employment,37400,2026-09-10,
2614,C02614,Permanent employment,44300,2026-09-10,
2615,C02615,Temporary/Probation/Freelance,29600,2026-09-10,
2616,C02616,Permanent employment,40000,2026-09-10,
2617,C02617,Permanent employment,44200,2026-09-10,
2618,C02618,Permanent employment,42500,2026-09-10,
2619,C02619,Retired,20700,2026-09-10,
2620,C02620,Permanent employment,39300,2026-09-10,
2621,C02621,Retired,26100,2026-09-10,
2622,C02622,Retired,22900,2026-09-10,
2623,C02623,Self-employed,35300,2026-09-10,
2624,C02624,Retired,13400,2026-09-10,
2625,C02625,Self-employed,54700,2026-09-10,
2626,C02626,Retired,28600,2026-09-10,
2627,C02627,Parental leave,24400,2026-09-10,
2628,C02628,Temporary/Probation/Freelance,30800,2026-09-10,
2629,C02629,Permanent employment,41200,2026-09-10,
2630,C02630,Permanent employment,50000,2026-09-10,
2631,C02631,Permanent employment,39500,2026-09-10,
2632,C02632,Temporary/Probation/Freelance,26100,2026-09-10,
2633,C02633,Temporary/Probation/Freelance,31000,2026-09-10,
2634,C02634,Unemployed,12300,2026-09-10,
2635,C02635,Permanent employment,39600,2026-09-10,
2636,C02636,Permanent employment,38700,2026-09-10,
2637,C02637,Retired,20800,2026-09-10,
2638,C02638,Self-employed,38300,2026-09-10,
2639,C02639,Retired,24000,2026-09-10,
2640,C02640,Permanent employment,41900,2026-09-10,
2641,C02641,Permanent employment,48500,2026-09-10,
2642,C02642,Permanent employment,29900,2026-09-10,
2643,C02643,Permanent employment,57600,2026-09-10,
2644,C02644,Permanent employment,43200,2026-09-10,
2645,C02645,Student,14900,2026-09-10,
2646,C02646,Permanent employment,48400,2026-09-10,
2647,C02647,Permanent employment,43800,2026-09-10,
2648,C02648,Self-employed,53100,2026-09-10,
2649,C02649,Permanent employment,47400,2026-09-10,
2650,C02650,Permanent employment,43800,2026-09-10,
2651,C02651,Permanent employment,54800,2026-09-10,
2652,C02652,Permanent employment,52800,2026-09-10,
2653,C02653,Permanent employment,33800,2026-09-10,
2654,C02654,Student,15300,2026-09-10,
2655,C02655,Retired,24400,2026-09-10,
2656,C02656,Permanent employment,56500,2026-09-10,
2657,C02657,Retired,21600,2026-09-10,
2658,C02658,Retired,12000,2026-09-10,
2659,C02659,Permanent employment,35500,2026-09-10,
2660,C02660,Permanent employment,31800,2026-09-10,
2661,C02661,Permanent employment,40200,2026-09-10,
2662,C02662,Retired,19900,2026-09-10,
2663,C02663,Student,11900,2026-09-10,
2664,C02664,Retired,25700,2026-09-10,
2665,C02665,Temporary/Probation/Freelance,35100,2026-09-10,
2666,C02666,Permanent employment,48900,2026-09-10,
2667,C02667,Self-employed,79900,2026-09-10,
2668,C02668,Permanent employment,43000,2026-09-10,
2669,C02669,Retired,27500,2026-09-10,
2670,C02670,Parental leave,35300,2026-09-10,
2671,C02671,Retired,19400,2026-09-10,
2672,C02672,Temporary/Probation/Freelance,19900,2026-09-10,
2673,C02673,Unemployed,15500,2026-09-10,
2674,C02674,Temporary/Probation/Freelance,26800,2026-09-10,
2675,C02675,Retired,29400,2026-09-10,
2676,C02676,Permanent employment,50100,2026-09-10,
2677,C02677,Temporary/Probation/Freelance,37900,2026-09-10,
2678,C02678,Unemployed,10900,2026-09-10,
2679,C02679,Permanent employment,34000,2026-09-10,
2680,C02680,Permanent employment,45700,2026-09-10,
2681,C02681,Permanent employment,43800,2026-09-10,
2682,C02682,Temporary/Probation/Freelance,33700,2026-09-10,
2683,C02683,Temporary/Probation/Freelance,40900,2026-09-10,
2684,C02684,Permanent employment,44300,2026-09-10,
2685,C02685,Permanent employment,35500,2026-09-10,
2686,C02686,Temporary/Probation/Freelance,15000,2026-09-10,
2687,C02687,Unemployed,8800,2026-09-10,
2688,C02688,Permanent employment,35700,2026-09-10,
2689,C02689,Temporary/Probation/Freelance,35300,2026-09-10,
2690,C02690,Permanent employment,44700,2026-09-10,
2691,C02691,Permanent employment,45500,2026-09-10,
2692,C02692,Permanent employment,50100,2026-09-10,
2693,C02693,Student,16800,2026-09-10,
2694,C02694,Permanent employment,43600,2026-09-10,
2695,C02695,Retired,29100,2026-09-10,
2696,C02696,Permanent employment,47500,2026-09-10,
2697,C02697,Permanent employment,32100,2026-09-10,
2698,C02698,Permanent employment,34600,2026-09-10,
2699,C02699,Permanent employment,40600,2026-09-10,
2700,C02700,Permanent employment,44400,2026-09-10,
2701,C02701,Temporary/Probation/Freelance,33800,2026-09-10,
2702,C02702,Retired,22500,2026-09-10,
2703,C02703,Permanent employment,26100,2026-09-10,
2704,C02704,Permanent employment,27400,2026-09-10,
2705,C02705,Temporary/Probation/Freelance,15300,2026-09-10,
2706,C02706,Retired,22500,2026-09-10,
2707,C02707,Permanent employment,41900,2026-09-10,
2708,C02708,Permanent employment,48000,2026-09-10,
2709,C02709,Student,7500,2026-09-10,
2710,C02710,Parental leave,32400,2026-09-10,
2711,C02711,Retired,16100,2026-09-10,
2712,C02712,Unemployed,11400,2026-09-10,
2713,C02713,Self-employed,18000,2026-09-10,
2714,C02714,Parental leave,26800,2026-09-10,
2715,C02715,Permanent employment,24600,2026-09-10,
2716,C02716,Temporary/Probation/Freelance,26700,2026-09-10,
2717,C02717,Permanent employment,41100,2026-09-10,
2718,C02718,Retired,25600,2026-09-10,
2719,C02719,Retired,12000,2026-09-10,
2720,C02720,Temporary/Probation/Freelance,23100,2026-09-10,
2721,C02721,Permanent employment,49800,2026-09-10,
2722,C02722,Permanent employment,50000,2026-09-10,
2723,C02723,Permanent employment,43400,2026-09-10,
2724,C02724,Permanent employment,45500,2026-09-10,
2725,C02725,Temporary/Probation/Freelance,21000,2026-09-10,
2726,C02726,Temporary/Probation/Freelance,27000,2026-09-10,
2727,C02727,Student,14100,2026-09-10,
2728,C02728,Parental leave,22500,2026-09-10,
2729,C02729,Temporary/Probation/Freelance,31200,2026-09-10,
2730,C02730,Unemployed,16200,2026-09-10,
2731,C02731,Permanent employment,43300,2026-09-10,
2732,C02732,Permanent employment,44000,2026-09-10,
2733,C02733,Student,9200,2026-09-10,
2734,C02734,Retired,27400,2026-09-10,
2735,C02735,Permanent employment,44400,2026-09-10,
2736,C02736,Self-employed,53900,2026-09-10,
2737,C02737,Retired,21300,2026-09-10,
2738,C02738,Permanent employment,42800,2026-09-10,
2739,C02739,Permanent employment,46800,2026-09-10,
2740,C02740,Student,5500,2026-09-10,
2741,C02741,Unemployed,9500,2026-09-10,
2742,C02742,Permanent employment,53900,2026-09-10,
2743,C02743,Permanent employment,41000,2026-09-10,
2744,C02744,Permanent employment,36300,2026-09-10,
2745,C02745,Permanent employment,40100,2026-09-10,
2746,C02746,Permanent employment,36600,2026-09-10,
2747,C02747,Permanent employment,44700,2026-09-10,
2748,C02748,Permanent employment,37300,2026-09-10,
2749,C02749,Retired,27000,2026-09-10,
2750,C02750,Permanent employment,33900,2026-09-10,
2751,C02751,Permanent employment,36200,2026-09-10,
2752,C02752,Permanent employment,44800,2026-09-10,
2753,C02753,Permanent employment,40700,2026-09-10,
2754,C02754,Permanent employment,51300,2026-09-10,
2755,C02755,Retired,35500,2026-09-10,
2756,C02756,Permanent employment,43100,2026-09-10,
2757,C02757,Permanent employment,49700,2026-09-10,
2758,C02758,Retired,16600,2026-09-10,
2759,C02759,Unemployed,3700,2026-09-10,
2760,C02760,Permanent employment,23100,2026-09-10,
2761,C02761,Permanent employment,34600,2026-09-10,
2762,C02762,Permanent employment,45100,2026-09-10,
2763,C02763,Permanent employment,31400,2026-09-10,
2764,C02764,Permanent employment,50200,2026-09-10,
2765,C02765,Permanent employment,33900,2026-09-10,
2766,C02766,Retired,27400,2026-09-10,
2767,C02767,Permanent employment,45300,2026-09-10,
2768,C02768,Temporary/Probation/Freelance,22700,2026-09-10,
2769,C02769,Permanent employment,52200,2026-09-10,
2770,C02770,Permanent employment,46100,2026-09-10,
2771,C02771,Student,9900,2026-09-10,
2772,C02772,Permanent employment,47100,2026-09-10,
2773,C02773,Retired,20900,2026-09-10,
2774,C02774,Unemployed,6300,2026-09-10,
2775,C02775,Parental leave,30700,2026-09-10,
2776,C02776,Permanent employment,60600,2026-09-10,
2777,C02777,Student,14200,2026-09-10,
2778,C02778,Temporary/Probation/Freelance,32300,2026-09-10,
2779,C02779,Permanent employment,47700,2026-09-10,
2780,C02780,Temporary/Probation/Freelance,30000,2026-09-10,
2781,C02781,Temporary/Probation/Freelance,15000,2026-09-10,
2782,C02782,Retired,16500,2026-09-10,
2783,C02783,Retired,23500,2026-09-10,
2784,C02784,Permanent employment,49500,2026-09-10,
2785,C02785,Retired,36700,2026-09-10,
2786,C02786,Permanent employment,30500,2026-09-10,
2787,C02787,Permanent employment,47600,2026-09-10,
2788,C02788,Permanent employment,22400,2026-09-10,
2789,C02789,Retired,21600,2026-09-10,
2790,C02790,Retired,23700,2026-09-10,
2791,C02791,Permanent employment,54800,2026-09-10,
2792,C02792,Retired,18200,2026-09-10,
2793,C02793,Permanent employment,42600,2026-09-10,
2794,C02794,Permanent employment,44900,2026-09-10,
2795,C02795,Permanent employment,39900,2026-09-10,
2796,C02796,Permanent employment,41300,2026-09-10,
2797,C02797,Student,2800,2026-09-10,
2798,C02798,Permanent employment,49400,2026-09-10,
2799,C02799,Retired,13900,2026-09-10,
2800,C02800,Permanent employment,45400,2026-09-10,
2801,C02801,Permanent employment,34300,2026-09-10,
2802,C02802,Retired,18600,2026-09-10,
2803,C02803,Retired,15700,2026-09-10,
2804,C02804,Permanent employment,41000,2026-09-10,
2805,C02805,Permanent employment,52500,2026-09-10,
2806,C02806,Retired,19000,2026-09-10,
2807,C02807,Permanent employment,36100,2026-09-10,
2808,C02808,Permanent employment,37900,2026-09-10,
2809,C02809,Unemployed,13700,2026-09-10,
2810,C02810,Unemployed,16700,2026-09-10,
2811,C02811,Permanent employment,28800,2026-09-10,
2812,C02812,Permanent employment,44700,2026-09-10,
2813,C02813,Permanent employment,51700,2026-09-10,
2814,C02814,Permanent employment,30900,2026-09-10,
2815,C02815,Permanent employment,46300,2026-09-10,
2816,C02816,Permanent employment,35900,2026-09-10,
2817,C02817,Permanent employment,52700,2026-09-10,
2818,C02818,Student,18500,2026-09-10,
2819,C02819,Temporary/Probation/Freelance,20500,2026-09-10,
2820,C02820,Permanent employment,47000,2026-09-10,
2821,C02821,Self-employed,51400,2026-09-10,
2822,C02822,Permanent employment,38900,2026-09-10,
2823,C02823,Retired,22300,2026-09-10,
2824,C02824,Unemployed,11700,2026-09-10,
2825,C02825,Unemployed,7700,2026-09-10,
2826,C02826,Retired,22800,2026-09-10,
2827,C02827,Unemployed,17500,2026-09-10,
2828,C02828,Permanent employment,45700,2026-09-10,
2829,C02829,Permanent employment,46300,2026-09-10,
2830,C02830,Student,5100,2026-09-10,
2831,C02831,Permanent employment,36000,2026-09-10,
2832,C02832,Permanent employment,38700,2026-09-10,
2833,C02833,Permanent employment,24600,2026-09-10,
2834,C02834,Permanent employment,27300,2026-09-10,
2835,C02835,Permanent employment,35600,2026-09-10,
2836,C02836,Retired,26100,2026-09-10,
2837,C02837,Retired,12400,2026-09-10,
2838,C02838,Student,11600,2026-09-10,
2839,C02839,Permanent employment,37200,2026-09-10,
2840,C02840,Unemployed,18800,2026-09-10,
2841,C02841,Temporary/Probation/Freelance,25200,2026-09-10,
2842,C02842,Permanent employment,39800,2026-09-10,
2843,C02843,Retired,18600,2026-09-10,
2844,C02844,Permanent employment,37900,2026-09-10,
2845,C02845,Unemployed,14400,2026-09-10,
2846,C02846,Permanent employment,47000,2026-09-10,
2847,C02847,Self-employed,44200,2026-09-10,
2848,C02848,Permanent employment,29100,2026-09-10,
2849,C02849,Unemployed,15600,2026-09-10,
2850,C02850,Permanent employment,36500,2026-09-10,
2851,C02851,Permanent employment,35400,2026-09-10,
2852,C02852,Permanent employment,34000,2026-09-10,
2853,C02853,Permanent employment,43400,2026-09-10,
2854,C02854,Permanent employment,35000,2026-09-10,
2855,C02855,Permanent employment,40600,2026-09-10,
2856,C02856,Permanent employment,27000,2026-09-10,
2857,C02857,Permanent employment,41500,2026-09-10,
2858,C02858,Temporary/Probation/Freelance,38400,2026-09-10,
2859,C02859,Permanent employment,34300,2026-09-10,
2860,C02860,Permanent employment,37600,2026-09-10,
2861,C02861,Retired,19000,2026-09-10,
2862,C02862,Permanent employment,38400,2026-09-10,
2863,C02863,Retired,18000,2026-09-10,
2864,C02864,Permanent employment,40800,2026-09-10,
2865,C02865,Permanent employment,51500,2026-09-10,
2866,C02866,Permanent employment,44200,2026-09-10,
2867,C02867,Permanent employment,50500,2026-09-10,
2868,C02868,Permanent employment,64300,2026-09-10,
2869,C02869,Self-employed,74700,2026-09-10,
2870,C02870,Permanent employment,44900,2026-09-10,
2871,C02871,Retired,20000,2026-09-10,
2872,C02872,Retired,29700,2026-09-10,
2873,C02873,Retired,29700,2026-09-10,
2874,C02874,Permanent employment,48800,2026-09-10,
2875,C02875,Unemployed,19900,2026-09-10,
2876,C02876,Permanent employment,38400,2026-09-10,
2877,C02877,Permanent employment,47000,2026-09-10,
2878,C02878,Permanent employment,37700,2026-09-10,
2879,C02879,Permanent employment,49800,2026-09-10,
2880,C02880,Permanent employment,34800,2026-09-10,
2881,C02881,Temporary/Probation/Freelance,32900,2026-09-10,
2882,C02882,Permanent employment,30500,2026-09-10,
2883,C02883,Permanent employment,37900,2026-09-10,
2884,C02884,Temporary/Probation/Freelance,43700,2026-09-10,
2885,C02885,Unemployed,11900,2026-09-10,
2886,C02886,Retired,23200,2026-09-10,
2887,C02887,Permanent employment,52500,2026-09-10,
2888,C02888,Permanent employment,48300,2026-09-10,
2889,C02889,Temporary/Probation/Freelance,16300,2026-09-10,
2890,C02890,Retired,22900,2026-09-10,
2891,C02891,Unemployed,15500,2026-09-10,
2892,C02892,Permanent employment,52600,2026-09-10,
2893,C02893,Permanent employment,51300,2026-09-10,
2894,C02894,Permanent employment,42600,2026-09-10,
2895,C02895,Self-employed,56400,2026-09-10,
2896,C02896,Permanent employment,42500,2026-09-10,
2897,C02897,Self-employed,35900,2026-09-10,
2898,C02898,Unemployed,18400,2026-09-10,
2899,C02899,Permanent employment,52200,2026-09-10,
2900,C02900,Unemployed,15100,2026-09-10,
2901,C02901,Permanent employment,33400,2026-09-10,
2902,C02902,Permanent employment,42800,2026-09-10,
2903,C02903,Student,10200,2026-09-10,
2904,C02904,Permanent employment,51500,2026-09-10,
2905,C02905,Self-employed,39500,2026-09-10,
2906,C02906,Temporary/Probation/Freelance,30200,2026-09-10,
2907,C02907,Retired,25200,2026-09-10,
2908,C02908,Temporary/Probation/Freelance,27800,2026-09-10,
2909,C02909,Permanent employment,46800,2026-09-10,
2910,C02910,Unemployed,14400,2026-09-10,
2911,C02911,Unemployed,10700,2026-09-10,
2912,C02912,Temporary/Probation/Freelance,25600,2026-09-10,
2913,C02913,Retired,14000,2026-09-10,
2914,C02914,Retired,18700,2026-09-10,
2915,C02915,Parental leave,38600,2026-09-10,
2916,C02916,Permanent employment,47600,2026-09-10,
2917,C02917,Permanent employment,37400,2026-09-10,
2918,C02918,Retired,22600,2026-09-10,
2919,C02919,Permanent employment,38900,2026-09-10,
2920,C02920,Self-employed,58100,2026-09-10,
2921,C02921,Permanent employment,46800,2026-09-10,
2922,C02922,Permanent employment,47800,2026-09-10,
2923,C02923,Permanent employment,40800,2026-09-10,
2924,C02924,Temporary/Probation/Freelance,38000,2026-09-10,
2925,C02925,Permanent employment,36700,2026-09-10,
2926,C02926,Permanent employment,38800,2026-09-10,
2927,C02927,Retired,21100,2026-09-10,
2928,C02928,Retired,29500,2026-09-10,
2929,C02929,Permanent employment,39200,2026-09-10,
2930,C02930,Permanent employment,38200,2026-09-10,
2931,C02931,Permanent employment,45100,2026-09-10,
2932,C02932,Permanent employment,60100,2026-09-10,
2933,C02933,Student,5100,2026-09-10,
2934,C02934,Permanent employment,53700,2026-09-10,
2935,C02935,Permanent employment,42900,2026-09-10,
2936,C02936,Student,10000,2026-09-10,
2937,C02937,Permanent employment,38800,2026-09-10,
2938,C02938,Permanent employment,49400,2026-09-10,
2939,C02939,Retired,31200,2026-09-10,
2940,C02940,Temporary/Probation/Freelance,42000,2026-09-10,
2941,C02941,Permanent employment,47000,2026-09-10,
2942,C02942,Permanent employment,40200,2026-09-10,
2943,C02943,Permanent employment,57500,2026-09-10,
2944,C02944,Permanent employment,39800,2026-09-10,
2945,C02945,Permanent employment,37600,2026-09-10,
2946,C02946,Student,11400,2026-09-10,
2947,C02947,Permanent employment,38300,2026-09-10,
2948,C02948,Self-employed,36000,2026-09-10,
2949,C02949,Permanent employment,49400,2026-09-10,
2950,C02950,Temporary/Probation/Freelance,53000,2026-09-10,
2951,C02951,Retired,27900,2026-09-10,
2952,C02952,Permanent employment,51300,2026-09-10,
2953,C02953,Permanent employment,39500,2026-09-10,
2954,C02954,Permanent employment,46900,2026-09-10,
2955,C02955,Retired,12000,2026-09-10,
2956,C02956,Unemployed,8700,2026-09-10,
2957,C02957,Permanent employment,44100,2026-09-10,
2958,C02958,Retired,26400,2026-09-10,
2959,C02959,Permanent employment,50900,2026-09-10,
2960,C02960,Retired,22600,2026-09-10,
2961,C02961,Unemployed,20000,2026-09-10,
2962,C02962,Permanent employment,48900,2026-09-10,
2963,C02963,Permanent employment,32300,2026-09-10,
2964,C02964,Self-employed,18000,2026-09-10,
2965,C02965,Permanent employment,43900,2026-09-10,
2966,C02966,Permanent employment,41300,2026-09-10,
2967,C02967,Unemployed,14900,2026-09-10,
2968,C02968,Temporary/Probation/Freelance,27300,2026-09-10,
2969,C02969,Retired,19700,2026-09-10,
2970,C02970,Permanent employment,39900,2026-09-10,
2971,C02971,Permanent employment,44600,2026-09-10,
2972,C02972,Student,14200,2026-09-10,
2973,C02973,Retired,16400,2026-09-10,
2974,C02974,Unemployed,13400,2026-09-10,
2975,C02975,Temporary/Probation/Freelance,41400,2026-09-10,
2976,C02976,Student,1300,2026-09-10,
2977,C02977,Permanent employment,47500,2026-09-10,
2978,C02978,Temporary/Probation/Freelance,28300,2026-09-10,
2979,C02979,Permanent employment,37500,2026-09-10,
2980,C02980,Retired,20000,2026-09-10,
2981,C02981,Self-employed,63600,2026-09-10,
2982,C02982,Parental leave,29200,2026-09-10,
2983,C02983,Permanent employment,35500,2026-09-10,
2984,C02984,Permanent employment,36900,2026-09-10,
2985,C02985,Permanent employment,41500,2026-09-10,
2986,C02986,Retired,30000,2026-09-10,
2987,C02987,Temporary/Probation/Freelance,26000,2026-09-10,
2988,C02988,Permanent employment,44800,2026-09-10,
2989,C02989,Permanent employment,38200,2026-09-10,
2990,C02990,Permanent employment,40200,2026-09-10,
2991,C02991,Permanent employment,36900,2026-09-10,
2992,C02992,Retired,17400,2026-09-10,
2993,C02993,Permanent employment,39500,2026-09-10,
2994,C02994,Temporary/Probation/Freelance,25800,2026-09-10,
2995,C02995,Permanent employment,48500,2026-09-10,
2996,C02996,Temporary/Probation/Freelance,30500,2026-09-10,
2997,C02997,Permanent employment,31700,2026-09-10,
2998,C02998,Unemployed,17400,2026-09-10,
2999,C02999,Permanent employment,51300,2026-09-10,
3000,C03000,Retired,17500,2026-09-10,
3001,C03001,Retired,35300,2026-09-10,
3002,C03002,Retired,26600,2026-09-10,
3003,C03003,Permanent employment,40900,2026-09-10,
3004,C03004,Self-employed,51500,2026-09-10,
3005,C03005,Unemployed,15400,2026-09-10,
3006,C03006,Retired,23100,2026-09-10,
3007,C03007,Retired,28400,2026-09-10,
3008,C03008,Temporary/Probation/Freelance,27400,2026-09-10,
3009,C03009,Permanent employment,54000,2026-09-10,
3010,C03010,Student,0,2026-09-10,
3011,C03011,Permanent employment,38600,2026-09-10,
3012,C03012,Parental leave,32100,2026-09-10,
3013,C03013,Unemployed,13700,2026-09-10,
3014,C03014,Self-employed,36000,2026-09-10,
3015,C03015,Unemployed,14700,2026-09-10,
3016,C03016,Permanent employment,36500,2026-09-10,
3017,C03017,Unemployed,9900,2026-09-10,
3018,C03018,Permanent employment,44100,2026-09-10,
3019,C03019,Permanent employment,32700,2026-09-10,
3020,C03020,Permanent employment,38000,2026-09-10,
3021,C03021,Permanent employment,32400,2026-09-10,
3022,C03022,Student,11100,2026-09-10,
3023,C03023,Permanent employment,46400,2026-09-10,
3024,C03024,Student,4500,2026-09-10,
3025,C03025,Permanent employment,27300,2026-09-10,
3026,C03026,Temporary/Probation/Freelance,37300,2026-09-10,
3027,C03027,Retired,15800,2026-09-10,
3028,C03028,Self-employed,44400,2026-09-10,
3029,C03029,Permanent employment,38300,2026-09-10,
3030,C03030,Retired,39200,2026-09-10,
3031,C03031,Permanent employment,29400,2026-09-10,
3032,C03032,Permanent employment,32200,2026-09-10,
3033,C03033,Permanent employment,47200,2026-09-10,
3034,C03034,Permanent employment,35700,2026-09-10,
3035,C03035,Permanent employment,37800,2026-09-10,
3036,C03036,Permanent employment,41600,2026-09-10,
3037,C03037,Unemployed,20100,2026-09-10,
3038,C03038,Retired,23900,2026-09-10,
3039,C03039,Student,17300,2026-09-10,
3040,C03040,Permanent employment,36300,2026-09-10,
3041,C03041,Unemployed,18300,2026-09-10,
3042,C03042,Permanent employment,36200,2026-09-10,
3043,C03043,Permanent employment,46600,2026-09-10,
3044,C03044,Self-employed,65600,2026-09-10,
3045,C03045,Self-employed,27100,2026-09-10,
3046,C03046,Permanent employment,46000,2026-09-10,
3047,C03047,Permanent employment,46400,2026-09-10,
3048,C03048,Permanent employment,51600,2026-09-10,
3049,C03049,Permanent employment,37100,2026-09-10,
3050,C03050,Permanent employment,42200,2026-09-10,
3051,C03051,Permanent employment,38300,2026-09-10,
3052,C03052,Permanent employment,55500,2026-09-10,
3053,C03053,Permanent employment,45400,2026-09-10,
3054,C03054,Permanent employment,38200,2026-09-10,
3055,C03055,Self-employed,50800,2026-09-10,
3056,C03056,Retired,16800,2026-09-10,
3057,C03057,Permanent employment,33200,2026-09-10,
3058,C03058,Permanent employment,28900,2026-09-10,
3059,C03059,Permanent employment,31900,2026-09-10,
3060,C03060,Retired,25200,2026-09-10,
3061,C03061,Permanent employment,45400,2026-09-10,
3062,C03062,Permanent employment,50500,2026-09-10,
3063,C03063,Permanent employment,55900,2026-09-10,
3064,C03064,Retired,18100,2026-09-10,
3065,C03065,Self-employed,62000,2026-09-10,
3066,C03066,Permanent employment,60800,2026-09-10,
3067,C03067,Temporary/Probation/Freelance,44100,2026-09-10,
3068,C03068,Retired,31000,2026-09-10,
3069,C03069,Permanent employment,37100,2026-09-10,
3070,C03070,Permanent employment,33900,2026-09-10,
3071,C03071,Retired,17200,2026-09-10,
3072,C03072,Unemployed,16100,2026-09-10,
3073,C03073,Unemployed,15200,2026-09-10,
3074,C03074,Permanent employment,45500,2026-09-10,
3075,C03075,Permanent employment,51400,2026-09-10,
3076,C03076,Retired,32100,2026-09-10,
3077,C03077,Retired,32100,2026-09-10,
3078,C03078,Temporary/Probation/Freelance,35900,2026-09-10,
3079,C03079,Parental leave,33100,2026-09-10,
3080,C03080,Retired,20200,2026-09-10,
3081,C03081,Temporary/Probation/Freelance,30700,2026-09-10,
3082,C03082,Retired,26400,2026-09-10,
3083,C03083,Permanent employment,37600,2026-09-10,
3084,C03084,Permanent employment,33900,2026-09-10,
3085,C03085,Permanent employment,45200,2026-09-10,
3086,C03086,Permanent employment,42600,2026-09-10,
3087,C03087,Self-employed,42500,2026-09-10,
3088,C03088,Permanent employment,34000,2026-09-10,
3089,C03089,Permanent employment,48900,2026-09-10,
3090,C03090,Parental leave,37200,2026-09-10,
3091,C03091,Permanent employment,49100,2026-09-10,
3092,C03092,Permanent employment,40300,2026-09-10,
3093,C03093,Permanent employment,54300,2026-09-10,
3094,C03094,Retired,34400,2026-09-10,
3095,C03095,Permanent employment,37900,2026-09-10,
3096,C03096,Self-employed,67500,2026-09-10,
3097,C03097,Retired,25000,2026-09-10,
3098,C03098,Permanent employment,46000,2026-09-10,
3099,C03099,Temporary/Probation/Freelance,40600,2026-09-10,
3100,C03100,Permanent employment,40600,2026-09-10,
3101,C03101,Permanent employment,47800,2026-09-10,
3102,C03102,Permanent employment,43300,2026-09-10,
3103,C03103,Retired,26600,2026-09-10,
3104,C03104,Permanent employment,52800,2026-09-10,
3105,C03105,Temporary/Probation/Freelance,27900,2026-09-10,
3106,C03106,Permanent employment,51900,2026-09-10,
3107,C03107,Permanent employment,44200,2026-09-10,
3108,C03108,Parental leave,27300,2026-09-10,
3109,C03109,Parental leave,33900,2026-09-10,
3110,C03110,Self-employed,67500,2026-09-10,
3111,C03111,Permanent employment,43700,2026-09-10,
3112,C03112,Student,4900,2026-09-10,
3113,C03113,Permanent employment,40700,2026-09-10,
3114,C03114,Permanent employment,33100,2026-09-10,
3115,C03115,Permanent employment,53900,2026-09-10,
3116,C03116,Retired,17800,2026-09-10,
3117,C03117,Permanent employment,27100,2026-09-10,
3118,C03118,Permanent employment,27300,2026-09-10,
3119,C03119,Student,10900,2026-09-10,
3120,C03120,Temporary/Probation/Freelance,30300,2026-09-10,
3121,C03121,Self-employed,48200,2026-09-10,
3122,C03122,Permanent employment,29000,2026-09-10,
3123,C03123,Student,10300,2026-09-10,
3124,C03124,Permanent employment,38100,2026-09-10,
3125,C03125,Self-employed,61300,2026-09-10,
3126,C03126,Unemployed,9400,2026-09-10,
3127,C03127,Permanent employment,42400,2026-09-10,
3128,C03128,Permanent employment,32400,2026-09-10,
3129,C03129,Retired,30600,2026-09-10,
3130,C03130,Retired,20600,2026-09-10,
3131,C03131,Retired,16500,2026-09-10,
3132,C03132,Retired,31300,2026-09-10,
3133,C03133,Retired,12000,2026-09-10,
3134,C03134,Permanent employment,49800,2026-09-10,
3135,C03135,Temporary/Probation/Freelance,32700,2026-09-10,
3136,C03136,Permanent employment,62700,2026-09-10,
3137,C03137,Permanent employment,47600,2026-09-10,
3138,C03138,Permanent employment,46500,2026-09-10,
3139,C03139,Permanent employment,39000,2026-09-10,
3140,C03140,Permanent employment,28500,2026-09-10,
3141,C03141,Permanent employment,46800,2026-09-10,
3142,C03142,Retired,33900,2026-09-10,
3143,C03143,Permanent employment,39600,2026-09-10,
3144,C03144,Permanent employment,32100,2026-09-10,
3145,C03145,Permanent employment,45500,2026-09-10,
3146,C03146,Permanent employment,33800,2026-09-10,
3147,C03147,Retired,29600,2026-09-10,
3148,C03148,Unemployed,20100,2026-09-10,
3149,C03149,Self-employed,63600,2026-09-10,
3150,C03150,Permanent employment,41500,2026-09-10,
3151,C03151,Permanent employment,54300,2026-09-10,
3152,C03152,Permanent employment,32600,2026-09-10,
3153,C03153,Permanent employment,36100,2026-09-10,
3154,C03154,Parental leave,38600,2026-09-10,
3155,C03155,Permanent employment,42500,2026-09-10,
3156,C03156,Unemployed,14600,2026-09-10,
3157,C03157,Retired,31000,2026-09-10,
3158,C03158,Permanent employment,22300,2026-09-10,
3159,C03159,Retired,20200,2026-09-10,
3160,C03160,Permanent employment,40900,2026-09-10,
3161,C03161,Self-employed,40800,2026-09-10,
3162,C03162,Student,6400,2026-09-10,
3163,C03163,Permanent employment,47600,2026-09-10,
3164,C03164,Permanent employment,47500,2026-09-10,
3165,C03165,Student,10000,2026-09-10,
3166,C03166,Parental leave,31400,2026-09-10,
3167,C03167,Retired,19300,2026-09-10,
3168,C03168,Temporary/Probation/Freelance,30200,2026-09-10,
3169,C03169,Permanent employment,31200,2026-09-10,
3170,C03170,Permanent employment,51900,2026-09-10,
3171,C03171,Unemployed,11800,2026-09-10,
3172,C03172,Permanent employment,34400,2026-09-10,
3173,C03173,Permanent employment,31500,2026-09-10,
3174,C03174,Unemployed,14600,2026-09-10,
3175,C03175,Temporary/Probation/Freelance,25700,2026-09-10,
3176,C03176,Parental leave,33800,2026-09-10,
3177,C03177,Permanent employment,35700,2026-09-10,
3178,C03178,Retired,24900,2026-09-10,
3179,C03179,Retired,26900,2026-09-10,
3180,C03180,Self-employed,59300,2026-09-10,
3181,C03181,Permanent employment,42700,2026-09-10,
3182,C03182,Permanent employment,38700,2026-09-10,
3183,C03183,Permanent employment,45500,2026-09-10,
3184,C03184,Permanent employment,37300,2026-09-10,
3185,C03185,Temporary/Probation/Freelance,21600,2026-09-10,
3186,C03186,Unemployed,13900,2026-09-10,
3187,C03187,Permanent employment,35200,2026-09-10,
3188,C03188,Self-employed,49200,2026-09-10,
3189,C03189,Retired,32300,2026-09-10,
3190,C03190,Retired,30900,2026-09-10,
3191,C03191,Self-employed,52000,2026-09-10,
3192,C03192,Retired,25700,2026-09-10,
3193,C03193,Retired,23100,2026-09-10,
3194,C03194,Permanent employment,60100,2026-09-10,
3195,C03195,Temporary/Probation/Freelance,28300,2026-09-10,
3196,C03196,Permanent employment,35800,2026-09-10,
3197,C03197,Retired,29200,2026-09-10,
3198,C03198,Retired,27100,2026-09-10,
3199,C03199,Unemployed,9600,2026-09-10,
3200,C03200,Self-employed,37900,2026-09-10,
3201,C03201,Permanent employment,46200,2026-09-10,
3202,C03202,Permanent employment,41000,2026-09-10,
3203,C03203,Unemployed,17700,2026-09-10,
3204,C03204,Retired,18500,2026-09-10,
3205,C03205,Permanent employment,41200,2026-09-10,
3206,C03206,Retired,21000,2026-09-10,
3207,C03207,Retired,27100,2026-09-10,
3208,C03208,Unemployed,16500,2026-09-10,
3209,C03209,Self-employed,53100,2026-09-10,
3210,C03210,Permanent employment,32100,2026-09-10,
3211,C03211,Permanent employment,39100,2026-09-10,
3212,C03212,Retired,27200,2026-09-10,
3213,C03213,Permanent employment,42100,2026-09-10,
3214,C03214,Permanent employment,41800,2026-09-10,
3215,C03215,Permanent employment,38200,2026-09-10,
3216,C03216,Temporary/Probation/Freelance,25500,2026-09-10,
3217,C03217,Temporary/Probation/Freelance,40200,2026-09-10,
3218,C03218,Student,3300,2026-09-10,
3219,C03219,Self-employed,53100,2026-09-10,
3220,C03220,Permanent employment,36000,2026-09-10,
3221,C03221,Permanent employment,41600,2026-09-10,
3222,C03222,Permanent employment,37700,2026-09-10,
3223,C03223,Permanent employment,24100,2026-09-10,
3224,C03224,Student,3000,2026-09-10,
3225,C03225,Temporary/Probation/Freelance,17200,2026-09-10,
3226,C03226,Permanent employment,46000,2026-09-10,
3227,C03227,Permanent employment,45200,2026-09-10,
3228,C03228,Temporary/Probation/Freelance,17200,2026-09-10,
3229,C03229,Permanent employment,36800,2026-09-10,
3230,C03230,Permanent employment,39900,2026-09-10,
3231,C03231,Permanent employment,46900,2026-09-10,
3232,C03232,Permanent employment,59100,2026-09-10,
3233,C03233,Permanent employment,39100,2026-09-10,
3234,C03234,Permanent employment,23500,2026-09-10,
3235,C03235,Permanent employment,50200,2026-09-10,
3236,C03236,Permanent employment,49100,2026-09-10,
3237,C03237,Permanent employment,28900,2026-09-10,
3238,C03238,Retired,27600,2026-09-10,
3239,C03239,Temporary/Probation/Freelance,30200,2026-09-10,
3240,C03240,Permanent employment,38300,2026-09-10,
3241,C03241,Permanent employment,40500,2026-09-10,
3242,C03242,Permanent employment,56100,2026-09-10,
3243,C03243,Permanent employment,50400,2026-09-10,
3244,C03244,Unemployed,15700,2026-09-10,
3245,C03245,Permanent employment,32600,2026-09-10,
3246,C03246,Permanent employment,42700,2026-09-10,
3247,C03247,Permanent employment,52800,2026-09-10,
3248,C03248,Permanent employment,35400,2026-09-10,
3249,C03249,Permanent employment,43200,2026-09-10,
3250,C03250,Unemployed,18000,2026-09-10,
3251,C03251,Permanent employment,51100,2026-09-10,
3252,C03252,Permanent employment,42500,2026-09-10,
3253,C03253,Parental leave,30300,2026-09-10,
3254,C03254,Permanent employment,45600,2026-09-10,
3255,C03255,Permanent employment,46100,2026-09-10,
3256,C03256,Unemployed,16200,2026-09-10,
3257,C03257,Permanent employment,45400,2026-09-10,
3258,C03258,Unemployed,9700,2026-09-10,
3259,C03259,Permanent employment,38500,2026-09-10,
3260,C03260,Retired,13700,2026-09-10,
3261,C03261,Temporary/Probation/Freelance,26900,2026-09-10,
3262,C03262,Permanent employment,50700,2026-09-10,
3263,C03263,Temporary/Probation/Freelance,32700,2026-09-10,
3264,C03264,Permanent employment,29800,2026-09-10,
3265,C03265,Self-employed,69500,2026-09-10,
3266,C03266,Parental leave,28200,2026-09-10,
3267,C03267,Permanent employment,48900,2026-09-10,
3268,C03268,Self-employed,38900,2026-09-10,
3269,C03269,Student,2500,2026-09-10,
3270,C03270,Unemployed,11000,2026-09-10,
3271,C03271,Parental leave,25300,2026-09-10,
3272,C03272,Temporary/Probation/Freelance,18600,2026-09-10,
3273,C03273,Unemployed,13400,2026-09-10,
3274,C03274,Permanent employment,39800,2026-09-10,
3275,C03275,Retired,34400,2026-09-10,
3276,C03276,Retired,22300,2026-09-10,
3277,C03277,Temporary/Probation/Freelance,23300,2026-09-10,
3278,C03278,Permanent employment,37400,2026-09-10,
3279,C03279,Self-employed,24800,2026-09-10,
3280,C03280,Permanent employment,49100,2026-09-10,
3281,C03281,Permanent employment,51800,2026-09-10,
3282,C03282,Parental leave,18000,2026-09-10,
3283,C03283,Permanent employment,58100,2026-09-10,
3284,C03284,Retired,24400,2026-09-10,
3285,C03285,Unemployed,18100,2026-09-10,
3286,C03286,Self-employed,30600,2026-09-10,
3287,C03287,Self-employed,27300,2026-09-10,
3288,C03288,Unemployed,13000,2026-09-10,
3289,C03289,Retired,26500,2026-09-10,
3290,C03290,Permanent employment,39500,2026-09-10,
3291,C03291,Student,15800,2026-09-10,
3292,C03292,Retired,12000,2026-09-10,
3293,C03293,Permanent employment,51300,2026-09-10,
3294,C03294,Self-employed,54300,2026-09-10,
3295,C03295,Retired,26100,2026-09-10,
3296,C03296,Student,3300,2026-09-10,
3297,C03297,Retired,18300,2026-09-10,
3298,C03298,Student,13200,2026-09-10,
3299,C03299,Self-employed,18000,2026-09-10,
3300,C03300,Retired,12000,2026-09-10,
3301,C03301,Permanent employment,48200,2026-09-10,
3302,C03302,Permanent employment,46900,2026-09-10,
3303,C03303,Permanent employment,39800,2026-09-10,
3304,C03304,Permanent employment,39800,2026-09-10,
3305,C03305,Self-employed,62100,2026-09-10,
3306,C03306,Permanent employment,51200,2026-09-10,
3307,C03307,Permanent employment,42600,2026-09-10,
3308,C03308,Student,3900,2026-09-10,
3309,C03309,Permanent employment,55300,2026-09-10,
3310,C03310,Permanent employment,36000,2026-09-10,
3311,C03311,Permanent employment,47700,2026-09-10,
3312,C03312,Permanent employment,51400,2026-09-10,
3313,C03313,Retired,23900,2026-09-10,
3314,C03314,Student,7100,2026-09-10,
3315,C03315,Permanent employment,26700,2026-09-10,
3316,C03316,Permanent employment,43400,2026-09-10,
3317,C03317,Parental leave,21200,2026-09-10,
3318,C03318,Student,11500,2026-09-10,
3319,C03319,Retired,12000,2026-09-10,
3320,C03320,Unemployed,7300,2026-09-10,
3321,C03321,Permanent employment,45900,2026-09-10,
3322,C03322,Student,14200,2026-09-10,
3323,C03323,Permanent employment,41000,2026-09-10,
3324,C03324,Unemployed,18200,2026-09-10,
3325,C03325,Temporary/Probation/Freelance,25500,2026-09-10,
3326,C03326,Permanent employment,58200,2026-09-10,
3327,C03327,Retired,14600,2026-09-10,
3328,C03328,Permanent employment,40000,2026-09-10,
3329,C03329,Permanent employment,47500,2026-09-10,
3330,C03330,Permanent employment,41200,2026-09-10,
3331,C03331,Permanent employment,51600,2026-09-10,
3332,C03332,Permanent employment,33700,2026-09-10,
3333,C03333,Permanent employment,31300,2026-09-10,
3334,C03334,Permanent employment,42200,2026-09-10,
3335,C03335,Retired,13800,2026-09-10,
3336,C03336,Permanent employment,34500,2026-09-10,
3337,C03337,Permanent employment,42200,2026-09-10,
3338,C03338,Permanent employment,52200,2026-09-10,
3339,C03339,Permanent employment,47600,2026-09-10,
3340,C03340,Permanent employment,41500,2026-09-10,
3341,C03341,Retired,25100,2026-09-10,
3342,C03342,Permanent employment,32800,2026-09-10,
3343,C03343,Self-employed,34600,2026-09-10,
3344,C03344,Permanent employment,41100,2026-09-10,
3345,C03345,Permanent employment,46700,2026-09-10,
3346,C03346,Permanent employment,47300,2026-09-10,
3347,C03347,Permanent employment,49900,2026-09-10,
3348,C03348,Parental leave,31400,2026-09-10,
3349,C03349,Self-employed,18000,2026-09-10,
3350,C03350,Permanent employment,40400,2026-09-10,
3351,C03351,Self-employed,36200,2026-09-10,
3352,C03352,Self-employed,38000,2026-09-10,
3353,C03353,Retired,21300,2026-09-10,
3354,C03354,Unemployed,15200,2026-09-10,
3355,C03355,Permanent employment,27700,2026-09-10,
3356,C03356,Student,1400,2026-09-10,
3357,C03357,Permanent employment,34300,2026-09-10,
3358,C03358,Permanent employment,51400,2026-09-10,
3359,C03359,Retired,20800,2026-09-10,
3360,C03360,Permanent employment,46500,2026-09-10,
3361,C03361,Retired,27300,2026-09-10,
3362,C03362,Permanent employment,47800,2026-09-10,
3363,C03363,Permanent employment,46700,2026-09-10,
3364,C03364,Parental leave,26900,2026-09-10,
3365,C03365,Temporary/Probation/Freelance,35400,2026-09-10,
3366,C03366,Permanent employment,45700,2026-09-10,
3367,C03367,Self-employed,18000,2026-09-10,
3368,C03368,Self-employed,46100,2026-09-10,
3369,C03369,Unemployed,13400,2026-09-10,
3370,C03370,Temporary/Probation/Freelance,33700,2026-09-10,
3371,C03371,Parental leave,30200,2026-09-10,
3372,C03372,Unemployed,13000,2026-09-10,
3373,C03373,Permanent employment,55900,2026-09-10,
3374,C03374,Permanent employment,47300,2026-09-10,
3375,C03375,Retired,24200,2026-09-10,
3376,C03376,Permanent employment,35200,2026-09-10,
3377,C03377,Permanent employment,43800,2026-09-10,
3378,C03378,Temporary/Probation/Freelance,23200,2026-09-10,
3379,C03379,Unemployed,7400,2026-09-10,
3380,C03380,Permanent employment,40200,2026-09-10,
3381,C03381,Permanent employment,42600,2026-09-10,
3382,C03382,Permanent employment,52200,2026-09-10,
3383,C03383,Temporary/Probation/Freelance,37800,2026-09-10,
3384,C03384,Permanent employment,42700,2026-09-10,
3385,C03385,Student,9600,2026-09-10,
3386,C03386,Retired,23400,2026-09-10,
3387,C03387,Permanent employment,41900,2026-09-10,
3388,C03388,Temporary/Probation/Freelance,35100,2026-09-10,
3389,C03389,Student,11800,2026-09-10,
3390,C03390,Permanent employment,46600,2026-09-10,
3391,C03391,Permanent employment,44500,2026-09-10,
3392,C03392,Self-employed,39900,2026-09-10,
3393,C03393,Retired,12000,2026-09-10,
3394,C03394,Permanent employment,42600,2026-09-10,
3395,C03395,Retired,18800,2026-09-10,
3396,C03396,Retired,24600,2026-09-10,
3397,C03397,Retired,19200,2026-09-10,
3398,C03398,Retired,24900,2026-09-10,
3399,C03399,Parental leave,18800,2026-09-10,
3400,C03400,Permanent employment,38300,2026-09-10,
3401,C03401,Permanent employment,25000,2026-09-10,
3402,C03402,Permanent employment,30700,2026-09-10,
3403,C03403,Retired,45700,2026-09-10,
3404,C03404,Permanent employment,30800,2026-09-10,
3405,C03405,Retired,28600,2026-09-10,
3406,C03406,Retired,30900,2026-09-10,
3407,C03407,Retired,20800,2026-09-10,
3408,C03408,Self-employed,51000,2026-09-10,
3409,C03409,Permanent employment,42300,2026-09-10,
3410,C03410,Permanent employment,30900,2026-09-10,
3411,C03411,Unemployed,6900,2026-09-10,
3412,C03412,Permanent employment,40800,2026-09-10,
3413,C03413,Student,14900,2026-09-10,
3414,C03414,Permanent employment,59400,2026-09-10,
3415,C03415,Student,3100,2026-09-10,
3416,C03416,Permanent employment,43800,2026-09-10,
3417,C03417,Permanent employment,44800,2026-09-10,
3418,C03418,Retired,23200,2026-09-10,
3419,C03419,Permanent employment,26300,2026-09-10,
3420,C03420,Temporary/Probation/Freelance,38800,2026-09-10,
3421,C03421,Permanent employment,50000,2026-09-10,
3422,C03422,Retired,26500,2026-09-10,
3423,C03423,Permanent employment,40000,2026-09-10,
3424,C03424,Permanent employment,28500,2026-09-10,
3425,C03425,Retired,21900,2026-09-10,
3426,C03426,Permanent employment,35300,2026-09-10,
3427,C03427,Permanent employment,49900,2026-09-10,
3428,C03428,Permanent employment,43200,2026-09-10,
3429,C03429,Retired,28700,2026-09-10,
3430,C03430,Permanent employment,46800,2026-09-10,
3431,C03431,Permanent employment,38000,2026-09-10,
3432,C03432,Retired,17400,2026-09-10,
3433,C03433,Permanent employment,52200,2026-09-10,
3434,C03434,Permanent employment,48900,2026-09-10,
3435,C03435,Permanent employment,40300,2026-09-10,
3436,C03436,Permanent employment,48900,2026-09-10,
3437,C03437,Self-employed,29300,2026-09-10,
3438,C03438,Permanent employment,52600,2026-09-10,
3439,C03439,Permanent employment,33500,2026-09-10,
3440,C03440,Retired,25300,2026-09-10,
3441,C03441,Permanent employment,44000,2026-09-10,
3442,C03442,Permanent employment,45100,2026-09-10,
3443,C03443,Permanent employment,42600,2026-09-10,
3444,C03444,Retired,30900,2026-09-10,
3445,C03445,Retired,21000,2026-09-10,
3446,C03446,Permanent employment,29100,2026-09-10,
3447,C03447,Retired,12000,2026-09-10,
3448,C03448,Retired,21200,2026-09-10,
3449,C03449,Permanent employment,45200,2026-09-10,
3450,C03450,Permanent employment,32600,2026-09-10,
3451,C03451,Permanent employment,46300,2026-09-10,
3452,C03452,Permanent employment,49200,2026-09-10,
3453,C03453,Temporary/Probation/Freelance,44400,2026-09-10,
3454,C03454,Permanent employment,45700,2026-09-10,
3455,C03455,Retired,26400,2026-09-10,
3456,C03456,Permanent employment,32600,2026-09-10,
3457,C03457,Permanent employment,45400,2026-09-10,
3458,C03458,Permanent employment,44400,2026-09-10,
3459,C03459,Permanent employment,44100,2026-09-10,
3460,C03460,Permanent employment,37700,2026-09-10,
3461,C03461,Permanent employment,46200,2026-09-10,
3462,C03462,Permanent employment,38600,2026-09-10,
3463,C03463,Unemployed,15300,2026-09-10,
3464,C03464,Permanent employment,42200,2026-09-10,
3465,C03465,Permanent employment,38100,2026-09-10,
3466,C03466,Permanent employment,58200,2026-09-10,
3467,C03467,Self-employed,46000,2026-09-10,
3468,C03468,Permanent employment,50500,2026-09-10,
3469,C03469,Temporary/Probation/Freelance,41400,2026-09-10,
3470,C03470,Permanent employment,27800,2026-09-10,
3471,C03471,Unemployed,13200,2026-09-10,
3472,C03472,Retired,22800,2026-09-10,
3473,C03473,Permanent employment,59100,2026-09-10,
3474,C03474,Permanent employment,56200,2026-09-10,
3475,C03475,Retired,13700,2026-09-10,
3476,C03476,Permanent employment,36000,2026-09-10,
3477,C03477,Retired,32500,2026-09-10,
3478,C03478,Permanent employment,41300,2026-09-10,
3479,C03479,Permanent employment,49500,2026-09-10,
3480,C03480,Temporary/Probation/Freelance,28200,2026-09-10,
3481,C03481,Permanent employment,30500,2026-09-10,
3482,C03482,Permanent employment,54100,2026-09-10,
3483,C03483,Permanent employment,39900,2026-09-10,
3484,C03484,Retired,23000,2026-09-10,
3485,C03485,Permanent employment,37100,2026-09-10,
3486,C03486,Permanent employment,37200,2026-09-10,
3487,C03487,Permanent employment,45400,2026-09-10,
3488,C03488,Permanent employment,23300,2026-09-10,
3489,C03489,Student,17500,2026-09-10,
3490,C03490,Unemployed,16800,2026-09-10,
3491,C03491,Permanent employment,43600,2026-09-10,
3492,C03492,Permanent employment,42900,2026-09-10,
3493,C03493,Retired,22000,2026-09-10,
3494,C03494,Retired,27000,2026-09-10,
3495,C03495,Permanent employment,24100,2026-09-10,
3496,C03496,Permanent employment,34800,2026-09-10,
3497,C03497,Retired,12000,2026-09-10,
3498,C03498,Permanent employment,44600,2026-09-10,
3499,C03499,Permanent employment,29900,2026-09-10,
3500,C03500,Self-employed,42800,2026-09-10,
3501,C03501,Permanent employment,38800,2026-09-10,
3502,C03502,Retired,33900,2026-09-10,
3503,C03503,Retired,39700,2026-09-10,
3504,C03504,Permanent employment,36400,2026-09-10,
3505,C03505,Retired,30700,2026-09-10,
3506,C03506,Permanent employment,44700,2026-09-10,
3507,C03507,Retired,19500,2026-09-10,
3508,C03508,Permanent employment,31500,2026-09-10,
3509,C03509,Retired,25200,2026-09-10,
3510,C03510,Student,8500,2026-09-10,
3511,C03511,Permanent employment,46600,2026-09-10,
3512,C03512,Temporary/Probation/Freelance,24300,2026-09-10,
3513,C03513,Retired,13500,2026-09-10,
3514,C03514,Retired,15800,2026-09-10,
3515,C03515,Retired,34600,2026-09-10,
3516,C03516,Unemployed,21700,2026-09-10,
3517,C03517,Permanent employment,27000,2026-09-10,
3518,C03518,Permanent employment,40300,2026-09-10,
3519,C03519,Permanent employment,22000,2026-09-10,
3520,C03520,Permanent employment,38400,2026-09-10,
3521,C03521,Permanent employment,38600,2026-09-10,
3522,C03522,Permanent employment,44200,2026-09-10,
3523,C03523,Permanent employment,41500,2026-09-10,
3524,C03524,Permanent employment,39700,2026-09-10,
3525,C03525,Unemployed,16600,2026-09-10,
3526,C03526,Permanent employment,42900,2026-09-10,
3527,C03527,Retired,32400,2026-09-10,
3528,C03528,Unemployed,12600,2026-09-10,
3529,C03529,Permanent employment,38900,2026-09-10,
3530,C03530,Unemployed,17800,2026-09-10,
3531,C03531,Permanent employment,41100,2026-09-10,
3532,C03532,Retired,22400,2026-09-10,
3533,C03533,Permanent employment,41200,2026-09-10,
3534,C03534,Self-employed,75600,2026-09-10,
3535,C03535,Self-employed,55500,2026-09-10,
3536,C03536,Unemployed,9500,2026-09-10,
3537,C03537,Permanent employment,38000,2026-09-10,
3538,C03538,Permanent employment,47800,2026-09-10,
3539,C03539,Retired,16000,2026-09-10,
3540,C03540,Student,11800,2026-09-10,
3541,C03541,Student,9200,2026-09-10,
3542,C03542,Retired,15300,2026-09-10,
3543,C03543,Permanent employment,28600,2026-09-10,
3544,C03544,Permanent employment,54600,2026-09-10,
3545,C03545,Retired,18000,2026-09-10,
3546,C03546,Parental leave,36000,2026-09-10,
3547,C03547,Permanent employment,42600,2026-09-10,
3548,C03548,Permanent employment,40600,2026-09-10,
3549,C03549,Permanent employment,48500,2026-09-10,
3550,C03550,Temporary/Probation/Freelance,32600,2026-09-10,
3551,C03551,Retired,30200,2026-09-10,
3552,C03552,Permanent employment,39200,2026-09-10,
3553,C03553,Unemployed,12700,2026-09-10,
3554,C03554,Permanent employment,54300,2026-09-10,
3555,C03555,Temporary/Probation/Freelance,35800,2026-09-10,
3556,C03556,Permanent employment,38500,2026-09-10,
3557,C03557,Permanent employment,43800,2026-09-10,
3558,C03558,Parental leave,37800,2026-09-10,
3559,C03559,Temporary/Probation/Freelance,42000,2026-09-10,
3560,C03560,Permanent employment,43800,2026-09-10,
3561,C03561,Permanent employment,48400,2026-09-10,
3562,C03562,Retired,26400,2026-09-10,
3563,C03563,Permanent employment,22300,2026-09-10,
3564,C03564,Permanent employment,48600,2026-09-10,
3565,C03565,Self-employed,18000,2026-09-10,
3566,C03566,Unemployed,17600,2026-09-10,
3567,C03567,Permanent employment,48600,2026-09-10,
3568,C03568,Retired,12000,2026-09-10,
3569,C03569,Self-employed,27600,2026-09-10,
3570,C03570,Retired,12000,2026-09-10,
3571,C03571,Permanent employment,37800,2026-09-10,
3572,C03572,Parental leave,30800,2026-09-10,
3573,C03573,Retired,36100,2026-09-10,
3574,C03574,Retired,27500,2026-09-10,
3575,C03575,Retired,21200,2026-09-10,
3576,C03576,Permanent employment,50000,2026-09-10,
3577,C03577,Student,13100,2026-09-10,
3578,C03578,Permanent employment,55100,2026-09-10,
3579,C03579,Temporary/Probation/Freelance,36700,2026-09-10,
3580,C03580,Permanent employment,45000,2026-09-10,
3581,C03581,Permanent employment,34500,2026-09-10,
3582,C03582,Retired,33300,2026-09-10,
3583,C03583,Permanent employment,44100,2026-09-10,
3584,C03584,Permanent employment,36800,2026-09-10,
3585,C03585,Permanent employment,31100,2026-09-10,
3586,C03586,Permanent employment,37000,2026-09-10,
3587,C03587,Permanent employment,47800,2026-09-10,
3588,C03588,Permanent employment,40300,2026-09-10,
3589,C03589,Permanent employment,44900,2026-09-10,
3590,C03590,Permanent employment,49300,2026-09-10,
3591,C03591,Retired,12000,2026-09-10,
3592,C03592,Permanent employment,30900,2026-09-10,
3593,C03593,Permanent employment,46000,2026-09-10,
3594,C03594,Permanent employment,55400,2026-09-10,
3595,C03595,Permanent employment,39100,2026-09-10,
3596,C03596,Permanent employment,44600,2026-09-10,
3597,C03597,Permanent employment,30400,2026-09-10,
3598,C03598,Permanent employment,44400,2026-09-10,
3599,C03599,Permanent employment,46000,2026-09-10,
3600,C03600,Permanent employment,40700,2026-09-10,
3601,C03601,Permanent employment,49500,2026-09-10,
3602,C03602,Unemployed,18800,2026-09-10,
3603,C03603,Permanent employment,35800,2026-09-10,
3604,C03604,Permanent employment,43200,2026-09-10,
3605,C03605,Permanent employment,43600,2026-09-10,
3606,C03606,Permanent employment,38300,2026-09-10,
3607,C03607,Permanent employment,43100,2026-09-10,
3608,C03608,Permanent employment,40200,2026-09-10,
3609,C03609,Permanent employment,47200,2026-09-10,
3610,C03610,Retired,19400,2026-09-10,
3611,C03611,Permanent employment,40500,2026-09-10,
3612,C03612,Permanent employment,40000,2026-09-10,
3613,C03613,Permanent employment,46000,2026-09-10,
3614,C03614,Temporary/Probation/Freelance,30300,2026-09-10,
3615,C03615,Permanent employment,32300,2026-09-10,
3616,C03616,Temporary/Probation/Freelance,31900,2026-09-10,
3617,C03617,Permanent employment,30900,2026-09-10,
3618,C03618,Retired,31100,2026-09-10,
3619,C03619,Retired,20000,2026-09-10,
3620,C03620,Permanent employment,39100,2026-09-10,
3621,C03621,Permanent employment,38900,2026-09-10,
3622,C03622,Unemployed,15200,2026-09-10,
3623,C03623,Permanent employment,29600,2026-09-10,
3624,C03624,Retired,36900,2026-09-10,
3625,C03625,Student,6600,2026-09-10,
3626,C03626,Permanent employment,51100,2026-09-10,
3627,C03627,Permanent employment,22200,2026-09-10,
3628,C03628,Retired,21200,2026-09-10,
3629,C03629,Permanent employment,37700,2026-09-10,
3630,C03630,Permanent employment,38800,2026-09-10,
3631,C03631,Permanent employment,46000,2026-09-10,
3632,C03632,Permanent employment,41300,2026-09-10,
3633,C03633,Permanent employment,47900,2026-09-10,
3634,C03634,Permanent employment,38900,2026-09-10,
3635,C03635,Self-employed,47300,2026-09-10,
3636,C03636,Unemployed,10600,2026-09-10,
3637,C03637,Retired,34200,2026-09-10,
3638,C03638,Temporary/Probation/Freelance,22600,2026-09-10,
3639,C03639,Permanent employment,41700,2026-09-10,
3640,C03640,Permanent employment,38400,2026-09-10,
3641,C03641,Permanent employment,30900,2026-09-10,
3642,C03642,Retired,28300,2026-09-10,
3643,C03643,Permanent employment,52800,2026-09-10,
3644,C03644,Self-employed,29100,2026-09-10,
3645,C03645,Retired,19100,2026-09-10,
3646,C03646,Permanent employment,46400,2026-09-10,
3647,C03647,Permanent employment,46000,2026-09-10,
3648,C03648,Permanent employment,43500,2026-09-10,
3649,C03649,Permanent employment,39700,2026-09-10,
3650,C03650,Retired,21300,2026-09-10,
3651,C03651,Permanent employment,42000,2026-09-10,
3652,C03652,Self-employed,56500,2026-09-10,
3653,C03653,Retired,23900,2026-09-10,
3654,C03654,Temporary/Probation/Freelance,22700,2026-09-10,
3655,C03655,Permanent employment,26300,2026-09-10,
3656,C03656,Temporary/Probation/Freelance,21100,2026-09-10,
3657,C03657,Permanent employment,44100,2026-09-10,
3658,C03658,Self-employed,85600,2026-09-10,
3659,C03659,Permanent employment,62300,2026-09-10,
3660,C03660,Retired,26200,2026-09-10,
3661,C03661,Permanent employment,33400,2026-09-10,
3662,C03662,Self-employed,61700,2026-09-10,
3663,C03663,Student,13300,2026-09-10,
3664,C03664,Unemployed,24700,2026-09-10,
3665,C03665,Permanent employment,45500,2026-09-10,
3666,C03666,Permanent employment,42000,2026-09-10,
3667,C03667,Retired,16900,2026-09-10,
3668,C03668,Permanent employment,43800,2026-09-10,
3669,C03669,Student,9100,2026-09-10,
3670,C03670,Permanent employment,43200,2026-09-10,
3671,C03671,Permanent employment,34500,2026-09-10,
3672,C03672,Parental leave,43200,2026-09-10,
3673,C03673,Permanent employment,40100,2026-09-10,
3674,C03674,Permanent employment,42900,2026-09-10,
3675,C03675,Permanent employment,48200,2026-09-10,
3676,C03676,Permanent employment,29400,2026-09-10,
3677,C03677,Permanent employment,53500,2026-09-10,
3678,C03678,Self-employed,18000,2026-09-10,
3679,C03679,Permanent employment,36700,2026-09-10,
3680,C03680,Permanent employment,41400,2026-09-10,
3681,C03681,Self-employed,31900,2026-09-10,
3682,C03682,Permanent employment,36400,2026-09-10,
3683,C03683,Unemployed,10900,2026-09-10,
3684,C03684,Permanent employment,47500,2026-09-10,
3685,C03685,Unemployed,16400,2026-09-10,
3686,C03686,Permanent employment,40700,2026-09-10,
3687,C03687,Permanent employment,37100,2026-09-10,
3688,C03688,Permanent employment,41000,2026-09-10,
3689,C03689,Permanent employment,23700,2026-09-10,
3690,C03690,Student,4000,2026-09-10,
3691,C03691,Retired,30400,2026-09-10,
3692,C03692,Self-employed,38000,2026-09-10,
3693,C03693,Permanent employment,45800,2026-09-10,
3694,C03694,Parental leave,30400,2026-09-10,
3695,C03695,Permanent employment,55100,2026-09-10,
3696,C03696,Permanent employment,36300,2026-09-10,
3697,C03697,Retired,26400,2026-09-10,
3698,C03698,Self-employed,86300,2026-09-10,
3699,C03699,Retired,19000,2026-09-10,
3700,C03700,Permanent employment,43700,2026-09-10,
3701,C03701,Temporary/Probation/Freelance,35200,2026-09-10,
3702,C03702,Temporary/Probation/Freelance,36800,2026-09-10,
3703,C03703,Permanent employment,38800,2026-09-10,
3704,C03704,Retired,23700,2026-09-10,
3705,C03705,Retired,24100,2026-09-10,
3706,C03706,Retired,40200,2026-09-10,
3707,C03707,Self-employed,56900,2026-09-10,
3708,C03708,Permanent employment,52600,2026-09-10,
3709,C03709,Temporary/Probation/Freelance,26900,2026-09-10,
3710,C03710,Retired,18600,2026-09-10,
3711,C03711,Student,7900,2026-09-10,
3712,C03712,Permanent employment,46800,2026-09-10,
3713,C03713,Retired,34200,2026-09-10,
3714,C03714,Permanent employment,35000,2026-09-10,
3715,C03715,Retired,37800,2026-09-10,
3716,C03716,Permanent employment,51200,2026-09-10,
3717,C03717,Temporary/Probation/Freelance,38000,2026-09-10,
3718,C03718,Self-employed,61800,2026-09-10,
3719,C03719,Permanent employment,42200,2026-09-10,
3720,C03720,Permanent employment,44100,2026-09-10,
3721,C03721,Self-employed,57200,2026-09-10,
3722,C03722,Retired,22200,2026-09-10,
3723,C03723,Retired,25500,2026-09-10,
3724,C03724,Parental leave,26000,2026-09-10,
3725,C03725,Temporary/Probation/Freelance,36200,2026-09-10,
3726,C03726,Retired,22900,2026-09-10,
3727,C03727,Student,8000,2026-09-10,
3728,C03728,Permanent employment,32200,2026-09-10,
3729,C03729,Parental leave,26000,2026-09-10,
3730,C03730,Temporary/Probation/Freelance,19400,2026-09-10,
3731,C03731,Parental leave,32500,2026-09-10,
3732,C03732,Retired,19700,2026-09-10,
3733,C03733,Permanent employment,44700,2026-09-10,
3734,C03734,Permanent employment,53500,2026-09-10,
3735,C03735,Permanent employment,37200,2026-09-10,
3736,C03736,Permanent employment,43900,2026-09-10,
3737,C03737,Retired,23500,2026-09-10,
3738,C03738,Permanent employment,45000,2026-09-10,
3739,C03739,Retired,20600,2026-09-10,
3740,C03740,Temporary/Probation/Freelance,36800,2026-09-10,
3741,C03741,Retired,24800,2026-09-10,
3742,C03742,Retired,20100,2026-09-10,
3743,C03743,Permanent employment,40600,2026-09-10,
3744,C03744,Self-employed,65600,2026-09-10,
3745,C03745,Student,6700,2026-09-10,
3746,C03746,Permanent employment,40900,2026-09-10,
3747,C03747,Permanent employment,46300,2026-09-10,
3748,C03748,Permanent employment,37500,2026-09-10,
3749,C03749,Parental leave,21300,2026-09-10,
3750,C03750,Retired,21600,2026-09-10,
3751,C03751,Permanent employment,48600,2026-09-10,
3752,C03752,Retired,13600,2026-09-10,
3753,C03753,Permanent employment,38900,2026-09-10,
3754,C03754,Self-employed,57100,2026-09-10,
3755,C03755,Permanent employment,37500,2026-09-10,
3756,C03756,Temporary/Probation/Freelance,38200,2026-09-10,
3757,C03757,Self-employed,92700,2026-09-10,
3758,C03758,Permanent employment,39300,2026-09-10,
3759,C03759,Permanent employment,55300,2026-09-10,
3760,C03760,Retired,26200,2026-09-10,
3761,C03761,Unemployed,10800,2026-09-10,
3762,C03762,Retired,35000,2026-09-10,
3763,C03763,Permanent employment,47800,2026-09-10,
3764,C03764,Permanent employment,53300,2026-09-10,
3765,C03765,Permanent employment,61400,2026-09-10,
3766,C03766,Permanent employment,44200,2026-09-10,
3767,C03767,Temporary/Probation/Freelance,34400,2026-09-10,
3768,C03768,Permanent employment,37200,2026-09-10,
3769,C03769,Unemployed,12100,2026-09-10,
3770,C03770,Self-employed,43500,2026-09-10,
3771,C03771,Permanent employment,46500,2026-09-10,
3772,C03772,Retired,12000,2026-09-10,
3773,C03773,Permanent employment,55800,2026-09-10,
3774,C03774,Permanent employment,47400,2026-09-10,
3775,C03775,Permanent employment,46600,2026-09-10,
3776,C03776,Retired,38200,2026-09-10,
3777,C03777,Retired,35200,2026-09-10,
3778,C03778,Permanent employment,43900,2026-09-10,
3779,C03779,Permanent employment,39000,2026-09-10,
3780,C03780,Retired,28300,2026-09-10,
3781,C03781,Permanent employment,55900,2026-09-10,
3782,C03782,Unemployed,13400,2026-09-10,
3783,C03783,Student,14400,2026-09-10,
3784,C03784,Permanent employment,54900,2026-09-10,
3785,C03785,Retired,30800,2026-09-10,
3786,C03786,Temporary/Probation/Freelance,17200,2026-09-10,
3787,C03787,Permanent employment,36600,2026-09-10,
3788,C03788,Permanent employment,58900,2026-09-10,
3789,C03789,Temporary/Probation/Freelance,30900,2026-09-10,
3790,C03790,Permanent employment,45300,2026-09-10,
3791,C03791,Permanent employment,42000,2026-09-10,
3792,C03792,Student,17200,2026-09-10,
3793,C03793,Permanent employment,39500,2026-09-10,
3794,C03794,Unemployed,12300,2026-09-10,
3795,C03795,Temporary/Probation/Freelance,22000,2026-09-10,
3796,C03796,Permanent employment,28600,2026-09-10,
3797,C03797,Permanent employment,47900,2026-09-10,
3798,C03798,Temporary/Probation/Freelance,23100,2026-09-10,
3799,C03799,Self-employed,62300,2026-09-10,
3800,C03800,Permanent employment,40800,2026-09-10,
3801,C03801,Permanent employment,35600,2026-09-10,
3802,C03802,Retired,31300,2026-09-10,
3803,C03803,Student,12600,2026-09-10,
3804,C03804,Self-employed,42000,2026-09-10,
3805,C03805,Permanent employment,37200,2026-09-10,
3806,C03806,Retired,28100,2026-09-10,
3807,C03807,Unemployed,20800,2026-09-10,
3808,C03808,Permanent employment,47800,2026-09-10,
3809,C03809,Temporary/Probation/Freelance,33800,2026-09-10,
3810,C03810,Permanent employment,26800,2026-09-10,
3811,C03811,Permanent employment,41300,2026-09-10,
3812,C03812,Permanent employment,22000,2026-09-10,
3813,C03813,Permanent employment,31400,2026-09-10,
3814,C03814,Permanent employment,37500,2026-09-10,
3815,C03815,Permanent employment,30400,2026-09-10,
3816,C03816,Self-employed,38100,2026-09-10,
3817,C03817,Permanent employment,43100,2026-09-10,
3818,C03818,Unemployed,9700,2026-09-10,
3819,C03819,Unemployed,19000,2026-09-10,
3820,C03820,Parental leave,33600,2026-09-10,
3821,C03821,Self-employed,48700,2026-09-10,
3822,C03822,Permanent employment,49500,2026-09-10,
3823,C03823,Retired,12000,2026-09-10,
3824,C03824,Parental leave,19500,2026-09-10,
3825,C03825,Permanent employment,46500,2026-09-10,
3826,C03826,Permanent employment,54700,2026-09-10,
3827,C03827,Student,10300,2026-09-10,
3828,C03828,Self-employed,85500,2026-09-10,
3829,C03829,Retired,23900,2026-09-10,
3830,C03830,Permanent employment,33000,2026-09-10,
3831,C03831,Permanent employment,51900,2026-09-10,
3832,C03832,Retired,12000,2026-09-10,
3833,C03833,Retired,19800,2026-09-10,
3834,C03834,Permanent employment,39200,2026-09-10,
3835,C03835,Unemployed,9200,2026-09-10,
3836,C03836,Permanent employment,41500,2026-09-10,
3837,C03837,Permanent employment,45000,2026-09-10,
3838,C03838,Permanent employment,47200,2026-09-10,
3839,C03839,Retired,31200,2026-09-10,
3840,C03840,Self-employed,18000,2026-09-10,
3841,C03841,Self-employed,86200,2026-09-10,
3842,C03842,Permanent employment,38700,2026-09-10,
3843,C03843,Parental leave,30200,2026-09-10,
3844,C03844,Permanent employment,54400,2026-09-10,
3845,C03845,Permanent employment,31600,2026-09-10,
3846,C03846,Permanent employment,48900,2026-09-10,
3847,C03847,Retired,12000,2026-09-10,
3848,C03848,Permanent employment,42800,2026-09-10,
3849,C03849,Permanent employment,52500,2026-09-10,
3850,C03850,Permanent employment,26800,2026-09-10,
3851,C03851,Permanent employment,42100,2026-09-10,
3852,C03852,Permanent employment,33800,2026-09-10,
3853,C03853,Permanent employment,43600,2026-09-10,
3854,C03854,Retired,16800,2026-09-10,
3855,C03855,Self-employed,73500,2026-09-10,
3856,C03856,Permanent employment,22000,2026-09-10,
3857,C03857,Permanent employment,47300,2026-09-10,
3858,C03858,Permanent employment,50900,2026-09-10,
3859,C03859,Self-employed,31800,2026-09-10,
3860,C03860,Retired,13700,2026-09-10,
3861,C03861,Retired,19900,2026-09-10,
3862,C03862,Permanent employment,42200,2026-09-10,
3863,C03863,Permanent employment,51400,2026-09-10,
3864,C03864,Temporary/Probation/Freelance,28800,2026-09-10,
3865,C03865,Permanent employment,38000,2026-09-10,
3866,C03866,Permanent employment,35200,2026-09-10,
3867,C03867,Self-employed,41500,2026-09-10,
3868,C03868,Temporary/Probation/Freelance,41500,2026-09-10,
3869,C03869,Self-employed,64700,2026-09-10,
3870,C03870,Permanent employment,26500,2026-09-10,
3871,C03871,Permanent employment,50800,2026-09-10,
3872,C03872,Permanent employment,37000,2026-09-10,
3873,C03873,Permanent employment,41500,2026-09-10,
3874,C03874,Retired,21800,2026-09-10,
3875,C03875,Permanent employment,23200,2026-09-10,
3876,C03876,Permanent employment,37900,2026-09-10,
3877,C03877,Permanent employment,41700,2026-09-10,
3878,C03878,Retired,12000,2026-09-10,
3879,C03879,Permanent employment,52500,2026-09-10,
3880,C03880,Self-employed,40700,2026-09-10,
3881,C03881,Parental leave,26100,2026-09-10,
3882,C03882,Self-employed,63000,2026-09-10,
3883,C03883,Permanent employment,23600,2026-09-10,
3884,C03884,Temporary/Probation/Freelance,33700,2026-09-10,
3885,C03885,Retired,35400,2026-09-10,
3886,C03886,Permanent employment,33400,2026-09-10,
3887,C03887,Retired,20700,2026-09-10,
3888,C03888,Temporary/Probation/Freelance,33600,2026-09-10,
3889,C03889,Permanent employment,32000,2026-09-10,
3890,C03890,Permanent employment,46700,2026-09-10,
3891,C03891,Unemployed,24700,2026-09-10,
3892,C03892,Permanent employment,47300,2026-09-10,
3893,C03893,Retired,26000,2026-09-10,
3894,C03894,Permanent employment,36600,2026-09-10,
3895,C03895,Permanent employment,52300,2026-09-10,
3896,C03896,Retired,12000,2026-09-10,
3897,C03897,Permanent employment,37700,2026-09-10,
3898,C03898,Retired,30300,2026-09-10,
3899,C03899,Permanent employment,27500,2026-09-10,
3900,C03900,Permanent employment,28900,2026-09-10,
3901,C03901,Permanent employment,34700,2026-09-10,
3902,C03902,Temporary/Probation/Freelance,41000,2026-09-10,
3903,C03903,Permanent employment,38500,2026-09-10,
3904,C03904,Permanent employment,44300,2026-09-10,
3905,C03905,Retired,29000,2026-09-10,
3906,C03906,Permanent employment,33400,2026-09-10,
3907,C03907,Permanent employment,42300,2026-09-10,
3908,C03908,Parental leave,28600,2026-09-10,
3909,C03909,Unemployed,16000,2026-09-10,
3910,C03910,Permanent employment,46600,2026-09-10,
3911,C03911,Temporary/Probation/Freelance,29500,2026-09-10,
3912,C03912,Temporary/Probation/Freelance,39300,2026-09-10,
3913,C03913,Temporary/Probation/Freelance,39200,2026-09-10,
3914,C03914,Retired,13800,2026-09-10,
3915,C03915,Permanent employment,39900,2026-09-10,
3916,C03916,Permanent employment,45200,2026-09-10,
3917,C03917,Retired,24500,2026-09-10,
3918,C03918,Permanent employment,48900,2026-09-10,
3919,C03919,Permanent employment,45600,2026-09-10,
3920,C03920,Retired,28100,2026-09-10,
3921,C03921,Retired,28900,2026-09-10,
3922,C03922,Permanent employment,43000,2026-09-10,
3923,C03923,Retired,21500,2026-09-10,
3924,C03924,Permanent employment,54800,2026-09-10,
3925,C03925,Retired,20400,2026-09-10,
3926,C03926,Student,13700,2026-09-10,
3927,C03927,Permanent employment,39700,2026-09-10,
3928,C03928,Student,11700,2026-09-10,
3929,C03929,Permanent employment,45800,2026-09-10,
3930,C03930,Unemployed,16600,2026-09-10,
3931,C03931,Retired,35000,2026-09-10,
3932,C03932,Permanent employment,31000,2026-09-10,
3933,C03933,Permanent employment,46000,2026-09-10,
3934,C03934,Permanent employment,42600,2026-09-10,
3935,C03935,Self-employed,57000,2026-09-10,
3936,C03936,Self-employed,39400,2026-09-10,
3937,C03937,Permanent employment,47700,2026-09-10,
3938,C03938,Permanent employment,37900,2026-09-10,
3939,C03939,Permanent employment,43200,2026-09-10,
3940,C03940,Parental leave,29500,2026-09-10,
3941,C03941,Retired,23500,2026-09-10,
3942,C03942,Temporary/Probation/Freelance,32200,2026-09-10,
3943,C03943,Unemployed,12000,2026-09-10,
3944,C03944,Permanent employment,39700,2026-09-10,
3945,C03945,Permanent employment,28700,2026-09-10,
3946,C03946,Permanent employment,29100,2026-09-10,
3947,C03947,Permanent employment,37900,2026-09-10,
3948,C03948,Permanent employment,42900,2026-09-10,
3949,C03949,Permanent employment,46700,2026-09-10,
3950,C03950,Parental leave,28400,2026-09-10,
3951,C03951,Student,16300,2026-09-10,
3952,C03952,Retired,26600,2026-09-10,
3953,C03953,Retired,21900,2026-09-10,
3954,C03954,Permanent employment,30900,2026-09-10,
3955,C03955,Permanent employment,37200,2026-09-10,
3956,C03956,Retired,21100,2026-09-10,
3957,C03957,Self-employed,66300,2026-09-10,
3958,C03958,Permanent employment,58800,2026-09-10,
3959,C03959,Student,15200,2026-09-10,
3960,C03960,Student,6300,2026-09-10,
3961,C03961,Parental leave,30300,2026-09-10,
3962,C03962,Permanent employment,43400,2026-09-10,
3963,C03963,Unemployed,11600,2026-09-10,
3964,C03964,Permanent employment,44400,2026-09-10,
3965,C03965,Student,9300,2026-09-10,
3966,C03966,Permanent employment,55900,2026-09-10,
3967,C03967,Permanent employment,47300,2026-09-10,
3968,C03968,Student,14100,2026-09-10,
3969,C03969,Self-employed,63900,2026-09-10,
3970,C03970,Self-employed,58600,2026-09-10,
3971,C03971,Permanent employment,52600,2026-09-10,
3972,C03972,Permanent employment,42400,2026-09-10,
3973,C03973,Permanent employment,51700,2026-09-10,
3974,C03974,Permanent employment,56700,2026-09-10,
3975,C03975,Temporary/Probation/Freelance,24200,2026-09-10,
3976,C03976,Retired,21500,2026-09-10,
3977,C03977,Unemployed,12300,2026-09-10,
3978,C03978,Permanent employment,60100,2026-09-10,
3979,C03979,Unemployed,9700,2026-09-10,
3980,C03980,Permanent employment,45800,2026-09-10,
3981,C03981,Retired,27300,2026-09-10,
3982,C03982,Retired,20100,2026-09-10,
3983,C03983,Parental leave,24100,2026-09-10,
3984,C03984,Parental leave,25100,2026-09-10,
3985,C03985,Retired,22100,2026-09-10,
3986,C03986,Retired,20200,2026-09-10,
3987,C03987,Permanent employment,48100,2026-09-10,
3988,C03988,Self-employed,35500,2026-09-10,
3989,C03989,Unemployed,11900,2026-09-10,
3990,C03990,Retired,26700,2026-09-10,
3991,C03991,Permanent employment,40000,2026-09-10,
3992,C03992,Permanent employment,22000,2026-09-10,
3993,C03993,Permanent employment,36900,2026-09-10,
3994,C03994,Student,7500,2026-09-10,
3995,C03995,Permanent employment,37900,2026-09-10,
3996,C03996,Permanent employment,51700,2026-09-10,
3997,C03997,Self-employed,18100,2026-09-10,
3998,C03998,Permanent employment,52400,2026-09-10,
3999,C03999,Permanent employment,30200,2026-09-10,
4000,C04000,Permanent employment,38600,2026-09-10,
4001,C04001,Permanent employment,55900,2026-09-10,
4002,C04002,Retired,19700,2026-09-10,
4003,C04003,Self-employed,45400,2026-09-10,
4004,C04004,Permanent employment,45200,2026-09-10,
4005,C04005,Permanent employment,45000,2026-09-10,
4006,C04006,Permanent employment,47100,2026-09-10,
4007,C04007,Permanent employment,43700,2026-09-10,
4008,C04008,Permanent employment,43700,2026-09-10,
4009,C04009,Retired,14200,2026-09-10,
4010,C04010,Permanent employment,22800,2026-09-10,
4011,C04011,Unemployed,14100,2026-09-10,
4012,C04012,Permanent employment,46900,2026-09-10,
4013,C04013,Permanent employment,61000,2026-09-10,
4014,C04014,Permanent employment,43500,2026-09-10,
4015,C04015,Permanent employment,40600,2026-09-10,
4016,C04016,Parental leave,33100,2026-09-10,
4017,C04017,Retired,12000,2026-09-10,
4018,C04018,Permanent employment,43600,2026-09-10,
4019,C04019,Permanent employment,49800,2026-09-10,
4020,C04020,Self-employed,57500,2026-09-10,
4021,C04021,Unemployed,13700,2026-09-10,
4022,C04022,Permanent employment,42000,2026-09-10,
4023,C04023,Permanent employment,41100,2026-09-10,
4024,C04024,Retired,26700,2026-09-10,
4025,C04025,Permanent employment,36400,2026-09-10,
4026,C04026,Retired,16000,2026-09-10,
4027,C04027,Parental leave,37600,2026-09-10,
4028,C04028,Permanent employment,36700,2026-09-10,
4029,C04029,Unemployed,15800,2026-09-10,
4030,C04030,Parental leave,25300,2026-09-10,
4031,C04031,Retired,16000,2026-09-10,
4032,C04032,Self-employed,35200,2026-09-10,
4033,C04033,Temporary/Probation/Freelance,33400,2026-09-10,
4034,C04034,Permanent employment,28600,2026-09-10,
4035,C04035,Student,11000,2026-09-10,
4036,C04036,Retired,28700,2026-09-10,
4037,C04037,Permanent employment,36800,2026-09-10,
4038,C04038,Permanent employment,44700,2026-09-10,
4039,C04039,Self-employed,47900,2026-09-10,
4040,C04040,Permanent employment,38900,2026-09-10,
4041,C04041,Retired,22900,2026-09-10,
4042,C04042,Permanent employment,44900,2026-09-10,
4043,C04043,Permanent employment,38900,2026-09-10,
4044,C04044,Permanent employment,42600,2026-09-10,
4045,C04045,Permanent employment,44800,2026-09-10,
4046,C04046,Permanent employment,47000,2026-09-10,
4047,C04047,Permanent employment,58200,2026-09-10,
4048,C04048,Permanent employment,38200,2026-09-10,
4049,C04049,Retired,33400,2026-09-10,
4050,C04050,Permanent employment,31700,2026-09-10,
4051,C04051,Retired,23900,2026-09-10,
4052,C04052,Permanent employment,49400,2026-09-10,
4053,C04053,Retired,27000,2026-09-10,
4054,C04054,Permanent employment,28500,2026-09-10,
4055,C04055,Self-employed,64500,2026-09-10,
4056,C04056,Permanent employment,32300,2026-09-10,
4057,C04057,Retired,20000,2026-09-10,
4058,C04058,Unemployed,13500,2026-09-10,
4059,C04059,Permanent employment,46000,2026-09-10,
4060,C04060,Permanent employment,47100,2026-09-10,
4061,C04061,Permanent employment,48800,2026-09-10,
4062,C04062,Temporary/Probation/Freelance,24300,2026-09-10,
4063,C04063,Temporary/Probation/Freelance,29900,2026-09-10,
4064,C04064,Permanent employment,32100,2026-09-10,
4065,C04065,Retired,29300,2026-09-10,
4066,C04066,Permanent employment,36300,2026-09-10,
4067,C04067,Permanent employment,41100,2026-09-10,
4068,C04068,Retired,20300,2026-09-10,
4069,C04069,Permanent employment,43600,2026-09-10,
4070,C04070,Permanent employment,41700,2026-09-10,
4071,C04071,Self-employed,23200,2026-09-10,
4072,C04072,Permanent employment,50600,2026-09-10,
4073,C04073,Temporary/Probation/Freelance,35300,2026-09-10,
4074,C04074,Permanent employment,36100,2026-09-10,
4075,C04075,Retired,18200,2026-09-10,
4076,C04076,Unemployed,11600,2026-09-10,
4077,C04077,Permanent employment,54200,2026-09-10,
4078,C04078,Permanent employment,51100,2026-09-10,
4079,C04079,Retired,25400,2026-09-10,
4080,C04080,Temporary/Probation/Freelance,17300,2026-09-10,
4081,C04081,Unemployed,15800,2026-09-10,
4082,C04082,Self-employed,48000,2026-09-10,
4083,C04083,Permanent employment,40600,2026-09-10,
4084,C04084,Permanent employment,52300,2026-09-10,
4085,C04085,Permanent employment,36600,2026-09-10,
4086,C04086,Student,15900,2026-09-10,
4087,C04087,Unemployed,12500,2026-09-10,
4088,C04088,Permanent employment,39000,2026-09-10,
4089,C04089,Retired,15200,2026-09-10,
4090,C04090,Student,9600,2026-09-10,
4091,C04091,Permanent employment,43300,2026-09-10,
4092,C04092,Temporary/Probation/Freelance,22400,2026-09-10,
4093,C04093,Permanent employment,38600,2026-09-10,
4094,C04094,Retired,32100,2026-09-10,
4095,C04095,Permanent employment,50200,2026-09-10,
4096,C04096,Permanent employment,57800,2026-09-10,
4097,C04097,Temporary/Probation/Freelance,17100,2026-09-10,
4098,C04098,Permanent employment,50000,2026-09-10,
4099,C04099,Permanent employment,32500,2026-09-10,
4100,C04100,Student,3400,2026-09-10,
4101,C04101,Self-employed,49500,2026-09-10,
4102,C04102,Permanent employment,32000,2026-09-10,
4103,C04103,Self-employed,64500,2026-09-10,
4104,C04104,Unemployed,14700,2026-09-10,
4105,C04105,Temporary/Probation/Freelance,24400,2026-09-10,
4106,C04106,Permanent employment,50000,2026-09-10,
4107,C04107,Retired,23000,2026-09-10,
4108,C04108,Self-employed,45600,2026-09-10,
4109,C04109,Retired,28300,2026-09-10,
4110,C04110,Temporary/Probation/Freelance,25000,2026-09-10,
4111,C04111,Permanent employment,37600,2026-09-10,
4112,C04112,Permanent employment,44100,2026-09-10,
4113,C04113,Student,3200,2026-09-10,
4114,C04114,Permanent employment,35000,2026-09-10,
4115,C04115,Unemployed,10000,2026-09-10,
4116,C04116,Self-employed,39400,2026-09-10,
4117,C04117,Retired,17600,2026-09-10,
4118,C04118,Permanent employment,42600,2026-09-10,
4119,C04119,Permanent employment,45200,2026-09-10,
4120,C04120,Permanent employment,37800,2026-09-10,
4121,C04121,Permanent employment,47700,2026-09-10,
4122,C04122,Permanent employment,32300,2026-09-10,
4123,C04123,Retired,21600,2026-09-10,
4124,C04124,Temporary/Probation/Freelance,23400,2026-09-10,
4125,C04125,Permanent employment,43400,2026-09-10,
4126,C04126,Self-employed,35100,2026-09-10,
4127,C04127,Permanent employment,49100,2026-09-10,
4128,C04128,Retired,21400,2026-09-10,
4129,C04129,Permanent employment,52900,2026-09-10,
4130,C04130,Unemployed,5600,2026-09-10,
4131,C04131,Permanent employment,45300,2026-09-10,
4132,C04132,Unemployed,14500,2026-09-10,
4133,C04133,Permanent employment,36500,2026-09-10,
4134,C04134,Self-employed,45000,2026-09-10,
4135,C04135,Permanent employment,48400,2026-09-10,
4136,C04136,Student,15400,2026-09-10,
4137,C04137,Retired,21900,2026-09-10,
4138,C04138,Permanent employment,41900,2026-09-10,
4139,C04139,Permanent employment,38800,2026-09-10,
4140,C04140,Unemployed,14200,2026-09-10,
4141,C04141,Permanent employment,38400,2026-09-10,
4142,C04142,Unemployed,17000,2026-09-10,
4143,C04143,Temporary/Probation/Freelance,17000,2026-09-10,
4144,C04144,Retired,23400,2026-09-10,
4145,C04145,Retired,14200,2026-09-10,
4146,C04146,Retired,23600,2026-09-10,
4147,C04147,Permanent employment,43700,2026-09-10,
4148,C04148,Permanent employment,46300,2026-09-10,
4149,C04149,Retired,19700,2026-09-10,
4150,C04150,Permanent employment,48000,2026-09-10,
4151,C04151,Parental leave,16000,2026-09-10,
4152,C04152,Permanent employment,29500,2026-09-10,
4153,C04153,Permanent employment,37200,2026-09-10,
4154,C04154,Permanent employment,48500,2026-09-10,
4155,C04155,Permanent employment,22000,2026-09-10,
4156,C04156,Student,7700,2026-09-10,
4157,C04157,Permanent employment,40500,2026-09-10,
4158,C04158,Retired,30200,2026-09-10,
4159,C04159,Retired,18400,2026-09-10,
4160,C04160,Permanent employment,43400,2026-09-10,
4161,C04161,Permanent employment,45500,2026-09-10,
4162,C04162,Student,9900,2026-09-10,
4163,C04163,Permanent employment,44700,2026-09-10,
4164,C04164,Permanent employment,45400,2026-09-10,
4165,C04165,Permanent employment,45000,2026-09-10,
4166,C04166,Permanent employment,61600,2026-09-10,
4167,C04167,Permanent employment,25500,2026-09-10,
4168,C04168,Temporary/Probation/Freelance,23700,2026-09-10,
4169,C04169,Parental leave,29700,2026-09-10,
4170,C04170,Permanent employment,45800,2026-09-10,
4171,C04171,Temporary/Probation/Freelance,37600,2026-09-10,
4172,C04172,Permanent employment,50300,2026-09-10,
4173,C04173,Permanent employment,44800,2026-09-10,
4174,C04174,Permanent employment,53700,2026-09-10,
4175,C04175,Retired,19700,2026-09-10,
4176,C04176,Temporary/Probation/Freelance,37300,2026-09-10,
4177,C04177,Self-employed,48400,2026-09-10,
4178,C04178,Retired,25300,2026-09-10,
4179,C04179,Permanent employment,35800,2026-09-10,
4180,C04180,Permanent employment,32600,2026-09-10,
4181,C04181,Permanent employment,43000,2026-09-10,
4182,C04182,Permanent employment,42300,2026-09-10,
4183,C04183,Permanent employment,35200,2026-09-10,
4184,C04184,Temporary/Probation/Freelance,37400,2026-09-10,
4185,C04185,Self-employed,30200,2026-09-10,
4186,C04186,Permanent employment,47000,2026-09-10,
4187,C04187,Student,8500,2026-09-10,
4188,C04188,Permanent employment,50500,2026-09-10,
4189,C04189,Self-employed,23400,2026-09-10,
4190,C04190,Permanent employment,31800,2026-09-10,
4191,C04191,Permanent employment,46800,2026-09-10,
4192,C04192,Retired,29900,2026-09-10,
4193,C04193,Unemployed,15300,2026-09-10,
4194,C04194,Permanent employment,36800,2026-09-10,
4195,C04195,Permanent employment,49700,2026-09-10,
4196,C04196,Permanent employment,42000,2026-09-10,
4197,C04197,Permanent employment,22000,2026-09-10,
4198,C04198,Permanent employment,48100,2026-09-10,
4199,C04199,Self-employed,47600,2026-09-10,
4200,C04200,Permanent employment,45700,2026-09-10,
4201,C04201,Retired,14200,2026-09-10,
4202,C04202,Permanent employment,43800,2026-09-10,
4203,C04203,Permanent employment,34200,2026-09-10,
4204,C04204,Permanent employment,38500,2026-09-10,
4205,C04205,Permanent employment,41200,2026-09-10,
4206,C04206,Permanent employment,43500,2026-09-10,
4207,C04207,Permanent employment,34900,2026-09-10,
4208,C04208,Self-employed,72500,2026-09-10,
4209,C04209,Temporary/Probation/Freelance,31800,2026-09-10,
4210,C04210,Student,9900,2026-09-10,
4211,C04211,Student,9800,2026-09-10,
4212,C04212,Permanent employment,45100,2026-09-10,
4213,C04213,Permanent employment,45700,2026-09-10,
4214,C04214,Temporary/Probation/Freelance,39100,2026-09-10,
4215,C04215,Permanent employment,54100,2026-09-10,
4216,C04216,Retired,21900,2026-09-10,
4217,C04217,Student,13400,2026-09-10,
4218,C04218,Permanent employment,49400,2026-09-10,
4219,C04219,Permanent employment,47800,2026-09-10,
4220,C04220,Self-employed,67900,2026-09-10,
4221,C04221,Self-employed,60300,2026-09-10,
4222,C04222,Permanent employment,47900,2026-09-10,
4223,C04223,Retired,19500,2026-09-10,
4224,C04224,Retired,26000,2026-09-10,
4225,C04225,Permanent employment,37700,2026-09-10,
4226,C04226,Permanent employment,46200,2026-09-10,
4227,C04227,Permanent employment,47200,2026-09-10,
4228,C04228,Self-employed,19200,2026-09-10,
4229,C04229,Permanent employment,41700,2026-09-10,
4230,C04230,Unemployed,11000,2026-09-10,
4231,C04231,Permanent employment,47900,2026-09-10,
4232,C04232,Unemployed,12800,2026-09-10,
4233,C04233,Permanent employment,35000,2026-09-10,
4234,C04234,Retired,27000,2026-09-10,
4235,C04235,Permanent employment,31400,2026-09-10,
4236,C04236,Permanent employment,45900,2026-09-10,
4237,C04237,Student,4500,2026-09-10,
4238,C04238,Self-employed,55600,2026-09-10,
4239,C04239,Self-employed,43000,2026-09-10,
4240,C04240,Permanent employment,43800,2026-09-10,
4241,C04241,Permanent employment,34200,2026-09-10,
4242,C04242,Permanent employment,36400,2026-09-10,
4243,C04243,Permanent employment,71700,2026-09-10,
4244,C04244,Self-employed,24200,2026-09-10,
4245,C04245,Parental leave,17400,2026-09-10,
4246,C04246,Retired,21200,2026-09-10,
4247,C04247,Temporary/Probation/Freelance,28500,2026-09-10,
4248,C04248,Permanent employment,31600,2026-09-10,
4249,C04249,Permanent employment,39200,2026-09-10,
4250,C04250,Retired,23100,2026-09-10,
4251,C04251,Permanent employment,47600,2026-09-10,
4252,C04252,Permanent employment,22000,2026-09-10,
4253,C04253,Permanent employment,42200,2026-09-10,
4254,C04254,Permanent employment,45000,2026-09-10,
4255,C04255,Permanent employment,36300,2026-09-10,
4256,C04256,Permanent employment,38200,2026-09-10,
4257,C04257,Retired,16700,2026-09-10,
4258,C04258,Unemployed,20900,2026-09-10,
4259,C04259,Self-employed,18000,2026-09-10,
4260,C04260,Unemployed,18100,2026-09-10,
4261,C04261,Permanent employment,30000,2026-09-10,
4262,C04262,Retired,25600,2026-09-10,
4263,C04263,Permanent employment,45500,2026-09-10,
4264,C04264,Self-employed,26300,2026-09-10,
4265,C04265,Permanent employment,41700,2026-09-10,
4266,C04266,Permanent employment,42200,2026-09-10,
4267,C04267,Permanent employment,43200,2026-09-10,
4268,C04268,Temporary/Probation/Freelance,40300,2026-09-10,
4269,C04269,Retired,33900,2026-09-10,
4270,C04270,Retired,18500,2026-09-10,
4271,C04271,Permanent employment,45400,2026-09-10,
4272,C04272,Retired,31000,2026-09-10,
4273,C04273,Permanent employment,35000,2026-09-10,
4274,C04274,Self-employed,55800,2026-09-10,
4275,C04275,Permanent employment,61700,2026-09-10,
4276,C04276,Permanent employment,37000,2026-09-10,
4277,C04277,Permanent employment,48400,2026-09-10,
4278,C04278,Permanent employment,37900,2026-09-10,
4279,C04279,Permanent employment,33600,2026-09-10,
4280,C04280,Permanent employment,41700,2026-09-10,
4281,C04281,Permanent employment,41100,2026-09-10,
4282,C04282,Permanent employment,57200,2026-09-10,
4283,C04283,Permanent employment,33800,2026-09-10,
4284,C04284,Permanent employment,37100,2026-09-10,
4285,C04285,Temporary/Probation/Freelance,22800,2026-09-10,
4286,C04286,Self-employed,37100,2026-09-10,
4287,C04287,Retired,33100,2026-09-10,
4288,C04288,Permanent employment,51700,2026-09-10,
4289,C04289,Permanent employment,42100,2026-09-10,
4290,C04290,Retired,19700,2026-09-10,
4291,C04291,Self-employed,53400,2026-09-10,
4292,C04292,Student,6700,2026-09-10,
4293,C04293,Self-employed,36400,2026-09-10,
4294,C04294,Retired,21100,2026-09-10,
4295,C04295,Permanent employment,43800,2026-09-10,
4296,C04296,Permanent employment,40900,2026-09-10,
4297,C04297,Temporary/Probation/Freelance,16900,2026-09-10,
4298,C04298,Self-employed,72900,2026-09-10,
4299,C04299,Temporary/Probation/Freelance,36600,2026-09-10,
4300,C04300,Self-employed,43400,2026-09-10,
4301,C04301,Permanent employment,32800,2026-09-10,
4302,C04302,Retired,32300,2026-09-10,
4303,C04303,Self-employed,53400,2026-09-10,
4304,C04304,Permanent employment,40500,2026-09-10,
4305,C04305,Retired,27500,2026-09-10,
4306,C04306,Permanent employment,38600,2026-09-10,
4307,C04307,Self-employed,47400,2026-09-10,
4308,C04308,Retired,29900,2026-09-10,
4309,C04309,Retired,27400,2026-09-10,
4310,C04310,Unemployed,17400,2026-09-10,
4311,C04311,Self-employed,78000,2026-09-10,
4312,C04312,Retired,28000,2026-09-10,
4313,C04313,Permanent employment,54500,2026-09-10,
4314,C04314,Self-employed,66500,2026-09-10,
4315,C04315,Retired,22200,2026-09-10,
4316,C04316,Permanent employment,27400,2026-09-10,
4317,C04317,Permanent employment,51400,2026-09-10,
4318,C04318,Student,3500,2026-09-10,
4319,C04319,Unemployed,14600,2026-09-10,
4320,C04320,Permanent employment,50100,2026-09-10,
4321,C04321,Permanent employment,37500,2026-09-10,
4322,C04322,Retired,19500,2026-09-10,
4323,C04323,Permanent employment,35600,2026-09-10,
4324,C04324,Parental leave,42400,2026-09-10,
4325,C04325,Retired,29000,2026-09-10,
4326,C04326,Retired,18800,2026-09-10,
4327,C04327,Permanent employment,22000,2026-09-10,
4328,C04328,Permanent employment,36900,2026-09-10,
4329,C04329,Permanent employment,33600,2026-09-10,
4330,C04330,Retired,20000,2026-09-10,
4331,C04331,Permanent employment,50500,2026-09-10,
4332,C04332,Permanent employment,28100,2026-09-10,
4333,C04333,Permanent employment,52600,2026-09-10,
4334,C04334,Student,1000,2026-09-10,
4335,C04335,Permanent employment,44500,2026-09-10,
4336,C04336,Student,6500,2026-09-10,
4337,C04337,Temporary/Probation/Freelance,38000,2026-09-10,
4338,C04338,Retired,34000,2026-09-10,
4339,C04339,Permanent employment,50700,2026-09-10,
4340,C04340,Permanent employment,41100,2026-09-10,
4341,C04341,Permanent employment,43100,2026-09-10,
4342,C04342,Student,16700,2026-09-10,
4343,C04343,Retired,16900,2026-09-10,
4344,C04344,Retired,27000,2026-09-10,
4345,C04345,Permanent employment,52600,2026-09-10,
4346,C04346,Permanent employment,51400,2026-09-10,
4347,C04347,Retired,27600,2026-09-10,
4348,C04348,Permanent employment,48500,2026-09-10,
4349,C04349,Retired,30100,2026-09-10,
4350,C04350,Permanent employment,42100,2026-09-10,
4351,C04351,Permanent employment,53000,2026-09-10,
4352,C04352,Self-employed,82000,2026-09-10,
4353,C04353,Permanent employment,32100,2026-09-10,
4354,C04354,Retired,21100,2026-09-10,
4355,C04355,Permanent employment,37200,2026-09-10,
4356,C04356,Permanent employment,40400,2026-09-10,
4357,C04357,Temporary/Probation/Freelance,31000,2026-09-10,
4358,C04358,Retired,27200,2026-09-10,
4359,C04359,Unemployed,13300,2026-09-10,
4360,C04360,Unemployed,16500,2026-09-10,
4361,C04361,Student,6300,2026-09-10,
4362,C04362,Permanent employment,42200,2026-09-10,
4363,C04363,Permanent employment,47500,2026-09-10,
4364,C04364,Permanent employment,42700,2026-09-10,
4365,C04365,Permanent employment,29000,2026-09-10,
4366,C04366,Permanent employment,58600,2026-09-10,
4367,C04367,Self-employed,61900,2026-09-10,
4368,C04368,Self-employed,47900,2026-09-10,
4369,C04369,Self-employed,61100,2026-09-10,
4370,C04370,Permanent employment,40900,2026-09-10,
4371,C04371,Permanent employment,26900,2026-09-10,
4372,C04372,Unemployed,14600,2026-09-10,
4373,C04373,Student,6400,2026-09-10,
4374,C04374,Permanent employment,45800,2026-09-10,
4375,C04375,Permanent employment,47800,2026-09-10,
4376,C04376,Student,14800,2026-09-10,
4377,C04377,Permanent employment,38100,2026-09-10,
4378,C04378,Self-employed,27900,2026-09-10,
4379,C04379,Permanent employment,34700,2026-09-10,
4380,C04380,Permanent employment,55200,2026-09-10,
4381,C04381,Permanent employment,27500,2026-09-10,
4382,C04382,Student,12700,2026-09-10,
4383,C04383,Permanent employment,44600,2026-09-10,
4384,C04384,Permanent employment,42200,2026-09-10,
4385,C04385,Permanent employment,43900,2026-09-10,
4386,C04386,Parental leave,34800,2026-09-10,
4387,C04387,Retired,28600,2026-09-10,
4388,C04388,Self-employed,23200,2026-09-10,
4389,C04389,Permanent employment,40300,2026-09-10,
4390,C04390,Temporary/Probation/Freelance,43000,2026-09-10,
4391,C04391,Self-employed,50500,2026-09-10,
4392,C04392,Permanent employment,52900,2026-09-10,
4393,C04393,Retired,36100,2026-09-10,
4394,C04394,Student,10800,2026-09-10,
4395,C04395,Retired,23500,2026-09-10,
4396,C04396,Permanent employment,46000,2026-09-10,
4397,C04397,Parental leave,37700,2026-09-10,
4398,C04398,Student,9200,2026-09-10,
4399,C04399,Permanent employment,30000,2026-09-10,
4400,C04400,Permanent employment,40500,2026-09-10,
4401,C04401,Permanent employment,44500,2026-09-10,
4402,C04402,Permanent employment,47800,2026-09-10,
4403,C04403,Temporary/Probation/Freelance,33500,2026-09-10,
4404,C04404,Self-employed,44300,2026-09-10,
4405,C04405,Retired,22300,2026-09-10,
4406,C04406,Permanent employment,51900,2026-09-10,
4407,C04407,Retired,12000,2026-09-10,
4408,C04408,Permanent employment,38600,2026-09-10,
4409,C04409,Permanent employment,38100,2026-09-10,
4410,C04410,Permanent employment,44800,2026-09-10,
4411,C04411,Unemployed,15100,2026-09-10,
4412,C04412,Student,12500,2026-09-10,
4413,C04413,Permanent employment,44000,2026-09-10,
4414,C04414,Permanent employment,52700,2026-09-10,
4415,C04415,Permanent employment,45700,2026-09-10,
4416,C04416,Permanent employment,37600,2026-09-10,
4417,C04417,Permanent employment,52200,2026-09-10,
4418,C04418,Permanent employment,32400,2026-09-10,
4419,C04419,Permanent employment,38300,2026-09-10,
4420,C04420,Permanent employment,43100,2026-09-10,
4421,C04421,Permanent employment,34100,2026-09-10,
4422,C04422,Retired,30400,2026-09-10,
4423,C04423,Permanent employment,36200,2026-09-10,
4424,C04424,Permanent employment,42100,2026-09-10,
4425,C04425,Temporary/Probation/Freelance,33400,2026-09-10,
4426,C04426,Permanent employment,37500,2026-09-10,
4427,C04427,Permanent employment,41700,2026-09-10,
4428,C04428,Permanent employment,45200,2026-09-10,
4429,C04429,Permanent employment,36600,2026-09-10,
4430,C04430,Retired,26700,2026-09-10,
4431,C04431,Permanent employment,37400,2026-09-10,
4432,C04432,Permanent employment,65000,2026-09-10,
4433,C04433,Temporary/Probation/Freelance,30000,2026-09-10,
4434,C04434,Retired,26200,2026-09-10,
4435,C04435,Student,8700,2026-09-10,
4436,C04436,Permanent employment,40400,2026-09-10,
4437,C04437,Permanent employment,51800,2026-09-10,
4438,C04438,Permanent employment,26200,2026-09-10,
4439,C04439,Permanent employment,30200,2026-09-10,
4440,C04440,Permanent employment,40200,2026-09-10,
4441,C04441,Permanent employment,40400,2026-09-10,
4442,C04442,Retired,29800,2026-09-10,
4443,C04443,Permanent employment,34400,2026-09-10,
4444,C04444,Permanent employment,33300,2026-09-10,
4445,C04445,Permanent employment,44500,2026-09-10,
4446,C04446,Retired,22000,2026-09-10,
4447,C04447,Permanent employment,30400,2026-09-10,
4448,C04448,Retired,29400,2026-09-10,
4449,C04449,Parental leave,32100,2026-09-10,
4450,C04450,Permanent employment,36100,2026-09-10,
4451,C04451,Permanent employment,34300,2026-09-10,
4452,C04452,Permanent employment,47500,2026-09-10,
4453,C04453,Permanent employment,36300,2026-09-10,
4454,C04454,Retired,17200,2026-09-10,
4455,C04455,Permanent employment,42200,2026-09-10,
4456,C04456,Temporary/Probation/Freelance,30400,2026-09-10,
4457,C04457,Permanent employment,46500,2026-09-10,
4458,C04458,Unemployed,18200,2026-09-10,
4459,C04459,Permanent employment,41800,2026-09-10,
4460,C04460,Permanent employment,49100,2026-09-10,
4461,C04461,Permanent employment,43800,2026-09-10,
4462,C04462,Permanent employment,53200,2026-09-10,
4463,C04463,Retired,18000,2026-09-10,
4464,C04464,Permanent employment,41700,2026-09-10,
4465,C04465,Permanent employment,37200,2026-09-10,
4466,C04466,Permanent employment,38700,2026-09-10,
4467,C04467,Permanent employment,34800,2026-09-10,
4468,C04468,Permanent employment,23300,2026-09-10,
4469,C04469,Retired,30800,2026-09-10,
4470,C04470,Permanent employment,36900,2026-09-10,
4471,C04471,Permanent employment,39800,2026-09-10,
4472,C04472,Retired,17100,2026-09-10,
4473,C04473,Permanent employment,44600,2026-09-10,
4474,C04474,Permanent employment,46900,2026-09-10,
4475,C04475,Self-employed,54900,2026-09-10,
4476,C04476,Permanent employment,46200,2026-09-10,
4477,C04477,Parental leave,31000,2026-09-10,
4478,C04478,Temporary/Probation/Freelance,32700,2026-09-10,
4479,C04479,Permanent employment,51600,2026-09-10,
4480,C04480,Permanent employment,37000,2026-09-10,
4481,C04481,Self-employed,34700,2026-09-10,
4482,C04482,Permanent employment,37600,2026-09-10,
4483,C04483,Self-employed,55800,2026-09-10,
4484,C04484,Permanent employment,48100,2026-09-10,
4485,C04485,Self-employed,57900,2026-09-10,
4486,C04486,Permanent employment,25100,2026-09-10,
4487,C04487,Temporary/Probation/Freelance,26500,2026-09-10,
4488,C04488,Permanent employment,28300,2026-09-10,
4489,C04489,Permanent employment,56700,2026-09-10,
4490,C04490,Permanent employment,45900,2026-09-10,
4491,C04491,Permanent employment,39300,2026-09-10,
4492,C04492,Permanent employment,42100,2026-09-10,
4493,C04493,Self-employed,44700,2026-09-10,
4494,C04494,Retired,37700,2026-09-10,
4495,C04495,Permanent employment,41700,2026-09-10,
4496,C04496,Permanent employment,46300,2026-09-10,
4497,C04497,Permanent employment,40800,2026-09-10,
4498,C04498,Permanent employment,52800,2026-09-10,
4499,C04499,Permanent employment,56000,2026-09-10,
4500,C04500,Self-employed,18000,2026-09-10,
4501,C04501,Unemployed,17400,2026-09-10,
4502,C04502,Permanent employment,48100,2026-09-10,
4503,C04503,Permanent employment,39600,2026-09-10,
4504,C04504,Student,5000,2026-09-10,
4505,C04505,Permanent employment,30800,2026-09-10,
4506,C04506,Self-employed,56600,2026-09-10,
4507,C04507,Permanent employment,33500,2026-09-10,
4508,C04508,Student,11500,2026-09-10,
4509,C04509,Permanent employment,37400,2026-09-10,
4510,C04510,Retired,15500,2026-09-10,
4511,C04511,Permanent employment,38400,2026-09-10,
4512,C04512,Parental leave,37500,2026-09-10,
4513,C04513,Permanent employment,32600,2026-09-10,
4514,C04514,Unemployed,13800,2026-09-10,
4515,C04515,Permanent employment,45700,2026-09-10,
4516,C04516,Permanent employment,44400,2026-09-10,
4517,C04517,Unemployed,15200,2026-09-10,
4518,C04518,Retired,24000,2026-09-10,
4519,C04519,Unemployed,7000,2026-09-10,
4520,C04520,Permanent employment,39100,2026-09-10,
4521,C04521,Retired,26700,2026-09-10,
4522,C04522,Permanent employment,43500,2026-09-10,
4523,C04523,Retired,16900,2026-09-10,
4524,C04524,Permanent employment,42400,2026-09-10,
4525,C04525,Retired,30000,2026-09-10,
4526,C04526,Self-employed,21000,2026-09-10,
4527,C04527,Temporary/Probation/Freelance,23300,2026-09-10,
4528,C04528,Retired,23300,2026-09-10,
4529,C04529,Permanent employment,33700,2026-09-10,
4530,C04530,Parental leave,24200,2026-09-10,
4531,C04531,Permanent employment,43100,2026-09-10,
4532,C04532,Permanent employment,22000,2026-09-10,
4533,C04533,Permanent employment,36300,2026-09-10,
4534,C04534,Temporary/Probation/Freelance,19500,2026-09-10,
4535,C04535,Unemployed,18700,2026-09-10,
4536,C04536,Permanent employment,41100,2026-09-10,
4537,C04537,Permanent employment,50200,2026-09-10,
4538,C04538,Permanent employment,47700,2026-09-10,
4539,C04539,Permanent employment,32500,2026-09-10,
4540,C04540,Permanent employment,40500,2026-09-10,
4541,C04541,Permanent employment,49900,2026-09-10,
4542,C04542,Self-employed,45900,2026-09-10,
4543,C04543,Permanent employment,35500,2026-09-10,
4544,C04544,Permanent employment,47700,2026-09-10,
4545,C04545,Permanent employment,48400,2026-09-10,
4546,C04546,Retired,21300,2026-09-10,
4547,C04547,Permanent employment,22000,2026-09-10,
4548,C04548,Self-employed,29000,2026-09-10,
4549,C04549,Permanent employment,33900,2026-09-10,
4550,C04550,Self-employed,44600,2026-09-10,
4551,C04551,Retired,32100,2026-09-10,
4552,C04552,Permanent employment,33400,2026-09-10,
4553,C04553,Student,7500,2026-09-10,
4554,C04554,Retired,25700,2026-09-10,
4555,C04555,Permanent employment,44900,2026-09-10,
4556,C04556,Permanent employment,48600,2026-09-10,
4557,C04557,Unemployed,16300,2026-09-10,
4558,C04558,Unemployed,19200,2026-09-10,
4559,C04559,Retired,22900,2026-09-10,
4560,C04560,Retired,12000,2026-09-10,
4561,C04561,Permanent employment,33700,2026-09-10,
4562,C04562,Permanent employment,45100,2026-09-10,
4563,C04563,Retired,22000,2026-09-10,
4564,C04564,Temporary/Probation/Freelance,35800,2026-09-10,
4565,C04565,Permanent employment,45300,2026-09-10,
4566,C04566,Retired,24200,2026-09-10,
4567,C04567,Permanent employment,29300,2026-09-10,
4568,C04568,Parental leave,33400,2026-09-10,
4569,C04569,Permanent employment,40000,2026-09-10,
4570,C04570,Retired,28300,2026-09-10,
4571,C04571,Permanent employment,39900,2026-09-10,
4572,C04572,Permanent employment,63900,2026-09-10,
4573,C04573,Permanent employment,25800,2026-09-10,
4574,C04574,Retired,24600,2026-09-10,
4575,C04575,Student,13600,2026-09-10,
4576,C04576,Permanent employment,50800,2026-09-10,
4577,C04577,Permanent employment,45100,2026-09-10,
4578,C04578,Permanent employment,42300,2026-09-10,
4579,C04579,Permanent employment,49300,2026-09-10,
4580,C04580,Permanent employment,43800,2026-09-10,
4581,C04581,Retired,25500,2026-09-10,
4582,C04582,Permanent employment,49500,2026-09-10,
4583,C04583,Self-employed,45400,2026-09-10,
4584,C04584,Permanent employment,52300,2026-09-10,
4585,C04585,Permanent employment,50000,2026-09-10,
4586,C04586,Retired,21800,2026-09-10,
4587,C04587,Permanent employment,40000,2026-09-10,
4588,C04588,Permanent employment,43400,2026-09-10,
4589,C04589,Self-employed,46500,2026-09-10,
4590,C04590,Self-employed,34300,2026-09-10,
4591,C04591,Permanent employment,41600,2026-09-10,
4592,C04592,Self-employed,56700,2026-09-10,
4593,C04593,Permanent employment,41700,2026-09-10,
4594,C04594,Unemployed,19800,2026-09-10,
4595,C04595,Permanent employment,38000,2026-09-10,
4596,C04596,Permanent employment,39500,2026-09-10,
4597,C04597,Permanent employment,36500,2026-09-10,
4598,C04598,Permanent employment,29500,2026-09-10,
4599,C04599,Permanent employment,39400,2026-09-10,
4600,C04600,Temporary/Probation/Freelance,25900,2026-09-10,
4601,C04601,Student,7900,2026-09-10,
4602,C04602,Permanent employment,27800,2026-09-10,
4603,C04603,Retired,15500,2026-09-10,
4604,C04604,Permanent employment,46300,2026-09-10,
4605,C04605,Permanent employment,38100,2026-09-10,
4606,C04606,Retired,31200,2026-09-10,
4607,C04607,Self-employed,40700,2026-09-10,
4608,C04608,Permanent employment,42100,2026-09-10,
4609,C04609,Retired,21300,2026-09-10,
4610,C04610,Permanent employment,51400,2026-09-10,
4611,C04611,Parental leave,16000,2026-09-10,
4612,C04612,Permanent employment,30700,2026-09-10,
4613,C04613,Permanent employment,55700,2026-09-10,
4614,C04614,Permanent employment,27800,2026-09-10,
4615,C04615,Permanent employment,43300,2026-09-10,
4616,C04616,Unemployed,15600,2026-09-10,
4617,C04617,Retired,13900,2026-09-10,
4618,C04618,Retired,26300,2026-09-10,
4619,C04619,Permanent employment,47400,2026-09-10,
4620,C04620,Retired,23300,2026-09-10,
4621,C04621,Retired,31900,2026-09-10,
4622,C04622,Permanent employment,50000,2026-09-10,
4623,C04623,Temporary/Probation/Freelance,36500,2026-09-10,
4624,C04624,Permanent employment,52800,2026-09-10,
4625,C04625,Retired,18200,2026-09-10,
4626,C04626,Unemployed,11900,2026-09-10,
4627,C04627,Permanent employment,40400,2026-09-10,
4628,C04628,Permanent employment,41400,2026-09-10,
4629,C04629,Temporary/Probation/Freelance,26100,2026-09-10,
4630,C04630,Temporary/Probation/Freelance,28900,2026-09-10,
4631,C04631,Permanent employment,35300,2026-09-10,
4632,C04632,Permanent employment,37400,2026-09-10,
4633,C04633,Permanent employment,48600,2026-09-10,
4634,C04634,Temporary/Probation/Freelance,23000,2026-09-10,
4635,C04635,Temporary/Probation/Freelance,42600,2026-09-10,
4636,C04636,Retired,29500,2026-09-10,
4637,C04637,Permanent employment,36800,2026-09-10,
4638,C04638,Permanent employment,42900,2026-09-10,
4639,C04639,Self-employed,19500,2026-09-10,
4640,C04640,Retired,32800,2026-09-10,
4641,C04641,Retired,23900,2026-09-10,
4642,C04642,Permanent employment,44800,2026-09-10,
4643,C04643,Retired,25400,2026-09-10,
4644,C04644,Permanent employment,36800,2026-09-10,
4645,C04645,Permanent employment,38400,2026-09-10,
4646,C04646,Permanent employment,42300,2026-09-10,
4647,C04647,Unemployed,19000,2026-09-10,
4648,C04648,Permanent employment,34100,2026-09-10,
4649,C04649,Retired,33700,2026-09-10,
4650,C04650,Permanent employment,34700,2026-09-10,
4651,C04651,Permanent employment,31300,2026-09-10,
4652,C04652,Permanent employment,56700,2026-09-10,
4653,C04653,Permanent employment,49000,2026-09-10,
4654,C04654,Retired,26400,2026-09-10,
4655,C04655,Permanent employment,49600,2026-09-10,
4656,C04656,Parental leave,36000,2026-09-10,
4657,C04657,Retired,18000,2026-09-10,
4658,C04658,Permanent employment,48500,2026-09-10,
4659,C04659,Permanent employment,39800,2026-09-10,
4660,C04660,Permanent employment,27800,2026-09-10,
4661,C04661,Permanent employment,46700,2026-09-10,
4662,C04662,Permanent employment,38100,2026-09-10,
4663,C04663,Self-employed,47000,2026-09-10,
4664,C04664,Retired,30800,2026-09-10,
4665,C04665,Retired,17400,2026-09-10,
4666,C04666,Permanent employment,42200,2026-09-10,
4667,C04667,Parental leave,27400,2026-09-10,
4668,C04668,Retired,31900,2026-09-10,
4669,C04669,Unemployed,11800,2026-09-10,
4670,C04670,Self-employed,48900,2026-09-10,
4671,C04671,Self-employed,56400,2026-09-10,
4672,C04672,Retired,29200,2026-09-10,
4673,C04673,Temporary/Probation/Freelance,22200,2026-09-10,
4674,C04674,Permanent employment,36200,2026-09-10,
4675,C04675,Permanent employment,56200,2026-09-10,
4676,C04676,Retired,23800,2026-09-10,
4677,C04677,Student,15200,2026-09-10,
4678,C04678,Self-employed,82000,2026-09-10,
4679,C04679,Temporary/Probation/Freelance,29500,2026-09-10,
4680,C04680,Permanent employment,48800,2026-09-10,
4681,C04681,Permanent employment,51700,2026-09-10,
4682,C04682,Permanent employment,28500,2026-09-10,
4683,C04683,Retired,26700,2026-09-10,
4684,C04684,Permanent employment,55500,2026-09-10,
4685,C04685,Permanent employment,32000,2026-09-10,
4686,C04686,Permanent employment,44200,2026-09-10,
4687,C04687,Parental leave,30700,2026-09-10,
4688,C04688,Temporary/Probation/Freelance,29200,2026-09-10,
4689,C04689,Permanent employment,43600,2026-09-10,
4690,C04690,Retired,16100,2026-09-10,
4691,C04691,Permanent employment,47700,2026-09-10,
4692,C04692,Permanent employment,39800,2026-09-10,
4693,C04693,Permanent employment,40000,2026-09-10,
4694,C04694,Permanent employment,31800,2026-09-10,
4695,C04695,Permanent employment,35000,2026-09-10,
4696,C04696,Self-employed,71600,2026-09-10,
4697,C04697,Permanent employment,45500,2026-09-10,
4698,C04698,Permanent employment,50200,2026-09-10,
4699,C04699,Permanent employment,31800,2026-09-10,
4700,C04700,Permanent employment,29400,2026-09-10,
4701,C04701,Permanent employment,33400,2026-09-10,
4702,C04702,Permanent employment,22000,2026-09-10,
4703,C04703,Self-employed,32400,2026-09-10,
4704,C04704,Temporary/Probation/Freelance,39200,2026-09-10,
4705,C04705,Permanent employment,44300,2026-09-10,
4706,C04706,Self-employed,71100,2026-09-10,
4707,C04707,Permanent employment,47000,2026-09-10,
4708,C04708,Permanent employment,45500,2026-09-10,
4709,C04709,Retired,22200,2026-09-10,
4710,C04710,Permanent employment,33300,2026-09-10,
4711,C04711,Permanent employment,37900,2026-09-10,
4712,C04712,Permanent employment,53600,2026-09-10,
4713,C04713,Student,10900,2026-09-10,
4714,C04714,Unemployed,8500,2026-09-10,
4715,C04715,Permanent employment,49500,2026-09-10,
4716,C04716,Permanent employment,34100,2026-09-10,
4717,C04717,Permanent employment,48200,2026-09-10,
4718,C04718,Retired,22100,2026-09-10,
4719,C04719,Permanent employment,49800,2026-09-10,
4720,C04720,Permanent employment,41200,2026-09-10,
4721,C04721,Permanent employment,50100,2026-09-10,
4722,C04722,Student,2300,2026-09-10,
4723,C04723,Permanent employment,40300,2026-09-10,
4724,C04724,Permanent employment,41900,2026-09-10,
4725,C04725,Unemployed,15500,2026-09-10,
4726,C04726,Student,8500,2026-09-10,
4727,C04727,Retired,17600,2026-09-10,
4728,C04728,Permanent employment,42300,2026-09-10,
4729,C04729,Permanent employment,51700,2026-09-10,
4730,C04730,Self-employed,34100,2026-09-10,
4731,C04731,Permanent employment,39400,2026-09-10,
4732,C04732,Temporary/Probation/Freelance,24600,2026-09-10,
4733,C04733,Permanent employment,29200,2026-09-10,
4734,C04734,Retired,24400,2026-09-10,
4735,C04735,Permanent employment,72200,2026-09-10,
4736,C04736,Permanent employment,28600,2026-09-10,
4737,C04737,Permanent employment,51700,2026-09-10,
4738,C04738,Parental leave,16000,2026-09-10,
4739,C04739,Permanent employment,44600,2026-09-10,
4740,C04740,Permanent employment,35300,2026-09-10,
4741,C04741,Temporary/Probation/Freelance,33500,2026-09-10,
4742,C04742,Permanent employment,34100,2026-09-10,
4743,C04743,Permanent employment,25900,2026-09-10,
4744,C04744,Retired,16000,2026-09-10,
4745,C04745,Temporary/Probation/Freelance,15000,2026-09-10,
4746,C04746,Student,8500,2026-09-10,
4747,C04747,Permanent employment,33000,2026-09-10,
4748,C04748,Student,7900,2026-09-10,
4749,C04749,Unemployed,12600,2026-09-10,
4750,C04750,Permanent employment,37100,2026-09-10,
4751,C04751,Permanent employment,45800,2026-09-10,
4752,C04752,Permanent employment,43500,2026-09-10,
4753,C04753,Permanent employment,48800,2026-09-10,
4754,C04754,Permanent employment,61700,2026-09-10,
4755,C04755,Retired,25500,2026-09-10,
4756,C04756,Retired,31600,2026-09-10,
4757,C04757,Student,10600,2026-09-10,
4758,C04758,Permanent employment,46300,2026-09-10,
4759,C04759,Permanent employment,42700,2026-09-10,
4760,C04760,Retired,23200,2026-09-10,
4761,C04761,Permanent employment,39400,2026-09-10,
4762,C04762,Retired,33800,2026-09-10,
4763,C04763,Permanent employment,49800,2026-09-10,
4764,C04764,Permanent employment,39800,2026-09-10,
4765,C04765,Permanent employment,37800,2026-09-10,
4766,C04766,Retired,22700,2026-09-10,
4767,C04767,Retired,30700,2026-09-10,
4768,C04768,Permanent employment,55100,2026-09-10,
4769,C04769,Self-employed,46400,2026-09-10,
4770,C04770,Self-employed,67100,2026-09-10,
4771,C04771,Temporary/Probation/Freelance,31400,2026-09-10,
4772,C04772,Temporary/Probation/Freelance,40200,2026-09-10,
4773,C04773,Permanent employment,23400,2026-09-10,
4774,C04774,Retired,17900,2026-09-10,
4775,C04775,Permanent employment,47200,2026-09-10,
4776,C04776,Retired,15400,2026-09-10,
4777,C04777,Permanent employment,33000,2026-09-10,
4778,C04778,Permanent employment,45300,2026-09-10,
4779,C04779,Permanent employment,26800,2026-09-10,
4780,C04780,Parental leave,19200,2026-09-10,
4781,C04781,Permanent employment,32300,2026-09-10,
4782,C04782,Self-employed,24400,2026-09-10,
4783,C04783,Unemployed,12200,2026-09-10,
4784,C04784,Permanent employment,49400,2026-09-10,
4785,C04785,Unemployed,13700,2026-09-10,
4786,C04786,Permanent employment,42000,2026-09-10,
4787,C04787,Retired,13300,2026-09-10,
4788,C04788,Retired,34400,2026-09-10,
4789,C04789,Unemployed,17200,2026-09-10,
4790,C04790,Permanent employment,40500,2026-09-10,
4791,C04791,Parental leave,24600,2026-09-10,
4792,C04792,Unemployed,11800,2026-09-10,
4793,C04793,Temporary/Probation/Freelance,22200,2026-09-10,
4794,C04794,Permanent employment,42900,2026-09-10,
4795,C04795,Permanent employment,52800,2026-09-10,
4796,C04796,Permanent employment,52100,2026-09-10,
4797,C04797,Permanent employment,45100,2026-09-10,
4798,C04798,Retired,14800,2026-09-10,
4799,C04799,Permanent employment,30700,2026-09-10,
4800,C04800,Unemployed,17800,2026-09-10,
4801,C04801,Parental leave,32700,2026-09-10,
4802,C04802,Student,7800,2026-09-10,
4803,C04803,Permanent employment,48000,2026-09-10,
4804,C04804,Permanent employment,41500,2026-09-10,
4805,C04805,Retired,13200,2026-09-10,
4806,C04806,Permanent employment,29200,2026-09-10,
4807,C04807,Temporary/Probation/Freelance,29900,2026-09-10,
4808,C04808,Retired,12000,2026-09-10,
4809,C04809,Permanent employment,45700,2026-09-10,
4810,C04810,Retired,27500,2026-09-10,
4811,C04811,Permanent employment,35400,2026-09-10,
4812,C04812,Permanent employment,34400,2026-09-10,
4813,C04813,Student,5300,2026-09-10,
4814,C04814,Permanent employment,23800,2026-09-10,
4815,C04815,Retired,33700,2026-09-10,
4816,C04816,Retired,25300,2026-09-10,
4817,C04817,Permanent employment,41700,2026-09-10,
4818,C04818,Retired,36700,2026-09-10,
4819,C04819,Retired,17300,2026-09-10,
4820,C04820,Permanent employment,36600,2026-09-10,
4821,C04821,Permanent employment,40100,2026-09-10,
4822,C04822,Permanent employment,59600,2026-09-10,
4823,C04823,Permanent employment,43000,2026-09-10,
4824,C04824,Permanent employment,46300,2026-09-10,
4825,C04825,Permanent employment,56300,2026-09-10,
4826,C04826,Self-employed,64500,2026-09-10,
4827,C04827,Permanent employment,31600,2026-09-10,
4828,C04828,Permanent employment,35800,2026-09-10,
4829,C04829,Permanent employment,44500,2026-09-10,
4830,C04830,Self-employed,47900,2026-09-10,
4831,C04831,Retired,26100,2026-09-10,
4832,C04832,Unemployed,10400,2026-09-10,
4833,C04833,Permanent employment,53700,2026-09-10,
4834,C04834,Self-employed,53000,2026-09-10,
4835,C04835,Unemployed,16600,2026-09-10,
4836,C04836,Self-employed,69700,2026-09-10,
4837,C04837,Permanent employment,46900,2026-09-10,
4838,C04838,Permanent employment,43500,2026-09-10,
4839,C04839,Student,8200,2026-09-10,
4840,C04840,Permanent employment,43400,2026-09-10,
4841,C04841,Self-employed,42100,2026-09-10,
4842,C04842,Retired,12000,2026-09-10,
4843,C04843,Self-employed,33800,2026-09-10,
4844,C04844,Unemployed,9600,2026-09-10,
4845,C04845,Permanent employment,23800,2026-09-10,
4846,C04846,Permanent employment,46100,2026-09-10,
4847,C04847,Permanent employment,46100,2026-09-10,
4848,C04848,Unemployed,10600,2026-09-10,
4849,C04849,Permanent employment,41000,2026-09-10,
4850,C04850,Permanent employment,42000,2026-09-10,
4851,C04851,Permanent employment,40900,2026-09-10,
4852,C04852,Permanent employment,44000,2026-09-10,
4853,C04853,Permanent employment,41300,2026-09-10,
4854,C04854,Self-employed,55800,2026-09-10,
4855,C04855,Permanent employment,42900,2026-09-10,
4856,C04856,Permanent employment,35700,2026-09-10,
4857,C04857,Permanent employment,34700,2026-09-10,
4858,C04858,Self-employed,29900,2026-09-10,
4859,C04859,Permanent employment,47200,2026-09-10,
4860,C04860,Retired,27900,2026-09-10,
4861,C04861,Permanent employment,43000,2026-09-10,
4862,C04862,Permanent employment,49600,2026-09-10,
4863,C04863,Student,10100,2026-09-10,
4864,C04864,Permanent employment,47300,2026-09-10,
4865,C04865,Permanent employment,41000,2026-09-10,
4866,C04866,Retired,32300,2026-09-10,
4867,C04867,Permanent employment,46100,2026-09-10,
4868,C04868,Temporary/Probation/Freelance,33100,2026-09-10,
4869,C04869,Self-employed,46200,2026-09-10,
4870,C04870,Permanent employment,43600,2026-09-10,
4871,C04871,Permanent employment,46800,2026-09-10,
4872,C04872,Permanent employment,23600,2026-09-10,
4873,C04873,Permanent employment,41000,2026-09-10,
4874,C04874,Temporary/Probation/Freelance,24300,2026-09-10,
4875,C04875,Permanent employment,43400,2026-09-10,
4876,C04876,Unemployed,11400,2026-09-10,
4877,C04877,Permanent employment,50800,2026-09-10,
4878,C04878,Permanent employment,37500,2026-09-10,
4879,C04879,Permanent employment,42900,2026-09-10,
4880,C04880,Retired,19400,2026-09-10,
4881,C04881,Permanent employment,32800,2026-09-10,
4882,C04882,Temporary/Probation/Freelance,24200,2026-09-10,
4883,C04883,Retired,15200,2026-09-10,
4884,C04884,Permanent employment,34100,2026-09-10,
4885,C04885,Permanent employment,39300,2026-09-10,
4886,C04886,Retired,17500,2026-09-10,
4887,C04887,Permanent employment,45900,2026-09-10,
4888,C04888,Self-employed,54500,2026-09-10,
4889,C04889,Temporary/Probation/Freelance,28900,2026-09-10,
4890,C04890,Permanent employment,34700,2026-09-10,
4891,C04891,Permanent employment,32700,2026-09-10,
4892,C04892,Student,14000,2026-09-10,
4893,C04893,Permanent employment,55800,2026-09-10,
4894,C04894,Self-employed,70400,2026-09-10,
4895,C04895,Unemployed,15200,2026-09-10,
4896,C04896,Permanent employment,40200,2026-09-10,
4897,C04897,Permanent employment,36500,2026-09-10,
4898,C04898,Permanent employment,43300,2026-09-10,
4899,C04899,Permanent employment,32900,2026-09-10,
4900,C04900,Permanent employment,37100,2026-09-10,
4901,C04901,Temporary/Probation/Freelance,15000,2026-09-10,
4902,C04902,Permanent employment,49900,2026-09-10,
4903,C04903,Permanent employment,41900,2026-09-10,
4904,C04904,Self-employed,38200,2026-09-10,
4905,C04905,Retired,32700,2026-09-10,
4906,C04906,Permanent employment,53600,2026-09-10,
4907,C04907,Retired,13500,2026-09-10,
4908,C04908,Permanent employment,42000,2026-09-10,
4909,C04909,Permanent employment,42900,2026-09-10,
4910,C04910,Permanent employment,56300,2026-09-10,
4911,C04911,Retired,20300,2026-09-10,
4912,C04912,Permanent employment,52400,2026-09-10,
4913,C04913,Permanent employment,49800,2026-09-10,
4914,C04914,Student,15800,2026-09-10,
4915,C04915,Permanent employment,32900,2026-09-10,
4916,C04916,Retired,21200,2026-09-10,
4917,C04917,Permanent employment,48700,2026-09-10,
4918,C04918,Permanent employment,52900,2026-09-10,
4919,C04919,Permanent employment,44600,2026-09-10,
4920,C04920,Permanent employment,31700,2026-09-10,
4921,C04921,Permanent employment,51300,2026-09-10,
4922,C04922,Permanent employment,52100,2026-09-10,
4923,C04923,Permanent employment,41200,2026-09-10,
4924,C04924,Retired,29900,2026-09-10,
4925,C04925,Permanent employment,33400,2026-09-10,
4926,C04926,Permanent employment,31800,2026-09-10,
4927,C04927,Permanent employment,51200,2026-09-10,
4928,C04928,Student,9800,2026-09-10,
4929,C04929,Permanent employment,33500,2026-09-10,
4930,C04930,Retired,30200,2026-09-10,
4931,C04931,Parental leave,42700,2026-09-10,
4932,C04932,Permanent employment,28900,2026-09-10,
4933,C04933,Temporary/Probation/Freelance,32400,2026-09-10,
4934,C04934,Permanent employment,46900,2026-09-10,
4935,C04935,Student,4200,2026-09-10,
4936,C04936,Permanent employment,52200,2026-09-10,
4937,C04937,Permanent employment,35400,2026-09-10,
4938,C04938,Permanent employment,45600,2026-09-10,
4939,C04939,Permanent employment,37800,2026-09-10,
4940,C04940,Retired,16700,2026-09-10,
4941,C04941,Self-employed,51700,2026-09-10,
4942,C04942,Permanent employment,40000,2026-09-10,
4943,C04943,Permanent employment,52000,2026-09-10,
4944,C04944,Temporary/Probation/Freelance,30200,2026-09-10,
4945,C04945,Permanent employment,49000,2026-09-10,
4946,C04946,Retired,29500,2026-09-10,
4947,C04947,Permanent employment,51300,2026-09-10,
4948,C04948,Unemployed,12800,2026-09-10,
4949,C04949,Retired,23000,2026-09-10,
4950,C04950,Retired,17700,2026-09-10,
4951,C04951,Unemployed,14600,2026-09-10,
4952,C04952,Permanent employment,24400,2026-09-10,
4953,C04953,Permanent employment,53000,2026-09-10,
4954,C04954,Permanent employment,36600,2026-09-10,
4955,C04955,Permanent employment,42000,2026-09-10,
4956,C04956,Self-employed,54800,2026-09-10,
4957,C04957,Permanent employment,48500,2026-09-10,
4958,C04958,Permanent employment,35000,2026-09-10,
4959,C04959,Permanent employment,33800,2026-09-10,
4960,C04960,Unemployed,12800,2026-09-10,
4961,C04961,Permanent employment,43800,2026-09-10,
4962,C04962,Student,11000,2026-09-10,
4963,C04963,Parental leave,34500,2026-09-10,
4964,C04964,Permanent employment,42000,2026-09-10,
4965,C04965,Permanent employment,45700,2026-09-10,
4966,C04966,Permanent employment,32500,2026-09-10,
4967,C04967,Retired,34400,2026-09-10,
4968,C04968,Self-employed,52400,2026-09-10,
4969,C04969,Retired,21900,2026-09-10,
4970,C04970,Unemployed,18900,2026-09-10,
4971,C04971,Permanent employment,47600,2026-09-10,
4972,C04972,Retired,25400,2026-09-10,
4973,C04973,Permanent employment,45000,2026-09-10,
4974,C04974,Retired,31000,2026-09-10,
4975,C04975,Self-employed,74000,2026-09-10,
4976,C04976,Permanent employment,52000,2026-09-10,
4977,C04977,Parental leave,30200,2026-09-10,
4978,C04978,Permanent employment,47400,2026-09-10,
4979,C04979,Student,8700,2026-09-10,
4980,C04980,Permanent employment,23800,2026-09-10,
4981,C04981,Retired,29600,2026-09-10,
4982,C04982,Self-employed,70900,2026-09-10,
4983,C04983,Unemployed,14000,2026-09-10,
4984,C04984,Retired,35400,2026-09-10,
4985,C04985,Permanent employment,34800,2026-09-10,
4986,C04986,Permanent employment,37400,2026-09-10,
4987,C04987,Temporary/Probation/Freelance,23200,2026-09-10,
4988,C04988,Permanent employment,38900,2026-09-10,
4989,C04989,Permanent employment,42800,2026-09-10,
4990,C04990,Self-employed,76000,2026-09-10,
4991,C04991,Retired,33100,2026-09-10,
4992,C04992,Parental leave,38400,2026-09-10,
4993,C04993,Permanent employment,48100,2026-09-10,
4994,C04994,Retired,21900,2026-09-10,
4995,C04995,Permanent employment,32300,2026-09-10,
4996,C04996,Retired,14000,2026-09-10,
4997,C04997,Permanent employment,48800,2026-09-10,
4998,C04998,Self-employed,18000,2026-09-10,
4999,C04999,Permanent employment,42100,2026-09-10,
5000,C05000,Permanent employment,45000,2026-09-10,
5001,C05001,Parental leave,35100,2026-09-10,
5002,C05002,Permanent employment,48100,2026-09-10,
5003,C05003,Retired,27400,2026-09-10,
5004,C05004,Permanent employment,28500,2026-09-10,
5005,C05005,Retired,22700,2026-09-10,
5006,C05006,Self-employed,33600,2026-09-10,
5007,C05007,Permanent employment,44000,2026-09-10,
5008,C05008,Retired,23000,2026-09-10,
5009,C05009,Permanent employment,39500,2026-09-10,
5010,C05010,Temporary/Probation/Freelance,20500,2026-09-10,
5011,C05011,Permanent employment,38700,2026-09-10,
5012,C05012,Permanent employment,55200,2026-09-10,
5013,C05013,Permanent employment,59900,2026-09-10,
5014,C05014,Permanent employment,52500,2026-09-10,
5015,C05015,Unemployed,6700,2026-09-10,
5016,C05016,Permanent employment,36000,2026-09-10,
5017,C05017,Self-employed,36000,2026-09-10,
5018,C05018,Permanent employment,46100,2026-09-10,
5019,C05019,Permanent employment,54300,2026-09-10,
5020,C05020,Retired,23600,2026-09-10,
5021,C05021,Unemployed,10300,2026-09-10,
5022,C05022,Permanent employment,53100,2026-09-10,
5023,C05023,Retired,26500,2026-09-10,
5024,C05024,Permanent employment,48400,2026-09-10,
5025,C05025,Retired,31000,2026-09-10,
5026,C05026,Permanent employment,42600,2026-09-10,
5027,C05027,Permanent employment,29700,2026-09-10,
5028,C05028,Student,11100,2026-09-10,
5029,C05029,Permanent employment,40600,2026-09-10,
5030,C05030,Permanent employment,38500,2026-09-10,
5031,C05031,Unemployed,19700,2026-09-10,
5032,C05032,Permanent employment,46400,2026-09-10,
5033,C05033,Permanent employment,57900,2026-09-10,
5034,C05034,Permanent employment,47100,2026-09-10,
5035,C05035,Parental leave,28300,2026-09-10,
5036,C05036,Permanent employment,36200,2026-09-10,
5037,C05037,Permanent employment,46600,2026-09-10,
5038,C05038,Retired,17500,2026-09-10,
5039,C05039,Retired,27600,2026-09-10,
5040,C05040,Retired,23100,2026-09-10,
5041,C05041,Permanent employment,42000,2026-09-10,
5042,C05042,Permanent employment,45600,2026-09-10,
5043,C05043,Permanent employment,39600,2026-09-10,
5044,C05044,Temporary/Probation/Freelance,29700,2026-09-10,
5045,C05045,Self-employed,83500,2026-09-10,
5046,C05046,Permanent employment,39600,2026-09-10,
5047,C05047,Permanent employment,52200,2026-09-10,
5048,C05048,Permanent employment,53800,2026-09-10,
5049,C05049,Permanent employment,37200,2026-09-10,
5050,C05050,Permanent employment,45400,2026-09-10,
5051,C05051,Permanent employment,40500,2026-09-10,
5052,C05052,Temporary/Probation/Freelance,31400,2026-09-10,
5053,C05053,Permanent employment,38900,2026-09-10,
5054,C05054,Parental leave,33800,2026-09-10,
5055,C05055,Parental leave,17400,2026-09-10,
5056,C05056,Permanent employment,42300,2026-09-10,
5057,C05057,Permanent employment,42100,2026-09-10,
5058,C05058,Unemployed,11100,2026-09-10,
5059,C05059,Permanent employment,51200,2026-09-10,
5060,C05060,Permanent employment,52200,2026-09-10,
5061,C05061,Retired,31900,2026-09-10,
5062,C05062,Retired,29900,2026-09-10,
5063,C05063,Permanent employment,36600,2026-09-10,
5064,C05064,Parental leave,30900,2026-09-10,
5065,C05065,Permanent employment,50800,2026-09-10,
5066,C05066,Student,0,2026-09-10,
5067,C05067,Permanent employment,56400,2026-09-10,
5068,C05068,Unemployed,9000,2026-09-10,
5069,C05069,Retired,17700,2026-09-10,
5070,C05070,Student,13800,2026-09-10,
5071,C05071,Permanent employment,58600,2026-09-10,
5072,C05072,Permanent employment,36500,2026-09-10,
5073,C05073,Permanent employment,39500,2026-09-10,
5074,C05074,Parental leave,37500,2026-09-10,
5075,C05075,Permanent employment,44200,2026-09-10,
5076,C05076,Temporary/Probation/Freelance,28000,2026-09-10,
5077,C05077,Permanent employment,46500,2026-09-10,
5078,C05078,Parental leave,43100,2026-09-10,
5079,C05079,Permanent employment,50400,2026-09-10,
5080,C05080,Permanent employment,47500,2026-09-10,
5081,C05081,Student,12900,2026-09-10,
5082,C05082,Permanent employment,40900,2026-09-10,
5083,C05083,Retired,30300,2026-09-10,
5084,C05084,Self-employed,33500,2026-09-10,
5085,C05085,Permanent employment,37500,2026-09-10,
5086,C05086,Permanent employment,44900,2026-09-10,
5087,C05087,Permanent employment,36500,2026-09-10,
5088,C05088,Permanent employment,22300,2026-09-10,
5089,C05089,Parental leave,38400,2026-09-10,
5090,C05090,Permanent employment,43000,2026-09-10,
5091,C05091,Student,18800,2026-09-10,
5092,C05092,Permanent employment,33500,2026-09-10,
5093,C05093,Permanent employment,45200,2026-09-10,
5094,C05094,Permanent employment,36600,2026-09-10,
5095,C05095,Self-employed,63100,2026-09-10,
5096,C05096,Permanent employment,36100,2026-09-10,
5097,C05097,Retired,26000,2026-09-10,
5098,C05098,Permanent employment,51500,2026-09-10,
5099,C05099,Permanent employment,44400,2026-09-10,
5100,C05100,Student,12200,2026-09-10,
5101,C05101,Permanent employment,56100,2026-09-10,
5102,C05102,Permanent employment,43400,2026-09-10,
5103,C05103,Permanent employment,47900,2026-09-10,
5104,C05104,Self-employed,63400,2026-09-10,
5105,C05105,Permanent employment,42800,2026-09-10,
5106,C05106,Permanent employment,30400,2026-09-10,
5107,C05107,Permanent employment,50100,2026-09-10,
5108,C05108,Permanent employment,38800,2026-09-10,
5109,C05109,Unemployed,13900,2026-09-10,
5110,C05110,Retired,25100,2026-09-10,
5111,C05111,Retired,15600,2026-09-10,
5112,C05112,Retired,22200,2026-09-10,
5113,C05113,Permanent employment,50000,2026-09-10,
5114,C05114,Permanent employment,43000,2026-09-10,
5115,C05115,Parental leave,26900,2026-09-10,
5116,C05116,Permanent employment,37800,2026-09-10,
5117,C05117,Self-employed,49900,2026-09-10,
5118,C05118,Parental leave,35000,2026-09-10,
5119,C05119,Temporary/Probation/Freelance,38200,2026-09-10,
5120,C05120,Self-employed,35000,2026-09-10,
5121,C05121,Temporary/Probation/Freelance,43000,2026-09-10,
5122,C05122,Retired,24700,2026-09-10,
5123,C05123,Temporary/Probation/Freelance,16900,2026-09-10,
5124,C05124,Permanent employment,45800,2026-09-10,
5125,C05125,Retired,16900,2026-09-10,
5126,C05126,Parental leave,32500,2026-09-10,
5127,C05127,Permanent employment,46900,2026-09-10,
5128,C05128,Permanent employment,27300,2026-09-10,
5129,C05129,Permanent employment,55100,2026-09-10,
5130,C05130,Retired,19400,2026-09-10,
5131,C05131,Permanent employment,32300,2026-09-10,
5132,C05132,Permanent employment,54000,2026-09-10,
5133,C05133,Student,13100,2026-09-10,
5134,C05134,Permanent employment,28200,2026-09-10,
5135,C05135,Retired,24200,2026-09-10,
5136,C05136,Unemployed,13500,2026-09-10,
5137,C05137,Student,2100,2026-09-10,
5138,C05138,Temporary/Probation/Freelance,18800,2026-09-10,
5139,C05139,Permanent employment,49700,2026-09-10,
5140,C05140,Retired,26800,2026-09-10,
5141,C05141,Permanent employment,51400,2026-09-10,
5142,C05142,Permanent employment,46500,2026-09-10,
5143,C05143,Parental leave,16000,2026-09-10,
5144,C05144,Permanent employment,40100,2026-09-10,
5145,C05145,Permanent employment,36900,2026-09-10,
5146,C05146,Permanent employment,42100,2026-09-10,
5147,C05147,Retired,12000,2026-09-10,
5148,C05148,Retired,28100,2026-09-10,
5149,C05149,Permanent employment,47600,2026-09-10,
5150,C05150,Permanent employment,53900,2026-09-10,
5151,C05151,Permanent employment,44300,2026-09-10,
5152,C05152,Permanent employment,42700,2026-09-10,
5153,C05153,Retired,30700,2026-09-10,
5154,C05154,Permanent employment,55000,2026-09-10,
5155,C05155,Permanent employment,35100,2026-09-10,
5156,C05156,Permanent employment,51300,2026-09-10,
5157,C05157,Parental leave,32400,2026-09-10,
5158,C05158,Permanent employment,31700,2026-09-10,
5159,C05159,Parental leave,32800,2026-09-10,
5160,C05160,Parental leave,34400,2026-09-10,
5161,C05161,Permanent employment,33200,2026-09-10,
5162,C05162,Permanent employment,29500,2026-09-10,
5163,C05163,Temporary/Probation/Freelance,30600,2026-09-10,
5164,C05164,Parental leave,30300,2026-09-10,
5165,C05165,Permanent employment,42400,2026-09-10,
5166,C05166,Retired,19700,2026-09-10,
5167,C05167,Permanent employment,30300,2026-09-10,
5168,C05168,Permanent employment,41400,2026-09-10,
5169,C05169,Permanent employment,49000,2026-09-10,
5170,C05170,Permanent employment,53500,2026-09-10,
5171,C05171,Permanent employment,61700,2026-09-10,
5172,C05172,Permanent employment,42400,2026-09-10,
5173,C05173,Student,9200,2026-09-10,
5174,C05174,Student,0,2026-09-10,
5175,C05175,Unemployed,11500,2026-09-10,
5176,C05176,Retired,12800,2026-09-10,
5177,C05177,Retired,21500,2026-09-10,
5178,C05178,Parental leave,38200,2026-09-10,
5179,C05179,Permanent employment,52500,2026-09-10,
5180,C05180,Retired,21600,2026-09-10,
5181,C05181,Permanent employment,41000,2026-09-10,
5182,C05182,Retired,18200,2026-09-10,
5183,C05183,Permanent employment,44000,2026-09-10,
5184,C05184,Retired,21700,2026-09-10,
5185,C05185,Permanent employment,44800,2026-09-10,
5186,C05186,Retired,28600,2026-09-10,
5187,C05187,Permanent employment,48200,2026-09-10,
5188,C05188,Permanent employment,25500,2026-09-10,
5189,C05189,Retired,27800,2026-09-10,
5190,C05190,Permanent employment,45700,2026-09-10,
5191,C05191,Permanent employment,32400,2026-09-10,
5192,C05192,Permanent employment,52700,2026-09-10,
5193,C05193,Retired,25300,2026-09-10,
5194,C05194,Retired,13100,2026-09-10,
5195,C05195,Permanent employment,33900,2026-09-10,
5196,C05196,Retired,22400,2026-09-10,
5197,C05197,Permanent employment,61300,2026-09-10,
5198,C05198,Student,5600,2026-09-10,
5199,C05199,Permanent employment,40200,2026-09-10,
5200,C05200,Permanent employment,46300,2026-09-10,
5201,C05201,Permanent employment,60000,2026-09-10,
5202,C05202,Permanent employment,41400,2026-09-10,
5203,C05203,Permanent employment,39900,2026-09-10,
5204,C05204,Permanent employment,44300,2026-09-10,
5205,C05205,Permanent employment,40700,2026-09-10,
5206,C05206,Temporary/Probation/Freelance,27200,2026-09-10,
5207,C05207,Retired,30600,2026-09-10,
5208,C05208,Permanent employment,41500,2026-09-10,
5209,C05209,Retired,21400,2026-09-10,
5210,C05210,Permanent employment,45000,2026-09-10,
5211,C05211,Retired,13900,2026-09-10,
5212,C05212,Permanent employment,35600,2026-09-10,
5213,C05213,Permanent employment,33300,2026-09-10,
5214,C05214,Unemployed,12000,2026-09-10,
5215,C05215,Permanent employment,42500,2026-09-10,
5216,C05216,Permanent employment,42700,2026-09-10,
5217,C05217,Permanent employment,42300,2026-09-10,
5218,C05218,Permanent employment,45000,2026-09-10,
5219,C05219,Temporary/Probation/Freelance,21100,2026-09-10,
5220,C05220,Student,12000,2026-09-10,
5221,C05221,Permanent employment,41500,2026-09-10,
5222,C05222,Temporary/Probation/Freelance,36100,2026-09-10,
5223,C05223,Permanent employment,37600,2026-09-10,
5224,C05224,Self-employed,34300,2026-09-10,
5225,C05225,Permanent employment,35800,2026-09-10,
5226,C05226,Student,11500,2026-09-10,
5227,C05227,Permanent employment,43700,2026-09-10,
5228,C05228,Retired,34100,2026-09-10,
5229,C05229,Student,17700,2026-09-10,
5230,C05230,Permanent employment,41600,2026-09-10,
5231,C05231,Permanent employment,26500,2026-09-10,
5232,C05232,Unemployed,17500,2026-09-10,
5233,C05233,Permanent employment,39300,2026-09-10,
5234,C05234,Permanent employment,42500,2026-09-10,
5235,C05235,Parental leave,37200,2026-09-10,
5236,C05236,Student,11700,2026-09-10,
5237,C05237,Permanent employment,48900,2026-09-10,
5238,C05238,Permanent employment,50400,2026-09-10,
5239,C05239,Unemployed,13300,2026-09-10,
5240,C05240,Permanent employment,49800,2026-09-10,
5241,C05241,Permanent employment,43700,2026-09-10,
5242,C05242,Permanent employment,48800,2026-09-10,
5243,C05243,Permanent employment,46100,2026-09-10,
5244,C05244,Retired,33400,2026-09-10,
5245,C05245,Retired,14900,2026-09-10,
5246,C05246,Permanent employment,42000,2026-09-10,
5247,C05247,Retired,23300,2026-09-10,
5248,C05248,Retired,24700,2026-09-10,
5249,C05249,Permanent employment,36000,2026-09-10,
5250,C05250,Permanent employment,39800,2026-09-10,
5251,C05251,Temporary/Probation/Freelance,30300,2026-09-10,
5252,C05252,Retired,20100,2026-09-10,
5253,C05253,Permanent employment,31000,2026-09-10,
5254,C05254,Unemployed,12500,2026-09-10,
5255,C05255,Retired,15400,2026-09-10,
5256,C05256,Permanent employment,49200,2026-09-10,
5257,C05257,Permanent employment,32100,2026-09-10,
5258,C05258,Permanent employment,51300,2026-09-10,
5259,C05259,Permanent employment,46500,2026-09-10,
5260,C05260,Retired,16400,2026-09-10,
5261,C05261,Permanent employment,22000,2026-09-10,
5262,C05262,Retired,31900,2026-09-10,
5263,C05263,Permanent employment,42000,2026-09-10,
5264,C05264,Student,0,2026-09-10,
5265,C05265,Retired,34900,2026-09-10,
5266,C05266,Parental leave,33500,2026-09-10,
5267,C05267,Permanent employment,55900,2026-09-10,
5268,C05268,Permanent employment,48000,2026-09-10,
5269,C05269,Unemployed,16700,2026-09-10,
5270,C05270,Permanent employment,41400,2026-09-10,
5271,C05271,Permanent employment,43000,2026-09-10,
5272,C05272,Unemployed,21700,2026-09-10,
5273,C05273,Permanent employment,50800,2026-09-10,
5274,C05274,Permanent employment,40500,2026-09-10,
5275,C05275,Permanent employment,35800,2026-09-10,
5276,C05276,Permanent employment,46000,2026-09-10,
5277,C05277,Permanent employment,38400,2026-09-10,
5278,C05278,Permanent employment,45700,2026-09-10,
5279,C05279,Retired,12000,2026-09-10,
5280,C05280,Permanent employment,30600,2026-09-10,
5281,C05281,Retired,24500,2026-09-10,
5282,C05282,Permanent employment,38700,2026-09-10,
5283,C05283,Permanent employment,39500,2026-09-10,
5284,C05284,Retired,30600,2026-09-10,
5285,C05285,Temporary/Probation/Freelance,25500,2026-09-10,
5286,C05286,Temporary/Probation/Freelance,31900,2026-09-10,
5287,C05287,Retired,23100,2026-09-10,
5288,C05288,Student,24800,2026-09-10,
5289,C05289,Permanent employment,34300,2026-09-10,
5290,C05290,Permanent employment,38100,2026-09-10,
5291,C05291,Permanent employment,41800,2026-09-10,
5292,C05292,Permanent employment,46200,2026-09-10,
5293,C05293,Temporary/Probation/Freelance,26000,2026-09-10,
5294,C05294,Student,13700,2026-09-10,
5295,C05295,Permanent employment,43200,2026-09-10,
5296,C05296,Unemployed,14200,2026-09-10,
5297,C05297,Permanent employment,56200,2026-09-10,
5298,C05298,Permanent employment,32400,2026-09-10,
5299,C05299,Temporary/Probation/Freelance,31100,2026-09-10,
5300,C05300,Temporary/Probation/Freelance,35600,2026-09-10,
5301,C05301,Unemployed,15600,2026-09-10,
5302,C05302,Permanent employment,22000,2026-09-10,
5303,C05303,Self-employed,24500,2026-09-10,
5304,C05304,Permanent employment,44900,2026-09-10,
5305,C05305,Permanent employment,28700,2026-09-10,
5306,C05306,Permanent employment,41300,2026-09-10,
5307,C05307,Permanent employment,36400,2026-09-10,
5308,C05308,Permanent employment,46300,2026-09-10,
5309,C05309,Retired,22800,2026-09-10,
5310,C05310,Retired,26600,2026-09-10,
5311,C05311,Permanent employment,38900,2026-09-10,
5312,C05312,Permanent employment,46900,2026-09-10,
5313,C05313,Retired,23900,2026-09-10,
5314,C05314,Retired,17900,2026-09-10,
5315,C05315,Unemployed,18400,2026-09-10,
5316,C05316,Permanent employment,49900,2026-09-10,
5317,C05317,Permanent employment,40500,2026-09-10,
5318,C05318,Retired,18400,2026-09-10,
5319,C05319,Permanent employment,44500,2026-09-10,
5320,C05320,Permanent employment,33700,2026-09-10,
5321,C05321,Permanent employment,36000,2026-09-10,
5322,C05322,Permanent employment,48400,2026-09-10,
5323,C05323,Permanent employment,57700,2026-09-10,
5324,C05324,Retired,19700,2026-09-10,
5325,C05325,Student,7600,2026-09-10,
5326,C05326,Permanent employment,43500,2026-09-10,
5327,C05327,Parental leave,27200,2026-09-10,
5328,C05328,Unemployed,12300,2026-09-10,
5329,C05329,Permanent employment,40700,2026-09-10,
5330,C05330,Permanent employment,46300,2026-09-10,
5331,C05331,Permanent employment,42900,2026-09-10,
5332,C05332,Permanent employment,46100,2026-09-10,
5333,C05333,Permanent employment,36900,2026-09-10,
5334,C05334,Permanent employment,40700,2026-09-10,
5335,C05335,Retired,15700,2026-09-10,
5336,C05336,Retired,14800,2026-09-10,
5337,C05337,Permanent employment,34500,2026-09-10,
5338,C05338,Permanent employment,49400,2026-09-10,
5339,C05339,Retired,19800,2026-09-10,
5340,C05340,Temporary/Probation/Freelance,33200,2026-09-10,
5341,C05341,Self-employed,32100,2026-09-10,
5342,C05342,Retired,23400,2026-09-10,
5343,C05343,Self-employed,38900,2026-09-10,
5344,C05344,Permanent employment,49000,2026-09-10,
5345,C05345,Retired,20600,2026-09-10,
5346,C05346,Self-employed,60200,2026-09-10,
5347,C05347,Permanent employment,22000,2026-09-10,
5348,C05348,Permanent employment,47500,2026-09-10,
5349,C05349,Permanent employment,50800,2026-09-10,
5350,C05350,Permanent employment,38900,2026-09-10,
5351,C05351,Permanent employment,38800,2026-09-10,
5352,C05352,Retired,32200,2026-09-10,
5353,C05353,Temporary/Probation/Freelance,37400,2026-09-10,
5354,C05354,Permanent employment,43300,2026-09-10,
5355,C05355,Permanent employment,39000,2026-09-10,
5356,C05356,Permanent employment,52500,2026-09-10,
5357,C05357,Unemployed,12100,2026-09-10,
5358,C05358,Permanent employment,45300,2026-09-10,
5359,C05359,Unemployed,11700,2026-09-10,
5360,C05360,Permanent employment,43500,2026-09-10,
5361,C05361,Permanent employment,58300,2026-09-10,
5362,C05362,Permanent employment,37500,2026-09-10,
5363,C05363,Self-employed,70900,2026-09-10,
5364,C05364,Permanent employment,32300,2026-09-10,
5365,C05365,Permanent employment,32900,2026-09-10,
5366,C05366,Retired,28000,2026-09-10,
5367,C05367,Parental leave,25400,2026-09-10,
5368,C05368,Permanent employment,44800,2026-09-10,
5369,C05369,Unemployed,5500,2026-09-10,
5370,C05370,Permanent employment,23800,2026-09-10,
5371,C05371,Permanent employment,45100,2026-09-10,
5372,C05372,Self-employed,36300,2026-09-10,
5373,C05373,Permanent employment,42700,2026-09-10,
5374,C05374,Permanent employment,54700,2026-09-10,
5375,C05375,Permanent employment,48300,2026-09-10,
5376,C05376,Permanent employment,58000,2026-09-10,
5377,C05377,Permanent employment,45500,2026-09-10,
5378,C05378,Permanent employment,55500,2026-09-10,
5379,C05379,Retired,30800,2026-09-10,
5380,C05380,Permanent employment,34500,2026-09-10,
5381,C05381,Permanent employment,36800,2026-09-10,
5382,C05382,Permanent employment,42500,2026-09-10,
5383,C05383,Permanent employment,52500,2026-09-10,
5384,C05384,Temporary/Probation/Freelance,32200,2026-09-10,
5385,C05385,Self-employed,28400,2026-09-10,
5386,C05386,Permanent employment,36000,2026-09-10,
5387,C05387,Permanent employment,36200,2026-09-10,
5388,C05388,Retired,17600,2026-09-10,
5389,C05389,Permanent employment,38400,2026-09-10,
5390,C05390,Retired,15500,2026-09-10,
5391,C05391,Permanent employment,45900,2026-09-10,
5392,C05392,Permanent employment,34300,2026-09-10,
5393,C05393,Retired,26700,2026-09-10,
5394,C05394,Permanent employment,61000,2026-09-10,
5395,C05395,Permanent employment,43600,2026-09-10,
5396,C05396,Permanent employment,45600,2026-09-10,
5397,C05397,Permanent employment,39600,2026-09-10,
5398,C05398,Permanent employment,34700,2026-09-10,
5399,C05399,Unemployed,15700,2026-09-10,
5400,C05400,Retired,26200,2026-09-10,
5401,C05401,Permanent employment,37700,2026-09-10,
5402,C05402,Retired,12100,2026-09-10,
5403,C05403,Permanent employment,56300,2026-09-10,
5404,C05404,Student,11200,2026-09-10,
5405,C05405,Permanent employment,36400,2026-09-10,
5406,C05406,Retired,16900,2026-09-10,
5407,C05407,Permanent employment,37600,2026-09-10,
5408,C05408,Permanent employment,56100,2026-09-10,
5409,C05409,Unemployed,13500,2026-09-10,
5410,C05410,Temporary/Probation/Freelance,29000,2026-09-10,
5411,C05411,Permanent employment,39300,2026-09-10,
5412,C05412,Permanent employment,52200,2026-09-10,
5413,C05413,Unemployed,18300,2026-09-10,
5414,C05414,Student,2400,2026-09-10,
5415,C05415,Permanent employment,29300,2026-09-10,
5416,C05416,Self-employed,41100,2026-09-10,
5417,C05417,Temporary/Probation/Freelance,22400,2026-09-10,
5418,C05418,Permanent employment,40900,2026-09-10,
5419,C05419,Permanent employment,43000,2026-09-10,
5420,C05420,Unemployed,10000,2026-09-10,
5421,C05421,Permanent employment,40000,2026-09-10,
5422,C05422,Permanent employment,46900,2026-09-10,
5423,C05423,Temporary/Probation/Freelance,34100,2026-09-10,
5424,C05424,Parental leave,27200,2026-09-10,
5425,C05425,Permanent employment,30000,2026-09-10,
5426,C05426,Permanent employment,40000,2026-09-10,
5427,C05427,Retired,16500,2026-09-10,
5428,C05428,Permanent employment,36800,2026-09-10,
5429,C05429,Retired,27900,2026-09-10,
5430,C05430,Unemployed,21600,2026-09-10,
5431,C05431,Permanent employment,38700,2026-09-10,
5432,C05432,Permanent employment,38900,2026-09-10,
5433,C05433,Permanent employment,44200,2026-09-10,
5434,C05434,Temporary/Probation/Freelance,41500,2026-09-10,
5435,C05435,Temporary/Probation/Freelance,31800,2026-09-10,
5436,C05436,Retired,21400,2026-09-10,
5437,C05437,Permanent employment,37700,2026-09-10,
5438,C05438,Retired,26300,2026-09-10,
5439,C05439,Student,13700,2026-09-10,
5440,C05440,Retired,35800,2026-09-10,
5441,C05441,Permanent employment,56200,2026-09-10,
5442,C05442,Permanent employment,32700,2026-09-10,
5443,C05443,Permanent employment,27500,2026-09-10,
5444,C05444,Retired,15200,2026-09-10,
5445,C05445,Unemployed,15000,2026-09-10,
5446,C05446,Permanent employment,45900,2026-09-10,
5447,C05447,Self-employed,40600,2026-09-10,
5448,C05448,Permanent employment,38300,2026-09-10,
5449,C05449,Permanent employment,34700,2026-09-10,
5450,C05450,Permanent employment,49100,2026-09-10,
5451,C05451,Permanent employment,41600,2026-09-10,
5452,C05452,Permanent employment,27200,2026-09-10,
5453,C05453,Self-employed,44500,2026-09-10,
5454,C05454,Self-employed,45100,2026-09-10,
5455,C05455,Retired,30100,2026-09-10,
5456,C05456,Permanent employment,29600,2026-09-10,
5457,C05457,Permanent employment,53100,2026-09-10,
5458,C05458,Permanent employment,54200,2026-09-10,
5459,C05459,Retired,24500,2026-09-10,
5460,C05460,Retired,28100,2026-09-10,
5461,C05461,Retired,29600,2026-09-10,
5462,C05462,Permanent employment,33800,2026-09-10,
5463,C05463,Student,3100,2026-09-10,
5464,C05464,Permanent employment,40900,2026-09-10,
5465,C05465,Permanent employment,32700,2026-09-10,
5466,C05466,Permanent employment,48300,2026-09-10,
5467,C05467,Permanent employment,54200,2026-09-10,
5468,C05468,Retired,17900,2026-09-10,
5469,C05469,Retired,20700,2026-09-10,
5470,C05470,Permanent employment,43200,2026-09-10,
5471,C05471,Retired,38300,2026-09-10,
5472,C05472,Permanent employment,41800,2026-09-10,
5473,C05473,Temporary/Probation/Freelance,39000,2026-09-10,
5474,C05474,Unemployed,14100,2026-09-10,
5475,C05475,Temporary/Probation/Freelance,15000,2026-09-10,
5476,C05476,Permanent employment,41500,2026-09-10,
5477,C05477,Permanent employment,51200,2026-09-10,
5478,C05478,Permanent employment,39500,2026-09-10,
5479,C05479,Self-employed,54200,2026-09-10,
5480,C05480,Permanent employment,57100,2026-09-10,
5481,C05481,Retired,27500,2026-09-10,
5482,C05482,Permanent employment,40600,2026-09-10,
5483,C05483,Permanent employment,50000,2026-09-10,
5484,C05484,Unemployed,16000,2026-09-10,
5485,C05485,Unemployed,17900,2026-09-10,
5486,C05486,Self-employed,43300,2026-09-10,
5487,C05487,Permanent employment,32300,2026-09-10,
5488,C05488,Permanent employment,46800,2026-09-10,
5489,C05489,Permanent employment,49000,2026-09-10,
5490,C05490,Retired,20200,2026-09-10,
5491,C05491,Permanent employment,27200,2026-09-10,
5492,C05492,Permanent employment,39800,2026-09-10,
5493,C05493,Self-employed,23800,2026-09-10,
5494,C05494,Permanent employment,43100,2026-09-10,
5495,C05495,Permanent employment,50400,2026-09-10,
5496,C05496,Permanent employment,31000,2026-09-10,
5497,C05497,Permanent employment,47200,2026-09-10,
5498,C05498,Retired,26800,2026-09-10,
5499,C05499,Permanent employment,38500,2026-09-10,
5500,C05500,Permanent employment,45400,2026-09-10,
5501,C05501,Permanent employment,53200,2026-09-10,
5502,C05502,Student,12200,2026-09-10,
5503,C05503,Self-employed,82000,2026-09-10,
5504,C05504,Permanent employment,45600,2026-09-10,
5505,C05505,Permanent employment,52000,2026-09-10,
5506,C05506,Permanent employment,52200,2026-09-10,
5507,C05507,Permanent employment,48600,2026-09-10,
5508,C05508,Permanent employment,57300,2026-09-10,
5509,C05509,Temporary/Probation/Freelance,33700,2026-09-10,
5510,C05510,Permanent employment,55200,2026-09-10,
5511,C05511,Permanent employment,30200,2026-09-10,
5512,C05512,Retired,24300,2026-09-10,
5513,C05513,Retired,41200,2026-09-10,
5514,C05514,Unemployed,6700,2026-09-10,
5515,C05515,Parental leave,25400,2026-09-10,
5516,C05516,Permanent employment,58200,2026-09-10,
5517,C05517,Retired,23100,2026-09-10,
5518,C05518,Unemployed,13600,2026-09-10,
5519,C05519,Permanent employment,44400,2026-09-10,
5520,C05520,Permanent employment,51800,2026-09-10,
5521,C05521,Retired,21300,2026-09-10,
5522,C05522,Parental leave,20200,2026-09-10,
5523,C05523,Retired,17400,2026-09-10,
5524,C05524,Permanent employment,41100,2026-09-10,
5525,C05525,Unemployed,9300,2026-09-10,
5526,C05526,Temporary/Probation/Freelance,23100,2026-09-10,
5527,C05527,Permanent employment,43100,2026-09-10,
5528,C05528,Unemployed,10600,2026-09-10,
5529,C05529,Temporary/Probation/Freelance,44100,2026-09-10,
5530,C05530,Permanent employment,42200,2026-09-10,
5531,C05531,Parental leave,20800,2026-09-10,
5532,C05532,Self-employed,66100,2026-09-10,
5533,C05533,Permanent employment,65600,2026-09-10,
5534,C05534,Retired,21600,2026-09-10,
5535,C05535,Unemployed,15000,2026-09-10,
5536,C05536,Permanent employment,47100,2026-09-10,
5537,C05537,Permanent employment,35400,2026-09-10,
5538,C05538,Retired,37000,2026-09-10,
5539,C05539,Self-employed,18000,2026-09-10,
5540,C05540,Self-employed,42900,2026-09-10,
5541,C05541,Unemployed,10700,2026-09-10,
5542,C05542,Self-employed,24600,2026-09-10,
5543,C05543,Retired,18400,2026-09-10,
5544,C05544,Retired,27500,2026-09-10,
5545,C05545,Permanent employment,49400,2026-09-10,
5546,C05546,Student,13500,2026-09-10,
5547,C05547,Permanent employment,27700,2026-09-10,
5548,C05548,Student,12800,2026-09-10,
5549,C05549,Self-employed,42900,2026-09-10,
5550,C05550,Parental leave,26500,2026-09-10,
5551,C05551,Permanent employment,36500,2026-09-10,
5552,C05552,Permanent employment,56700,2026-09-10,
5553,C05553,Retired,22000,2026-09-10,
5554,C05554,Permanent employment,50300,2026-09-10,
5555,C05555,Retired,31100,2026-09-10,
5556,C05556,Permanent employment,49200,2026-09-10,
5557,C05557,Permanent employment,34800,2026-09-10,
5558,C05558,Temporary/Probation/Freelance,26800,2026-09-10,
5559,C05559,Permanent employment,46900,2026-09-10,
5560,C05560,Permanent employment,39100,2026-09-10,
5561,C05561,Permanent employment,39000,2026-09-10,
5562,C05562,Retired,24600,2026-09-10,
5563,C05563,Permanent employment,39400,2026-09-10,
5564,C05564,Temporary/Probation/Freelance,26500,2026-09-10,
5565,C05565,Self-employed,40100,2026-09-10,
5566,C05566,Permanent employment,26100,2026-09-10,
5567,C05567,Self-employed,40400,2026-09-10,
5568,C05568,Permanent employment,40000,2026-09-10,
5569,C05569,Retired,38200,2026-09-10,
5570,C05570,Permanent employment,55400,2026-09-10,
5571,C05571,Retired,20900,2026-09-10,
5572,C05572,Temporary/Probation/Freelance,26300,2026-09-10,
5573,C05573,Retired,22300,2026-09-10,
5574,C05574,Temporary/Probation/Freelance,31900,2026-09-10,
5575,C05575,Retired,23200,2026-09-10,
5576,C05576,Permanent employment,38100,2026-09-10,
5577,C05577,Permanent employment,48500,2026-09-10,
5578,C05578,Retired,17800,2026-09-10,
5579,C05579,Retired,19700,2026-09-10,
5580,C05580,Permanent employment,34900,2026-09-10,
5581,C05581,Student,8000,2026-09-10,
5582,C05582,Permanent employment,45300,2026-09-10,
5583,C05583,Retired,24200,2026-09-10,
5584,C05584,Permanent employment,51800,2026-09-10,
5585,C05585,Parental leave,24800,2026-09-10,
5586,C05586,Student,1800,2026-09-10,
5587,C05587,Permanent employment,45600,2026-09-10,
5588,C05588,Self-employed,41700,2026-09-10,
5589,C05589,Retired,29900,2026-09-10,
5590,C05590,Permanent employment,43600,2026-09-10,
5591,C05591,Self-employed,68000,2026-09-10,
5592,C05592,Permanent employment,44000,2026-09-10,
5593,C05593,Temporary/Probation/Freelance,25900,2026-09-10,
5594,C05594,Retired,28900,2026-09-10,
5595,C05595,Permanent employment,48400,2026-09-10,
5596,C05596,Self-employed,32200,2026-09-10,
5597,C05597,Self-employed,54800,2026-09-10,
5598,C05598,Permanent employment,46100,2026-09-10,
5599,C05599,Retired,23500,2026-09-10,
5600,C05600,Retired,31700,2026-09-10,
5601,C05601,Permanent employment,55200,2026-09-10,
5602,C05602,Self-employed,34600,2026-09-10,
5603,C05603,Permanent employment,41400,2026-09-10,
5604,C05604,Permanent employment,43500,2026-09-10,
5605,C05605,Permanent employment,26900,2026-09-10,
5606,C05606,Permanent employment,44100,2026-09-10,
5607,C05607,Retired,12000,2026-09-10,
5608,C05608,Retired,31400,2026-09-10,
5609,C05609,Unemployed,17200,2026-09-10,
5610,C05610,Permanent employment,31500,2026-09-10,
5611,C05611,Temporary/Probation/Freelance,28500,2026-09-10,
5612,C05612,Permanent employment,45400,2026-09-10,
5613,C05613,Retired,29900,2026-09-10,
5614,C05614,Permanent employment,36200,2026-09-10,
5615,C05615,Self-employed,40600,2026-09-10,
5616,C05616,Retired,26500,2026-09-10,
5617,C05617,Retired,19100,2026-09-10,
5618,C05618,Permanent employment,49600,2026-09-10,
5619,C05619,Permanent employment,45700,2026-09-10,
5620,C05620,Permanent employment,39400,2026-09-10,
5621,C05621,Permanent employment,47400,2026-09-10,
5622,C05622,Retired,23700,2026-09-10,
5623,C05623,Retired,33400,2026-09-10,
5624,C05624,Permanent employment,31800,2026-09-10,
5625,C05625,Permanent employment,38100,2026-09-10,
5626,C05626,Retired,31100,2026-09-10,
5627,C05627,Permanent employment,30600,2026-09-10,
5628,C05628,Permanent employment,42700,2026-09-10,
5629,C05629,Unemployed,15600,2026-09-10,
5630,C05630,Permanent employment,43700,2026-09-10,
5631,C05631,Permanent employment,52200,2026-09-10,
5632,C05632,Permanent employment,34500,2026-09-10,
5633,C05633,Parental leave,30500,2026-09-10,
5634,C05634,Permanent employment,31400,2026-09-10,
5635,C05635,Permanent employment,33000,2026-09-10,
5636,C05636,Student,14000,2026-09-10,
5637,C05637,Permanent employment,39400,2026-09-10,
5638,C05638,Retired,23900,2026-09-10,
5639,C05639,Student,7800,2026-09-10,
5640,C05640,Permanent employment,37000,2026-09-10,
5641,C05641,Permanent employment,32200,2026-09-10,
5642,C05642,Retired,32600,2026-09-10,
5643,C05643,Parental leave,38900,2026-09-10,
5644,C05644,Unemployed,16400,2026-09-10,
5645,C05645,Permanent employment,46600,2026-09-10,
5646,C05646,Temporary/Probation/Freelance,15000,2026-09-10,
5647,C05647,Student,13200,2026-09-10,
5648,C05648,Retired,31000,2026-09-10,
5649,C05649,Self-employed,46800,2026-09-10,
5650,C05650,Permanent employment,40400,2026-09-10,
5651,C05651,Unemployed,19900,2026-09-10,
5652,C05652,Unemployed,10500,2026-09-10,
5653,C05653,Permanent employment,45900,2026-09-10,
5654,C05654,Permanent employment,48700,2026-09-10,
5655,C05655,Unemployed,13300,2026-09-10,
5656,C05656,Permanent employment,55100,2026-09-10,
5657,C05657,Retired,27300,2026-09-10,
5658,C05658,Retired,28000,2026-09-10,
5659,C05659,Retired,27500,2026-09-10,
5660,C05660,Permanent employment,45100,2026-09-10,
5661,C05661,Permanent employment,37300,2026-09-10,
5662,C05662,Permanent employment,43300,2026-09-10,
5663,C05663,Retired,24600,2026-09-10,
5664,C05664,Permanent employment,32200,2026-09-10,
5665,C05665,Permanent employment,39200,2026-09-10,
5666,C05666,Temporary/Probation/Freelance,39200,2026-09-10,
5667,C05667,Self-employed,60900,2026-09-10,
5668,C05668,Retired,16600,2026-09-10,
5669,C05669,Permanent employment,26200,2026-09-10,
5670,C05670,Permanent employment,38700,2026-09-10,
5671,C05671,Self-employed,71200,2026-09-10,
5672,C05672,Permanent employment,34200,2026-09-10,
5673,C05673,Retired,19600,2026-09-10,
5674,C05674,Permanent employment,45600,2026-09-10,
5675,C05675,Retired,13800,2026-09-10,
5676,C05676,Unemployed,14300,2026-09-10,
5677,C05677,Permanent employment,37700,2026-09-10,
5678,C05678,Student,5800,2026-09-10,
5679,C05679,Permanent employment,39400,2026-09-10,
5680,C05680,Temporary/Probation/Freelance,28600,2026-09-10,
5681,C05681,Permanent employment,34100,2026-09-10,
5682,C05682,Unemployed,14400,2026-09-10,
5683,C05683,Retired,32600,2026-09-10,
5684,C05684,Student,14300,2026-09-10,
5685,C05685,Self-employed,72200,2026-09-10,
5686,C05686,Permanent employment,42500,2026-09-10,
5687,C05687,Permanent employment,44500,2026-09-10,
5688,C05688,Retired,25400,2026-09-10,
5689,C05689,Permanent employment,27300,2026-09-10,
5690,C05690,Unemployed,18100,2026-09-10,
5691,C05691,Permanent employment,35400,2026-09-10,
5692,C05692,Unemployed,13800,2026-09-10,
5693,C05693,Unemployed,15700,2026-09-10,
5694,C05694,Permanent employment,39600,2026-09-10,
5695,C05695,Permanent employment,37800,2026-09-10,
5696,C05696,Student,12000,2026-09-10,
5697,C05697,Permanent employment,48100,2026-09-10,
5698,C05698,Permanent employment,61000,2026-09-10,
5699,C05699,Self-employed,49400,2026-09-10,
5700,C05700,Unemployed,16100,2026-09-10,
5701,C05701,Permanent employment,61300,2026-09-10,
5702,C05702,Permanent employment,47400,2026-09-10,
5703,C05703,Permanent employment,48000,2026-09-10,
5704,C05704,Permanent employment,22000,2026-09-10,
5705,C05705,Permanent employment,40300,2026-09-10,
5706,C05706,Parental leave,31200,2026-09-10,
5707,C05707,Retired,18600,2026-09-10,
5708,C05708,Temporary/Probation/Freelance,31700,2026-09-10,
5709,C05709,Permanent employment,48000,2026-09-10,
5710,C05710,Retired,30400,2026-09-10,
5711,C05711,Permanent employment,37200,2026-09-10,
5712,C05712,Retired,13000,2026-09-10,
5713,C05713,Self-employed,46600,2026-09-10,
5714,C05714,Retired,21000,2026-09-10,
5715,C05715,Permanent employment,37600,2026-09-10,
5716,C05716,Self-employed,39900,2026-09-10,
5717,C05717,Permanent employment,35600,2026-09-10,
5718,C05718,Permanent employment,43500,2026-09-10,
5719,C05719,Permanent employment,34800,2026-09-10,
5720,C05720,Permanent employment,48100,2026-09-10,
5721,C05721,Permanent employment,39900,2026-09-10,
5722,C05722,Permanent employment,46900,2026-09-10,
5723,C05723,Temporary/Probation/Freelance,33300,2026-09-10,
5724,C05724,Permanent employment,28400,2026-09-10,
5725,C05725,Parental leave,36100,2026-09-10,
5726,C05726,Permanent employment,65800,2026-09-10,
5727,C05727,Permanent employment,31300,2026-09-10,
5728,C05728,Permanent employment,33300,2026-09-10,
5729,C05729,Parental leave,26700,2026-09-10,
5730,C05730,Retired,26000,2026-09-10,
5731,C05731,Retired,22900,2026-09-10,
5732,C05732,Permanent employment,41400,2026-09-10,
5733,C05733,Unemployed,16300,2026-09-10,
5734,C05734,Permanent employment,47700,2026-09-10,
5735,C05735,Permanent employment,51600,2026-09-10,
5736,C05736,Student,10700,2026-09-10,
5737,C05737,Unemployed,13800,2026-09-10,
5738,C05738,Temporary/Probation/Freelance,26500,2026-09-10,
5739,C05739,Permanent employment,31600,2026-09-10,
5740,C05740,Permanent employment,37700,2026-09-10,
5741,C05741,Retired,31500,2026-09-10,
5742,C05742,Temporary/Probation/Freelance,35000,2026-09-10,
5743,C05743,Retired,25500,2026-09-10,
5744,C05744,Retired,21100,2026-09-10,
5745,C05745,Unemployed,20600,2026-09-10,
5746,C05746,Permanent employment,39200,2026-09-10,
5747,C05747,Permanent employment,37000,2026-09-10,
5748,C05748,Permanent employment,40800,2026-09-10,
5749,C05749,Retired,29700,2026-09-10,
5750,C05750,Permanent employment,53000,2026-09-10,
5751,C05751,Temporary/Probation/Freelance,38500,2026-09-10,
5752,C05752,Permanent employment,33800,2026-09-10,
5753,C05753,Permanent employment,37600,2026-09-10,
5754,C05754,Permanent employment,39600,2026-09-10,
5755,C05755,Retired,26700,2026-09-10,
5756,C05756,Permanent employment,43000,2026-09-10,
5757,C05757,Permanent employment,48400,2026-09-10,
5758,C05758,Permanent employment,41800,2026-09-10,
5759,C05759,Permanent employment,39100,2026-09-10,
5760,C05760,Permanent employment,54200,2026-09-10,
5761,C05761,Permanent employment,42800,2026-09-10,
5762,C05762,Retired,30100,2026-09-10,
5763,C05763,Retired,15800,2026-09-10,
5764,C05764,Permanent employment,31300,2026-09-10,
5765,C05765,Retired,15000,2026-09-10,
5766,C05766,Permanent employment,37600,2026-09-10,
5767,C05767,Temporary/Probation/Freelance,24600,2026-09-10,
5768,C05768,Student,6200,2026-09-10,
5769,C05769,Unemployed,13800,2026-09-10,
5770,C05770,Retired,16900,2026-09-10,
5771,C05771,Self-employed,31400,2026-09-10,
5772,C05772,Temporary/Probation/Freelance,31700,2026-09-10,
5773,C05773,Permanent employment,51700,2026-09-10,
5774,C05774,Self-employed,53600,2026-09-10,
5775,C05775,Student,11900,2026-09-10,
5776,C05776,Permanent employment,43100,2026-09-10,
5777,C05777,Permanent employment,29100,2026-09-10,
5778,C05778,Permanent employment,36600,2026-09-10,
5779,C05779,Retired,16700,2026-09-10,
5780,C05780,Permanent employment,45200,2026-09-10,
5781,C05781,Permanent employment,54000,2026-09-10,
5782,C05782,Permanent employment,38600,2026-09-10,
5783,C05783,Unemployed,13900,2026-09-10,
5784,C05784,Permanent employment,28500,2026-09-10,
5785,C05785,Student,14100,2026-09-10,
5786,C05786,Retired,32600,2026-09-10,
5787,C05787,Permanent employment,49000,2026-09-10,
5788,C05788,Retired,26100,2026-09-10,
5789,C05789,Retired,23600,2026-09-10,
5790,C05790,Permanent employment,41500,2026-09-10,
5791,C05791,Permanent employment,43100,2026-09-10,
5792,C05792,Permanent employment,40400,2026-09-10,
5793,C05793,Retired,32700,2026-09-10,
5794,C05794,Retired,29400,2026-09-10,
5795,C05795,Permanent employment,41000,2026-09-10,
5796,C05796,Retired,36500,2026-09-10,
5797,C05797,Permanent employment,33100,2026-09-10,
5798,C05798,Retired,37400,2026-09-10,
5799,C05799,Retired,14800,2026-09-10,
5800,C05800,Permanent employment,37000,2026-09-10,
5801,C05801,Permanent employment,48200,2026-09-10,
5802,C05802,Permanent employment,40400,2026-09-10,
5803,C05803,Permanent employment,46300,2026-09-10,
5804,C05804,Permanent employment,51900,2026-09-10,
5805,C05805,Permanent employment,48100,2026-09-10,
5806,C05806,Permanent employment,41600,2026-09-10,
5807,C05807,Permanent employment,40800,2026-09-10,
5808,C05808,Retired,29600,2026-09-10,
5809,C05809,Self-employed,37000,2026-09-10,
5810,C05810,Self-employed,65500,2026-09-10,
5811,C05811,Parental leave,38700,2026-09-10,
5812,C05812,Retired,24500,2026-09-10,
5813,C05813,Retired,27600,2026-09-10,
5814,C05814,Permanent employment,47000,2026-09-10,
5815,C05815,Parental leave,29600,2026-09-10,
5816,C05816,Student,8900,2026-09-10,
5817,C05817,Permanent employment,30100,2026-09-10,
5818,C05818,Permanent employment,40400,2026-09-10,
5819,C05819,Self-employed,46700,2026-09-10,
5820,C05820,Permanent employment,55000,2026-09-10,
5821,C05821,Retired,26300,2026-09-10,
5822,C05822,Permanent employment,53000,2026-09-10,
5823,C05823,Permanent employment,30800,2026-09-10,
5824,C05824,Permanent employment,52500,2026-09-10,
5825,C05825,Permanent employment,42600,2026-09-10,
5826,C05826,Permanent employment,52300,2026-09-10,
5827,C05827,Permanent employment,29400,2026-09-10,
5828,C05828,Permanent employment,27200,2026-09-10,
5829,C05829,Permanent employment,37700,2026-09-10,
5830,C05830,Permanent employment,50000,2026-09-10,
5831,C05831,Retired,27500,2026-09-10,
5832,C05832,Permanent employment,51500,2026-09-10,
5833,C05833,Retired,21200,2026-09-10,
5834,C05834,Permanent employment,50700,2026-09-10,
5835,C05835,Unemployed,14000,2026-09-10,
5836,C05836,Permanent employment,53200,2026-09-10,
5837,C05837,Retired,28700,2026-09-10,
5838,C05838,Unemployed,11100,2026-09-10,
5839,C05839,Permanent employment,47000,2026-09-10,
5840,C05840,Permanent employment,33300,2026-09-10,
5841,C05841,Permanent employment,53400,2026-09-10,
5842,C05842,Student,13300,2026-09-10,
5843,C05843,Student,13500,2026-09-10,
5844,C05844,Student,14600,2026-09-10,
5845,C05845,Retired,25400,2026-09-10,
5846,C05846,Student,2700,2026-09-10,
5847,C05847,Permanent employment,44800,2026-09-10,
5848,C05848,Self-employed,31800,2026-09-10,
5849,C05849,Unemployed,10700,2026-09-10,
5850,C05850,Self-employed,58500,2026-09-10,
5851,C05851,Permanent employment,34300,2026-09-10,
5852,C05852,Retired,25100,2026-09-10,
5853,C05853,Retired,29000,2026-09-10,
5854,C05854,Permanent employment,47900,2026-09-10,
5855,C05855,Permanent employment,52700,2026-09-10,
5856,C05856,Permanent employment,39100,2026-09-10,
5857,C05857,Permanent employment,35900,2026-09-10,
5858,C05858,Student,11800,2026-09-10,
5859,C05859,Student,3600,2026-09-10,
5860,C05860,Permanent employment,39400,2026-09-10,
5861,C05861,Permanent employment,38800,2026-09-10,
5862,C05862,Parental leave,17400,2026-09-10,
5863,C05863,Permanent employment,26200,2026-09-10,
5864,C05864,Permanent employment,45100,2026-09-10,
5865,C05865,Retired,25000,2026-09-10,
5866,C05866,Permanent employment,41800,2026-09-10,
5867,C05867,Permanent employment,37000,2026-09-10,
5868,C05868,Permanent employment,37200,2026-09-10,
5869,C05869,Retired,20300,2026-09-10,
5870,C05870,Self-employed,18000,2026-09-10,
5871,C05871,Permanent employment,31900,2026-09-10,
5872,C05872,Permanent employment,40200,2026-09-10,
5873,C05873,Permanent employment,42900,2026-09-10,
5874,C05874,Retired,25200,2026-09-10,
5875,C05875,Permanent employment,49300,2026-09-10,
5876,C05876,Permanent employment,39900,2026-09-10,
5877,C05877,Permanent employment,43600,2026-09-10,
5878,C05878,Temporary/Probation/Freelance,26800,2026-09-10,
5879,C05879,Permanent employment,40200,2026-09-10,
5880,C05880,Parental leave,30400,2026-09-10,
5881,C05881,Permanent employment,30800,2026-09-10,
5882,C05882,Permanent employment,48000,2026-09-10,
5883,C05883,Permanent employment,38300,2026-09-10,
5884,C05884,Retired,33700,2026-09-10,
5885,C05885,Self-employed,44000,2026-09-10,
5886,C05886,Permanent employment,53000,2026-09-10,
5887,C05887,Permanent employment,37500,2026-09-10,
5888,C05888,Retired,35400,2026-09-10,
5889,C05889,Retired,16300,2026-09-10,
5890,C05890,Temporary/Probation/Freelance,29600,2026-09-10,
5891,C05891,Permanent employment,33900,2026-09-10,
5892,C05892,Permanent employment,45100,2026-09-10,
5893,C05893,Permanent employment,44000,2026-09-10,
5894,C05894,Permanent employment,22000,2026-09-10,
5895,C05895,Permanent employment,46000,2026-09-10,
5896,C05896,Permanent employment,41600,2026-09-10,
5897,C05897,Permanent employment,37000,2026-09-10,
5898,C05898,Permanent employment,43000,2026-09-10,
5899,C05899,Retired,22300,2026-09-10,
5900,C05900,Permanent employment,56600,2026-09-10,
5901,C05901,Unemployed,14800,2026-09-10,
5902,C05902,Temporary/Probation/Freelance,25600,2026-09-10,
5903,C05903,Permanent employment,30300,2026-09-10,
5904,C05904,Permanent employment,33000,2026-09-10,
5905,C05905,Permanent employment,37100,2026-09-10,
5906,C05906,Permanent employment,43800,2026-09-10,
5907,C05907,Permanent employment,36500,2026-09-10,
5908,C05908,Permanent employment,33100,2026-09-10,
5909,C05909,Permanent employment,41300,2026-09-10,
5910,C05910,Permanent employment,44800,2026-09-10,
5911,C05911,Permanent employment,43000,2026-09-10,
5912,C05912,Retired,27500,2026-09-10,
5913,C05913,Permanent employment,42300,2026-09-10,
5914,C05914,Permanent employment,63200,2026-09-10,
5915,C05915,Permanent employment,44400,2026-09-10,
5916,C05916,Permanent employment,47600,2026-09-10,
5917,C05917,Retired,27900,2026-09-10,
5918,C05918,Permanent employment,39200,2026-09-10,
5919,C05919,Permanent employment,49100,2026-09-10,
5920,C05920,Permanent employment,44600,2026-09-10,
5921,C05921,Permanent employment,30900,2026-09-10,
5922,C05922,Retired,24500,2026-09-10,
5923,C05923,Temporary/Probation/Freelance,26600,2026-09-10,
5924,C05924,Permanent employment,42700,2026-09-10,
5925,C05925,Permanent employment,37500,2026-09-10,
5926,C05926,Self-employed,41000,2026-09-10,
5927,C05927,Permanent employment,36300,2026-09-10,
5928,C05928,Self-employed,67000,2026-09-10,
5929,C05929,Permanent employment,44500,2026-09-10,
5930,C05930,Retired,25400,2026-09-10,
5931,C05931,Temporary/Probation/Freelance,28400,2026-09-10,
5932,C05932,Permanent employment,42200,2026-09-10,
5933,C05933,Permanent employment,39400,2026-09-10,
5934,C05934,Permanent employment,52800,2026-09-10,
5935,C05935,Permanent employment,34100,2026-09-10,
5936,C05936,Permanent employment,35400,2026-09-10,
5937,C05937,Retired,21600,2026-09-10,
5938,C05938,Permanent employment,32500,2026-09-10,
5939,C05939,Permanent employment,52100,2026-09-10,
5940,C05940,Self-employed,38700,2026-09-10,
5941,C05941,Temporary/Probation/Freelance,33800,2026-09-10,
5942,C05942,Permanent employment,36000,2026-09-10,
5943,C05943,Unemployed,3900,2026-09-10,
5944,C05944,Retired,21100,2026-09-10,
5945,C05945,Retired,15700,2026-09-10,
5946,C05946,Temporary/Probation/Freelance,32600,2026-09-10,
5947,C05947,Temporary/Probation/Freelance,27600,2026-09-10,
5948,C05948,Student,6200,2026-09-10,
5949,C05949,Unemployed,13500,2026-09-10,
5950,C05950,Retired,20900,2026-09-10,
5951,C05951,Permanent employment,45100,2026-09-10,
5952,C05952,Permanent employment,41900,2026-09-10,
5953,C05953,Retired,36000,2026-09-10,
5954,C05954,Permanent employment,50100,2026-09-10,
5955,C05955,Student,12400,2026-09-10,
5956,C05956,Permanent employment,49200,2026-09-10,
5957,C05957,Permanent employment,50100,2026-09-10,
5958,C05958,Permanent employment,32400,2026-09-10,
5959,C05959,Permanent employment,46600,2026-09-10,
5960,C05960,Retired,12700,2026-09-10,
5961,C05961,Permanent employment,31600,2026-09-10,
5962,C05962,Retired,16100,2026-09-10,
5963,C05963,Permanent employment,46800,2026-09-10,
5964,C05964,Retired,14800,2026-09-10,
5965,C05965,Self-employed,54200,2026-09-10,
5966,C05966,Retired,35300,2026-09-10,
5967,C05967,Retired,21700,2026-09-10,
5968,C05968,Permanent employment,39400,2026-09-10,
5969,C05969,Retired,19000,2026-09-10,
5970,C05970,Retired,15300,2026-09-10,
5971,C05971,Retired,22500,2026-09-10,
5972,C05972,Parental leave,25300,2026-09-10,
5973,C05973,Retired,20700,2026-09-10,
5974,C05974,Retired,18800,2026-09-10,
5975,C05975,Permanent employment,35600,2026-09-10,
5976,C05976,Retired,23100,2026-09-10,
5977,C05977,Student,400,2026-09-10,
5978,C05978,Permanent employment,41500,2026-09-10,
5979,C05979,Permanent employment,33200,2026-09-10,
5980,C05980,Permanent employment,40800,2026-09-10,
5981,C05981,Retired,32100,2026-09-10,
5982,C05982,Unemployed,16900,2026-09-10,
5983,C05983,Retired,23900,2026-09-10,
5984,C05984,Student,21000,2026-09-10,
5985,C05985,Permanent employment,38700,2026-09-10,
5986,C05986,Temporary/Probation/Freelance,38500,2026-09-10,
5987,C05987,Self-employed,33700,2026-09-10,
5988,C05988,Retired,12000,2026-09-10,
5989,C05989,Permanent employment,44600,2026-09-10,
5990,C05990,Retired,27000,2026-09-10,
5991,C05991,Unemployed,15600,2026-09-10,
5992,C05992,Permanent employment,34900,2026-09-10,
5993,C05993,Unemployed,25000,2026-09-10,
5994,C05994,Permanent employment,37300,2026-09-10,
5995,C05995,Student,10500,2026-09-10,
5996,C05996,Permanent employment,44800,2026-09-10,
5997,C05997,Temporary/Probation/Freelance,36600,2026-09-10,
5998,C05998,Unemployed,11200,2026-09-10,
5999,C05999,Permanent employment,48700,2026-09-10,
6000,C06000,Permanent employment,49300,2026-09-10,
6001,C06001,Permanent employment,39800,2026-09-10,
6002,C06002,Student,7500,2026-09-10,
6003,C06003,Retired,16800,2026-09-10,
6004,C06004,Self-employed,49400,2026-09-10,
6005,C06005,Permanent employment,31800,2026-09-10,
6006,C06006,Retired,28700,2026-09-10,
6007,C06007,Unemployed,12100,2026-09-10,
6008,C06008,Student,8800,2026-09-10,
6009,C06009,Permanent employment,36000,2026-09-10,
6010,C06010,Self-employed,83700,2026-09-10,
6011,C06011,Retired,24600,2026-09-10,
6012,C06012,Retired,15800,2026-09-10,
6013,C06013,Permanent employment,44900,2026-09-10,
6014,C06014,Permanent employment,33100,2026-09-10,
6015,C06015,Unemployed,11400,2026-09-10,
6016,C06016,Permanent employment,46000,2026-09-10,
6017,C06017,Permanent employment,41600,2026-09-10,
6018,C06018,Self-employed,61100,2026-09-10,
6019,C06019,Permanent employment,54100,2026-09-10,
6020,C06020,Unemployed,13300,2026-09-10,
6021,C06021,Permanent employment,51300,2026-09-10,
6022,C06022,Retired,29500,2026-09-10,
6023,C06023,Self-employed,60200,2026-09-10,
6024,C06024,Permanent employment,27600,2026-09-10,
6025,C06025,Permanent employment,39800,2026-09-10,
6026,C06026,Permanent employment,43000,2026-09-10,
6027,C06027,Retired,33000,2026-09-10,
6028,C06028,Permanent employment,38800,2026-09-10,
6029,C06029,Permanent employment,40200,2026-09-10,
6030,C06030,Permanent employment,35800,2026-09-10,
6031,C06031,Permanent employment,40400,2026-09-10,
6032,C06032,Permanent employment,46100,2026-09-10,
6033,C06033,Permanent employment,45300,2026-09-10,
6034,C06034,Permanent employment,36600,2026-09-10,
6035,C06035,Permanent employment,40700,2026-09-10,
6036,C06036,Permanent employment,31300,2026-09-10,
6037,C06037,Permanent employment,53100,2026-09-10,
6038,C06038,Retired,22000,2026-09-10,
6039,C06039,Permanent employment,39700,2026-09-10,
6040,C06040,Permanent employment,45900,2026-09-10,
6041,C06041,Permanent employment,46900,2026-09-10,
6042,C06042,Permanent employment,34800,2026-09-10,
6043,C06043,Permanent employment,49200,2026-09-10,
6044,C06044,Temporary/Probation/Freelance,41400,2026-09-10,
6045,C06045,Retired,28600,2026-09-10,
6046,C06046,Retired,26900,2026-09-10,
6047,C06047,Permanent employment,42500,2026-09-10,
6048,C06048,Permanent employment,45500,2026-09-10,
6049,C06049,Permanent employment,41100,2026-09-10,
6050,C06050,Retired,37300,2026-09-10,
6051,C06051,Permanent employment,55700,2026-09-10,
6052,C06052,Retired,20500,2026-09-10,
6053,C06053,Permanent employment,52900,2026-09-10,
6054,C06054,Permanent employment,48300,2026-09-10,
6055,C06055,Retired,24800,2026-09-10,
6056,C06056,Permanent employment,55600,2026-09-10,
6057,C06057,Permanent employment,45800,2026-09-10,
6058,C06058,Permanent employment,46800,2026-09-10,
6059,C06059,Self-employed,53800,2026-09-10,
6060,C06060,Self-employed,22800,2026-09-10,
6061,C06061,Permanent employment,46900,2026-09-10,
6062,C06062,Permanent employment,35300,2026-09-10,
6063,C06063,Temporary/Probation/Freelance,34700,2026-09-10,
6064,C06064,Permanent employment,48800,2026-09-10,
6065,C06065,Permanent employment,46200,2026-09-10,
6066,C06066,Permanent employment,47400,2026-09-10,
6067,C06067,Permanent employment,63000,2026-09-10,
6068,C06068,Unemployed,8400,2026-09-10,
6069,C06069,Permanent employment,37900,2026-09-10,
6070,C06070,Temporary/Probation/Freelance,38400,2026-09-10,
6071,C06071,Permanent employment,51000,2026-09-10,
6072,C06072,Permanent employment,41000,2026-09-10,
6073,C06073,Temporary/Probation/Freelance,39500,2026-09-10,
6074,C06074,Permanent employment,34800,2026-09-10,
6075,C06075,Permanent employment,39400,2026-09-10,
6076,C06076,Student,12100,2026-09-10,
6077,C06077,Permanent employment,47000,2026-09-10,
6078,C06078,Permanent employment,53800,2026-09-10,
6079,C06079,Permanent employment,51200,2026-09-10,
6080,C06080,Unemployed,12200,2026-09-10,
6081,C06081,Self-employed,67700,2026-09-10,
6082,C06082,Unemployed,16200,2026-09-10,
6083,C06083,Student,14100,2026-09-10,
6084,C06084,Permanent employment,43600,2026-09-10,
6085,C06085,Permanent employment,36300,2026-09-10,
6086,C06086,Permanent employment,51900,2026-09-10,
6087,C06087,Self-employed,51200,2026-09-10,
6088,C06088,Temporary/Probation/Freelance,37300,2026-09-10,
6089,C06089,Permanent employment,53400,2026-09-10,
6090,C06090,Temporary/Probation/Freelance,29200,2026-09-10,
6091,C06091,Unemployed,18200,2026-09-10,
6092,C06092,Unemployed,12600,2026-09-10,
6093,C06093,Permanent employment,41800,2026-09-10,
6094,C06094,Permanent employment,44900,2026-09-10,
6095,C06095,Parental leave,29900,2026-09-10,
6096,C06096,Self-employed,53400,2026-09-10,
6097,C06097,Unemployed,9500,2026-09-10,
6098,C06098,Permanent employment,46900,2026-09-10,
6099,C06099,Temporary/Probation/Freelance,28800,2026-09-10,
6100,C06100,Retired,12000,2026-09-10,
6101,C06101,Permanent employment,47800,2026-09-10,
6102,C06102,Retired,33800,2026-09-10,
6103,C06103,Unemployed,18300,2026-09-10,
6104,C06104,Retired,23900,2026-09-10,
6105,C06105,Self-employed,37300,2026-09-10,
6106,C06106,Permanent employment,44100,2026-09-10,
6107,C06107,Permanent employment,42000,2026-09-10,
6108,C06108,Permanent employment,37700,2026-09-10,
6109,C06109,Permanent employment,56000,2026-09-10,
6110,C06110,Retired,34300,2026-09-10,
6111,C06111,Permanent employment,41700,2026-09-10,
6112,C06112,Parental leave,34100,2026-09-10,
6113,C06113,Retired,35100,2026-09-10,
6114,C06114,Permanent employment,48300,2026-09-10,
6115,C06115,Permanent employment,37400,2026-09-10,
6116,C06116,Permanent employment,45400,2026-09-10,
6117,C06117,Permanent employment,41400,2026-09-10,
6118,C06118,Retired,22500,2026-09-10,
6119,C06119,Temporary/Probation/Freelance,24600,2026-09-10,
6120,C06120,Temporary/Probation/Freelance,21200,2026-09-10,
6121,C06121,Student,7200,2026-09-10,
6122,C06122,Temporary/Probation/Freelance,36100,2026-09-10,
6123,C06123,Student,15000,2026-09-10,
6124,C06124,Retired,38800,2026-09-10,
6125,C06125,Retired,20600,2026-09-10,
6126,C06126,Self-employed,31000,2026-09-10,
6127,C06127,Permanent employment,51200,2026-09-10,
6128,C06128,Permanent employment,34700,2026-09-10,
6129,C06129,Permanent employment,24100,2026-09-10,
6130,C06130,Permanent employment,51000,2026-09-10,
6131,C06131,Permanent employment,38600,2026-09-10,
6132,C06132,Permanent employment,38300,2026-09-10,
6133,C06133,Permanent employment,49500,2026-09-10,
6134,C06134,Permanent employment,30600,2026-09-10,
6135,C06135,Permanent employment,28200,2026-09-10,
6136,C06136,Permanent employment,29000,2026-09-10,
6137,C06137,Permanent employment,41300,2026-09-10,
6138,C06138,Retired,20500,2026-09-10,
6139,C06139,Permanent employment,40200,2026-09-10,
6140,C06140,Retired,28200,2026-09-10,
6141,C06141,Permanent employment,47300,2026-09-10,
6142,C06142,Permanent employment,43600,2026-09-10,
6143,C06143,Permanent employment,39000,2026-09-10,
6144,C06144,Retired,36500,2026-09-10,
6145,C06145,Permanent employment,45600,2026-09-10,
6146,C06146,Self-employed,71300,2026-09-10,
6147,C06147,Permanent employment,41100,2026-09-10,
6148,C06148,Permanent employment,43700,2026-09-10,
6149,C06149,Permanent employment,40800,2026-09-10,
6150,C06150,Retired,26700,2026-09-10,
6151,C06151,Permanent employment,48400,2026-09-10,
6152,C06152,Student,12800,2026-09-10,
6153,C06153,Unemployed,4700,2026-09-10,
6154,C06154,Student,5600,2026-09-10,
6155,C06155,Permanent employment,39800,2026-09-10,
6156,C06156,Permanent employment,43100,2026-09-10,
6157,C06157,Retired,20400,2026-09-10,
6158,C06158,Permanent employment,58600,2026-09-10,
6159,C06159,Permanent employment,28700,2026-09-10,
6160,C06160,Retired,25600,2026-09-10,
6161,C06161,Permanent employment,36900,2026-09-10,
6162,C06162,Self-employed,36100,2026-09-10,
6163,C06163,Student,14500,2026-09-10,
6164,C06164,Self-employed,43600,2026-09-10,
6165,C06165,Self-employed,18000,2026-09-10,
6166,C06166,Permanent employment,31300,2026-09-10,
6167,C06167,Permanent employment,37600,2026-09-10,
6168,C06168,Retired,28300,2026-09-10,
6169,C06169,Permanent employment,28600,2026-09-10,
6170,C06170,Permanent employment,45200,2026-09-10,
6171,C06171,Student,9300,2026-09-10,
6172,C06172,Permanent employment,44900,2026-09-10,
6173,C06173,Unemployed,20000,2026-09-10,
6174,C06174,Retired,22600,2026-09-10,
6175,C06175,Permanent employment,58700,2026-09-10,
6176,C06176,Permanent employment,49800,2026-09-10,
6177,C06177,Self-employed,28000,2026-09-10,
6178,C06178,Unemployed,9200,2026-09-10,
6179,C06179,Student,2800,2026-09-10,
6180,C06180,Permanent employment,45300,2026-09-10,
6181,C06181,Permanent employment,33600,2026-09-10,
6182,C06182,Permanent employment,50400,2026-09-10,
6183,C06183,Permanent employment,53700,2026-09-10,
6184,C06184,Retired,12700,2026-09-10,
6185,C06185,Student,11300,2026-09-10,
6186,C06186,Retired,12000,2026-09-10,
6187,C06187,Unemployed,16800,2026-09-10,
6188,C06188,Permanent employment,51600,2026-09-10,
6189,C06189,Permanent employment,38000,2026-09-10,
6190,C06190,Permanent employment,40100,2026-09-10,
6191,C06191,Permanent employment,38400,2026-09-10,
6192,C06192,Temporary/Probation/Freelance,30400,2026-09-10,
6193,C06193,Permanent employment,48000,2026-09-10,
6194,C06194,Retired,22600,2026-09-10,
6195,C06195,Retired,32500,2026-09-10,
6196,C06196,Parental leave,25900,2026-09-10,
6197,C06197,Permanent employment,35800,2026-09-10,
6198,C06198,Retired,12000,2026-09-10,
6199,C06199,Permanent employment,54300,2026-09-10,
6200,C06200,Student,0,2026-09-10,
6201,C06201,Retired,31700,2026-09-10,
6202,C06202,Permanent employment,48000,2026-09-10,
6203,C06203,Retired,23900,2026-09-10,
6204,C06204,Unemployed,10400,2026-09-10,
6205,C06205,Unemployed,12200,2026-09-10,
6206,C06206,Retired,21200,2026-09-10,
6207,C06207,Permanent employment,34300,2026-09-10,
6208,C06208,Permanent employment,30100,2026-09-10,
6209,C06209,Self-employed,55500,2026-09-10,
6210,C06210,Permanent employment,34600,2026-09-10,
6211,C06211,Permanent employment,42600,2026-09-10,
6212,C06212,Permanent employment,37700,2026-09-10,
6213,C06213,Permanent employment,49000,2026-09-10,
6214,C06214,Permanent employment,35300,2026-09-10,
6215,C06215,Permanent employment,31700,2026-09-10,
6216,C06216,Retired,24000,2026-09-10,
6217,C06217,Permanent employment,35700,2026-09-10,
6218,C06218,Self-employed,37300,2026-09-10,
6219,C06219,Permanent employment,49200,2026-09-10,
6220,C06220,Permanent employment,35200,2026-09-10,
6221,C06221,Retired,27000,2026-09-10,
6222,C06222,Permanent employment,55400,2026-09-10,
6223,C06223,Temporary/Probation/Freelance,46800,2026-09-10,
6224,C06224,Permanent employment,51100,2026-09-10,
6225,C06225,Self-employed,18000,2026-09-10,
6226,C06226,Permanent employment,47400,2026-09-10,
6227,C06227,Permanent employment,48900,2026-09-10,
6228,C06228,Retired,25800,2026-09-10,
6229,C06229,Retired,19200,2026-09-10,
6230,C06230,Self-employed,37600,2026-09-10,
6231,C06231,Permanent employment,53600,2026-09-10,
6232,C06232,Retired,20200,2026-09-10,
6233,C06233,Permanent employment,38300,2026-09-10,
6234,C06234,Permanent employment,33400,2026-09-10,
6235,C06235,Self-employed,46000,2026-09-10,
6236,C06236,Retired,22300,2026-09-10,
6237,C06237,Permanent employment,31700,2026-09-10,
6238,C06238,Permanent employment,40000,2026-09-10,
6239,C06239,Student,19500,2026-09-10,
6240,C06240,Retired,25200,2026-09-10,
6241,C06241,Retired,28200,2026-09-10,
6242,C06242,Permanent employment,28100,2026-09-10,
6243,C06243,Permanent employment,49700,2026-09-10,
6244,C06244,Temporary/Probation/Freelance,42000,2026-09-10,
6245,C06245,Permanent employment,45200,2026-09-10,
6246,C06246,Permanent employment,36600,2026-09-10,
6247,C06247,Self-employed,56500,2026-09-10,
6248,C06248,Retired,29600,2026-09-10,
6249,C06249,Permanent employment,38100,2026-09-10,
6250,C06250,Unemployed,18300,2026-09-10,
6251,C06251,Permanent employment,48200,2026-09-10,
6252,C06252,Permanent employment,24100,2026-09-10,
6253,C06253,Permanent employment,40900,2026-09-10,
6254,C06254,Student,8300,2026-09-10,
6255,C06255,Permanent employment,44600,2026-09-10,
6256,C06256,Permanent employment,45000,2026-09-10,
6257,C06257,Permanent employment,50500,2026-09-10,
6258,C06258,Self-employed,59800,2026-09-10,
6259,C06259,Retired,35200,2026-09-10,
6260,C06260,Permanent employment,40400,2026-09-10,
6261,C06261,Permanent employment,48300,2026-09-10,
6262,C06262,Retired,30400,2026-09-10,
6263,C06263,Permanent employment,46600,2026-09-10,
6264,C06264,Retired,35100,2026-09-10,
6265,C06265,Retired,21500,2026-09-10,
6266,C06266,Unemployed,13700,2026-09-10,
6267,C06267,Retired,12000,2026-09-10,
6268,C06268,Temporary/Probation/Freelance,38800,2026-09-10,
6269,C06269,Permanent employment,52200,2026-09-10,
6270,C06270,Permanent employment,44000,2026-09-10,
6271,C06271,Permanent employment,50600,2026-09-10,
6272,C06272,Retired,31400,2026-09-10,
6273,C06273,Permanent employment,30100,2026-09-10,
6274,C06274,Permanent employment,48000,2026-09-10,
6275,C06275,Permanent employment,44900,2026-09-10,
6276,C06276,Permanent employment,42300,2026-09-10,
6277,C06277,Student,6600,2026-09-10,
6278,C06278,Self-employed,19700,2026-09-10,
6279,C06279,Retired,14900,2026-09-10,
6280,C06280,Permanent employment,37500,2026-09-10,
6281,C06281,Retired,16100,2026-09-10,
6282,C06282,Permanent employment,38400,2026-09-10,
6283,C06283,Permanent employment,37300,2026-09-10,
6284,C06284,Retired,21900,2026-09-10,
6285,C06285,Permanent employment,45900,2026-09-10,
6286,C06286,Self-employed,18000,2026-09-10,
6287,C06287,Retired,24200,2026-09-10,
6288,C06288,Unemployed,10300,2026-09-10,
6289,C06289,Retired,23600,2026-09-10,
6290,C06290,Permanent employment,40600,2026-09-10,
6291,C06291,Student,9100,2026-09-10,
6292,C06292,Self-employed,18000,2026-09-10,
6293,C06293,Retired,26800,2026-09-10,
6294,C06294,Self-employed,46100,2026-09-10,
6295,C06295,Retired,25000,2026-09-10,
6296,C06296,Permanent employment,49800,2026-09-10,
6297,C06297,Permanent employment,35100,2026-09-10,
6298,C06298,Self-employed,25400,2026-09-10,
6299,C06299,Permanent employment,54600,2026-09-10,
6300,C06300,Permanent employment,48800,2026-09-10,
6301,C06301,Unemployed,6300,2026-09-10,
6302,C06302,Permanent employment,43700,2026-09-10,
6303,C06303,Permanent employment,52500,2026-09-10,
6304,C06304,Self-employed,82500,2026-09-10,
6305,C06305,Parental leave,39300,2026-09-10,
6306,C06306,Self-employed,36800,2026-09-10,
6307,C06307,Permanent employment,44100,2026-09-10,
6308,C06308,Permanent employment,32300,2026-09-10,
6309,C06309,Temporary/Probation/Freelance,30800,2026-09-10,
6310,C06310,Retired,25300,2026-09-10,
6311,C06311,Permanent employment,51400,2026-09-10,
6312,C06312,Permanent employment,29600,2026-09-10,
6313,C06313,Permanent employment,36500,2026-09-10,
6314,C06314,Permanent employment,43400,2026-09-10,
6315,C06315,Permanent employment,51100,2026-09-10,
6316,C06316,Retired,21100,2026-09-10,
6317,C06317,Permanent employment,59500,2026-09-10,
6318,C06318,Self-employed,25600,2026-09-10,
6319,C06319,Permanent employment,39600,2026-09-10,
6320,C06320,Temporary/Probation/Freelance,21300,2026-09-10,
6321,C06321,Permanent employment,43600,2026-09-10,
6322,C06322,Unemployed,15900,2026-09-10,
6323,C06323,Permanent employment,46300,2026-09-10,
6324,C06324,Permanent employment,39000,2026-09-10,
6325,C06325,Permanent employment,46600,2026-09-10,
6326,C06326,Temporary/Probation/Freelance,41000,2026-09-10,
6327,C06327,Retired,19000,2026-09-10,
6328,C06328,Permanent employment,66600,2026-09-10,
6329,C06329,Self-employed,25100,2026-09-10,
6330,C06330,Temporary/Probation/Freelance,30300,2026-09-10,
6331,C06331,Permanent employment,30300,2026-09-10,
6332,C06332,Retired,16000,2026-09-10,
6333,C06333,Permanent employment,46400,2026-09-10,
6334,C06334,Permanent employment,44200,2026-09-10,
6335,C06335,Unemployed,15700,2026-09-10,
6336,C06336,Permanent employment,43000,2026-09-10,
6337,C06337,Permanent employment,43600,2026-09-10,
6338,C06338,Permanent employment,42200,2026-09-10,
6339,C06339,Permanent employment,38100,2026-09-10,
6340,C06340,Permanent employment,42900,2026-09-10,
6341,C06341,Permanent employment,32300,2026-09-10,
6342,C06342,Self-employed,75000,2026-09-10,
6343,C06343,Unemployed,17800,2026-09-10,
6344,C06344,Retired,26200,2026-09-10,
6345,C06345,Permanent employment,48700,2026-09-10,
6346,C06346,Student,9400,2026-09-10,
6347,C06347,Permanent employment,46100,2026-09-10,
6348,C06348,Permanent employment,37800,2026-09-10,
6349,C06349,Permanent employment,40400,2026-09-10,
6350,C06350,Self-employed,56100,2026-09-10,
6351,C06351,Temporary/Probation/Freelance,21400,2026-09-10,
6352,C06352,Permanent employment,40100,2026-09-10,
6353,C06353,Permanent employment,28400,2026-09-10,
6354,C06354,Permanent employment,34400,2026-09-10,
6355,C06355,Unemployed,18000,2026-09-10,
6356,C06356,Retired,28500,2026-09-10,
6357,C06357,Permanent employment,48000,2026-09-10,
6358,C06358,Student,8100,2026-09-10,
6359,C06359,Retired,32100,2026-09-10,
6360,C06360,Self-employed,52400,2026-09-10,
6361,C06361,Student,14900,2026-09-10,
6362,C06362,Permanent employment,52300,2026-09-10,
6363,C06363,Permanent employment,34700,2026-09-10,
6364,C06364,Permanent employment,38800,2026-09-10,
6365,C06365,Unemployed,10000,2026-09-10,
6366,C06366,Permanent employment,45400,2026-09-10,
6367,C06367,Self-employed,18000,2026-09-10,
6368,C06368,Unemployed,9700,2026-09-10,
6369,C06369,Self-employed,32500,2026-09-10,
6370,C06370,Retired,19600,2026-09-10,
6371,C06371,Permanent employment,47200,2026-09-10,
6372,C06372,Permanent employment,35000,2026-09-10,
6373,C06373,Retired,12000,2026-09-10,
6374,C06374,Retired,12200,2026-09-10,
6375,C06375,Permanent employment,41700,2026-09-10,
6376,C06376,Permanent employment,25900,2026-09-10,
6377,C06377,Permanent employment,38700,2026-09-10,
6378,C06378,Retired,36100,2026-09-10,
6379,C06379,Retired,27000,2026-09-10,
6380,C06380,Retired,18800,2026-09-10,
6381,C06381,Permanent employment,35300,2026-09-10,
6382,C06382,Permanent employment,58200,2026-09-10,
6383,C06383,Parental leave,31400,2026-09-10,
6384,C06384,Permanent employment,35000,2026-09-10,
6385,C06385,Permanent employment,46400,2026-09-10,
6386,C06386,Retired,21000,2026-09-10,
6387,C06387,Permanent employment,48600,2026-09-10,
6388,C06388,Permanent employment,31100,2026-09-10,
6389,C06389,Self-employed,37800,2026-09-10,
6390,C06390,Unemployed,9800,2026-09-10,
6391,C06391,Permanent employment,37400,2026-09-10,
6392,C06392,Permanent employment,38300,2026-09-10,
6393,C06393,Permanent employment,38800,2026-09-10,
6394,C06394,Permanent employment,39100,2026-09-10,
6395,C06395,Retired,25700,2026-09-10,
6396,C06396,Permanent employment,42300,2026-09-10,
6397,C06397,Unemployed,9900,2026-09-10,
6398,C06398,Permanent employment,47900,2026-09-10,
6399,C06399,Unemployed,22300,2026-09-10,
6400,C06400,Permanent employment,40500,2026-09-10,
6401,C06401,Permanent employment,52100,2026-09-10,
6402,C06402,Retired,13100,2026-09-10,
6403,C06403,Parental leave,25400,2026-09-10,
6404,C06404,Retired,33000,2026-09-10,
6405,C06405,Student,11100,2026-09-10,
6406,C06406,Retired,18900,2026-09-10,
6407,C06407,Permanent employment,50800,2026-09-10,
6408,C06408,Permanent employment,37800,2026-09-10,
6409,C06409,Permanent employment,45500,2026-09-10,
6410,C06410,Permanent employment,49600,2026-09-10,
6411,C06411,Permanent employment,32600,2026-09-10,
6412,C06412,Permanent employment,62600,2026-09-10,
6413,C06413,Retired,19900,2026-09-10,
6414,C06414,Self-employed,57500,2026-09-10,
6415,C06415,Permanent employment,44200,2026-09-10,
6416,C06416,Permanent employment,43500,2026-09-10,
6417,C06417,Permanent employment,38500,2026-09-10,
6418,C06418,Retired,32000,2026-09-10,
6419,C06419,Permanent employment,39500,2026-09-10,
6420,C06420,Self-employed,56600,2026-09-10,
6421,C06421,Retired,26900,2026-09-10,
6422,C06422,Temporary/Probation/Freelance,31000,2026-09-10,
6423,C06423,Student,16700,2026-09-10,
6424,C06424,Permanent employment,47400,2026-09-10,
6425,C06425,Permanent employment,49400,2026-09-10,
6426,C06426,Permanent employment,40800,2026-09-10,
6427,C06427,Self-employed,46400,2026-09-10,
6428,C06428,Self-employed,38100,2026-09-10,
6429,C06429,Permanent employment,44900,2026-09-10,
6430,C06430,Permanent employment,49300,2026-09-10,
6431,C06431,Permanent employment,46300,2026-09-10,
6432,C06432,Retired,28100,2026-09-10,
6433,C06433,Permanent employment,69400,2026-09-10,
6434,C06434,Permanent employment,41500,2026-09-10,
6435,C06435,Self-employed,18000,2026-09-10,
6436,C06436,Permanent employment,42100,2026-09-10,
6437,C06437,Permanent employment,42500,2026-09-10,
6438,C06438,Permanent employment,41100,2026-09-10,
6439,C06439,Permanent employment,36200,2026-09-10,
6440,C06440,Permanent employment,50100,2026-09-10,
6441,C06441,Permanent employment,39600,2026-09-10,
6442,C06442,Permanent employment,34000,2026-09-10,
6443,C06443,Permanent employment,32800,2026-09-10,
6444,C06444,Student,10000,2026-09-10,
6445,C06445,Permanent employment,39300,2026-09-10,
6446,C06446,Permanent employment,42500,2026-09-10,
6447,C06447,Permanent employment,28600,2026-09-10,
6448,C06448,Unemployed,17400,2026-09-10,
6449,C06449,Student,8100,2026-09-10,
6450,C06450,Permanent employment,44200,2026-09-10,
6451,C06451,Retired,26800,2026-09-10,
6452,C06452,Retired,18800,2026-09-10,
6453,C06453,Self-employed,36100,2026-09-10,
6454,C06454,Permanent employment,32600,2026-09-10,
6455,C06455,Retired,21600,2026-09-10,
6456,C06456,Student,17700,2026-09-10,
6457,C06457,Permanent employment,46900,2026-09-10,
6458,C06458,Permanent employment,34500,2026-09-10,
6459,C06459,Student,12100,2026-09-10,
6460,C06460,Temporary/Probation/Freelance,40200,2026-09-10,
6461,C06461,Permanent employment,37900,2026-09-10,
6462,C06462,Unemployed,13100,2026-09-10,
6463,C06463,Retired,22600,2026-09-10,
6464,C06464,Unemployed,14500,2026-09-10,
6465,C06465,Retired,24700,2026-09-10,
6466,C06466,Temporary/Probation/Freelance,35100,2026-09-10,
6467,C06467,Permanent employment,44100,2026-09-10,
6468,C06468,Student,16200,2026-09-10,
6469,C06469,Permanent employment,29500,2026-09-10,
6470,C06470,Permanent employment,35000,2026-09-10,
6471,C06471,Permanent employment,53400,2026-09-10,
6472,C06472,Retired,20600,2026-09-10,
6473,C06473,Self-employed,55000,2026-09-10,
6474,C06474,Retired,23000,2026-09-10,
6475,C06475,Self-employed,62000,2026-09-10,
6476,C06476,Retired,26800,2026-09-10,
6477,C06477,Permanent employment,63500,2026-09-10,
6478,C06478,Unemployed,13900,2026-09-10,
6479,C06479,Permanent employment,42100,2026-09-10,
6480,C06480,Permanent employment,46900,2026-09-10,
6481,C06481,Unemployed,16700,2026-09-10,
6482,C06482,Permanent employment,39300,2026-09-10,
6483,C06483,Permanent employment,51100,2026-09-10,
6484,C06484,Student,11000,2026-09-10,
6485,C06485,Permanent employment,38600,2026-09-10,
6486,C06486,Permanent employment,48100,2026-09-10,
6487,C06487,Retired,29600,2026-09-10,
6488,C06488,Permanent employment,46300,2026-09-10,
6489,C06489,Permanent employment,43200,2026-09-10,
6490,C06490,Permanent employment,57600,2026-09-10,
6491,C06491,Permanent employment,44700,2026-09-10,
6492,C06492,Permanent employment,54400,2026-09-10,
6493,C06493,Self-employed,34900,2026-09-10,
6494,C06494,Permanent employment,32100,2026-09-10,
6495,C06495,Permanent employment,49800,2026-09-10,
6496,C06496,Permanent employment,36200,2026-09-10,
6497,C06497,Unemployed,6200,2026-09-10,
6498,C06498,Student,9000,2026-09-10,
6499,C06499,Student,12500,2026-09-10,
6500,C06500,Permanent employment,38100,2026-09-10,
6501,C06501,Permanent employment,32300,2026-09-10,
6502,C06502,Permanent employment,39400,2026-09-10,
6503,C06503,Permanent employment,37000,2026-09-10,
6504,C06504,Student,11500,2026-09-10,
6505,C06505,Permanent employment,45200,2026-09-10,
6506,C06506,Retired,33000,2026-09-10,
6507,C06507,Temporary/Probation/Freelance,24800,2026-09-10,
6508,C06508,Permanent employment,55500,2026-09-10,
6509,C06509,Retired,28000,2026-09-10,
6510,C06510,Permanent employment,38300,2026-09-10,
6511,C06511,Student,7900,2026-09-10,
6512,C06512,Self-employed,32400,2026-09-10,
6513,C06513,Retired,12000,2026-09-10,
6514,C06514,Retired,33800,2026-09-10,
6515,C06515,Permanent employment,46500,2026-09-10,
6516,C06516,Permanent employment,42500,2026-09-10,
6517,C06517,Retired,24600,2026-09-10,
6518,C06518,Permanent employment,32400,2026-09-10,
6519,C06519,Retired,26300,2026-09-10,
6520,C06520,Unemployed,17800,2026-09-10,
6521,C06521,Permanent employment,44600,2026-09-10,
6522,C06522,Permanent employment,45600,2026-09-10,
6523,C06523,Student,10300,2026-09-10,
6524,C06524,Permanent employment,22000,2026-09-10,
6525,C06525,Permanent employment,34800,2026-09-10,
6526,C06526,Permanent employment,43500,2026-09-10,
6527,C06527,Student,20000,2026-09-10,
6528,C06528,Retired,37200,2026-09-10,
6529,C06529,Permanent employment,52700,2026-09-10,
6530,C06530,Retired,14300,2026-09-10,
6531,C06531,Permanent employment,37200,2026-09-10,
6532,C06532,Retired,27600,2026-09-10,
6533,C06533,Retired,15700,2026-09-10,
6534,C06534,Student,14400,2026-09-10,
6535,C06535,Permanent employment,36500,2026-09-10,
6536,C06536,Permanent employment,48900,2026-09-10,
6537,C06537,Permanent employment,50700,2026-09-10,
6538,C06538,Retired,21200,2026-09-10,
6539,C06539,Permanent employment,44500,2026-09-10,
6540,C06540,Permanent employment,39100,2026-09-10,
6541,C06541,Temporary/Probation/Freelance,32100,2026-09-10,
6542,C06542,Retired,12000,2026-09-10,
6543,C06543,Permanent employment,40900,2026-09-10,
6544,C06544,Permanent employment,49900,2026-09-10,
6545,C06545,Permanent employment,49300,2026-09-10,
6546,C06546,Permanent employment,44100,2026-09-10,
6547,C06547,Permanent employment,37600,2026-09-10,
6548,C06548,Permanent employment,36000,2026-09-10,
6549,C06549,Permanent employment,42200,2026-09-10,
6550,C06550,Permanent employment,38300,2026-09-10,
6551,C06551,Permanent employment,36800,2026-09-10,
6552,C06552,Self-employed,48900,2026-09-10,
6553,C06553,Permanent employment,44800,2026-09-10,
6554,C06554,Permanent employment,46700,2026-09-10,
6555,C06555,Permanent employment,45600,2026-09-10,
6556,C06556,Retired,25100,2026-09-10,
6557,C06557,Permanent employment,41100,2026-09-10,
6558,C06558,Permanent employment,35800,2026-09-10,
6559,C06559,Permanent employment,42800,2026-09-10,
6560,C06560,Retired,20300,2026-09-10,
6561,C06561,Permanent employment,36500,2026-09-10,
6562,C06562,Permanent employment,42700,2026-09-10,
6563,C06563,Student,9600,2026-09-10,
6564,C06564,Permanent employment,60800,2026-09-10,
6565,C06565,Permanent employment,42500,2026-09-10,
6566,C06566,Permanent employment,43700,2026-09-10,
6567,C06567,Permanent employment,42600,2026-09-10,
6568,C06568,Permanent employment,35200,2026-09-10,
6569,C06569,Permanent employment,32400,2026-09-10,
6570,C06570,Permanent employment,50200,2026-09-10,
6571,C06571,Permanent employment,50100,2026-09-10,
6572,C06572,Student,12000,2026-09-10,
6573,C06573,Temporary/Probation/Freelance,41900,2026-09-10,
6574,C06574,Retired,25400,2026-09-10,
6575,C06575,Permanent employment,35700,2026-09-10,
6576,C06576,Self-employed,43700,2026-09-10,
6577,C06577,Permanent employment,25500,2026-09-10,
6578,C06578,Permanent employment,53200,2026-09-10,
6579,C06579,Unemployed,10100,2026-09-10,
6580,C06580,Permanent employment,46800,2026-09-10,
6581,C06581,Retired,19000,2026-09-10,
6582,C06582,Retired,25800,2026-09-10,
6583,C06583,Permanent employment,54700,2026-09-10,
6584,C06584,Permanent employment,42200,2026-09-10,
6585,C06585,Permanent employment,48700,2026-09-10,
6586,C06586,Permanent employment,43800,2026-09-10,
6587,C06587,Unemployed,12900,2026-09-10,
6588,C06588,Student,8500,2026-09-10,
6589,C06589,Permanent employment,43300,2026-09-10,
6590,C06590,Permanent employment,43200,2026-09-10,
6591,C06591,Permanent employment,49800,2026-09-10,
6592,C06592,Permanent employment,43800,2026-09-10,
6593,C06593,Permanent employment,52100,2026-09-10,
6594,C06594,Retired,28800,2026-09-10,
6595,C06595,Retired,24700,2026-09-10,
6596,C06596,Permanent employment,49800,2026-09-10,
6597,C06597,Permanent employment,45200,2026-09-10,
6598,C06598,Parental leave,41100,2026-09-10,
6599,C06599,Permanent employment,38100,2026-09-10,
6600,C06600,Permanent employment,51200,2026-09-10,
6601,C06601,Permanent employment,49800,2026-09-10,
6602,C06602,Permanent employment,51500,2026-09-10,
6603,C06603,Permanent employment,41700,2026-09-10,
6604,C06604,Retired,24600,2026-09-10,
6605,C06605,Permanent employment,41700,2026-09-10,
6606,C06606,Permanent employment,40500,2026-09-10,
6607,C06607,Permanent employment,32000,2026-09-10,
6608,C06608,Self-employed,69500,2026-09-10,
6609,C06609,Permanent employment,44000,2026-09-10,
6610,C06610,Self-employed,76100,2026-09-10,
6611,C06611,Retired,19300,2026-09-10,
6612,C06612,Permanent employment,44400,2026-09-10,
6613,C06613,Temporary/Probation/Freelance,30800,2026-09-10,
6614,C06614,Permanent employment,34700,2026-09-10,
6615,C06615,Permanent employment,43300,2026-09-10,
6616,C06616,Self-employed,21100,2026-09-10,
6617,C06617,Permanent employment,46300,2026-09-10,
6618,C06618,Unemployed,17600,2026-09-10,
6619,C06619,Permanent employment,34500,2026-09-10,
6620,C06620,Self-employed,70900,2026-09-10,
6621,C06621,Temporary/Probation/Freelance,19900,2026-09-10,
6622,C06622,Permanent employment,46900,2026-09-10,
6623,C06623,Permanent employment,42900,2026-09-10,
6624,C06624,Permanent employment,43700,2026-09-10,
6625,C06625,Retired,21500,2026-09-10,
6626,C06626,Temporary/Probation/Freelance,34200,2026-09-10,
6627,C06627,Retired,17700,2026-09-10,
6628,C06628,Permanent employment,49600,2026-09-10,
6629,C06629,Permanent employment,48700,2026-09-10,
6630,C06630,Self-employed,42100,2026-09-10,
6631,C06631,Unemployed,17500,2026-09-10,
6632,C06632,Permanent employment,34400,2026-09-10,
6633,C06633,Temporary/Probation/Freelance,29700,2026-09-10,
6634,C06634,Permanent employment,34500,2026-09-10,
6635,C06635,Temporary/Probation/Freelance,25500,2026-09-10,
6636,C06636,Permanent employment,38900,2026-09-10,
6637,C06637,Retired,12000,2026-09-10,
6638,C06638,Student,9200,2026-09-10,
6639,C06639,Permanent employment,37200,2026-09-10,
6640,C06640,Student,11500,2026-09-10,
6641,C06641,Permanent employment,47000,2026-09-10,
6642,C06642,Retired,22300,2026-09-10,
6643,C06643,Temporary/Probation/Freelance,34000,2026-09-10,
6644,C06644,Self-employed,61100,2026-09-10,
6645,C06645,Permanent employment,52700,2026-09-10,
6646,C06646,Student,12900,2026-09-10,
6647,C06647,Permanent employment,46400,2026-09-10,
6648,C06648,Retired,17000,2026-09-10,
6649,C06649,Self-employed,59600,2026-09-10,
6650,C06650,Permanent employment,36100,2026-09-10,
6651,C06651,Temporary/Probation/Freelance,32600,2026-09-10,
6652,C06652,Retired,28500,2026-09-10,
6653,C06653,Permanent employment,48000,2026-09-10,
6654,C06654,Permanent employment,22000,2026-09-10,
6655,C06655,Permanent employment,43600,2026-09-10,
6656,C06656,Temporary/Probation/Freelance,42100,2026-09-10,
6657,C06657,Self-employed,18000,2026-09-10,
6658,C06658,Permanent employment,46200,2026-09-10,
6659,C06659,Self-employed,41600,2026-09-10,
6660,C06660,Self-employed,45800,2026-09-10,
6661,C06661,Unemployed,19100,2026-09-10,
6662,C06662,Permanent employment,46700,2026-09-10,
6663,C06663,Permanent employment,38100,2026-09-10,
6664,C06664,Permanent employment,38300,2026-09-10,
6665,C06665,Retired,18500,2026-09-10,
6666,C06666,Temporary/Probation/Freelance,15000,2026-09-10,
6667,C06667,Permanent employment,41200,2026-09-10,
6668,C06668,Self-employed,57200,2026-09-10,
6669,C06669,Permanent employment,40300,2026-09-10,
6670,C06670,Permanent employment,39200,2026-09-10,
6671,C06671,Permanent employment,43000,2026-09-10,
6672,C06672,Retired,23400,2026-09-10,
6673,C06673,Self-employed,54700,2026-09-10,
6674,C06674,Permanent employment,35900,2026-09-10,
6675,C06675,Permanent employment,40100,2026-09-10,
6676,C06676,Self-employed,25500,2026-09-10,
6677,C06677,Permanent employment,40000,2026-09-10,
6678,C06678,Permanent employment,41100,2026-09-10,
6679,C06679,Temporary/Probation/Freelance,24700,2026-09-10,
6680,C06680,Permanent employment,40700,2026-09-10,
6681,C06681,Unemployed,16800,2026-09-10,
6682,C06682,Permanent employment,43500,2026-09-10,
6683,C06683,Retired,17200,2026-09-10,
6684,C06684,Permanent employment,35500,2026-09-10,
6685,C06685,Permanent employment,34500,2026-09-10,
6686,C06686,Student,13300,2026-09-10,
6687,C06687,Permanent employment,39100,2026-09-10,
6688,C06688,Permanent employment,41200,2026-09-10,
6689,C06689,Permanent employment,36400,2026-09-10,
6690,C06690,Temporary/Probation/Freelance,30100,2026-09-10,
6691,C06691,Permanent employment,41400,2026-09-10,
6692,C06692,Permanent employment,41100,2026-09-10,
6693,C06693,Permanent employment,45400,2026-09-10,
6694,C06694,Retired,12000,2026-09-10,
6695,C06695,Unemployed,15400,2026-09-10,
6696,C06696,Permanent employment,42400,2026-09-10,
6697,C06697,Retired,32500,2026-09-10,
6698,C06698,Permanent employment,39200,2026-09-10,
6699,C06699,Retired,27700,2026-09-10,
6700,C06700,Permanent employment,45600,2026-09-10,
6701,C06701,Self-employed,29600,2026-09-10,
6702,C06702,Retired,31400,2026-09-10,
6703,C06703,Self-employed,52200,2026-09-10,
6704,C06704,Permanent employment,42600,2026-09-10,
6705,C06705,Permanent employment,38900,2026-09-10,
6706,C06706,Retired,32000,2026-09-10,
6707,C06707,Retired,29900,2026-09-10,
6708,C06708,Permanent employment,45100,2026-09-10,
6709,C06709,Permanent employment,42900,2026-09-10,
6710,C06710,Retired,16100,2026-09-10,
6711,C06711,Temporary/Probation/Freelance,41000,2026-09-10,
6712,C06712,Permanent employment,30200,2026-09-10,
6713,C06713,Retired,30200,2026-09-10,
6714,C06714,Retired,38000,2026-09-10,
6715,C06715,Permanent employment,37600,2026-09-10,
6716,C06716,Permanent employment,41500,2026-09-10,
6717,C06717,Permanent employment,32500,2026-09-10,
6718,C06718,Permanent employment,53700,2026-09-10,
6719,C06719,Parental leave,30800,2026-09-10,
6720,C06720,Parental leave,21100,2026-09-10,
6721,C06721,Permanent employment,35400,2026-09-10,
6722,C06722,Student,13300,2026-09-10,
6723,C06723,Retired,18800,2026-09-10,
6724,C06724,Permanent employment,32600,2026-09-10,
6725,C06725,Self-employed,55100,2026-09-10,
6726,C06726,Permanent employment,40600,2026-09-10,
6727,C06727,Permanent employment,39700,2026-09-10,
6728,C06728,Permanent employment,35500,2026-09-10,
6729,C06729,Retired,21600,2026-09-10,
6730,C06730,Permanent employment,41600,2026-09-10,
6731,C06731,Permanent employment,54600,2026-09-10,
6732,C06732,Permanent employment,43200,2026-09-10,
6733,C06733,Retired,28000,2026-09-10,
6734,C06734,Permanent employment,44400,2026-09-10,
6735,C06735,Permanent employment,32700,2026-09-10,
6736,C06736,Permanent employment,55100,2026-09-10,
6737,C06737,Retired,23800,2026-09-10,
6738,C06738,Permanent employment,23300,2026-09-10,
6739,C06739,Temporary/Probation/Freelance,54100,2026-09-10,
6740,C06740,Permanent employment,44600,2026-09-10,
6741,C06741,Permanent employment,30000,2026-09-10,
6742,C06742,Temporary/Probation/Freelance,37000,2026-09-10,
6743,C06743,Permanent employment,51800,2026-09-10,
6744,C06744,Permanent employment,40200,2026-09-10,
6745,C06745,Permanent employment,38700,2026-09-10,
6746,C06746,Retired,22100,2026-09-10,
6747,C06747,Permanent employment,47800,2026-09-10,
6748,C06748,Parental leave,34800,2026-09-10,
6749,C06749,Retired,19600,2026-09-10,
6750,C06750,Permanent employment,54900,2026-09-10,
6751,C06751,Permanent employment,34300,2026-09-10,
6752,C06752,Permanent employment,40800,2026-09-10,
6753,C06753,Self-employed,42800,2026-09-10,
6754,C06754,Unemployed,12800,2026-09-10,
6755,C06755,Permanent employment,26400,2026-09-10,
6756,C06756,Self-employed,67800,2026-09-10,
6757,C06757,Retired,22900,2026-09-10,
6758,C06758,Permanent employment,47600,2026-09-10,
6759,C06759,Retired,26200,2026-09-10,
6760,C06760,Temporary/Probation/Freelance,32900,2026-09-10,
6761,C06761,Permanent employment,43800,2026-09-10,
6762,C06762,Parental leave,19200,2026-09-10,
6763,C06763,Temporary/Probation/Freelance,37200,2026-09-10,
6764,C06764,Permanent employment,44400,2026-09-10,
6765,C06765,Permanent employment,39700,2026-09-10,
6766,C06766,Retired,20600,2026-09-10,
6767,C06767,Retired,26000,2026-09-10,
6768,C06768,Unemployed,12000,2026-09-10,
6769,C06769,Retired,22400,2026-09-10,
6770,C06770,Permanent employment,49900,2026-09-10,
6771,C06771,Permanent employment,39400,2026-09-10,
6772,C06772,Retired,17800,2026-09-10,
6773,C06773,Unemployed,16200,2026-09-10,
6774,C06774,Permanent employment,35900,2026-09-10,
6775,C06775,Permanent employment,50900,2026-09-10,
6776,C06776,Permanent employment,42300,2026-09-10,
6777,C06777,Retired,24900,2026-09-10,
6778,C06778,Permanent employment,49200,2026-09-10,
6779,C06779,Retired,17800,2026-09-10,
6780,C06780,Temporary/Probation/Freelance,35700,2026-09-10,
6781,C06781,Permanent employment,56900,2026-09-10,
6782,C06782,Permanent employment,48300,2026-09-10,
6783,C06783,Permanent employment,46400,2026-09-10,
6784,C06784,Permanent employment,51300,2026-09-10,
6785,C06785,Temporary/Probation/Freelance,36600,2026-09-10,
6786,C06786,Permanent employment,44000,2026-09-10,
6787,C06787,Retired,17300,2026-09-10,
6788,C06788,Retired,19300,2026-09-10,
6789,C06789,Unemployed,12500,2026-09-10,
6790,C06790,Self-employed,22100,2026-09-10,
6791,C06791,Retired,33600,2026-09-10,
6792,C06792,Permanent employment,38500,2026-09-10,
6793,C06793,Permanent employment,44600,2026-09-10,
6794,C06794,Permanent employment,38700,2026-09-10,
6795,C06795,Permanent employment,49100,2026-09-10,
6796,C06796,Permanent employment,51900,2026-09-10,
6797,C06797,Retired,14700,2026-09-10,
6798,C06798,Student,13300,2026-09-10,
6799,C06799,Parental leave,22800,2026-09-10,
6800,C06800,Permanent employment,42200,2026-09-10,
6801,C06801,Student,23300,2026-09-10,
6802,C06802,Parental leave,31700,2026-09-10,
6803,C06803,Permanent employment,44300,2026-09-10,
6804,C06804,Parental leave,31900,2026-09-10,
6805,C06805,Parental leave,29100,2026-09-10,
6806,C06806,Retired,19600,2026-09-10,
6807,C06807,Permanent employment,53400,2026-09-10,
6808,C06808,Permanent employment,58400,2026-09-10,
6809,C06809,Permanent employment,45400,2026-09-10,
6810,C06810,Self-employed,66800,2026-09-10,
6811,C06811,Retired,30000,2026-09-10,
6812,C06812,Student,9100,2026-09-10,
6813,C06813,Permanent employment,30400,2026-09-10,
6814,C06814,Retired,20800,2026-09-10,
6815,C06815,Self-employed,81800,2026-09-10,
6816,C06816,Parental leave,34900,2026-09-10,
6817,C06817,Student,10200,2026-09-10,
6818,C06818,Retired,20500,2026-09-10,
6819,C06819,Permanent employment,46600,2026-09-10,
6820,C06820,Permanent employment,33900,2026-09-10,
6821,C06821,Permanent employment,39700,2026-09-10,
6822,C06822,Permanent employment,43600,2026-09-10,
6823,C06823,Permanent employment,40000,2026-09-10,
6824,C06824,Self-employed,41200,2026-09-10,
6825,C06825,Permanent employment,42800,2026-09-10,
6826,C06826,Retired,37500,2026-09-10,
6827,C06827,Permanent employment,43000,2026-09-10,
6828,C06828,Permanent employment,36900,2026-09-10,
6829,C06829,Permanent employment,50000,2026-09-10,
6830,C06830,Permanent employment,45300,2026-09-10,
6831,C06831,Retired,12000,2026-09-10,
6832,C06832,Permanent employment,46400,2026-09-10,
6833,C06833,Permanent employment,36700,2026-09-10,
6834,C06834,Retired,24800,2026-09-10,
6835,C06835,Retired,18300,2026-09-10,
6836,C06836,Parental leave,23200,2026-09-10,
6837,C06837,Temporary/Probation/Freelance,26400,2026-09-10,
6838,C06838,Self-employed,18000,2026-09-10,
6839,C06839,Permanent employment,33100,2026-09-10,
6840,C06840,Permanent employment,45900,2026-09-10,
6841,C06841,Self-employed,51600,2026-09-10,
6842,C06842,Permanent employment,24900,2026-09-10,
6843,C06843,Permanent employment,44800,2026-09-10,
6844,C06844,Permanent employment,54600,2026-09-10,
6845,C06845,Retired,36000,2026-09-10,
6846,C06846,Permanent employment,34300,2026-09-10,
6847,C06847,Unemployed,11400,2026-09-10,
6848,C06848,Permanent employment,38700,2026-09-10,
6849,C06849,Permanent employment,57800,2026-09-10,
6850,C06850,Student,7400,2026-09-10,
6851,C06851,Student,6500,2026-09-10,
6852,C06852,Permanent employment,48900,2026-09-10,
6853,C06853,Retired,31900,2026-09-10,
6854,C06854,Permanent employment,49800,2026-09-10,
6855,C06855,Student,4700,2026-09-10,
6856,C06856,Permanent employment,48500,2026-09-10,
6857,C06857,Temporary/Probation/Freelance,41700,2026-09-10,
6858,C06858,Permanent employment,45000,2026-09-10,
6859,C06859,Retired,26000,2026-09-10,
6860,C06860,Permanent employment,44400,2026-09-10,
6861,C06861,Temporary/Probation/Freelance,27800,2026-09-10,
6862,C06862,Self-employed,53200,2026-09-10,
6863,C06863,Retired,30100,2026-09-10,
6864,C06864,Student,16500,2026-09-10,
6865,C06865,Parental leave,29700,2026-09-10,
6866,C06866,Temporary/Probation/Freelance,30500,2026-09-10,
6867,C06867,Permanent employment,41500,2026-09-10,
6868,C06868,Permanent employment,49000,2026-09-10,
6869,C06869,Temporary/Probation/Freelance,26500,2026-09-10,
6870,C06870,Retired,23200,2026-09-10,
6871,C06871,Permanent employment,45600,2026-09-10,
6872,C06872,Self-employed,48800,2026-09-10,
6873,C06873,Permanent employment,34500,2026-09-10,
6874,C06874,Permanent employment,48800,2026-09-10,
6875,C06875,Retired,27000,2026-09-10,
6876,C06876,Self-employed,47800,2026-09-10,
6877,C06877,Permanent employment,40500,2026-09-10,
6878,C06878,Self-employed,44000,2026-09-10,
6879,C06879,Permanent employment,32900,2026-09-10,
6880,C06880,Permanent employment,52700,2026-09-10,
6881,C06881,Retired,13700,2026-09-10,
6882,C06882,Permanent employment,31900,2026-09-10,
6883,C06883,Permanent employment,53400,2026-09-10,
6884,C06884,Permanent employment,35500,2026-09-10,
6885,C06885,Retired,22800,2026-09-10,
6886,C06886,Permanent employment,55700,2026-09-10,
6887,C06887,Permanent employment,38500,2026-09-10,
6888,C06888,Self-employed,20200,2026-09-10,
6889,C06889,Permanent employment,43300,2026-09-10,
6890,C06890,Permanent employment,48100,2026-09-10,
6891,C06891,Permanent employment,45900,2026-09-10,
6892,C06892,Retired,12000,2026-09-10,
6893,C06893,Retired,33000,2026-09-10,
6894,C06894,Permanent employment,57400,2026-09-10,
6895,C06895,Permanent employment,44800,2026-09-10,
6896,C06896,Unemployed,11300,2026-09-10,
6897,C06897,Permanent employment,46700,2026-09-10,
6898,C06898,Permanent employment,33800,2026-09-10,
6899,C06899,Permanent employment,49400,2026-09-10,
6900,C06900,Permanent employment,45100,2026-09-10,
6901,C06901,Permanent employment,41800,2026-09-10,
6902,C06902,Permanent employment,43200,2026-09-10,
6903,C06903,Student,22800,2026-09-10,
6904,C06904,Permanent employment,46100,2026-09-10,
6905,C06905,Permanent employment,46200,2026-09-10,
6906,C06906,Student,2400,2026-09-10,
6907,C06907,Parental leave,21400,2026-09-10,
6908,C06908,Retired,24800,2026-09-10,
6909,C06909,Retired,23300,2026-09-10,
6910,C06910,Permanent employment,38300,2026-09-10,
6911,C06911,Parental leave,24100,2026-09-10,
6912,C06912,Retired,28100,2026-09-10,
6913,C06913,Permanent employment,34000,2026-09-10,
6914,C06914,Student,6200,2026-09-10,
6915,C06915,Permanent employment,37700,2026-09-10,
6916,C06916,Permanent employment,32300,2026-09-10,
6917,C06917,Permanent employment,42400,2026-09-10,
6918,C06918,Retired,23700,2026-09-10,
6919,C06919,Unemployed,14900,2026-09-10,
6920,C06920,Permanent employment,42100,2026-09-10,
6921,C06921,Retired,12000,2026-09-10,
6922,C06922,Permanent employment,22200,2026-09-10,
6923,C06923,Permanent employment,34400,2026-09-10,
6924,C06924,Permanent employment,52200,2026-09-10,
6925,C06925,Permanent employment,44300,2026-09-10,
6926,C06926,Student,12100,2026-09-10,
6927,C06927,Permanent employment,54800,2026-09-10,
6928,C06928,Permanent employment,41800,2026-09-10,
6929,C06929,Permanent employment,42900,2026-09-10,
6930,C06930,Unemployed,14200,2026-09-10,
6931,C06931,Permanent employment,45400,2026-09-10,
6932,C06932,Permanent employment,30700,2026-09-10,
6933,C06933,Permanent employment,48500,2026-09-10,
6934,C06934,Permanent employment,38700,2026-09-10,
6935,C06935,Retired,18100,2026-09-10,
6936,C06936,Permanent employment,43800,2026-09-10,
6937,C06937,Self-employed,18000,2026-09-10,
6938,C06938,Student,2300,2026-09-10,
6939,C06939,Permanent employment,51200,2026-09-10,
6940,C06940,Permanent employment,43500,2026-09-10,
6941,C06941,Retired,33200,2026-09-10,
6942,C06942,Retired,24300,2026-09-10,
6943,C06943,Permanent employment,44500,2026-09-10,
6944,C06944,Unemployed,13900,2026-09-10,
6945,C06945,Permanent employment,37900,2026-09-10,
6946,C06946,Permanent employment,45900,2026-09-10,
6947,C06947,Permanent employment,33300,2026-09-10,
6948,C06948,Permanent employment,40200,2026-09-10,
6949,C06949,Permanent employment,37200,2026-09-10,
6950,C06950,Student,13700,2026-09-10,
6951,C06951,Permanent employment,46000,2026-09-10,
6952,C06952,Permanent employment,53600,2026-09-10,
6953,C06953,Permanent employment,50100,2026-09-10,
6954,C06954,Temporary/Probation/Freelance,29600,2026-09-10,
6955,C06955,Permanent employment,53800,2026-09-10,
6956,C06956,Permanent employment,47700,2026-09-10,
6957,C06957,Permanent employment,28800,2026-09-10,
6958,C06958,Permanent employment,38700,2026-09-10,
6959,C06959,Permanent employment,42000,2026-09-10,
6960,C06960,Permanent employment,52200,2026-09-10,
6961,C06961,Permanent employment,42000,2026-09-10,
6962,C06962,Temporary/Probation/Freelance,24500,2026-09-10,
6963,C06963,Retired,12000,2026-09-10,
6964,C06964,Retired,32900,2026-09-10,
6965,C06965,Permanent employment,55100,2026-09-10,
6966,C06966,Parental leave,23200,2026-09-10,
6967,C06967,Retired,14000,2026-09-10,
6968,C06968,Permanent employment,52300,2026-09-10,
6969,C06969,Permanent employment,52100,2026-09-10,
6970,C06970,Permanent employment,39900,2026-09-10,
6971,C06971,Parental leave,28600,2026-09-10,
6972,C06972,Permanent employment,48900,2026-09-10,
6973,C06973,Student,4900,2026-09-10,
6974,C06974,Permanent employment,38700,2026-09-10,
6975,C06975,Permanent employment,42600,2026-09-10,
6976,C06976,Unemployed,10000,2026-09-10,
6977,C06977,Permanent employment,63400,2026-09-10,
6978,C06978,Retired,32600,2026-09-10,
6979,C06979,Permanent employment,40900,2026-09-10,
6980,C06980,Student,10600,2026-09-10,
6981,C06981,Permanent employment,26800,2026-09-10,
6982,C06982,Permanent employment,47800,2026-09-10,
6983,C06983,Retired,29100,2026-09-10,
6984,C06984,Retired,19200,2026-09-10,
6985,C06985,Retired,20800,2026-09-10,
6986,C06986,Permanent employment,38600,2026-09-10,
6987,C06987,Permanent employment,54700,2026-09-10,
6988,C06988,Student,16700,2026-09-10,
6989,C06989,Permanent employment,40700,2026-09-10,
6990,C06990,Permanent employment,30900,2026-09-10,
6991,C06991,Retired,15200,2026-09-10,
6992,C06992,Self-employed,32100,2026-09-10,
6993,C06993,Self-employed,39800,2026-09-10,
6994,C06994,Permanent employment,33300,2026-09-10,
6995,C06995,Retired,27800,2026-09-10,
6996,C06996,Self-employed,18000,2026-09-10,
6997,C06997,Temporary/Probation/Freelance,19700,2026-09-10,
6998,C06998,Retired,19500,2026-09-10,
6999,C06999,Permanent employment,34000,2026-09-10,
7000,C07000,Permanent employment,52000,2026-09-10,
7001,C07001,Temporary/Probation/Freelance,39100,2026-09-10,
7002,C07002,Temporary/Probation/Freelance,16400,2026-09-10,
7003,C07003,Retired,25900,2026-09-10,
7004,C07004,Permanent employment,40200,2026-09-10,
7005,C07005,Permanent employment,44900,2026-09-10,
7006,C07006,Self-employed,54600,2026-09-10,
7007,C07007,Permanent employment,30600,2026-09-10,
7008,C07008,Permanent employment,37500,2026-09-10,
7009,C07009,Permanent employment,41600,2026-09-10,
7010,C07010,Unemployed,18300,2026-09-10,
7011,C07011,Permanent employment,25000,2026-09-10,
7012,C07012,Temporary/Probation/Freelance,29700,2026-09-10,
7013,C07013,Permanent employment,48800,2026-09-10,
7014,C07014,Permanent employment,41000,2026-09-10,
7015,C07015,Permanent employment,51000,2026-09-10,
7016,C07016,Retired,27100,2026-09-10,
7017,C07017,Permanent employment,24400,2026-09-10,
7018,C07018,Student,15800,2026-09-10,
7019,C07019,Permanent employment,41600,2026-09-10,
7020,C07020,Retired,25300,2026-09-10,
7021,C07021,Permanent employment,55900,2026-09-10,
7022,C07022,Retired,23800,2026-09-10,
7023,C07023,Retired,21400,2026-09-10,
7024,C07024,Permanent employment,34900,2026-09-10,
7025,C07025,Permanent employment,35700,2026-09-10,
7026,C07026,Permanent employment,36500,2026-09-10,
7027,C07027,Temporary/Probation/Freelance,29700,2026-09-10,
7028,C07028,Retired,39200,2026-09-10,
7029,C07029,Permanent employment,42800,2026-09-10,
7030,C07030,Permanent employment,37800,2026-09-10,
7031,C07031,Permanent employment,47800,2026-09-10,
7032,C07032,Permanent employment,40100,2026-09-10,
7033,C07033,Permanent employment,54600,2026-09-10,
7034,C07034,Permanent employment,41600,2026-09-10,
7035,C07035,Permanent employment,53600,2026-09-10,
7036,C07036,Permanent employment,47200,2026-09-10,
7037,C07037,Self-employed,46500,2026-09-10,
7038,C07038,Permanent employment,40700,2026-09-10,
7039,C07039,Permanent employment,51600,2026-09-10,
7040,C07040,Retired,23100,2026-09-10,
7041,C07041,Permanent employment,39500,2026-09-10,
7042,C07042,Permanent employment,56100,2026-09-10,
7043,C07043,Unemployed,5600,2026-09-10,
7044,C07044,Permanent employment,48600,2026-09-10,
7045,C07045,Retired,38100,2026-09-10,
7046,C07046,Permanent employment,38800,2026-09-10,
7047,C07047,Permanent employment,38400,2026-09-10,
7048,C07048,Student,4400,2026-09-10,
7049,C07049,Temporary/Probation/Freelance,37000,2026-09-10,
7050,C07050,Permanent employment,40500,2026-09-10,
7051,C07051,Retired,23000,2026-09-10,
7052,C07052,Permanent employment,49500,2026-09-10,
7053,C07053,Retired,12700,2026-09-10,
7054,C07054,Unemployed,7900,2026-09-10,
7055,C07055,Permanent employment,47300,2026-09-10,
7056,C07056,Permanent employment,35300,2026-09-10,
7057,C07057,Retired,17000,2026-09-10,
7058,C07058,Unemployed,14000,2026-09-10,
7059,C07059,Retired,23000,2026-09-10,
7060,C07060,Retired,17500,2026-09-10,
7061,C07061,Retired,25000,2026-09-10,
7062,C07062,Permanent employment,38000,2026-09-10,
7063,C07063,Permanent employment,48000,2026-09-10,
7064,C07064,Unemployed,13200,2026-09-10,
7065,C07065,Temporary/Probation/Freelance,44700,2026-09-10,
7066,C07066,Unemployed,8800,2026-09-10,
7067,C07067,Temporary/Probation/Freelance,25300,2026-09-10,
7068,C07068,Permanent employment,51500,2026-09-10,
7069,C07069,Permanent employment,30600,2026-09-10,
7070,C07070,Student,10200,2026-09-10,
7071,C07071,Unemployed,6100,2026-09-10,
7072,C07072,Unemployed,9700,2026-09-10,
7073,C07073,Unemployed,10300,2026-09-10,
7074,C07074,Permanent employment,28800,2026-09-10,
7075,C07075,Permanent employment,51900,2026-09-10,
7076,C07076,Permanent employment,36100,2026-09-10,
7077,C07077,Permanent employment,42700,2026-09-10,
7078,C07078,Permanent employment,37400,2026-09-10,
7079,C07079,Permanent employment,37000,2026-09-10,
7080,C07080,Permanent employment,50100,2026-09-10,
7081,C07081,Permanent employment,46200,2026-09-10,
7082,C07082,Permanent employment,40700,2026-09-10,
7083,C07083,Permanent employment,56200,2026-09-10,
7084,C07084,Permanent employment,25600,2026-09-10,
7085,C07085,Retired,31100,2026-09-10,
7086,C07086,Permanent employment,22000,2026-09-10,
7087,C07087,Temporary/Probation/Freelance,31100,2026-09-10,
7088,C07088,Permanent employment,51800,2026-09-10,
7089,C07089,Permanent employment,32500,2026-09-10,
7090,C07090,Permanent employment,46700,2026-09-10,
7091,C07091,Permanent employment,37000,2026-09-10,
7092,C07092,Permanent employment,37400,2026-09-10,
7093,C07093,Retired,25500,2026-09-10,
7094,C07094,Permanent employment,41700,2026-09-10,
7095,C07095,Permanent employment,61600,2026-09-10,
7096,C07096,Permanent employment,43700,2026-09-10,
7097,C07097,Retired,29800,2026-09-10,
7098,C07098,Permanent employment,30800,2026-09-10,
7099,C07099,Temporary/Probation/Freelance,32800,2026-09-10,
7100,C07100,Retired,22100,2026-09-10,
7101,C07101,Permanent employment,24700,2026-09-10,
7102,C07102,Self-employed,51900,2026-09-10,
7103,C07103,Retired,16900,2026-09-10,
7104,C07104,Permanent employment,31000,2026-09-10,
7105,C07105,Temporary/Probation/Freelance,30900,2026-09-10,
7106,C07106,Student,5900,2026-09-10,
7107,C07107,Student,8500,2026-09-10,
7108,C07108,Permanent employment,26300,2026-09-10,
7109,C07109,Retired,30600,2026-09-10,
7110,C07110,Temporary/Probation/Freelance,15000,2026-09-10,
7111,C07111,Retired,26900,2026-09-10,
7112,C07112,Retired,27600,2026-09-10,
7113,C07113,Permanent employment,46400,2026-09-10,
7114,C07114,Permanent employment,45200,2026-09-10,
7115,C07115,Permanent employment,36800,2026-09-10,
7116,C07116,Retired,37600,2026-09-10,
7117,C07117,Retired,17600,2026-09-10,
7118,C07118,Student,13300,2026-09-10,
7119,C07119,Temporary/Probation/Freelance,44600,2026-09-10,
7120,C07120,Permanent employment,43500,2026-09-10,
7121,C07121,Retired,18900,2026-09-10,
7122,C07122,Permanent employment,43600,2026-09-10,
7123,C07123,Permanent employment,41000,2026-09-10,
7124,C07124,Retired,17900,2026-09-10,
7125,C07125,Parental leave,34200,2026-09-10,
7126,C07126,Permanent employment,50300,2026-09-10,
7127,C07127,Student,9800,2026-09-10,
7128,C07128,Permanent employment,45500,2026-09-10,
7129,C07129,Permanent employment,46200,2026-09-10,
7130,C07130,Retired,22600,2026-09-10,
7131,C07131,Permanent employment,43100,2026-09-10,
7132,C07132,Unemployed,8600,2026-09-10,
7133,C07133,Student,6300,2026-09-10,
7134,C07134,Permanent employment,37900,2026-09-10,
7135,C07135,Permanent employment,59800,2026-09-10,
7136,C07136,Permanent employment,35000,2026-09-10,
7137,C07137,Retired,20400,2026-09-10,
7138,C07138,Self-employed,21700,2026-09-10,
7139,C07139,Permanent employment,28500,2026-09-10,
7140,C07140,Permanent employment,47700,2026-09-10,
7141,C07141,Retired,27600,2026-09-10,
7142,C07142,Permanent employment,47500,2026-09-10,
7143,C07143,Permanent employment,29800,2026-09-10,
7144,C07144,Self-employed,56400,2026-09-10,
7145,C07145,Retired,38900,2026-09-10,
7146,C07146,Permanent employment,49700,2026-09-10,
7147,C07147,Permanent employment,47000,2026-09-10,
7148,C07148,Permanent employment,32600,2026-09-10,
7149,C07149,Permanent employment,55200,2026-09-10,
7150,C07150,Permanent employment,40500,2026-09-10,
7151,C07151,Unemployed,16000,2026-09-10,
7152,C07152,Parental leave,23800,2026-09-10,
7153,C07153,Retired,23200,2026-09-10,
7154,C07154,Permanent employment,49800,2026-09-10,
7155,C07155,Permanent employment,51300,2026-09-10,
7156,C07156,Permanent employment,43100,2026-09-10,
7157,C07157,Permanent employment,60100,2026-09-10,
7158,C07158,Permanent employment,43500,2026-09-10,
7159,C07159,Permanent employment,53000,2026-09-10,
7160,C07160,Temporary/Probation/Freelance,25500,2026-09-10,
7161,C07161,Permanent employment,34300,2026-09-10,
7162,C07162,Permanent employment,43600,2026-09-10,
7163,C07163,Permanent employment,31200,2026-09-10,
7164,C07164,Permanent employment,45200,2026-09-10,
7165,C07165,Permanent employment,43700,2026-09-10,
7166,C07166,Student,13100,2026-09-10,
7167,C07167,Retired,23800,2026-09-10,
7168,C07168,Temporary/Probation/Freelance,27600,2026-09-10,
7169,C07169,Temporary/Probation/Freelance,30600,2026-09-10,
7170,C07170,Permanent employment,45900,2026-09-10,
7171,C07171,Permanent employment,52200,2026-09-10,
7172,C07172,Retired,32800,2026-09-10,
7173,C07173,Permanent employment,29200,2026-09-10,
7174,C07174,Permanent employment,50500,2026-09-10,
7175,C07175,Permanent employment,42900,2026-09-10,
7176,C07176,Permanent employment,59300,2026-09-10,
7177,C07177,Retired,20200,2026-09-10,
7178,C07178,Permanent employment,40900,2026-09-10,
7179,C07179,Temporary/Probation/Freelance,32100,2026-09-10,
7180,C07180,Permanent employment,28100,2026-09-10,
7181,C07181,Student,0,2026-09-10,
7182,C07182,Permanent employment,47200,2026-09-10,
7183,C07183,Retired,15800,2026-09-10,
7184,C07184,Permanent employment,33600,2026-09-10,
7185,C07185,Student,12700,2026-09-10,
7186,C07186,Retired,12800,2026-09-10,
7187,C07187,Permanent employment,49900,2026-09-10,
7188,C07188,Permanent employment,38900,2026-09-10,
7189,C07189,Self-employed,28700,2026-09-10,
7190,C07190,Unemployed,15400,2026-09-10,
7191,C07191,Self-employed,22700,2026-09-10,
7192,C07192,Permanent employment,57100,2026-09-10,
7193,C07193,Permanent employment,44300,2026-09-10,
7194,C07194,Permanent employment,37900,2026-09-10,
7195,C07195,Retired,28300,2026-09-10,
7196,C07196,Permanent employment,52500,2026-09-10,
7197,C07197,Parental leave,26900,2026-09-10,
7198,C07198,Unemployed,16800,2026-09-10,
7199,C07199,Retired,29200,2026-09-10,
7200,C07200,Retired,34200,2026-09-10,
7201,C07201,Permanent employment,41700,2026-09-10,
7202,C07202,Permanent employment,43300,2026-09-10,
7203,C07203,Permanent employment,49000,2026-09-10,
7204,C07204,Permanent employment,41000,2026-09-10,
7205,C07205,Retired,12000,2026-09-10,
7206,C07206,Permanent employment,46800,2026-09-10,
7207,C07207,Permanent employment,45300,2026-09-10,
7208,C07208,Temporary/Probation/Freelance,35300,2026-09-10,
7209,C07209,Unemployed,11600,2026-09-10,
7210,C07210,Retired,35400,2026-09-10,
7211,C07211,Permanent employment,44600,2026-09-10,
7212,C07212,Permanent employment,41400,2026-09-10,
7213,C07213,Permanent employment,37000,2026-09-10,
7214,C07214,Unemployed,12700,2026-09-10,
7215,C07215,Permanent employment,38500,2026-09-10,
7216,C07216,Unemployed,10500,2026-09-10,
7217,C07217,Unemployed,11400,2026-09-10,
7218,C07218,Unemployed,16100,2026-09-10,
7219,C07219,Self-employed,63800,2026-09-10,
7220,C07220,Permanent employment,32800,2026-09-10,
7221,C07221,Retired,40000,2026-09-10,
7222,C07222,Parental leave,24800,2026-09-10,
7223,C07223,Unemployed,9900,2026-09-10,
7224,C07224,Permanent employment,55700,2026-09-10,
7225,C07225,Retired,28700,2026-09-10,
7226,C07226,Temporary/Probation/Freelance,37800,2026-09-10,
7227,C07227,Retired,18000,2026-09-10,
7228,C07228,Permanent employment,41200,2026-09-10,
7229,C07229,Retired,41800,2026-09-10,
7230,C07230,Permanent employment,39000,2026-09-10,
7231,C07231,Permanent employment,35100,2026-09-10,
7232,C07232,Permanent employment,39600,2026-09-10,
7233,C07233,Temporary/Probation/Freelance,21600,2026-09-10,
7234,C07234,Permanent employment,43300,2026-09-10,
7235,C07235,Permanent employment,44800,2026-09-10,
7236,C07236,Unemployed,13300,2026-09-10,
7237,C07237,Temporary/Probation/Freelance,29400,2026-09-10,
7238,C07238,Retired,39300,2026-09-10,
7239,C07239,Permanent employment,55000,2026-09-10,
7240,C07240,Permanent employment,46200,2026-09-10,
7241,C07241,Retired,24600,2026-09-10,
7242,C07242,Retired,34100,2026-09-10,
7243,C07243,Permanent employment,43100,2026-09-10,
7244,C07244,Permanent employment,46900,2026-09-10,
7245,C07245,Permanent employment,60700,2026-09-10,
7246,C07246,Student,5700,2026-09-10,
7247,C07247,Unemployed,13900,2026-09-10,
7248,C07248,Retired,22900,2026-09-10,
7249,C07249,Unemployed,15900,2026-09-10,
7250,C07250,Retired,16500,2026-09-10,
7251,C07251,Retired,27200,2026-09-10,
7252,C07252,Permanent employment,41100,2026-09-10,
7253,C07253,Permanent employment,52300,2026-09-10,
7254,C07254,Permanent employment,40800,2026-09-10,
7255,C07255,Temporary/Probation/Freelance,25400,2026-09-10,
7256,C07256,Permanent employment,49800,2026-09-10,
7257,C07257,Student,10600,2026-09-10,
7258,C07258,Student,8700,2026-09-10,
7259,C07259,Permanent employment,41600,2026-09-10,
7260,C07260,Self-employed,36300,2026-09-10,
7261,C07261,Parental leave,42400,2026-09-10,
7262,C07262,Temporary/Probation/Freelance,34400,2026-09-10,
7263,C07263,Temporary/Probation/Freelance,36100,2026-09-10,
7264,C07264,Temporary/Probation/Freelance,34200,2026-09-10,
7265,C07265,Retired,25900,2026-09-10,
7266,C07266,Temporary/Probation/Freelance,26600,2026-09-10,
7267,C07267,Student,6500,2026-09-10,
7268,C07268,Temporary/Probation/Freelance,26600,2026-09-10,
7269,C07269,Permanent employment,49600,2026-09-10,
7270,C07270,Unemployed,12300,2026-09-10,
7271,C07271,Unemployed,19200,2026-09-10,
7272,C07272,Retired,35800,2026-09-10,
7273,C07273,Temporary/Probation/Freelance,16200,2026-09-10,
7274,C07274,Unemployed,20400,2026-09-10,
7275,C07275,Permanent employment,37200,2026-09-10,
7276,C07276,Retired,22100,2026-09-10,
7277,C07277,Permanent employment,46000,2026-09-10,
7278,C07278,Parental leave,17500,2026-09-10,
7279,C07279,Unemployed,11300,2026-09-10,
7280,C07280,Permanent employment,46200,2026-09-10,
7281,C07281,Parental leave,22700,2026-09-10,
7282,C07282,Parental leave,22400,2026-09-10,
7283,C07283,Permanent employment,51000,2026-09-10,
7284,C07284,Permanent employment,45900,2026-09-10,
7285,C07285,Permanent employment,45100,2026-09-10,
7286,C07286,Permanent employment,58500,2026-09-10,
7287,C07287,Permanent employment,50700,2026-09-10,
7288,C07288,Permanent employment,41500,2026-09-10,
7289,C07289,Permanent employment,38800,2026-09-10,
7290,C07290,Permanent employment,46800,2026-09-10,
7291,C07291,Unemployed,16800,2026-09-10,
7292,C07292,Student,11300,2026-09-10,
7293,C07293,Permanent employment,43400,2026-09-10,
7294,C07294,Permanent employment,44200,2026-09-10,
7295,C07295,Temporary/Probation/Freelance,30100,2026-09-10,
7296,C07296,Retired,21000,2026-09-10,
7297,C07297,Permanent employment,31900,2026-09-10,
7298,C07298,Permanent employment,38800,2026-09-10,
7299,C07299,Permanent employment,42400,2026-09-10,
7300,C07300,Student,13700,2026-09-10,
7301,C07301,Permanent employment,38200,2026-09-10,
7302,C07302,Permanent employment,42100,2026-09-10,
7303,C07303,Permanent employment,43200,2026-09-10,
7304,C07304,Retired,12000,2026-09-10,
7305,C07305,Student,7300,2026-09-10,
7306,C07306,Retired,29200,2026-09-10,
7307,C07307,Retired,15800,2026-09-10,
7308,C07308,Permanent employment,34100,2026-09-10,
7309,C07309,Self-employed,22900,2026-09-10,
7310,C07310,Permanent employment,26500,2026-09-10,
7311,C07311,Retired,23500,2026-09-10,
7312,C07312,Permanent employment,46600,2026-09-10,
7313,C07313,Permanent employment,49900,2026-09-10,
7314,C07314,Permanent employment,43300,2026-09-10,
7315,C07315,Student,13600,2026-09-10,
7316,C07316,Permanent employment,34600,2026-09-10,
7317,C07317,Student,16000,2026-09-10,
7318,C07318,Permanent employment,45500,2026-09-10,
7319,C07319,Unemployed,6000,2026-09-10,
7320,C07320,Retired,24700,2026-09-10,
7321,C07321,Permanent employment,54200,2026-09-10,
7322,C07322,Permanent employment,59400,2026-09-10,
7323,C07323,Self-employed,44700,2026-09-10,
7324,C07324,Permanent employment,47200,2026-09-10,
7325,C07325,Student,4400,2026-09-10,
7326,C07326,Student,3600,2026-09-10,
7327,C07327,Permanent employment,36700,2026-09-10,
7328,C07328,Unemployed,12000,2026-09-10,
7329,C07329,Permanent employment,39000,2026-09-10,
7330,C07330,Permanent employment,49400,2026-09-10,
7331,C07331,Permanent employment,42100,2026-09-10,
7332,C07332,Retired,31000,2026-09-10,
7333,C07333,Retired,27400,2026-09-10,
7334,C07334,Permanent employment,52900,2026-09-10,
7335,C07335,Self-employed,63500,2026-09-10,
7336,C07336,Permanent employment,36700,2026-09-10,
7337,C07337,Temporary/Probation/Freelance,15000,2026-09-10,
7338,C07338,Permanent employment,36500,2026-09-10,
7339,C07339,Permanent employment,47100,2026-09-10,
7340,C07340,Permanent employment,46200,2026-09-10,
7341,C07341,Permanent employment,57300,2026-09-10,
7342,C07342,Self-employed,18000,2026-09-10,
7343,C07343,Permanent employment,49200,2026-09-10,
7344,C07344,Self-employed,44700,2026-09-10,
7345,C07345,Permanent employment,39400,2026-09-10,
7346,C07346,Permanent employment,57400,2026-09-10,
7347,C07347,Permanent employment,37300,2026-09-10,
7348,C07348,Permanent employment,47400,2026-09-10,
7349,C07349,Temporary/Probation/Freelance,40000,2026-09-10,
7350,C07350,Retired,18000,2026-09-10,
7351,C07351,Permanent employment,32200,2026-09-10,
7352,C07352,Student,13100,2026-09-10,
7353,C07353,Self-employed,65500,2026-09-10,
7354,C07354,Permanent employment,41500,2026-09-10,
7355,C07355,Permanent employment,27000,2026-09-10,
7356,C07356,Permanent employment,44700,2026-09-10,
7357,C07357,Retired,21800,2026-09-10,
7358,C07358,Retired,12000,2026-09-10,
7359,C07359,Permanent employment,42100,2026-09-10,
7360,C07360,Permanent employment,38000,2026-09-10,
7361,C07361,Permanent employment,47300,2026-09-10,
7362,C07362,Permanent employment,61100,2026-09-10,
7363,C07363,Permanent employment,44800,2026-09-10,
7364,C07364,Self-employed,46500,2026-09-10,
7365,C07365,Permanent employment,45800,2026-09-10,
7366,C07366,Permanent employment,44300,2026-09-10,
7367,C07367,Self-employed,24000,2026-09-10,
7368,C07368,Unemployed,15200,2026-09-10,
7369,C07369,Permanent employment,34000,2026-09-10,
7370,C07370,Retired,20800,2026-09-10,
7371,C07371,Self-employed,31800,2026-09-10,
7372,C07372,Permanent employment,46200,2026-09-10,
7373,C07373,Permanent employment,32500,2026-09-10,
7374,C07374,Permanent employment,47700,2026-09-10,
7375,C07375,Permanent employment,41500,2026-09-10,
7376,C07376,Temporary/Probation/Freelance,30500,2026-09-10,
7377,C07377,Unemployed,8400,2026-09-10,
7378,C07378,Permanent employment,40800,2026-09-10,
7379,C07379,Permanent employment,44400,2026-09-10,
7380,C07380,Permanent employment,28800,2026-09-10,
7381,C07381,Permanent employment,47200,2026-09-10,
7382,C07382,Permanent employment,48000,2026-09-10,
7383,C07383,Retired,27400,2026-09-10,
7384,C07384,Permanent employment,36400,2026-09-10,
7385,C07385,Permanent employment,60000,2026-09-10,
7386,C07386,Permanent employment,41300,2026-09-10,
7387,C07387,Permanent employment,39800,2026-09-10,
7388,C07388,Permanent employment,38200,2026-09-10,
7389,C07389,Permanent employment,46500,2026-09-10,
7390,C07390,Permanent employment,54700,2026-09-10,
7391,C07391,Permanent employment,35500,2026-09-10,
7392,C07392,Student,7700,2026-09-10,
7393,C07393,Retired,25100,2026-09-10,
7394,C07394,Permanent employment,32900,2026-09-10,
7395,C07395,Permanent employment,50800,2026-09-10,
7396,C07396,Permanent employment,24900,2026-09-10,
7397,C07397,Temporary/Probation/Freelance,30400,2026-09-10,
7398,C07398,Retired,16200,2026-09-10,
7399,C07399,Permanent employment,35000,2026-09-10,
7400,C07400,Self-employed,44800,2026-09-10,
7401,C07401,Parental leave,39300,2026-09-10,
7402,C07402,Permanent employment,36300,2026-09-10,
7403,C07403,Permanent employment,51400,2026-09-10,
7404,C07404,Permanent employment,54200,2026-09-10,
7405,C07405,Self-employed,62600,2026-09-10,
7406,C07406,Permanent employment,36800,2026-09-10,
7407,C07407,Permanent employment,44700,2026-09-10,
7408,C07408,Retired,34600,2026-09-10,
7409,C07409,Unemployed,17800,2026-09-10,
7410,C07410,Permanent employment,45100,2026-09-10,
7411,C07411,Self-employed,23900,2026-09-10,
7412,C07412,Permanent employment,57900,2026-09-10,
7413,C07413,Self-employed,47100,2026-09-10,
7414,C07414,Retired,20100,2026-09-10,
7415,C07415,Self-employed,54500,2026-09-10,
7416,C07416,Parental leave,17400,2026-09-10,
7417,C07417,Permanent employment,49900,2026-09-10,
7418,C07418,Permanent employment,42300,2026-09-10,
7419,C07419,Permanent employment,40500,2026-09-10,
7420,C07420,Unemployed,17800,2026-09-10,
7421,C07421,Parental leave,31700,2026-09-10,
7422,C07422,Permanent employment,47200,2026-09-10,
7423,C07423,Permanent employment,49800,2026-09-10,
7424,C07424,Temporary/Probation/Freelance,38300,2026-09-10,
7425,C07425,Permanent employment,42700,2026-09-10,
7426,C07426,Permanent employment,48100,2026-09-10,
7427,C07427,Temporary/Probation/Freelance,26300,2026-09-10,
7428,C07428,Permanent employment,47200,2026-09-10,
7429,C07429,Permanent employment,42900,2026-09-10,
7430,C07430,Unemployed,10400,2026-09-10,
7431,C07431,Permanent employment,48900,2026-09-10,
7432,C07432,Permanent employment,32600,2026-09-10,
7433,C07433,Permanent employment,30300,2026-09-10,
7434,C07434,Permanent employment,43000,2026-09-10,
7435,C07435,Permanent employment,25300,2026-09-10,
7436,C07436,Retired,27600,2026-09-10,
7437,C07437,Unemployed,23200,2026-09-10,
7438,C07438,Permanent employment,23400,2026-09-10,
7439,C07439,Self-employed,50200,2026-09-10,
7440,C07440,Permanent employment,50900,2026-09-10,
7441,C07441,Permanent employment,44700,2026-09-10,
7442,C07442,Student,10000,2026-09-10,
7443,C07443,Unemployed,12400,2026-09-10,
7444,C07444,Retired,18300,2026-09-10,
7445,C07445,Permanent employment,30500,2026-09-10,
7446,C07446,Permanent employment,39700,2026-09-10,
7447,C07447,Unemployed,14200,2026-09-10,
7448,C07448,Permanent employment,39100,2026-09-10,
7449,C07449,Self-employed,61700,2026-09-10,
7450,C07450,Permanent employment,44100,2026-09-10,
7451,C07451,Permanent employment,46500,2026-09-10,
7452,C07452,Permanent employment,47300,2026-09-10,
7453,C07453,Permanent employment,44600,2026-09-10,
7454,C07454,Self-employed,31400,2026-09-10,
7455,C07455,Self-employed,61900,2026-09-10,
7456,C07456,Permanent employment,41900,2026-09-10,
7457,C07457,Permanent employment,46900,2026-09-10,
7458,C07458,Permanent employment,63100,2026-09-10,
7459,C07459,Permanent employment,44400,2026-09-10,
7460,C07460,Permanent employment,36600,2026-09-10,
7461,C07461,Permanent employment,34300,2026-09-10,
7462,C07462,Unemployed,18400,2026-09-10,
7463,C07463,Retired,12000,2026-09-10,
7464,C07464,Permanent employment,42000,2026-09-10,
7465,C07465,Permanent employment,31800,2026-09-10,
7466,C07466,Permanent employment,41600,2026-09-10,
7467,C07467,Retired,20400,2026-09-10,
7468,C07468,Permanent employment,44000,2026-09-10,
7469,C07469,Permanent employment,43500,2026-09-10,
7470,C07470,Permanent employment,51600,2026-09-10,
7471,C07471,Retired,28400,2026-09-10,
7472,C07472,Student,14200,2026-09-10,
7473,C07473,Retired,14000,2026-09-10,
7474,C07474,Permanent employment,44100,2026-09-10,
7475,C07475,Permanent employment,49400,2026-09-10,
7476,C07476,Permanent employment,45600,2026-09-10,
7477,C07477,Permanent employment,38900,2026-09-10,
7478,C07478,Permanent employment,24700,2026-09-10,
7479,C07479,Retired,36900,2026-09-10,
7480,C07480,Permanent employment,48300,2026-09-10,
7481,C07481,Permanent employment,30300,2026-09-10,
7482,C07482,Permanent employment,29200,2026-09-10,
7483,C07483,Permanent employment,30300,2026-09-10,
7484,C07484,Permanent employment,35300,2026-09-10,
7485,C07485,Permanent employment,36800,2026-09-10,
7486,C07486,Permanent employment,51500,2026-09-10,
7487,C07487,Unemployed,16100,2026-09-10,
7488,C07488,Retired,17900,2026-09-10,
7489,C07489,Temporary/Probation/Freelance,23700,2026-09-10,
7490,C07490,Retired,19700,2026-09-10,
7491,C07491,Permanent employment,31700,2026-09-10,
7492,C07492,Permanent employment,43000,2026-09-10,
7493,C07493,Permanent employment,39200,2026-09-10,
7494,C07494,Parental leave,28500,2026-09-10,
7495,C07495,Retired,14700,2026-09-10,
7496,C07496,Student,9700,2026-09-10,
7497,C07497,Student,11100,2026-09-10,
7498,C07498,Retired,16700,2026-09-10,
7499,C07499,Permanent employment,33000,2026-09-10,
7500,C07500,Permanent employment,41700,2026-09-10,
7501,C07501,Permanent employment,51100,2026-09-10,
7502,C07502,Retired,31900,2026-09-10,
7503,C07503,Self-employed,43200,2026-09-10,
7504,C07504,Permanent employment,40000,2026-09-10,
7505,C07505,Unemployed,13400,2026-09-10,
7506,C07506,Permanent employment,51500,2026-09-10,
7507,C07507,Permanent employment,56700,2026-09-10,
7508,C07508,Permanent employment,50700,2026-09-10,
7509,C07509,Permanent employment,48000,2026-09-10,
7510,C07510,Retired,27000,2026-09-10,
7511,C07511,Retired,24800,2026-09-10,
7512,C07512,Retired,18600,2026-09-10,
7513,C07513,Student,7300,2026-09-10,
7514,C07514,Permanent employment,39800,2026-09-10,
7515,C07515,Permanent employment,41400,2026-09-10,
7516,C07516,Retired,14400,2026-09-10,
7517,C07517,Permanent employment,43600,2026-09-10,
7518,C07518,Self-employed,18000,2026-09-10,
7519,C07519,Retired,37200,2026-09-10,
7520,C07520,Permanent employment,26000,2026-09-10,
7521,C07521,Permanent employment,44800,2026-09-10,
7522,C07522,Permanent employment,53400,2026-09-10,
7523,C07523,Permanent employment,62200,2026-09-10,
7524,C07524,Permanent employment,41700,2026-09-10,
7525,C07525,Permanent employment,39400,2026-09-10,
7526,C07526,Permanent employment,49500,2026-09-10,
7527,C07527,Permanent employment,44700,2026-09-10,
7528,C07528,Permanent employment,44000,2026-09-10,
7529,C07529,Temporary/Probation/Freelance,31500,2026-09-10,
7530,C07530,Parental leave,32600,2026-09-10,
7531,C07531,Permanent employment,52200,2026-09-10,
7532,C07532,Permanent employment,28600,2026-09-10,
7533,C07533,Permanent employment,51500,2026-09-10,
7534,C07534,Permanent employment,43500,2026-09-10,
7535,C07535,Retired,30200,2026-09-10,
7536,C07536,Permanent employment,44100,2026-09-10,
7537,C07537,Self-employed,45400,2026-09-10,
7538,C07538,Permanent employment,46400,2026-09-10,
7539,C07539,Parental leave,25200,2026-09-10,
7540,C07540,Permanent employment,56200,2026-09-10,
7541,C07541,Permanent employment,41900,2026-09-10,
7542,C07542,Permanent employment,32700,2026-09-10,
7543,C07543,Unemployed,12800,2026-09-10,
7544,C07544,Retired,14200,2026-09-10,
7545,C07545,Permanent employment,42800,2026-09-10,
7546,C07546,Permanent employment,35200,2026-09-10,
7547,C07547,Self-employed,55700,2026-09-10,
7548,C07548,Self-employed,46600,2026-09-10,
7549,C07549,Retired,22300,2026-09-10,
7550,C07550,Retired,32600,2026-09-10,
7551,C07551,Retired,27200,2026-09-10,
7552,C07552,Permanent employment,47000,2026-09-10,
7553,C07553,Self-employed,18600,2026-09-10,
7554,C07554,Unemployed,6700,2026-09-10,
7555,C07555,Retired,40200,2026-09-10,
7556,C07556,Permanent employment,50800,2026-09-10,
7557,C07557,Permanent employment,47100,2026-09-10,
7558,C07558,Student,1900,2026-09-10,
7559,C07559,Permanent employment,52000,2026-09-10,
7560,C07560,Retired,21900,2026-09-10,
7561,C07561,Permanent employment,43800,2026-09-10,
7562,C07562,Unemployed,16200,2026-09-10,
7563,C07563,Permanent employment,39300,2026-09-10,
7564,C07564,Permanent employment,44200,2026-09-10,
7565,C07565,Permanent employment,38800,2026-09-10,
7566,C07566,Retired,28200,2026-09-10,
7567,C07567,Retired,17700,2026-09-10,
7568,C07568,Student,5900,2026-09-10,
7569,C07569,Retired,24600,2026-09-10,
7570,C07570,Temporary/Probation/Freelance,19900,2026-09-10,
7571,C07571,Permanent employment,53200,2026-09-10,
7572,C07572,Permanent employment,53300,2026-09-10,
7573,C07573,Parental leave,27400,2026-09-10,
7574,C07574,Permanent employment,41200,2026-09-10,
7575,C07575,Student,10200,2026-09-10,
7576,C07576,Permanent employment,24200,2026-09-10,
7577,C07577,Permanent employment,34700,2026-09-10,
7578,C07578,Permanent employment,48000,2026-09-10,
7579,C07579,Retired,26600,2026-09-10,
7580,C07580,Permanent employment,40500,2026-09-10,
7581,C07581,Permanent employment,39900,2026-09-10,
7582,C07582,Permanent employment,50000,2026-09-10,
7583,C07583,Student,600,2026-09-10,
7584,C07584,Self-employed,78900,2026-09-10,
7585,C07585,Self-employed,61600,2026-09-10,
7586,C07586,Permanent employment,40200,2026-09-10,
7587,C07587,Temporary/Probation/Freelance,33100,2026-09-10,
7588,C07588,Retired,33600,2026-09-10,
7589,C07589,Permanent employment,37700,2026-09-10,
7590,C07590,Temporary/Probation/Freelance,40300,2026-09-10,
7591,C07591,Permanent employment,37900,2026-09-10,
7592,C07592,Permanent employment,47800,2026-09-10,
7593,C07593,Retired,30000,2026-09-10,
7594,C07594,Retired,25100,2026-09-10,
7595,C07595,Permanent employment,45700,2026-09-10,
7596,C07596,Retired,20900,2026-09-10,
7597,C07597,Permanent employment,37800,2026-09-10,
7598,C07598,Permanent employment,24600,2026-09-10,
7599,C07599,Unemployed,11200,2026-09-10,
7600,C07600,Permanent employment,46300,2026-09-10,
7601,C07601,Permanent employment,48900,2026-09-10,
7602,C07602,Self-employed,21800,2026-09-10,
7603,C07603,Permanent employment,47700,2026-09-10,
7604,C07604,Retired,32100,2026-09-10,
7605,C07605,Permanent employment,54200,2026-09-10,
7606,C07606,Permanent employment,42200,2026-09-10,
7607,C07607,Self-employed,26000,2026-09-10,
7608,C07608,Permanent employment,47700,2026-09-10,
7609,C07609,Self-employed,53000,2026-09-10,
7610,C07610,Permanent employment,38000,2026-09-10,
7611,C07611,Permanent employment,43000,2026-09-10,
7612,C07612,Self-employed,51100,2026-09-10,
7613,C07613,Retired,26800,2026-09-10,
7614,C07614,Unemployed,12400,2026-09-10,
7615,C07615,Permanent employment,36500,2026-09-10,
7616,C07616,Parental leave,21700,2026-09-10,
7617,C07617,Permanent employment,47200,2026-09-10,
7618,C07618,Permanent employment,45900,2026-09-10,
7619,C07619,Retired,15300,2026-09-10,
7620,C07620,Permanent employment,44300,2026-09-10,
7621,C07621,Retired,20200,2026-09-10,
7622,C07622,Permanent employment,53000,2026-09-10,
7623,C07623,Temporary/Probation/Freelance,19900,2026-09-10,
7624,C07624,Unemployed,18500,2026-09-10,
7625,C07625,Self-employed,67900,2026-09-10,
7626,C07626,Permanent employment,26000,2026-09-10,
7627,C07627,Permanent employment,47500,2026-09-10,
7628,C07628,Permanent employment,48500,2026-09-10,
7629,C07629,Retired,13200,2026-09-10,
7630,C07630,Permanent employment,40700,2026-09-10,
7631,C07631,Permanent employment,42000,2026-09-10,
7632,C07632,Unemployed,10200,2026-09-10,
7633,C07633,Self-employed,33500,2026-09-10,
7634,C07634,Retired,29900,2026-09-10,
7635,C07635,Retired,24500,2026-09-10,
7636,C07636,Student,7000,2026-09-10,
7637,C07637,Permanent employment,37000,2026-09-10,
7638,C07638,Retired,29800,2026-09-10,
7639,C07639,Permanent employment,41900,2026-09-10,
7640,C07640,Permanent employment,28500,2026-09-10,
7641,C07641,Permanent employment,44400,2026-09-10,
7642,C07642,Permanent employment,62900,2026-09-10,
7643,C07643,Self-employed,60100,2026-09-10,
7644,C07644,Parental leave,36600,2026-09-10,
7645,C07645,Permanent employment,34000,2026-09-10,
7646,C07646,Permanent employment,37100,2026-09-10,
7647,C07647,Permanent employment,54000,2026-09-10,
7648,C07648,Self-employed,53200,2026-09-10,
7649,C07649,Permanent employment,46300,2026-09-10,
7650,C07650,Unemployed,15700,2026-09-10,
7651,C07651,Permanent employment,42100,2026-09-10,
7652,C07652,Unemployed,11100,2026-09-10,
7653,C07653,Permanent employment,31100,2026-09-10,
7654,C07654,Retired,19100,2026-09-10,
7655,C07655,Permanent employment,44900,2026-09-10,
7656,C07656,Unemployed,17200,2026-09-10,
7657,C07657,Permanent employment,45200,2026-09-10,
7658,C07658,Unemployed,20900,2026-09-10,
7659,C07659,Permanent employment,41400,2026-09-10,
7660,C07660,Permanent employment,46800,2026-09-10,
7661,C07661,Permanent employment,38900,2026-09-10,
7662,C07662,Permanent employment,42400,2026-09-10,
7663,C07663,Permanent employment,39700,2026-09-10,
7664,C07664,Unemployed,13400,2026-09-10,
7665,C07665,Permanent employment,34900,2026-09-10,
7666,C07666,Permanent employment,53000,2026-09-10,
7667,C07667,Permanent employment,44100,2026-09-10,
7668,C07668,Retired,12100,2026-09-10,
7669,C07669,Permanent employment,40000,2026-09-10,
7670,C07670,Self-employed,68600,2026-09-10,
7671,C07671,Self-employed,39100,2026-09-10,
7672,C07672,Permanent employment,56000,2026-09-10,
7673,C07673,Retired,22000,2026-09-10,
7674,C07674,Permanent employment,34900,2026-09-10,
7675,C07675,Permanent employment,30200,2026-09-10,
7676,C07676,Permanent employment,59700,2026-09-10,
7677,C07677,Permanent employment,37300,2026-09-10,
7678,C07678,Retired,19800,2026-09-10,
7679,C07679,Permanent employment,29200,2026-09-10,
7680,C07680,Permanent employment,31700,2026-09-10,
7681,C07681,Retired,17000,2026-09-10,
7682,C07682,Permanent employment,53900,2026-09-10,
7683,C07683,Permanent employment,47200,2026-09-10,
7684,C07684,Permanent employment,53600,2026-09-10,
7685,C07685,Permanent employment,24100,2026-09-10,
7686,C07686,Permanent employment,46400,2026-09-10,
7687,C07687,Permanent employment,45800,2026-09-10,
7688,C07688,Permanent employment,44800,2026-09-10,
7689,C07689,Unemployed,11900,2026-09-10,
7690,C07690,Permanent employment,32600,2026-09-10,
7691,C07691,Student,3200,2026-09-10,
7692,C07692,Retired,33000,2026-09-10,
7693,C07693,Temporary/Probation/Freelance,33000,2026-09-10,
7694,C07694,Permanent employment,43600,2026-09-10,
7695,C07695,Permanent employment,41200,2026-09-10,
7696,C07696,Permanent employment,50100,2026-09-10,
7697,C07697,Temporary/Probation/Freelance,37800,2026-09-10,
7698,C07698,Permanent employment,37300,2026-09-10,
7699,C07699,Permanent employment,34900,2026-09-10,
7700,C07700,Permanent employment,47600,2026-09-10,
7701,C07701,Retired,32500,2026-09-10,
7702,C07702,Unemployed,16800,2026-09-10,
7703,C07703,Permanent employment,54600,2026-09-10,
7704,C07704,Permanent employment,43800,2026-09-10,
7705,C07705,Temporary/Probation/Freelance,32300,2026-09-10,
7706,C07706,Permanent employment,29600,2026-09-10,
7707,C07707,Permanent employment,50300,2026-09-10,
7708,C07708,Permanent employment,38000,2026-09-10,
7709,C07709,Permanent employment,46400,2026-09-10,
7710,C07710,Self-employed,74700,2026-09-10,
7711,C07711,Permanent employment,24900,2026-09-10,
7712,C07712,Self-employed,18000,2026-09-10,
7713,C07713,Permanent employment,41700,2026-09-10,
7714,C07714,Permanent employment,60700,2026-09-10,
7715,C07715,Student,6600,2026-09-10,
7716,C07716,Retired,32800,2026-09-10,
7717,C07717,Permanent employment,38100,2026-09-10,
7718,C07718,Retired,17000,2026-09-10,
7719,C07719,Permanent employment,49800,2026-09-10,
7720,C07720,Retired,13900,2026-09-10,
7721,C07721,Permanent employment,55600,2026-09-10,
7722,C07722,Retired,24700,2026-09-10,
7723,C07723,Permanent employment,22000,2026-09-10,
7724,C07724,Retired,36900,2026-09-10,
7725,C07725,Retired,29900,2026-09-10,
7726,C07726,Permanent employment,40200,2026-09-10,
7727,C07727,Permanent employment,44200,2026-09-10,
7728,C07728,Self-employed,18000,2026-09-10,
7729,C07729,Permanent employment,38600,2026-09-10,
7730,C07730,Permanent employment,62600,2026-09-10,
7731,C07731,Parental leave,30800,2026-09-10,
7732,C07732,Permanent employment,33500,2026-09-10,
7733,C07733,Student,10800,2026-09-10,
7734,C07734,Retired,16200,2026-09-10,
7735,C07735,Temporary/Probation/Freelance,42600,2026-09-10,
7736,C07736,Permanent employment,39900,2026-09-10,
7737,C07737,Retired,12800,2026-09-10,
7738,C07738,Student,10900,2026-09-10,
7739,C07739,Permanent employment,50000,2026-09-10,
7740,C07740,Student,13500,2026-09-10,
7741,C07741,Self-employed,19800,2026-09-10,
7742,C07742,Permanent employment,31400,2026-09-10,
7743,C07743,Self-employed,18000,2026-09-10,
7744,C07744,Permanent employment,50000,2026-09-10,
7745,C07745,Permanent employment,48300,2026-09-10,
7746,C07746,Permanent employment,49000,2026-09-10,
7747,C07747,Self-employed,37200,2026-09-10,
7748,C07748,Unemployed,6400,2026-09-10,
7749,C07749,Permanent employment,39400,2026-09-10,
7750,C07750,Self-employed,65000,2026-09-10,
7751,C07751,Permanent employment,40600,2026-09-10,
7752,C07752,Permanent employment,30900,2026-09-10,
7753,C07753,Permanent employment,36100,2026-09-10,
7754,C07754,Parental leave,33400,2026-09-10,
7755,C07755,Unemployed,13600,2026-09-10,
7756,C07756,Permanent employment,33100,2026-09-10,
7757,C07757,Self-employed,36200,2026-09-10,
7758,C07758,Retired,18800,2026-09-10,
7759,C07759,Retired,24100,2026-09-10,
7760,C07760,Permanent employment,40000,2026-09-10,
7761,C07761,Self-employed,33200,2026-09-10,
7762,C07762,Unemployed,16600,2026-09-10,
7763,C07763,Parental leave,39800,2026-09-10,
7764,C07764,Permanent employment,64800,2026-09-10,
7765,C07765,Permanent employment,36500,2026-09-10,
7766,C07766,Permanent employment,43500,2026-09-10,
7767,C07767,Permanent employment,32300,2026-09-10,
7768,C07768,Permanent employment,41700,2026-09-10,
7769,C07769,Permanent employment,47000,2026-09-10,
7770,C07770,Permanent employment,27100,2026-09-10,
7771,C07771,Permanent employment,42100,2026-09-10,
7772,C07772,Permanent employment,42800,2026-09-10,
7773,C07773,Permanent employment,27100,2026-09-10,
7774,C07774,Permanent employment,47600,2026-09-10,
7775,C07775,Permanent employment,46800,2026-09-10,
7776,C07776,Student,6900,2026-09-10,
7777,C07777,Permanent employment,49500,2026-09-10,
7778,C07778,Retired,18100,2026-09-10,
7779,C07779,Unemployed,15800,2026-09-10,
7780,C07780,Self-employed,45100,2026-09-10,
7781,C07781,Unemployed,14900,2026-09-10,
7782,C07782,Temporary/Probation/Freelance,28000,2026-09-10,
7783,C07783,Retired,14500,2026-09-10,
7784,C07784,Student,3000,2026-09-10,
7785,C07785,Retired,18500,2026-09-10,
7786,C07786,Permanent employment,41200,2026-09-10,
7787,C07787,Student,11400,2026-09-10,
7788,C07788,Retired,23700,2026-09-10,
7789,C07789,Student,7700,2026-09-10,
7790,C07790,Permanent employment,31000,2026-09-10,
7791,C07791,Permanent employment,40100,2026-09-10,
7792,C07792,Permanent employment,29900,2026-09-10,
7793,C07793,Permanent employment,57200,2026-09-10,
7794,C07794,Retired,24400,2026-09-10,
7795,C07795,Retired,34900,2026-09-10,
7796,C07796,Student,10400,2026-09-10,
7797,C07797,Retired,37000,2026-09-10,
7798,C07798,Permanent employment,40200,2026-09-10,
7799,C07799,Permanent employment,40500,2026-09-10,
7800,C07800,Student,19700,2026-09-10,
7801,C07801,Student,6400,2026-09-10,
7802,C07802,Permanent employment,33300,2026-09-10,
7803,C07803,Retired,24800,2026-09-10,
7804,C07804,Self-employed,97500,2026-09-10,
7805,C07805,Permanent employment,35400,2026-09-10,
7806,C07806,Parental leave,31900,2026-09-10,
7807,C07807,Retired,30200,2026-09-10,
7808,C07808,Retired,35100,2026-09-10,
7809,C07809,Permanent employment,44300,2026-09-10,
7810,C07810,Temporary/Probation/Freelance,41900,2026-09-10,
7811,C07811,Permanent employment,43300,2026-09-10,
7812,C07812,Student,10600,2026-09-10,
7813,C07813,Permanent employment,30500,2026-09-10,
7814,C07814,Unemployed,11900,2026-09-10,
7815,C07815,Self-employed,38500,2026-09-10,
7816,C07816,Unemployed,15200,2026-09-10,
7817,C07817,Permanent employment,41700,2026-09-10,
7818,C07818,Retired,37300,2026-09-10,
7819,C07819,Retired,12000,2026-09-10,
7820,C07820,Self-employed,44100,2026-09-10,
7821,C07821,Permanent employment,58400,2026-09-10,
7822,C07822,Permanent employment,35300,2026-09-10,
7823,C07823,Permanent employment,40100,2026-09-10,
7824,C07824,Permanent employment,46300,2026-09-10,
7825,C07825,Permanent employment,51100,2026-09-10,
7826,C07826,Retired,14200,2026-09-10,
7827,C07827,Permanent employment,53800,2026-09-10,
7828,C07828,Permanent employment,49000,2026-09-10,
7829,C07829,Permanent employment,35200,2026-09-10,
7830,C07830,Student,15800,2026-09-10,
7831,C07831,Permanent employment,45200,2026-09-10,
7832,C07832,Permanent employment,45000,2026-09-10,
7833,C07833,Permanent employment,34800,2026-09-10,
7834,C07834,Retired,15700,2026-09-10,
7835,C07835,Permanent employment,35100,2026-09-10,
7836,C07836,Permanent employment,52200,2026-09-10,
7837,C07837,Permanent employment,33000,2026-09-10,
7838,C07838,Permanent employment,37200,2026-09-10,
7839,C07839,Permanent employment,47000,2026-09-10,
7840,C07840,Retired,28900,2026-09-10,
7841,C07841,Self-employed,57100,2026-09-10,
7842,C07842,Permanent employment,39500,2026-09-10,
7843,C07843,Permanent employment,29300,2026-09-10,
7844,C07844,Permanent employment,41800,2026-09-10,
7845,C07845,Retired,25800,2026-09-10,
7846,C07846,Permanent employment,49100,2026-09-10,
7847,C07847,Retired,22700,2026-09-10,
7848,C07848,Permanent employment,45800,2026-09-10,
7849,C07849,Temporary/Probation/Freelance,30000,2026-09-10,
7850,C07850,Student,2100,2026-09-10,
7851,C07851,Permanent employment,54100,2026-09-10,
7852,C07852,Permanent employment,50200,2026-09-10,
7853,C07853,Unemployed,6800,2026-09-10,
7854,C07854,Temporary/Probation/Freelance,46900,2026-09-10,
7855,C07855,Temporary/Probation/Freelance,33300,2026-09-10,
7856,C07856,Permanent employment,48800,2026-09-10,
7857,C07857,Permanent employment,41500,2026-09-10,
7858,C07858,Permanent employment,38900,2026-09-10,
7859,C07859,Permanent employment,41800,2026-09-10,
7860,C07860,Student,19100,2026-09-10,
7861,C07861,Student,4500,2026-09-10,
7862,C07862,Permanent employment,45900,2026-09-10,
7863,C07863,Student,7900,2026-09-10,
7864,C07864,Unemployed,19700,2026-09-10,
7865,C07865,Permanent employment,34800,2026-09-10,
7866,C07866,Retired,23400,2026-09-10,
7867,C07867,Permanent employment,23500,2026-09-10,
7868,C07868,Permanent employment,40400,2026-09-10,
7869,C07869,Permanent employment,41700,2026-09-10,
7870,C07870,Temporary/Probation/Freelance,33500,2026-09-10,
7871,C07871,Retired,12900,2026-09-10,
7872,C07872,Temporary/Probation/Freelance,43300,2026-09-10,
7873,C07873,Retired,36700,2026-09-10,
7874,C07874,Permanent employment,44100,2026-09-10,
7875,C07875,Unemployed,8700,2026-09-10,
7876,C07876,Permanent employment,35100,2026-09-10,
7877,C07877,Permanent employment,43700,2026-09-10,
7878,C07878,Permanent employment,39500,2026-09-10,
7879,C07879,Permanent employment,51900,2026-09-10,
7880,C07880,Student,8300,2026-09-10,
7881,C07881,Student,12300,2026-09-10,
7882,C07882,Self-employed,44000,2026-09-10,
7883,C07883,Self-employed,35300,2026-09-10,
7884,C07884,Temporary/Probation/Freelance,23900,2026-09-10,
7885,C07885,Permanent employment,30000,2026-09-10,
7886,C07886,Retired,21300,2026-09-10,
7887,C07887,Permanent employment,38500,2026-09-10,
7888,C07888,Permanent employment,46600,2026-09-10,
7889,C07889,Permanent employment,45200,2026-09-10,
7890,C07890,Permanent employment,43600,2026-09-10,
7891,C07891,Permanent employment,24900,2026-09-10,
7892,C07892,Permanent employment,53100,2026-09-10,
7893,C07893,Retired,13200,2026-09-10,
7894,C07894,Permanent employment,48500,2026-09-10,
7895,C07895,Unemployed,18900,2026-09-10,
7896,C07896,Retired,32300,2026-09-10,
7897,C07897,Permanent employment,48600,2026-09-10,
7898,C07898,Permanent employment,45500,2026-09-10,
7899,C07899,Student,5500,2026-09-10,
7900,C07900,Retired,14100,2026-09-10,
7901,C07901,Permanent employment,45300,2026-09-10,
7902,C07902,Temporary/Probation/Freelance,24600,2026-09-10,
7903,C07903,Permanent employment,41400,2026-09-10,
7904,C07904,Retired,28700,2026-09-10,
7905,C07905,Student,9100,2026-09-10,
7906,C07906,Permanent employment,37700,2026-09-10,
7907,C07907,Student,24900,2026-09-10,
7908,C07908,Permanent employment,40600,2026-09-10,
7909,C07909,Parental leave,34700,2026-09-10,
7910,C07910,Permanent employment,49900,2026-09-10,
7911,C07911,Retired,21000,2026-09-10,
7912,C07912,Unemployed,11200,2026-09-10,
7913,C07913,Permanent employment,33600,2026-09-10,
7914,C07914,Student,11200,2026-09-10,
7915,C07915,Temporary/Probation/Freelance,30300,2026-09-10,
7916,C07916,Permanent employment,29500,2026-09-10,
7917,C07917,Retired,32800,2026-09-10,
7918,C07918,Permanent employment,42400,2026-09-10,
7919,C07919,Temporary/Probation/Freelance,30200,2026-09-10,
7920,C07920,Permanent employment,42400,2026-09-10,
7921,C07921,Retired,22400,2026-09-10,
7922,C07922,Temporary/Probation/Freelance,20500,2026-09-10,
7923,C07923,Permanent employment,33800,2026-09-10,
7924,C07924,Unemployed,16900,2026-09-10,
7925,C07925,Self-employed,42100,2026-09-10,
7926,C07926,Temporary/Probation/Freelance,47100,2026-09-10,
7927,C07927,Retired,19700,2026-09-10,
7928,C07928,Retired,23300,2026-09-10,
7929,C07929,Permanent employment,46400,2026-09-10,
7930,C07930,Self-employed,56200,2026-09-10,
7931,C07931,Retired,22100,2026-09-10,
7932,C07932,Permanent employment,38100,2026-09-10,
7933,C07933,Permanent employment,42900,2026-09-10,
7934,C07934,Permanent employment,48000,2026-09-10,
7935,C07935,Permanent employment,43200,2026-09-10,
7936,C07936,Permanent employment,55000,2026-09-10,
7937,C07937,Permanent employment,43000,2026-09-10,
7938,C07938,Permanent employment,46700,2026-09-10,
7939,C07939,Parental leave,30200,2026-09-10,
7940,C07940,Permanent employment,43500,2026-09-10,
7941,C07941,Permanent employment,51100,2026-09-10,
7942,C07942,Permanent employment,35900,2026-09-10,
7943,C07943,Retired,40500,2026-09-10,
7944,C07944,Parental leave,25900,2026-09-10,
7945,C07945,Permanent employment,48300,2026-09-10,
7946,C07946,Self-employed,48800,2026-09-10,
7947,C07947,Permanent employment,42900,2026-09-10,
7948,C07948,Permanent employment,52200,2026-09-10,
7949,C07949,Retired,37500,2026-09-10,
7950,C07950,Permanent employment,39500,2026-09-10,
7951,C07951,Retired,18600,2026-09-10,
7952,C07952,Permanent employment,33800,2026-09-10,
7953,C07953,Permanent employment,44700,2026-09-10,
7954,C07954,Student,7500,2026-09-10,
7955,C07955,Retired,21900,2026-09-10,
7956,C07956,Permanent employment,41500,2026-09-10,
7957,C07957,Permanent employment,35200,2026-09-10,
7958,C07958,Retired,25800,2026-09-10,
7959,C07959,Permanent employment,38400,2026-09-10,
7960,C07960,Student,7700,2026-09-10,
7961,C07961,Retired,12000,2026-09-10,
7962,C07962,Permanent employment,42700,2026-09-10,
7963,C07963,Permanent employment,51700,2026-09-10,
7964,C07964,Permanent employment,42700,2026-09-10,
7965,C07965,Permanent employment,42900,2026-09-10,
7966,C07966,Temporary/Probation/Freelance,26100,2026-09-10,
7967,C07967,Permanent employment,49300,2026-09-10,
7968,C07968,Student,15400,2026-09-10,
7969,C07969,Self-employed,33200,2026-09-10,
7970,C07970,Retired,13400,2026-09-10,
7971,C07971,Retired,21500,2026-09-10,
7972,C07972,Permanent employment,39300,2026-09-10,
7973,C07973,Temporary/Probation/Freelance,28300,2026-09-10,
7974,C07974,Retired,32300,2026-09-10,
7975,C07975,Permanent employment,37800,2026-09-10,
7976,C07976,Permanent employment,41000,2026-09-10,
7977,C07977,Retired,26900,2026-09-10,
7978,C07978,Retired,27400,2026-09-10,
7979,C07979,Permanent employment,47900,2026-09-10,
7980,C07980,Self-employed,18000,2026-09-10,
7981,C07981,Permanent employment,42200,2026-09-10,
7982,C07982,Permanent employment,37900,2026-09-10,
7983,C07983,Temporary/Probation/Freelance,24500,2026-09-10,
7984,C07984,Parental leave,39900,2026-09-10,
7985,C07985,Permanent employment,51300,2026-09-10,
7986,C07986,Permanent employment,37300,2026-09-10,
7987,C07987,Permanent employment,39700,2026-09-10,
7988,C07988,Permanent employment,52600,2026-09-10,
7989,C07989,Permanent employment,42800,2026-09-10,
7990,C07990,Retired,14800,2026-09-10,
7991,C07991,Permanent employment,55300,2026-09-10,
7992,C07992,Self-employed,40600,2026-09-10,
7993,C07993,Permanent employment,45200,2026-09-10,
7994,C07994,Permanent employment,48200,2026-09-10,
7995,C07995,Permanent employment,32100,2026-09-10,
7996,C07996,Permanent employment,54100,2026-09-10,
7997,C07997,Permanent employment,31500,2026-09-10,
7998,C07998,Permanent employment,46700,2026-09-10,
7999,C07999,Retired,20200,2026-09-10,
8000,C08000,Student,15300,2026-09-10,
8001,C08001,Temporary/Probation/Freelance,34500,2026-09-10,
8002,C08002,Unemployed,13300,2026-09-10,
8003,C08003,Permanent employment,27100,2026-09-10,
8004,C08004,Retired,26500,2026-09-10,
8005,C08005,Permanent employment,46000,2026-09-10,
8006,C08006,Permanent employment,34200,2026-09-10,
8007,C08007,Retired,25300,2026-09-10,
8008,C08008,Permanent employment,42600,2026-09-10,
8009,C08009,Permanent employment,43500,2026-09-10,
8010,C08010,Student,7500,2026-09-10,
8011,C08011,Retired,33500,2026-09-10,
8012,C08012,Permanent employment,57800,2026-09-10,
8013,C08013,Retired,16100,2026-09-10,
8014,C08014,Permanent employment,45200,2026-09-10,
8015,C08015,Self-employed,52700,2026-09-10,
8016,C08016,Permanent employment,38700,2026-09-10,
8017,C08017,Self-employed,41200,2026-09-10,
8018,C08018,Permanent employment,43800,2026-09-10,
8019,C08019,Permanent employment,52400,2026-09-10,
8020,C08020,Retired,20800,2026-09-10,
8021,C08021,Permanent employment,32200,2026-09-10,
8022,C08022,Retired,22400,2026-09-10,
8023,C08023,Retired,30500,2026-09-10,
8024,C08024,Self-employed,66400,2026-09-10,
8025,C08025,Permanent employment,35100,2026-09-10,
8026,C08026,Unemployed,15900,2026-09-10,
8027,C08027,Retired,32300,2026-09-10,
8028,C08028,Permanent employment,42600,2026-09-10,
8029,C08029,Self-employed,82200,2026-09-10,
8030,C08030,Retired,33700,2026-09-10,
8031,C08031,Parental leave,27400,2026-09-10,
8032,C08032,Permanent employment,42300,2026-09-10,
8033,C08033,Self-employed,75600,2026-09-10,
8034,C08034,Permanent employment,29800,2026-09-10,
8035,C08035,Retired,23400,2026-09-10,
8036,C08036,Permanent employment,51300,2026-09-10,
8037,C08037,Permanent employment,59200,2026-09-10,
8038,C08038,Retired,26000,2026-09-10,
8039,C08039,Temporary/Probation/Freelance,16700,2026-09-10,
8040,C08040,Retired,21400,2026-09-10,
8041,C08041,Retired,29000,2026-09-10,
8042,C08042,Permanent employment,39500,2026-09-10,
8043,C08043,Permanent employment,46400,2026-09-10,
8044,C08044,Self-employed,40800,2026-09-10,
8045,C08045,Permanent employment,54300,2026-09-10,
8046,C08046,Permanent employment,37200,2026-09-10,
8047,C08047,Unemployed,15200,2026-09-10,
8048,C08048,Student,10000,2026-09-10,
8049,C08049,Retired,20000,2026-09-10,
8050,C08050,Permanent employment,35200,2026-09-10,
8051,C08051,Permanent employment,42900,2026-09-10,
8052,C08052,Student,8900,2026-09-10,
8053,C08053,Retired,20800,2026-09-10,
8054,C08054,Retired,28200,2026-09-10,
8055,C08055,Retired,34600,2026-09-10,
8056,C08056,Permanent employment,57000,2026-09-10,
8057,C08057,Unemployed,10000,2026-09-10,
8058,C08058,Permanent employment,32600,2026-09-10,
8059,C08059,Permanent employment,54100,2026-09-10,
8060,C08060,Permanent employment,41500,2026-09-10,
8061,C08061,Self-employed,40700,2026-09-10,
8062,C08062,Permanent employment,28600,2026-09-10,
8063,C08063,Retired,28900,2026-09-10,
8064,C08064,Permanent employment,37800,2026-09-10,
8065,C08065,Retired,31300,2026-09-10,
8066,C08066,Permanent employment,35600,2026-09-10,
8067,C08067,Permanent employment,52400,2026-09-10,
8068,C08068,Permanent employment,52500,2026-09-10,
8069,C08069,Self-employed,38000,2026-09-10,
8070,C08070,Permanent employment,44900,2026-09-10,
8071,C08071,Unemployed,14800,2026-09-10,
8072,C08072,Permanent employment,45800,2026-09-10,
8073,C08073,Permanent employment,47800,2026-09-10,
8074,C08074,Permanent employment,39800,2026-09-10,
8075,C08075,Retired,26100,2026-09-10,
8076,C08076,Permanent employment,34000,2026-09-10,
8077,C08077,Self-employed,49600,2026-09-10,
8078,C08078,Permanent employment,47600,2026-09-10,
8079,C08079,Permanent employment,36800,2026-09-10,
8080,C08080,Permanent employment,47500,2026-09-10,
8081,C08081,Unemployed,19500,2026-09-10,
8082,C08082,Temporary/Probation/Freelance,38500,2026-09-10,
8083,C08083,Permanent employment,29700,2026-09-10,
8084,C08084,Permanent employment,29200,2026-09-10,
8085,C08085,Permanent employment,46700,2026-09-10,
8086,C08086,Unemployed,14600,2026-09-10,
8087,C08087,Self-employed,42300,2026-09-10,
8088,C08088,Unemployed,4000,2026-09-10,
8089,C08089,Permanent employment,22800,2026-09-10,
8090,C08090,Retired,32900,2026-09-10,
8091,C08091,Permanent employment,45900,2026-09-10,
8092,C08092,Permanent employment,58900,2026-09-10,
8093,C08093,Permanent employment,51100,2026-09-10,
8094,C08094,Retired,26200,2026-09-10,
8095,C08095,Self-employed,18000,2026-09-10,
8096,C08096,Retired,26200,2026-09-10,
8097,C08097,Permanent employment,37400,2026-09-10,
8098,C08098,Permanent employment,30100,2026-09-10,
8099,C08099,Permanent employment,54100,2026-09-10,
8100,C08100,Permanent employment,45400,2026-09-10,
8101,C08101,Retired,26800,2026-09-10,
8102,C08102,Retired,18100,2026-09-10,
8103,C08103,Permanent employment,47500,2026-09-10,
8104,C08104,Temporary/Probation/Freelance,28700,2026-09-10,
8105,C08105,Retired,39900,2026-09-10,
8106,C08106,Permanent employment,41100,2026-09-10,
8107,C08107,Permanent employment,33100,2026-09-10,
8108,C08108,Permanent employment,46800,2026-09-10,
8109,C08109,Permanent employment,41400,2026-09-10,
8110,C08110,Permanent employment,44700,2026-09-10,
8111,C08111,Permanent employment,56500,2026-09-10,
8112,C08112,Permanent employment,38200,2026-09-10,
8113,C08113,Retired,24700,2026-09-10,
8114,C08114,Retired,19500,2026-09-10,
8115,C08115,Permanent employment,40300,2026-09-10,
8116,C08116,Self-employed,42500,2026-09-10,
8117,C08117,Retired,24000,2026-09-10,
8118,C08118,Permanent employment,50500,2026-09-10,
8119,C08119,Permanent employment,34300,2026-09-10,
8120,C08120,Unemployed,13000,2026-09-10,
8121,C08121,Self-employed,18000,2026-09-10,
8122,C08122,Temporary/Probation/Freelance,33600,2026-09-10,
8123,C08123,Permanent employment,38900,2026-09-10,
8124,C08124,Permanent employment,47200,2026-09-10,
8125,C08125,Permanent employment,46700,2026-09-10,
8126,C08126,Student,900,2026-09-10,
8127,C08127,Permanent employment,50100,2026-09-10,
8128,C08128,Retired,26000,2026-09-10,
8129,C08129,Retired,26500,2026-09-10,
8130,C08130,Permanent employment,50300,2026-09-10,
8131,C08131,Permanent employment,39600,2026-09-10,
8132,C08132,Permanent employment,35300,2026-09-10,
8133,C08133,Retired,16300,2026-09-10,
8134,C08134,Unemployed,13900,2026-09-10,
8135,C08135,Self-employed,42900,2026-09-10,
8136,C08136,Permanent employment,41400,2026-09-10,
8137,C08137,Permanent employment,47700,2026-09-10,
8138,C08138,Retired,13700,2026-09-10,
8139,C08139,Permanent employment,40200,2026-09-10,
8140,C08140,Permanent employment,40800,2026-09-10,
8141,C08141,Permanent employment,36100,2026-09-10,
8142,C08142,Unemployed,11200,2026-09-10,
8143,C08143,Permanent employment,34500,2026-09-10,
8144,C08144,Permanent employment,46000,2026-09-10,
8145,C08145,Permanent employment,39800,2026-09-10,
8146,C08146,Permanent employment,22000,2026-09-10,
8147,C08147,Permanent employment,56200,2026-09-10,
8148,C08148,Retired,23500,2026-09-10,
8149,C08149,Parental leave,41900,2026-09-10,
8150,C08150,Unemployed,18500,2026-09-10,
8151,C08151,Permanent employment,41800,2026-09-10,
8152,C08152,Retired,36800,2026-09-10,
8153,C08153,Unemployed,18400,2026-09-10,
8154,C08154,Retired,19900,2026-09-10,
8155,C08155,Retired,21700,2026-09-10,
8156,C08156,Permanent employment,40100,2026-09-10,
8157,C08157,Temporary/Probation/Freelance,28300,2026-09-10,
8158,C08158,Permanent employment,52200,2026-09-10,
8159,C08159,Permanent employment,47700,2026-09-10,
8160,C08160,Permanent employment,50300,2026-09-10,
8161,C08161,Retired,28300,2026-09-10,
8162,C08162,Permanent employment,33200,2026-09-10,
8163,C08163,Unemployed,7500,2026-09-10,
8164,C08164,Parental leave,25600,2026-09-10,
8165,C08165,Permanent employment,59800,2026-09-10,
8166,C08166,Permanent employment,51900,2026-09-10,
8167,C08167,Temporary/Probation/Freelance,31000,2026-09-10,
8168,C08168,Permanent employment,52700,2026-09-10,
8169,C08169,Permanent employment,45200,2026-09-10,
8170,C08170,Student,10600,2026-09-10,
8171,C08171,Permanent employment,45700,2026-09-10,
8172,C08172,Retired,21000,2026-09-10,
8173,C08173,Permanent employment,38800,2026-09-10,
8174,C08174,Permanent employment,48100,2026-09-10,
8175,C08175,Self-employed,45400,2026-09-10,
8176,C08176,Permanent employment,43300,2026-09-10,
8177,C08177,Permanent employment,41800,2026-09-10,
8178,C08178,Permanent employment,40400,2026-09-10,
8179,C08179,Unemployed,17200,2026-09-10,
8180,C08180,Permanent employment,29600,2026-09-10,
8181,C08181,Permanent employment,22000,2026-09-10,
8182,C08182,Parental leave,22100,2026-09-10,
8183,C08183,Permanent employment,30100,2026-09-10,
8184,C08184,Retired,14500,2026-09-10,
8185,C08185,Permanent employment,57200,2026-09-10,
8186,C08186,Permanent employment,49900,2026-09-10,
8187,C08187,Permanent employment,40800,2026-09-10,
8188,C08188,Retired,30400,2026-09-10,
8189,C08189,Permanent employment,39000,2026-09-10,
8190,C08190,Permanent employment,53100,2026-09-10,
8191,C08191,Permanent employment,40900,2026-09-10,
8192,C08192,Permanent employment,44600,2026-09-10,
8193,C08193,Permanent employment,43600,2026-09-10,
8194,C08194,Permanent employment,33000,2026-09-10,
8195,C08195,Permanent employment,49100,2026-09-10,
8196,C08196,Permanent employment,41200,2026-09-10,
8197,C08197,Permanent employment,41200,2026-09-10,
8198,C08198,Permanent employment,29100,2026-09-10,
8199,C08199,Permanent employment,47600,2026-09-10,
8200,C08200,Permanent employment,29300,2026-09-10,
8201,C08201,Permanent employment,31400,2026-09-10,
8202,C08202,Permanent employment,43300,2026-09-10,
8203,C08203,Retired,20600,2026-09-10,
8204,C08204,Permanent employment,34200,2026-09-10,
8205,C08205,Retired,35300,2026-09-10,
8206,C08206,Unemployed,19700,2026-09-10,
8207,C08207,Permanent employment,43000,2026-09-10,
8208,C08208,Permanent employment,38700,2026-09-10,
8209,C08209,Temporary/Probation/Freelance,26000,2026-09-10,
8210,C08210,Permanent employment,37900,2026-09-10,
8211,C08211,Permanent employment,34300,2026-09-10,
8212,C08212,Retired,25700,2026-09-10,
8213,C08213,Student,14800,2026-09-10,
8214,C08214,Permanent employment,44500,2026-09-10,
8215,C08215,Self-employed,21800,2026-09-10,
8216,C08216,Permanent employment,47900,2026-09-10,
8217,C08217,Student,7000,2026-09-10,
8218,C08218,Permanent employment,51500,2026-09-10,
8219,C08219,Permanent employment,58100,2026-09-10,
8220,C08220,Retired,31400,2026-09-10,
8221,C08221,Retired,22400,2026-09-10,
8222,C08222,Permanent employment,38800,2026-09-10,
8223,C08223,Permanent employment,37300,2026-09-10,
8224,C08224,Retired,17600,2026-09-10,
8225,C08225,Student,7300,2026-09-10,
8226,C08226,Permanent employment,43900,2026-09-10,
8227,C08227,Permanent employment,43400,2026-09-10,
8228,C08228,Permanent employment,29400,2026-09-10,
8229,C08229,Permanent employment,45300,2026-09-10,
8230,C08230,Permanent employment,44600,2026-09-10,
8231,C08231,Permanent employment,22200,2026-09-10,
8232,C08232,Permanent employment,44100,2026-09-10,
8233,C08233,Retired,12000,2026-09-10,
8234,C08234,Permanent employment,37900,2026-09-10,
8235,C08235,Temporary/Probation/Freelance,20500,2026-09-10,
8236,C08236,Permanent employment,43400,2026-09-10,
8237,C08237,Student,6600,2026-09-10,
8238,C08238,Temporary/Probation/Freelance,27300,2026-09-10,
8239,C08239,Permanent employment,56300,2026-09-10,
8240,C08240,Student,5200,2026-09-10,
8241,C08241,Permanent employment,50700,2026-09-10,
8242,C08242,Retired,28100,2026-09-10,
8243,C08243,Temporary/Probation/Freelance,33100,2026-09-10,
8244,C08244,Permanent employment,53600,2026-09-10,
8245,C08245,Unemployed,12200,2026-09-10,
8246,C08246,Retired,22900,2026-09-10,
8247,C08247,Permanent employment,32100,2026-09-10,
8248,C08248,Permanent employment,28300,2026-09-10,
8249,C08249,Retired,24600,2026-09-10,
8250,C08250,Retired,35900,2026-09-10,
8251,C08251,Permanent employment,33300,2026-09-10,
8252,C08252,Retired,14900,2026-09-10,
8253,C08253,Student,11500,2026-09-10,
8254,C08254,Temporary/Probation/Freelance,28200,2026-09-10,
8255,C08255,Unemployed,20000,2026-09-10,
8256,C08256,Retired,20300,2026-09-10,
8257,C08257,Self-employed,72600,2026-09-10,
8258,C08258,Permanent employment,46100,2026-09-10,
8259,C08259,Permanent employment,52900,2026-09-10,
8260,C08260,Unemployed,10800,2026-09-10,
8261,C08261,Permanent employment,36400,2026-09-10,
8262,C08262,Self-employed,47900,2026-09-10,
8263,C08263,Permanent employment,45500,2026-09-10,
8264,C08264,Temporary/Probation/Freelance,24200,2026-09-10,
8265,C08265,Retired,20400,2026-09-10,
8266,C08266,Student,17700,2026-09-10,
8267,C08267,Permanent employment,49300,2026-09-10,
8268,C08268,Permanent employment,36400,2026-09-10,
8269,C08269,Permanent employment,46800,2026-09-10,
8270,C08270,Permanent employment,51500,2026-09-10,
8271,C08271,Permanent employment,39900,2026-09-10,
8272,C08272,Temporary/Probation/Freelance,34200,2026-09-10,
8273,C08273,Student,12900,2026-09-10,
8274,C08274,Permanent employment,33200,2026-09-10,
8275,C08275,Permanent employment,39600,2026-09-10,
8276,C08276,Permanent employment,39300,2026-09-10,
8277,C08277,Permanent employment,45000,2026-09-10,
8278,C08278,Permanent employment,41200,2026-09-10,
8279,C08279,Permanent employment,47700,2026-09-10,
8280,C08280,Student,8400,2026-09-10,
8281,C08281,Parental leave,20600,2026-09-10,
8282,C08282,Retired,12000,2026-09-10,
8283,C08283,Retired,20100,2026-09-10,
8284,C08284,Permanent employment,46100,2026-09-10,
8285,C08285,Permanent employment,45000,2026-09-10,
8286,C08286,Retired,16300,2026-09-10,
8287,C08287,Permanent employment,50800,2026-09-10,
8288,C08288,Temporary/Probation/Freelance,26800,2026-09-10,
8289,C08289,Student,14300,2026-09-10,
8290,C08290,Permanent employment,51200,2026-09-10,
8291,C08291,Retired,29600,2026-09-10,
8292,C08292,Permanent employment,47500,2026-09-10,
8293,C08293,Permanent employment,22000,2026-09-10,
8294,C08294,Permanent employment,36600,2026-09-10,
8295,C08295,Retired,34300,2026-09-10,
8296,C08296,Permanent employment,41300,2026-09-10,
8297,C08297,Permanent employment,34200,2026-09-10,
8298,C08298,Retired,28900,2026-09-10,
8299,C08299,Permanent employment,33800,2026-09-10,
8300,C08300,Retired,23100,2026-09-10,
8301,C08301,Permanent employment,41000,2026-09-10,
8302,C08302,Permanent employment,39600,2026-09-10,
8303,C08303,Retired,29200,2026-09-10,
8304,C08304,Permanent employment,38600,2026-09-10,
8305,C08305,Temporary/Probation/Freelance,34600,2026-09-10,
8306,C08306,Permanent employment,49700,2026-09-10,
8307,C08307,Permanent employment,36100,2026-09-10,
8308,C08308,Permanent employment,63800,2026-09-10,
8309,C08309,Permanent employment,57700,2026-09-10,
8310,C08310,Permanent employment,41700,2026-09-10,
8311,C08311,Permanent employment,59300,2026-09-10,
8312,C08312,Permanent employment,41300,2026-09-10,
8313,C08313,Temporary/Probation/Freelance,49500,2026-09-10,
8314,C08314,Parental leave,28500,2026-09-10,
8315,C08315,Permanent employment,48600,2026-09-10,
8316,C08316,Permanent employment,48500,2026-09-10,
8317,C08317,Retired,21200,2026-09-10,
8318,C08318,Retired,27000,2026-09-10,
8319,C08319,Retired,32000,2026-09-10,
8320,C08320,Permanent employment,45600,2026-09-10,
8321,C08321,Permanent employment,39800,2026-09-10,
8322,C08322,Permanent employment,48700,2026-09-10,
8323,C08323,Permanent employment,30200,2026-09-10,
8324,C08324,Parental leave,30500,2026-09-10,
8325,C08325,Student,16300,2026-09-10,
8326,C08326,Retired,22000,2026-09-10,
8327,C08327,Permanent employment,42200,2026-09-10,
8328,C08328,Self-employed,18000,2026-09-10,
8329,C08329,Retired,24600,2026-09-10,
8330,C08330,Self-employed,42500,2026-09-10,
8331,C08331,Permanent employment,43400,2026-09-10,
8332,C08332,Permanent employment,43800,2026-09-10,
8333,C08333,Permanent employment,51700,2026-09-10,
8334,C08334,Permanent employment,38600,2026-09-10,
8335,C08335,Permanent employment,40500,2026-09-10,
8336,C08336,Permanent employment,39500,2026-09-10,
8337,C08337,Retired,14700,2026-09-10,
8338,C08338,Permanent employment,44500,2026-09-10,
8339,C08339,Permanent employment,38400,2026-09-10,
8340,C08340,Temporary/Probation/Freelance,32000,2026-09-10,
8341,C08341,Permanent employment,44900,2026-09-10,
8342,C08342,Permanent employment,46100,2026-09-10,
8343,C08343,Permanent employment,42000,2026-09-10,
8344,C08344,Permanent employment,28600,2026-09-10,
8345,C08345,Retired,34400,2026-09-10,
8346,C08346,Permanent employment,42600,2026-09-10,
8347,C08347,Permanent employment,47800,2026-09-10,
8348,C08348,Temporary/Probation/Freelance,22000,2026-09-10,
8349,C08349,Permanent employment,36100,2026-09-10,
8350,C08350,Retired,27500,2026-09-10,
8351,C08351,Retired,29000,2026-09-10,
8352,C08352,Temporary/Probation/Freelance,20200,2026-09-10,
8353,C08353,Retired,28100,2026-09-10,
8354,C08354,Permanent employment,49900,2026-09-10,
8355,C08355,Unemployed,16500,2026-09-10,
8356,C08356,Self-employed,47800,2026-09-10,
8357,C08357,Permanent employment,47200,2026-09-10,
8358,C08358,Self-employed,75800,2026-09-10,
8359,C08359,Temporary/Probation/Freelance,25400,2026-09-10,
8360,C08360,Permanent employment,44100,2026-09-10,
8361,C08361,Permanent employment,45900,2026-09-10,
8362,C08362,Permanent employment,28400,2026-09-10,
8363,C08363,Permanent employment,28000,2026-09-10,
8364,C08364,Permanent employment,46200,2026-09-10,
8365,C08365,Permanent employment,33800,2026-09-10,
8366,C08366,Retired,12000,2026-09-10,
8367,C08367,Permanent employment,68100,2026-09-10,
8368,C08368,Temporary/Probation/Freelance,22300,2026-09-10,
8369,C08369,Parental leave,35500,2026-09-10,
8370,C08370,Permanent employment,39600,2026-09-10,
8371,C08371,Permanent employment,54300,2026-09-10,
8372,C08372,Self-employed,79100,2026-09-10,
8373,C08373,Permanent employment,48900,2026-09-10,
8374,C08374,Permanent employment,33100,2026-09-10,
8375,C08375,Temporary/Probation/Freelance,42300,2026-09-10,
8376,C08376,Permanent employment,36300,2026-09-10,
8377,C08377,Temporary/Probation/Freelance,38600,2026-09-10,
8378,C08378,Permanent employment,31100,2026-09-10,
8379,C08379,Permanent employment,41500,2026-09-10,
8380,C08380,Permanent employment,61300,2026-09-10,
8381,C08381,Unemployed,15000,2026-09-10,
8382,C08382,Permanent employment,32500,2026-09-10,
8383,C08383,Retired,22400,2026-09-10,
8384,C08384,Retired,25600,2026-09-10,
8385,C08385,Self-employed,29600,2026-09-10,
8386,C08386,Permanent employment,49600,2026-09-10,
8387,C08387,Self-employed,30300,2026-09-10,
8388,C08388,Self-employed,18000,2026-09-10,
8389,C08389,Permanent employment,43500,2026-09-10,
8390,C08390,Permanent employment,33800,2026-09-10,
8391,C08391,Self-employed,47600,2026-09-10,
8392,C08392,Unemployed,13200,2026-09-10,
8393,C08393,Retired,30000,2026-09-10,
8394,C08394,Permanent employment,48000,2026-09-10,
8395,C08395,Permanent employment,28900,2026-09-10,
8396,C08396,Retired,23600,2026-09-10,
8397,C08397,Unemployed,12200,2026-09-10,
8398,C08398,Permanent employment,42900,2026-09-10,
8399,C08399,Retired,12000,2026-09-10,
8400,C08400,Permanent employment,22000,2026-09-10,
8401,C08401,Permanent employment,55500,2026-09-10,
8402,C08402,Retired,22200,2026-09-10,
8403,C08403,Unemployed,15200,2026-09-10,
8404,C08404,Permanent employment,40200,2026-09-10,
8405,C08405,Unemployed,8300,2026-09-10,
8406,C08406,Permanent employment,34200,2026-09-10,
8407,C08407,Student,4900,2026-09-10,
8408,C08408,Permanent employment,42300,2026-09-10,
8409,C08409,Permanent employment,47300,2026-09-10,
8410,C08410,Permanent employment,49600,2026-09-10,
8411,C08411,Permanent employment,47700,2026-09-10,
8412,C08412,Retired,12000,2026-09-10,
8413,C08413,Permanent employment,42400,2026-09-10,
8414,C08414,Temporary/Probation/Freelance,23400,2026-09-10,
8415,C08415,Temporary/Probation/Freelance,31300,2026-09-10,
8416,C08416,Self-employed,33200,2026-09-10,
8417,C08417,Permanent employment,45200,2026-09-10,
8418,C08418,Permanent employment,47500,2026-09-10,
8419,C08419,Permanent employment,41200,2026-09-10,
8420,C08420,Permanent employment,40000,2026-09-10,
8421,C08421,Permanent employment,47600,2026-09-10,
8422,C08422,Permanent employment,38900,2026-09-10,
8423,C08423,Permanent employment,40500,2026-09-10,
8424,C08424,Permanent employment,34600,2026-09-10,
8425,C08425,Permanent employment,35400,2026-09-10,
8426,C08426,Permanent employment,39800,2026-09-10,
8427,C08427,Permanent employment,40400,2026-09-10,
8428,C08428,Retired,19900,2026-09-10,
8429,C08429,Permanent employment,44900,2026-09-10,
8430,C08430,Permanent employment,37100,2026-09-10,
8431,C08431,Permanent employment,49800,2026-09-10,
8432,C08432,Permanent employment,50300,2026-09-10,
8433,C08433,Permanent employment,38600,2026-09-10,
8434,C08434,Permanent employment,45900,2026-09-10,
8435,C08435,Retired,25900,2026-09-10,
8436,C08436,Permanent employment,40900,2026-09-10,
8437,C08437,Permanent employment,41800,2026-09-10,
8438,C08438,Self-employed,24500,2026-09-10,
8439,C08439,Retired,28000,2026-09-10,
8440,C08440,Permanent employment,48600,2026-09-10,
8441,C08441,Permanent employment,55000,2026-09-10,
8442,C08442,Permanent employment,44000,2026-09-10,
8443,C08443,Permanent employment,39900,2026-09-10,
8444,C08444,Permanent employment,37200,2026-09-10,
8445,C08445,Permanent employment,40400,2026-09-10,
8446,C08446,Permanent employment,43200,2026-09-10,
8447,C08447,Unemployed,11800,2026-09-10,
8448,C08448,Retired,27700,2026-09-10,
8449,C08449,Self-employed,23600,2026-09-10,
8450,C08450,Unemployed,11500,2026-09-10,
8451,C08451,Permanent employment,63000,2026-09-10,
8452,C08452,Temporary/Probation/Freelance,22100,2026-09-10,
8453,C08453,Permanent employment,46100,2026-09-10,
8454,C08454,Permanent employment,52000,2026-09-10,
8455,C08455,Retired,29800,2026-09-10,
8456,C08456,Permanent employment,42700,2026-09-10,
8457,C08457,Self-employed,53100,2026-09-10,
8458,C08458,Permanent employment,44900,2026-09-10,
8459,C08459,Retired,34000,2026-09-10,
8460,C08460,Parental leave,38300,2026-09-10,
8461,C08461,Retired,30900,2026-09-10,
8462,C08462,Permanent employment,54200,2026-09-10,
8463,C08463,Permanent employment,51700,2026-09-10,
8464,C08464,Retired,21600,2026-09-10,
8465,C08465,Temporary/Probation/Freelance,24500,2026-09-10,
8466,C08466,Parental leave,32200,2026-09-10,
8467,C08467,Permanent employment,47000,2026-09-10,
8468,C08468,Permanent employment,48200,2026-09-10,
8469,C08469,Permanent employment,55700,2026-09-10,
8470,C08470,Self-employed,38200,2026-09-10,
8471,C08471,Permanent employment,36900,2026-09-10,
8472,C08472,Permanent employment,47100,2026-09-10,
8473,C08473,Permanent employment,44000,2026-09-10,
8474,C08474,Permanent employment,25200,2026-09-10,
8475,C08475,Retired,20700,2026-09-10,
8476,C08476,Permanent employment,36100,2026-09-10,
8477,C08477,Permanent employment,47600,2026-09-10,
8478,C08478,Permanent employment,37200,2026-09-10,
8479,C08479,Permanent employment,42700,2026-09-10,
8480,C08480,Self-employed,45900,2026-09-10,
8481,C08481,Permanent employment,33500,2026-09-10,
8482,C08482,Self-employed,49700,2026-09-10,
8483,C08483,Permanent employment,45200,2026-09-10,
8484,C08484,Retired,17700,2026-09-10,
8485,C08485,Permanent employment,41100,2026-09-10,
8486,C08486,Retired,14200,2026-09-10,
8487,C08487,Parental leave,32300,2026-09-10,
8488,C08488,Parental leave,25400,2026-09-10,
8489,C08489,Parental leave,38100,2026-09-10,
8490,C08490,Permanent employment,24200,2026-09-10,
8491,C08491,Retired,37400,2026-09-10,
8492,C08492,Permanent employment,39600,2026-09-10,
8493,C08493,Permanent employment,42900,2026-09-10,
8494,C08494,Retired,27800,2026-09-10,
8495,C08495,Permanent employment,48200,2026-09-10,
8496,C08496,Retired,37100,2026-09-10,
8497,C08497,Permanent employment,43000,2026-09-10,
8498,C08498,Permanent employment,31000,2026-09-10,
8499,C08499,Temporary/Probation/Freelance,29300,2026-09-10,
8500,C08500,Permanent employment,41300,2026-09-10,
8501,C08501,Self-employed,56800,2026-09-10,
8502,C08502,Unemployed,12300,2026-09-10,
8503,C08503,Permanent employment,37100,2026-09-10,
8504,C08504,Retired,20200,2026-09-10,
8505,C08505,Permanent employment,47600,2026-09-10,
8506,C08506,Unemployed,14500,2026-09-10,
8507,C08507,Permanent employment,36900,2026-09-10,
8508,C08508,Permanent employment,42100,2026-09-10,
8509,C08509,Permanent employment,51200,2026-09-10,
8510,C08510,Permanent employment,38900,2026-09-10,
8511,C08511,Permanent employment,32700,2026-09-10,
8512,C08512,Unemployed,19500,2026-09-10,
8513,C08513,Self-employed,68800,2026-09-10,
8514,C08514,Unemployed,6400,2026-09-10,
8515,C08515,Permanent employment,52000,2026-09-10,
8516,C08516,Permanent employment,28600,2026-09-10,
8517,C08517,Retired,31300,2026-09-10,
8518,C08518,Retired,31200,2026-09-10,
8519,C08519,Permanent employment,56000,2026-09-10,
8520,C08520,Retired,35800,2026-09-10,
8521,C08521,Permanent employment,46600,2026-09-10,
8522,C08522,Permanent employment,43300,2026-09-10,
8523,C08523,Permanent employment,37900,2026-09-10,
8524,C08524,Permanent employment,44100,2026-09-10,
8525,C08525,Permanent employment,43200,2026-09-10,
8526,C08526,Temporary/Probation/Freelance,28500,2026-09-10,
8527,C08527,Permanent employment,52900,2026-09-10,
8528,C08528,Permanent employment,33900,2026-09-10,
8529,C08529,Permanent employment,50600,2026-09-10,
8530,C08530,Retired,23800,2026-09-10,
8531,C08531,Permanent employment,32700,2026-09-10,
8532,C08532,Permanent employment,34200,2026-09-10,
8533,C08533,Permanent employment,34100,2026-09-10,
8534,C08534,Permanent employment,43600,2026-09-10,
8535,C08535,Permanent employment,59800,2026-09-10,
8536,C08536,Permanent employment,41900,2026-09-10,
8537,C08537,Temporary/Probation/Freelance,27000,2026-09-10,
8538,C08538,Retired,29400,2026-09-10,
8539,C08539,Unemployed,16500,2026-09-10,
8540,C08540,Retired,28300,2026-09-10,
8541,C08541,Unemployed,12200,2026-09-10,
8542,C08542,Retired,27200,2026-09-10,
8543,C08543,Retired,19900,2026-09-10,
8544,C08544,Permanent employment,46300,2026-09-10,
8545,C08545,Parental leave,29200,2026-09-10,
8546,C08546,Unemployed,17100,2026-09-10,
8547,C08547,Retired,30200,2026-09-10,
8548,C08548,Permanent employment,48000,2026-09-10,
8549,C08549,Unemployed,10900,2026-09-10,
8550,C08550,Permanent employment,27400,2026-09-10,
8551,C08551,Retired,16000,2026-09-10,
8552,C08552,Permanent employment,31200,2026-09-10,
8553,C08553,Permanent employment,63900,2026-09-10,
8554,C08554,Permanent employment,49600,2026-09-10,
8555,C08555,Permanent employment,46600,2026-09-10,
8556,C08556,Self-employed,35000,2026-09-10,
8557,C08557,Student,14700,2026-09-10,
8558,C08558,Permanent employment,43700,2026-09-10,
8559,C08559,Permanent employment,45400,2026-09-10,
8560,C08560,Retired,28100,2026-09-10,
8561,C08561,Student,12100,2026-09-10,
8562,C08562,Retired,24400,2026-09-10,
8563,C08563,Self-employed,26700,2026-09-10,
8564,C08564,Retired,24300,2026-09-10,
8565,C08565,Permanent employment,52600,2026-09-10,
8566,C08566,Self-employed,58600,2026-09-10,
8567,C08567,Self-employed,50700,2026-09-10,
8568,C08568,Retired,29600,2026-09-10,
8569,C08569,Permanent employment,36600,2026-09-10,
8570,C08570,Self-employed,42100,2026-09-10,
8571,C08571,Permanent employment,44700,2026-09-10,
8572,C08572,Permanent employment,37500,2026-09-10,
8573,C08573,Permanent employment,48600,2026-09-10,
8574,C08574,Permanent employment,49800,2026-09-10,
8575,C08575,Retired,25000,2026-09-10,
8576,C08576,Permanent employment,31400,2026-09-10,
8577,C08577,Permanent employment,38800,2026-09-10,
8578,C08578,Parental leave,26500,2026-09-10,
8579,C08579,Permanent employment,35500,2026-09-10,
8580,C08580,Self-employed,41700,2026-09-10,
8581,C08581,Self-employed,34300,2026-09-10,
8582,C08582,Permanent employment,37400,2026-09-10,
8583,C08583,Retired,24300,2026-09-10,
8584,C08584,Permanent employment,35400,2026-09-10,
8585,C08585,Permanent employment,35100,2026-09-10,
8586,C08586,Permanent employment,41100,2026-09-10,
8587,C08587,Unemployed,13500,2026-09-10,
8588,C08588,Permanent employment,35300,2026-09-10,
8589,C08589,Permanent employment,47500,2026-09-10,
8590,C08590,Permanent employment,43500,2026-09-10,
8591,C08591,Retired,17800,2026-09-10,
8592,C08592,Unemployed,17100,2026-09-10,
8593,C08593,Permanent employment,54700,2026-09-10,
8594,C08594,Retired,23400,2026-09-10,
8595,C08595,Unemployed,13200,2026-09-10,
8596,C08596,Permanent employment,42800,2026-09-10,
8597,C08597,Permanent employment,41300,2026-09-10,
8598,C08598,Self-employed,28200,2026-09-10,
8599,C08599,Permanent employment,45800,2026-09-10,
8600,C08600,Unemployed,11000,2026-09-10,
8601,C08601,Self-employed,18000,2026-09-10,
8602,C08602,Permanent employment,57200,2026-09-10,
8603,C08603,Temporary/Probation/Freelance,43600,2026-09-10,
8604,C08604,Unemployed,14400,2026-09-10,
8605,C08605,Permanent employment,35900,2026-09-10,
8606,C08606,Permanent employment,61100,2026-09-10,
8607,C08607,Unemployed,16100,2026-09-10,
8608,C08608,Permanent employment,35400,2026-09-10,
8609,C08609,Permanent employment,53600,2026-09-10,
8610,C08610,Retired,16900,2026-09-10,
8611,C08611,Permanent employment,30500,2026-09-10,
8612,C08612,Retired,19300,2026-09-10,
8613,C08613,Retired,28900,2026-09-10,
8614,C08614,Self-employed,86000,2026-09-10,
8615,C08615,Permanent employment,33000,2026-09-10,
8616,C08616,Retired,15700,2026-09-10,
8617,C08617,Retired,24100,2026-09-10,
8618,C08618,Permanent employment,37900,2026-09-10,
8619,C08619,Student,19400,2026-09-10,
8620,C08620,Permanent employment,39800,2026-09-10,
8621,C08621,Retired,38700,2026-09-10,
8622,C08622,Permanent employment,47600,2026-09-10,
8623,C08623,Temporary/Probation/Freelance,37400,2026-09-10,
8624,C08624,Permanent employment,32800,2026-09-10,
8625,C08625,Temporary/Probation/Freelance,26800,2026-09-10,
8626,C08626,Permanent employment,46800,2026-09-10,
8627,C08627,Parental leave,16000,2026-09-10,
8628,C08628,Retired,19200,2026-09-10,
8629,C08629,Permanent employment,42700,2026-09-10,
8630,C08630,Permanent employment,37500,2026-09-10,
8631,C08631,Permanent employment,57800,2026-09-10,
8632,C08632,Parental leave,33000,2026-09-10,
8633,C08633,Student,9000,2026-09-10,
8634,C08634,Permanent employment,32100,2026-09-10,
8635,C08635,Unemployed,11900,2026-09-10,
8636,C08636,Retired,35100,2026-09-10,
8637,C08637,Permanent employment,38700,2026-09-10,
8638,C08638,Permanent employment,42200,2026-09-10,
8639,C08639,Permanent employment,35900,2026-09-10,
8640,C08640,Permanent employment,46200,2026-09-10,
8641,C08641,Retired,26100,2026-09-10,
8642,C08642,Permanent employment,46300,2026-09-10,
8643,C08643,Unemployed,9300,2026-09-10,
8644,C08644,Permanent employment,48600,2026-09-10,
8645,C08645,Permanent employment,42100,2026-09-10,
8646,C08646,Self-employed,49300,2026-09-10,
8647,C08647,Permanent employment,50500,2026-09-10,
8648,C08648,Permanent employment,40900,2026-09-10,
8649,C08649,Permanent employment,47600,2026-09-10,
8650,C08650,Temporary/Probation/Freelance,35500,2026-09-10,
8651,C08651,Temporary/Probation/Freelance,37000,2026-09-10,
8652,C08652,Permanent employment,51800,2026-09-10,
8653,C08653,Permanent employment,46400,2026-09-10,
8654,C08654,Permanent employment,48000,2026-09-10,
8655,C08655,Permanent employment,50900,2026-09-10,
8656,C08656,Permanent employment,46200,2026-09-10,
8657,C08657,Permanent employment,49800,2026-09-10,
8658,C08658,Permanent employment,34800,2026-09-10,
8659,C08659,Permanent employment,25700,2026-09-10,
8660,C08660,Permanent employment,53200,2026-09-10,
8661,C08661,Permanent employment,46400,2026-09-10,
8662,C08662,Permanent employment,46200,2026-09-10,
8663,C08663,Student,14500,2026-09-10,
8664,C08664,Permanent employment,40400,2026-09-10,
8665,C08665,Permanent employment,44300,2026-09-10,
8666,C08666,Permanent employment,40900,2026-09-10,
8667,C08667,Unemployed,13300,2026-09-10,
8668,C08668,Permanent employment,35300,2026-09-10,
8669,C08669,Permanent employment,34100,2026-09-10,
8670,C08670,Retired,26600,2026-09-10,
8671,C08671,Self-employed,18000,2026-09-10,
8672,C08672,Permanent employment,47200,2026-09-10,
8673,C08673,Student,6400,2026-09-10,
8674,C08674,Permanent employment,41400,2026-09-10,
8675,C08675,Student,12700,2026-09-10,
8676,C08676,Permanent employment,42900,2026-09-10,
8677,C08677,Permanent employment,41000,2026-09-10,
8678,C08678,Permanent employment,35400,2026-09-10,
8679,C08679,Permanent employment,41200,2026-09-10,
8680,C08680,Permanent employment,36300,2026-09-10,
8681,C08681,Permanent employment,33200,2026-09-10,
8682,C08682,Retired,21500,2026-09-10,
8683,C08683,Permanent employment,36900,2026-09-10,
8684,C08684,Unemployed,17300,2026-09-10,
8685,C08685,Permanent employment,47800,2026-09-10,
8686,C08686,Self-employed,87100,2026-09-10,
8687,C08687,Permanent employment,38700,2026-09-10,
8688,C08688,Permanent employment,29000,2026-09-10,
8689,C08689,Permanent employment,51400,2026-09-10,
8690,C08690,Permanent employment,39800,2026-09-10,
8691,C08691,Permanent employment,54300,2026-09-10,
8692,C08692,Retired,16900,2026-09-10,
8693,C08693,Self-employed,36200,2026-09-10,
8694,C08694,Permanent employment,30900,2026-09-10,
8695,C08695,Self-employed,45000,2026-09-10,
8696,C08696,Permanent employment,44500,2026-09-10,
8697,C08697,Retired,12800,2026-09-10,
8698,C08698,Permanent employment,44200,2026-09-10,
8699,C08699,Permanent employment,47400,2026-09-10,
8700,C08700,Self-employed,38900,2026-09-10,
8701,C08701,Retired,30800,2026-09-10,
8702,C08702,Retired,30800,2026-09-10,
8703,C08703,Permanent employment,46500,2026-09-10,
8704,C08704,Permanent employment,32900,2026-09-10,
8705,C08705,Unemployed,15400,2026-09-10,
8706,C08706,Unemployed,16000,2026-09-10,
8707,C08707,Retired,24600,2026-09-10,
8708,C08708,Permanent employment,39800,2026-09-10,
8709,C08709,Permanent employment,35900,2026-09-10,
8710,C08710,Retired,26900,2026-09-10,
8711,C08711,Retired,21100,2026-09-10,
8712,C08712,Permanent employment,46100,2026-09-10,
8713,C08713,Retired,17400,2026-09-10,
8714,C08714,Permanent employment,31800,2026-09-10,
8715,C08715,Retired,13200,2026-09-10,
8716,C08716,Self-employed,49700,2026-09-10,
8717,C08717,Parental leave,28200,2026-09-10,
8718,C08718,Permanent employment,45900,2026-09-10,
8719,C08719,Retired,29700,2026-09-10,
8720,C08720,Permanent employment,47400,2026-09-10,
8721,C08721,Permanent employment,40500,2026-09-10,
8722,C08722,Permanent employment,45900,2026-09-10,
8723,C08723,Self-employed,38000,2026-09-10,
8724,C08724,Permanent employment,42700,2026-09-10,
8725,C08725,Retired,31300,2026-09-10,
8726,C08726,Permanent employment,47000,2026-09-10,
8727,C08727,Permanent employment,42100,2026-09-10,
8728,C08728,Permanent employment,32300,2026-09-10,
8729,C08729,Permanent employment,54700,2026-09-10,
8730,C08730,Unemployed,13800,2026-09-10,
8731,C08731,Temporary/Probation/Freelance,20800,2026-09-10,
8732,C08732,Self-employed,37000,2026-09-10,
8733,C08733,Permanent employment,25700,2026-09-10,
8734,C08734,Permanent employment,26700,2026-09-10,
8735,C08735,Unemployed,17800,2026-09-10,
8736,C08736,Retired,17700,2026-09-10,
8737,C08737,Temporary/Probation/Freelance,20200,2026-09-10,
8738,C08738,Permanent employment,34000,2026-09-10,
8739,C08739,Permanent employment,35600,2026-09-10,
8740,C08740,Permanent employment,40800,2026-09-10,
8741,C08741,Unemployed,10400,2026-09-10,
8742,C08742,Permanent employment,44700,2026-09-10,
8743,C08743,Permanent employment,43300,2026-09-10,
8744,C08744,Student,18500,2026-09-10,
8745,C08745,Permanent employment,42400,2026-09-10,
8746,C08746,Permanent employment,44700,2026-09-10,
8747,C08747,Permanent employment,31600,2026-09-10,
8748,C08748,Permanent employment,42500,2026-09-10,
8749,C08749,Temporary/Probation/Freelance,43300,2026-09-10,
8750,C08750,Unemployed,13600,2026-09-10,
8751,C08751,Permanent employment,40600,2026-09-10,
8752,C08752,Permanent employment,39300,2026-09-10,
8753,C08753,Permanent employment,41300,2026-09-10,
8754,C08754,Permanent employment,58200,2026-09-10,
8755,C08755,Retired,22900,2026-09-10,
8756,C08756,Retired,21500,2026-09-10,
8757,C08757,Permanent employment,29900,2026-09-10,
8758,C08758,Permanent employment,42900,2026-09-10,
8759,C08759,Unemployed,12300,2026-09-10,
8760,C08760,Temporary/Probation/Freelance,34400,2026-09-10,
8761,C08761,Temporary/Probation/Freelance,27800,2026-09-10,
8762,C08762,Self-employed,26600,2026-09-10,
8763,C08763,Permanent employment,37600,2026-09-10,
8764,C08764,Retired,20900,2026-09-10,
8765,C08765,Unemployed,17000,2026-09-10,
8766,C08766,Retired,25100,2026-09-10,
8767,C08767,Permanent employment,46300,2026-09-10,
8768,C08768,Permanent employment,38100,2026-09-10,
8769,C08769,Unemployed,15600,2026-09-10,
8770,C08770,Parental leave,27900,2026-09-10,
8771,C08771,Parental leave,24800,2026-09-10,
8772,C08772,Permanent employment,39100,2026-09-10,
8773,C08773,Permanent employment,38800,2026-09-10,
8774,C08774,Permanent employment,53800,2026-09-10,
8775,C08775,Retired,30700,2026-09-10,
8776,C08776,Unemployed,12300,2026-09-10,
8777,C08777,Retired,25100,2026-09-10,
8778,C08778,Self-employed,57600,2026-09-10,
8779,C08779,Permanent employment,38900,2026-09-10,
8780,C08780,Permanent employment,44100,2026-09-10,
8781,C08781,Permanent employment,31400,2026-09-10,
8782,C08782,Permanent employment,36900,2026-09-10,
8783,C08783,Permanent employment,49700,2026-09-10,
8784,C08784,Permanent employment,43500,2026-09-10,
8785,C08785,Self-employed,45500,2026-09-10,
8786,C08786,Permanent employment,53000,2026-09-10,
8787,C08787,Self-employed,37300,2026-09-10,
8788,C08788,Unemployed,16900,2026-09-10,
8789,C08789,Temporary/Probation/Freelance,23400,2026-09-10,
8790,C08790,Unemployed,12300,2026-09-10,
8791,C08791,Retired,18800,2026-09-10,
8792,C08792,Temporary/Probation/Freelance,23700,2026-09-10,
8793,C08793,Permanent employment,50500,2026-09-10,
8794,C08794,Permanent employment,34100,2026-09-10,
8795,C08795,Permanent employment,40100,2026-09-10,
8796,C08796,Permanent employment,30700,2026-09-10,
8797,C08797,Temporary/Probation/Freelance,25800,2026-09-10,
8798,C08798,Permanent employment,43700,2026-09-10,
8799,C08799,Permanent employment,43900,2026-09-10,
8800,C08800,Permanent employment,41500,2026-09-10,
8801,C08801,Permanent employment,34900,2026-09-10,
8802,C08802,Self-employed,35900,2026-09-10,
8803,C08803,Permanent employment,46800,2026-09-10,
8804,C08804,Retired,29200,2026-09-10,
8805,C08805,Permanent employment,38500,2026-09-10,
8806,C08806,Retired,17300,2026-09-10,
8807,C08807,Permanent employment,42300,2026-09-10,
8808,C08808,Permanent employment,45400,2026-09-10,
8809,C08809,Student,14000,2026-09-10,
8810,C08810,Unemployed,9900,2026-09-10,
8811,C08811,Permanent employment,33000,2026-09-10,
8812,C08812,Self-employed,18000,2026-09-10,
8813,C08813,Retired,12000,2026-09-10,
8814,C08814,Permanent employment,37200,2026-09-10,
8815,C08815,Permanent employment,36100,2026-09-10,
8816,C08816,Retired,20500,2026-09-10,
8817,C08817,Permanent employment,47100,2026-09-10,
8818,C08818,Permanent employment,44400,2026-09-10,
8819,C08819,Permanent employment,46900,2026-09-10,
8820,C08820,Temporary/Probation/Freelance,37200,2026-09-10,
8821,C08821,Self-employed,49400,2026-09-10,
8822,C08822,Retired,22500,2026-09-10,
8823,C08823,Unemployed,15800,2026-09-10,
8824,C08824,Unemployed,6400,2026-09-10,
8825,C08825,Retired,22100,2026-09-10,
8826,C08826,Self-employed,56500,2026-09-10,
8827,C08827,Retired,22900,2026-09-10,
8828,C08828,Permanent employment,46600,2026-09-10,
8829,C08829,Permanent employment,43600,2026-09-10,
8830,C08830,Permanent employment,49300,2026-09-10,
8831,C08831,Unemployed,17600,2026-09-10,
8832,C08832,Temporary/Probation/Freelance,15000,2026-09-10,
8833,C08833,Permanent employment,38400,2026-09-10,
8834,C08834,Permanent employment,30800,2026-09-10,
8835,C08835,Retired,12000,2026-09-10,
8836,C08836,Student,12900,2026-09-10,
8837,C08837,Permanent employment,50600,2026-09-10,
8838,C08838,Permanent employment,41500,2026-09-10,
8839,C08839,Retired,19100,2026-09-10,
8840,C08840,Unemployed,13300,2026-09-10,
8841,C08841,Self-employed,95400,2026-09-10,
8842,C08842,Retired,16600,2026-09-10,
8843,C08843,Permanent employment,28600,2026-09-10,
8844,C08844,Retired,28100,2026-09-10,
8845,C08845,Student,13300,2026-09-10,
8846,C08846,Permanent employment,45700,2026-09-10,
8847,C08847,Retired,24400,2026-09-10,
8848,C08848,Retired,21700,2026-09-10,
8849,C08849,Permanent employment,34500,2026-09-10,
8850,C08850,Temporary/Probation/Freelance,44900,2026-09-10,
8851,C08851,Retired,37400,2026-09-10,
8852,C08852,Permanent employment,41500,2026-09-10,
8853,C08853,Student,17000,2026-09-10,
8854,C08854,Retired,26300,2026-09-10,
8855,C08855,Permanent employment,32600,2026-09-10,
8856,C08856,Self-employed,18000,2026-09-10,
8857,C08857,Permanent employment,43300,2026-09-10,
8858,C08858,Unemployed,19100,2026-09-10,
8859,C08859,Permanent employment,47500,2026-09-10,
8860,C08860,Permanent employment,46800,2026-09-10,
8861,C08861,Permanent employment,38800,2026-09-10,
8862,C08862,Retired,16000,2026-09-10,
8863,C08863,Retired,29300,2026-09-10,
8864,C08864,Temporary/Probation/Freelance,30400,2026-09-10,
8865,C08865,Temporary/Probation/Freelance,29100,2026-09-10,
8866,C08866,Permanent employment,51800,2026-09-10,
8867,C08867,Permanent employment,56800,2026-09-10,
8868,C08868,Self-employed,55500,2026-09-10,
8869,C08869,Permanent employment,36500,2026-09-10,
8870,C08870,Permanent employment,45400,2026-09-10,
8871,C08871,Permanent employment,40000,2026-09-10,
8872,C08872,Permanent employment,37000,2026-09-10,
8873,C08873,Permanent employment,34600,2026-09-10,
8874,C08874,Student,16300,2026-09-10,
8875,C08875,Retired,20600,2026-09-10,
8876,C08876,Permanent employment,49200,2026-09-10,
8877,C08877,Permanent employment,37100,2026-09-10,
8878,C08878,Permanent employment,41600,2026-09-10,
8879,C08879,Permanent employment,40300,2026-09-10,
8880,C08880,Permanent employment,33400,2026-09-10,
8881,C08881,Permanent employment,46500,2026-09-10,
8882,C08882,Temporary/Probation/Freelance,29600,2026-09-10,
8883,C08883,Permanent employment,35600,2026-09-10,
8884,C08884,Permanent employment,39600,2026-09-10,
8885,C08885,Retired,25500,2026-09-10,
8886,C08886,Temporary/Probation/Freelance,39700,2026-09-10,
8887,C08887,Temporary/Probation/Freelance,41100,2026-09-10,
8888,C08888,Retired,18800,2026-09-10,
8889,C08889,Permanent employment,42600,2026-09-10,
8890,C08890,Self-employed,33800,2026-09-10,
8891,C08891,Permanent employment,39000,2026-09-10,
8892,C08892,Retired,28600,2026-09-10,
8893,C08893,Retired,16000,2026-09-10,
8894,C08894,Student,20800,2026-09-10,
8895,C08895,Student,11200,2026-09-10,
8896,C08896,Permanent employment,36700,2026-09-10,
8897,C08897,Permanent employment,59100,2026-09-10,
8898,C08898,Permanent employment,35800,2026-09-10,
8899,C08899,Student,6100,2026-09-10,
8900,C08900,Retired,15100,2026-09-10,
8901,C08901,Permanent employment,44800,2026-09-10,
8902,C08902,Permanent employment,38500,2026-09-10,
8903,C08903,Temporary/Probation/Freelance,19600,2026-09-10,
8904,C08904,Retired,15600,2026-09-10,
8905,C08905,Temporary/Probation/Freelance,32600,2026-09-10,
8906,C08906,Retired,28300,2026-09-10,
8907,C08907,Permanent employment,33300,2026-09-10,
8908,C08908,Permanent employment,41600,2026-09-10,
8909,C08909,Permanent employment,42100,2026-09-10,
8910,C08910,Retired,19300,2026-09-10,
8911,C08911,Permanent employment,54300,2026-09-10,
8912,C08912,Permanent employment,42600,2026-09-10,
8913,C08913,Retired,25100,2026-09-10,
8914,C08914,Permanent employment,42800,2026-09-10,
8915,C08915,Permanent employment,38600,2026-09-10,
8916,C08916,Permanent employment,44900,2026-09-10,
8917,C08917,Permanent employment,50800,2026-09-10,
8918,C08918,Retired,19800,2026-09-10,
8919,C08919,Self-employed,36900,2026-09-10,
8920,C08920,Permanent employment,38000,2026-09-10,
8921,C08921,Temporary/Probation/Freelance,41300,2026-09-10,
8922,C08922,Self-employed,55000,2026-09-10,
8923,C08923,Permanent employment,46600,2026-09-10,
8924,C08924,Retired,34800,2026-09-10,
8925,C08925,Permanent employment,29400,2026-09-10,
8926,C08926,Permanent employment,44400,2026-09-10,
8927,C08927,Permanent employment,34600,2026-09-10,
8928,C08928,Permanent employment,28100,2026-09-10,
8929,C08929,Student,15600,2026-09-10,
8930,C08930,Temporary/Probation/Freelance,43500,2026-09-10,
8931,C08931,Permanent employment,42100,2026-09-10,
8932,C08932,Permanent employment,35100,2026-09-10,
8933,C08933,Permanent employment,34900,2026-09-10,
8934,C08934,Permanent employment,54800,2026-09-10,
8935,C08935,Permanent employment,40900,2026-09-10,
8936,C08936,Permanent employment,54700,2026-09-10,
8937,C08937,Permanent employment,38300,2026-09-10,
8938,C08938,Self-employed,36300,2026-09-10,
8939,C08939,Permanent employment,46900,2026-09-10,
8940,C08940,Permanent employment,58200,2026-09-10,
8941,C08941,Permanent employment,46100,2026-09-10,
8942,C08942,Permanent employment,43600,2026-09-10,
8943,C08943,Retired,27600,2026-09-10,
8944,C08944,Retired,22300,2026-09-10,
8945,C08945,Self-employed,24700,2026-09-10,
8946,C08946,Retired,23400,2026-09-10,
8947,C08947,Permanent employment,49100,2026-09-10,
8948,C08948,Permanent employment,46100,2026-09-10,
8949,C08949,Temporary/Probation/Freelance,19700,2026-09-10,
8950,C08950,Permanent employment,50600,2026-09-10,
8951,C08951,Permanent employment,48600,2026-09-10,
8952,C08952,Retired,24800,2026-09-10,
8953,C08953,Permanent employment,37600,2026-09-10,
8954,C08954,Permanent employment,51400,2026-09-10,
8955,C08955,Permanent employment,51200,2026-09-10,
8956,C08956,Self-employed,18000,2026-09-10,
8957,C08957,Permanent employment,47500,2026-09-10,
8958,C08958,Retired,21800,2026-09-10,
8959,C08959,Permanent employment,47400,2026-09-10,
8960,C08960,Retired,17300,2026-09-10,
8961,C08961,Permanent employment,51400,2026-09-10,
8962,C08962,Self-employed,64200,2026-09-10,
8963,C08963,Permanent employment,44300,2026-09-10,
8964,C08964,Temporary/Probation/Freelance,16400,2026-09-10,
8965,C08965,Permanent employment,48700,2026-09-10,
8966,C08966,Permanent employment,44400,2026-09-10,
8967,C08967,Permanent employment,31600,2026-09-10,
8968,C08968,Permanent employment,43000,2026-09-10,
8969,C08969,Temporary/Probation/Freelance,36500,2026-09-10,
8970,C08970,Unemployed,5000,2026-09-10,
8971,C08971,Permanent employment,38400,2026-09-10,
8972,C08972,Permanent employment,46600,2026-09-10,
8973,C08973,Permanent employment,46600,2026-09-10,
8974,C08974,Permanent employment,28400,2026-09-10,
8975,C08975,Permanent employment,46100,2026-09-10,
8976,C08976,Permanent employment,43500,2026-09-10,
8977,C08977,Self-employed,40100,2026-09-10,
8978,C08978,Permanent employment,46300,2026-09-10,
8979,C08979,Unemployed,24200,2026-09-10,
8980,C08980,Permanent employment,44700,2026-09-10,
8981,C08981,Permanent employment,38200,2026-09-10,
8982,C08982,Temporary/Probation/Freelance,29000,2026-09-10,
8983,C08983,Permanent employment,42400,2026-09-10,
8984,C08984,Permanent employment,40400,2026-09-10,
8985,C08985,Permanent employment,25300,2026-09-10,
8986,C08986,Retired,17900,2026-09-10,
8987,C08987,Permanent employment,41000,2026-09-10,
8988,C08988,Permanent employment,43500,2026-09-10,
8989,C08989,Retired,23300,2026-09-10,
8990,C08990,Permanent employment,53000,2026-09-10,
8991,C08991,Permanent employment,23700,2026-09-10,
8992,C08992,Permanent employment,36800,2026-09-10,
8993,C08993,Permanent employment,41000,2026-09-10,
8994,C08994,Permanent employment,36500,2026-09-10,
8995,C08995,Permanent employment,39200,2026-09-10,
8996,C08996,Permanent employment,32200,2026-09-10,
8997,C08997,Self-employed,42100,2026-09-10,
8998,C08998,Permanent employment,43000,2026-09-10,
8999,C08999,Permanent employment,28200,2026-09-10,
9000,C09000,Retired,23500,2026-09-10,
9001,C09001,Retired,24400,2026-09-10,
9002,C09002,Permanent employment,38500,2026-09-10,
9003,C09003,Retired,24500,2026-09-10,
9004,C09004,Temporary/Probation/Freelance,30400,2026-09-10,
9005,C09005,Permanent employment,41700,2026-09-10,
9006,C09006,Permanent employment,50500,2026-09-10,
9007,C09007,Permanent employment,52300,2026-09-10,
9008,C09008,Self-employed,64600,2026-09-10,
9009,C09009,Self-employed,29500,2026-09-10,
9010,C09010,Permanent employment,43700,2026-09-10,
9011,C09011,Unemployed,6100,2026-09-10,
9012,C09012,Temporary/Probation/Freelance,35500,2026-09-10,
9013,C09013,Permanent employment,43900,2026-09-10,
9014,C09014,Student,15600,2026-09-10,
9015,C09015,Permanent employment,51000,2026-09-10,
9016,C09016,Student,15300,2026-09-10,
9017,C09017,Parental leave,33200,2026-09-10,
9018,C09018,Retired,24600,2026-09-10,
9019,C09019,Permanent employment,48200,2026-09-10,
9020,C09020,Retired,25700,2026-09-10,
9021,C09021,Permanent employment,61900,2026-09-10,
9022,C09022,Retired,19100,2026-09-10,
9023,C09023,Permanent employment,42800,2026-09-10,
9024,C09024,Permanent employment,50300,2026-09-10,
9025,C09025,Temporary/Probation/Freelance,15000,2026-09-10,
9026,C09026,Permanent employment,43300,2026-09-10,
9027,C09027,Unemployed,18800,2026-09-10,
9028,C09028,Student,8100,2026-09-10,
9029,C09029,Retired,23900,2026-09-10,
9030,C09030,Permanent employment,33900,2026-09-10,
9031,C09031,Permanent employment,42100,2026-09-10,
9032,C09032,Permanent employment,37200,2026-09-10,
9033,C09033,Permanent employment,50300,2026-09-10,
9034,C09034,Retired,29600,2026-09-10,
9035,C09035,Permanent employment,39400,2026-09-10,
9036,C09036,Unemployed,10200,2026-09-10,
9037,C09037,Permanent employment,48900,2026-09-10,
9038,C09038,Retired,14700,2026-09-10,
9039,C09039,Permanent employment,48500,2026-09-10,
9040,C09040,Permanent employment,38300,2026-09-10,
9041,C09041,Student,15600,2026-09-10,
9042,C09042,Permanent employment,46400,2026-09-10,
9043,C09043,Retired,20200,2026-09-10,
9044,C09044,Temporary/Probation/Freelance,20700,2026-09-10,
9045,C09045,Permanent employment,37000,2026-09-10,
9046,C09046,Permanent employment,22000,2026-09-10,
9047,C09047,Permanent employment,44200,2026-09-10,
9048,C09048,Permanent employment,50700,2026-09-10,
9049,C09049,Permanent employment,36600,2026-09-10,
9050,C09050,Permanent employment,37800,2026-09-10,
9051,C09051,Retired,25200,2026-09-10,
9052,C09052,Permanent employment,54700,2026-09-10,
9053,C09053,Temporary/Probation/Freelance,36200,2026-09-10,
9054,C09054,Permanent employment,44400,2026-09-10,
9055,C09055,Permanent employment,37800,2026-09-10,
9056,C09056,Retired,24200,2026-09-10,
9057,C09057,Permanent employment,49200,2026-09-10,
9058,C09058,Student,12900,2026-09-10,
9059,C09059,Permanent employment,39800,2026-09-10,
9060,C09060,Parental leave,36700,2026-09-10,
9061,C09061,Retired,34400,2026-09-10,
9062,C09062,Retired,29800,2026-09-10,
9063,C09063,Retired,12000,2026-09-10,
9064,C09064,Permanent employment,51800,2026-09-10,
9065,C09065,Permanent employment,44000,2026-09-10,
9066,C09066,Permanent employment,45900,2026-09-10,
9067,C09067,Parental leave,28500,2026-09-10,
9068,C09068,Permanent employment,40200,2026-09-10,
9069,C09069,Permanent employment,22000,2026-09-10,
9070,C09070,Permanent employment,40100,2026-09-10,
9071,C09071,Retired,14800,2026-09-10,
9072,C09072,Permanent employment,46600,2026-09-10,
9073,C09073,Permanent employment,42200,2026-09-10,
9074,C09074,Permanent employment,52900,2026-09-10,
9075,C09075,Permanent employment,57200,2026-09-10,
9076,C09076,Self-employed,42700,2026-09-10,
9077,C09077,Permanent employment,39400,2026-09-10,
9078,C09078,Student,6400,2026-09-10,
9079,C09079,Self-employed,53100,2026-09-10,
9080,C09080,Permanent employment,33900,2026-09-10,
9081,C09081,Permanent employment,44800,2026-09-10,
9082,C09082,Unemployed,10300,2026-09-10,
9083,C09083,Permanent employment,45400,2026-09-10,
9084,C09084,Permanent employment,54600,2026-09-10,
9085,C09085,Permanent employment,39800,2026-09-10,
9086,C09086,Permanent employment,38100,2026-09-10,
9087,C09087,Permanent employment,48400,2026-09-10,
9088,C09088,Retired,33200,2026-09-10,
9089,C09089,Permanent employment,46100,2026-09-10,
9090,C09090,Permanent employment,50100,2026-09-10,
9091,C09091,Parental leave,32400,2026-09-10,
9092,C09092,Permanent employment,50100,2026-09-10,
9093,C09093,Permanent employment,50000,2026-09-10,
9094,C09094,Temporary/Probation/Freelance,32300,2026-09-10,
9095,C09095,Permanent employment,53400,2026-09-10,
9096,C09096,Retired,28000,2026-09-10,
9097,C09097,Permanent employment,62800,2026-09-10,
9098,C09098,Permanent employment,34100,2026-09-10,
9099,C09099,Retired,23600,2026-09-10,
9100,C09100,Temporary/Probation/Freelance,19300,2026-09-10,
9101,C09101,Unemployed,13600,2026-09-10,
9102,C09102,Permanent employment,34800,2026-09-10,
9103,C09103,Permanent employment,45900,2026-09-10,
9104,C09104,Permanent employment,38100,2026-09-10,
9105,C09105,Permanent employment,43500,2026-09-10,
9106,C09106,Permanent employment,41600,2026-09-10,
9107,C09107,Temporary/Probation/Freelance,35700,2026-09-10,
9108,C09108,Retired,22400,2026-09-10,
9109,C09109,Temporary/Probation/Freelance,39500,2026-09-10,
9110,C09110,Temporary/Probation/Freelance,29300,2026-09-10,
9111,C09111,Retired,20900,2026-09-10,
9112,C09112,Temporary/Probation/Freelance,15400,2026-09-10,
9113,C09113,Permanent employment,35600,2026-09-10,
9114,C09114,Unemployed,17000,2026-09-10,
9115,C09115,Permanent employment,36000,2026-09-10,
9116,C09116,Permanent employment,51700,2026-09-10,
9117,C09117,Permanent employment,42000,2026-09-10,
9118,C09118,Permanent employment,42900,2026-09-10,
9119,C09119,Retired,27800,2026-09-10,
9120,C09120,Retired,31400,2026-09-10,
9121,C09121,Retired,13700,2026-09-10,
9122,C09122,Permanent employment,35300,2026-09-10,
9123,C09123,Permanent employment,41200,2026-09-10,
9124,C09124,Student,16000,2026-09-10,
9125,C09125,Permanent employment,45100,2026-09-10,
9126,C09126,Retired,32000,2026-09-10,
9127,C09127,Self-employed,18000,2026-09-10,
9128,C09128,Permanent employment,41100,2026-09-10,
9129,C09129,Permanent employment,43500,2026-09-10,
9130,C09130,Retired,16400,2026-09-10,
9131,C09131,Permanent employment,29900,2026-09-10,
9132,C09132,Permanent employment,37400,2026-09-10,
9133,C09133,Unemployed,12500,2026-09-10,
9134,C09134,Unemployed,9400,2026-09-10,
9135,C09135,Permanent employment,51500,2026-09-10,
9136,C09136,Permanent employment,46400,2026-09-10,
9137,C09137,Permanent employment,45200,2026-09-10,
9138,C09138,Permanent employment,47000,2026-09-10,
9139,C09139,Permanent employment,56000,2026-09-10,
9140,C09140,Permanent employment,59100,2026-09-10,
9141,C09141,Self-employed,40000,2026-09-10,
9142,C09142,Permanent employment,41700,2026-09-10,
9143,C09143,Retired,21800,2026-09-10,
9144,C09144,Permanent employment,51200,2026-09-10,
9145,C09145,Self-employed,70500,2026-09-10,
9146,C09146,Permanent employment,45000,2026-09-10,
9147,C09147,Unemployed,17800,2026-09-10,
9148,C09148,Unemployed,12700,2026-09-10,
9149,C09149,Permanent employment,53100,2026-09-10,
9150,C09150,Permanent employment,38800,2026-09-10,
9151,C09151,Permanent employment,37500,2026-09-10,
9152,C09152,Permanent employment,49200,2026-09-10,
9153,C09153,Permanent employment,46000,2026-09-10,
9154,C09154,Permanent employment,49600,2026-09-10,
9155,C09155,Self-employed,64100,2026-09-10,
9156,C09156,Permanent employment,32000,2026-09-10,
9157,C09157,Retired,23400,2026-09-10,
9158,C09158,Permanent employment,34000,2026-09-10,
9159,C09159,Permanent employment,34600,2026-09-10,
9160,C09160,Temporary/Probation/Freelance,41600,2026-09-10,
9161,C09161,Permanent employment,40400,2026-09-10,
9162,C09162,Temporary/Probation/Freelance,44900,2026-09-10,
9163,C09163,Self-employed,48000,2026-09-10,
9164,C09164,Permanent employment,43500,2026-09-10,
9165,C09165,Retired,22200,2026-09-10,
9166,C09166,Retired,30900,2026-09-10,
9167,C09167,Self-employed,42900,2026-09-10,
9168,C09168,Permanent employment,38300,2026-09-10,
9169,C09169,Unemployed,15200,2026-09-10,
9170,C09170,Unemployed,8600,2026-09-10,
9171,C09171,Parental leave,30600,2026-09-10,
9172,C09172,Retired,23600,2026-09-10,
9173,C09173,Permanent employment,33200,2026-09-10,
9174,C09174,Temporary/Probation/Freelance,37900,2026-09-10,
9175,C09175,Parental leave,28600,2026-09-10,
9176,C09176,Temporary/Probation/Freelance,34100,2026-09-10,
9177,C09177,Permanent employment,28500,2026-09-10,
9178,C09178,Retired,37900,2026-09-10,
9179,C09179,Permanent employment,55800,2026-09-10,
9180,C09180,Student,8300,2026-09-10,
9181,C09181,Permanent employment,45800,2026-09-10,
9182,C09182,Permanent employment,29800,2026-09-10,
9183,C09183,Temporary/Probation/Freelance,35400,2026-09-10,
9184,C09184,Retired,18800,2026-09-10,
9185,C09185,Permanent employment,31600,2026-09-10,
9186,C09186,Retired,26300,2026-09-10,
9187,C09187,Permanent employment,36600,2026-09-10,
9188,C09188,Student,4900,2026-09-10,
9189,C09189,Retired,29400,2026-09-10,
9190,C09190,Retired,35300,2026-09-10,
9191,C09191,Self-employed,50000,2026-09-10,
9192,C09192,Permanent employment,38800,2026-09-10,
9193,C09193,Retired,21500,2026-09-10,
9194,C09194,Unemployed,16400,2026-09-10,
9195,C09195,Retired,25600,2026-09-10,
9196,C09196,Permanent employment,41200,2026-09-10,
9197,C09197,Permanent employment,36400,2026-09-10,
9198,C09198,Retired,12000,2026-09-10,
9199,C09199,Permanent employment,52800,2026-09-10,
9200,C09200,Self-employed,40500,2026-09-10,
9201,C09201,Self-employed,18000,2026-09-10,
9202,C09202,Permanent employment,44900,2026-09-10,
9203,C09203,Parental leave,32200,2026-09-10,
9204,C09204,Permanent employment,45400,2026-09-10,
9205,C09205,Retired,25700,2026-09-10,
9206,C09206,Self-employed,46800,2026-09-10,
9207,C09207,Permanent employment,42700,2026-09-10,
9208,C09208,Self-employed,48200,2026-09-10,
9209,C09209,Permanent employment,41900,2026-09-10,
9210,C09210,Permanent employment,46400,2026-09-10,
9211,C09211,Retired,26700,2026-09-10,
9212,C09212,Self-employed,55500,2026-09-10,
9213,C09213,Student,7500,2026-09-10,
9214,C09214,Permanent employment,49800,2026-09-10,
9215,C09215,Student,12200,2026-09-10,
9216,C09216,Permanent employment,53600,2026-09-10,
9217,C09217,Permanent employment,46400,2026-09-10,
9218,C09218,Retired,31000,2026-09-10,
9219,C09219,Retired,12000,2026-09-10,
9220,C09220,Permanent employment,30600,2026-09-10,
9221,C09221,Parental leave,36700,2026-09-10,
9222,C09222,Permanent employment,47300,2026-09-10,
9223,C09223,Self-employed,26100,2026-09-10,
9224,C09224,Permanent employment,46300,2026-09-10,
9225,C09225,Permanent employment,50500,2026-09-10,
9226,C09226,Temporary/Probation/Freelance,20100,2026-09-10,
9227,C09227,Temporary/Probation/Freelance,32300,2026-09-10,
9228,C09228,Retired,39200,2026-09-10,
9229,C09229,Permanent employment,39400,2026-09-10,
9230,C09230,Retired,17500,2026-09-10,
9231,C09231,Permanent employment,27800,2026-09-10,
9232,C09232,Permanent employment,35400,2026-09-10,
9233,C09233,Retired,30400,2026-09-10,
9234,C09234,Permanent employment,41400,2026-09-10,
9235,C09235,Permanent employment,61200,2026-09-10,
9236,C09236,Permanent employment,68800,2026-09-10,
9237,C09237,Temporary/Probation/Freelance,44400,2026-09-10,
9238,C09238,Permanent employment,33000,2026-09-10,
9239,C09239,Permanent employment,47200,2026-09-10,
9240,C09240,Permanent employment,38900,2026-09-10,
9241,C09241,Permanent employment,40500,2026-09-10,
9242,C09242,Permanent employment,45400,2026-09-10,
9243,C09243,Permanent employment,35600,2026-09-10,
9244,C09244,Temporary/Probation/Freelance,15000,2026-09-10,
9245,C09245,Self-employed,19900,2026-09-10,
9246,C09246,Retired,25800,2026-09-10,
9247,C09247,Permanent employment,58300,2026-09-10,
9248,C09248,Permanent employment,51600,2026-09-10,
9249,C09249,Permanent employment,37200,2026-09-10,
9250,C09250,Unemployed,17000,2026-09-10,
9251,C09251,Student,9700,2026-09-10,
9252,C09252,Permanent employment,50500,2026-09-10,
9253,C09253,Permanent employment,43300,2026-09-10,
9254,C09254,Permanent employment,28300,2026-09-10,
9255,C09255,Permanent employment,38500,2026-09-10,
9256,C09256,Unemployed,16700,2026-09-10,
9257,C09257,Permanent employment,43700,2026-09-10,
9258,C09258,Permanent employment,34800,2026-09-10,
9259,C09259,Permanent employment,28000,2026-09-10,
9260,C09260,Permanent employment,39500,2026-09-10,
9261,C09261,Permanent employment,34300,2026-09-10,
9262,C09262,Permanent employment,39200,2026-09-10,
9263,C09263,Permanent employment,52900,2026-09-10,
9264,C09264,Permanent employment,39800,2026-09-10,
9265,C09265,Retired,19000,2026-09-10,
9266,C09266,Temporary/Probation/Freelance,29000,2026-09-10,
9267,C09267,Permanent employment,51400,2026-09-10,
9268,C09268,Permanent employment,43300,2026-09-10,
9269,C09269,Permanent employment,48300,2026-09-10,
9270,C09270,Temporary/Probation/Freelance,22600,2026-09-10,
9271,C09271,Permanent employment,37700,2026-09-10,
9272,C09272,Permanent employment,48300,2026-09-10,
9273,C09273,Permanent employment,38100,2026-09-10,
9274,C09274,Permanent employment,48400,2026-09-10,
9275,C09275,Permanent employment,59000,2026-09-10,
9276,C09276,Permanent employment,36100,2026-09-10,
9277,C09277,Permanent employment,47300,2026-09-10,
9278,C09278,Permanent employment,51500,2026-09-10,
9279,C09279,Student,6700,2026-09-10,
9280,C09280,Temporary/Probation/Freelance,30100,2026-09-10,
9281,C09281,Permanent employment,28900,2026-09-10,
9282,C09282,Retired,23900,2026-09-10,
9283,C09283,Permanent employment,36000,2026-09-10,
9284,C09284,Permanent employment,31100,2026-09-10,
9285,C09285,Retired,22500,2026-09-10,
9286,C09286,Permanent employment,39900,2026-09-10,
9287,C09287,Self-employed,22700,2026-09-10,
9288,C09288,Self-employed,73100,2026-09-10,
9289,C09289,Permanent employment,46000,2026-09-10,
9290,C09290,Unemployed,15600,2026-09-10,
9291,C09291,Permanent employment,41000,2026-09-10,
9292,C09292,Permanent employment,44600,2026-09-10,
9293,C09293,Permanent employment,30400,2026-09-10,
9294,C09294,Permanent employment,37300,2026-09-10,
9295,C09295,Retired,34300,2026-09-10,
9296,C09296,Retired,28200,2026-09-10,
9297,C09297,Retired,20500,2026-09-10,
9298,C09298,Retired,26600,2026-09-10,
9299,C09299,Retired,12000,2026-09-10,
9300,C09300,Unemployed,12400,2026-09-10,
9301,C09301,Permanent employment,45000,2026-09-10,
9302,C09302,Parental leave,34700,2026-09-10,
9303,C09303,Retired,18200,2026-09-10,
9304,C09304,Permanent employment,45300,2026-09-10,
9305,C09305,Unemployed,13000,2026-09-10,
9306,C09306,Self-employed,51800,2026-09-10,
9307,C09307,Student,11200,2026-09-10,
9308,C09308,Permanent employment,42700,2026-09-10,
9309,C09309,Permanent employment,40400,2026-09-10,
9310,C09310,Permanent employment,40800,2026-09-10,
9311,C09311,Permanent employment,41300,2026-09-10,
9312,C09312,Permanent employment,34000,2026-09-10,
9313,C09313,Self-employed,57700,2026-09-10,
9314,C09314,Unemployed,13500,2026-09-10,
9315,C09315,Permanent employment,37400,2026-09-10,
9316,C09316,Temporary/Probation/Freelance,23700,2026-09-10,
9317,C09317,Retired,35500,2026-09-10,
9318,C09318,Permanent employment,43200,2026-09-10,
9319,C09319,Self-employed,52600,2026-09-10,
9320,C09320,Permanent employment,39400,2026-09-10,
9321,C09321,Permanent employment,30000,2026-09-10,
9322,C09322,Retired,24200,2026-09-10,
9323,C09323,Permanent employment,52700,2026-09-10,
9324,C09324,Permanent employment,55300,2026-09-10,
9325,C09325,Student,16800,2026-09-10,
9326,C09326,Retired,28500,2026-09-10,
9327,C09327,Temporary/Probation/Freelance,34500,2026-09-10,
9328,C09328,Temporary/Probation/Freelance,22700,2026-09-10,
9329,C09329,Permanent employment,45500,2026-09-10,
9330,C09330,Retired,30900,2026-09-10,
9331,C09331,Retired,34000,2026-09-10,
9332,C09332,Self-employed,43800,2026-09-10,
9333,C09333,Permanent employment,42100,2026-09-10,
9334,C09334,Permanent employment,36600,2026-09-10,
9335,C09335,Parental leave,30000,2026-09-10,
9336,C09336,Permanent employment,46200,2026-09-10,
9337,C09337,Permanent employment,39600,2026-09-10,
9338,C09338,Retired,28600,2026-09-10,
9339,C09339,Permanent employment,53200,2026-09-10,
9340,C09340,Permanent employment,42200,2026-09-10,
9341,C09341,Student,9100,2026-09-10,
9342,C09342,Permanent employment,53900,2026-09-10,
9343,C09343,Retired,26500,2026-09-10,
9344,C09344,Retired,35300,2026-09-10,
9345,C09345,Permanent employment,30400,2026-09-10,
9346,C09346,Retired,32100,2026-09-10,
9347,C09347,Retired,15900,2026-09-10,
9348,C09348,Retired,29400,2026-09-10,
9349,C09349,Permanent employment,40400,2026-09-10,
9350,C09350,Retired,15000,2026-09-10,
9351,C09351,Permanent employment,34800,2026-09-10,
9352,C09352,Permanent employment,44100,2026-09-10,
9353,C09353,Retired,28000,2026-09-10,
9354,C09354,Permanent employment,37300,2026-09-10,
9355,C09355,Student,600,2026-09-10,
9356,C09356,Self-employed,39300,2026-09-10,
9357,C09357,Retired,24000,2026-09-10,
9358,C09358,Permanent employment,42600,2026-09-10,
9359,C09359,Retired,30500,2026-09-10,
9360,C09360,Self-employed,32300,2026-09-10,
9361,C09361,Self-employed,31900,2026-09-10,
9362,C09362,Retired,18300,2026-09-10,
9363,C09363,Permanent employment,38200,2026-09-10,
9364,C09364,Permanent employment,26700,2026-09-10,
9365,C09365,Unemployed,15900,2026-09-10,
9366,C09366,Permanent employment,63400,2026-09-10,
9367,C09367,Permanent employment,51100,2026-09-10,
9368,C09368,Retired,30700,2026-09-10,
9369,C09369,Permanent employment,46200,2026-09-10,
9370,C09370,Permanent employment,35600,2026-09-10,
9371,C09371,Retired,21700,2026-09-10,
9372,C09372,Unemployed,16800,2026-09-10,
9373,C09373,Temporary/Probation/Freelance,19800,2026-09-10,
9374,C09374,Retired,20500,2026-09-10,
9375,C09375,Student,3500,2026-09-10,
9376,C09376,Permanent employment,34500,2026-09-10,
9377,C09377,Retired,37800,2026-09-10,
9378,C09378,Permanent employment,56400,2026-09-10,
9379,C09379,Retired,25000,2026-09-10,
9380,C09380,Permanent employment,55900,2026-09-10,
9381,C09381,Student,13400,2026-09-10,
9382,C09382,Permanent employment,43200,2026-09-10,
9383,C09383,Parental leave,22600,2026-09-10,
9384,C09384,Permanent employment,42600,2026-09-10,
9385,C09385,Permanent employment,43000,2026-09-10,
9386,C09386,Retired,21200,2026-09-10,
9387,C09387,Retired,23100,2026-09-10,
9388,C09388,Permanent employment,37700,2026-09-10,
9389,C09389,Permanent employment,35900,2026-09-10,
9390,C09390,Permanent employment,35500,2026-09-10,
9391,C09391,Self-employed,53000,2026-09-10,
9392,C09392,Retired,17200,2026-09-10,
9393,C09393,Permanent employment,39500,2026-09-10,
9394,C09394,Permanent employment,43300,2026-09-10,
9395,C09395,Permanent employment,47400,2026-09-10,
9396,C09396,Student,8300,2026-09-10,
9397,C09397,Permanent employment,22300,2026-09-10,
9398,C09398,Permanent employment,57100,2026-09-10,
9399,C09399,Permanent employment,40100,2026-09-10,
9400,C09400,Student,19700,2026-09-10,
9401,C09401,Permanent employment,33600,2026-09-10,
9402,C09402,Permanent employment,37900,2026-09-10,
9403,C09403,Permanent employment,32400,2026-09-10,
9404,C09404,Temporary/Probation/Freelance,30700,2026-09-10,
9405,C09405,Unemployed,16600,2026-09-10,
9406,C09406,Permanent employment,34700,2026-09-10,
9407,C09407,Permanent employment,38200,2026-09-10,
9408,C09408,Permanent employment,42100,2026-09-10,
9409,C09409,Permanent employment,23400,2026-09-10,
9410,C09410,Permanent employment,44300,2026-09-10,
9411,C09411,Permanent employment,44400,2026-09-10,
9412,C09412,Permanent employment,53300,2026-09-10,
9413,C09413,Self-employed,18000,2026-09-10,
9414,C09414,Permanent employment,45200,2026-09-10,
9415,C09415,Permanent employment,50600,2026-09-10,
9416,C09416,Permanent employment,27400,2026-09-10,
9417,C09417,Permanent employment,33000,2026-09-10,
9418,C09418,Permanent employment,47300,2026-09-10,
9419,C09419,Permanent employment,33100,2026-09-10,
9420,C09420,Permanent employment,47200,2026-09-10,
9421,C09421,Retired,19800,2026-09-10,
9422,C09422,Permanent employment,39000,2026-09-10,
9423,C09423,Permanent employment,47000,2026-09-10,
9424,C09424,Permanent employment,61100,2026-09-10,
9425,C09425,Retired,34100,2026-09-10,
9426,C09426,Retired,23800,2026-09-10,
9427,C09427,Parental leave,31800,2026-09-10,
9428,C09428,Retired,23100,2026-09-10,
9429,C09429,Permanent employment,43000,2026-09-10,
9430,C09430,Permanent employment,54300,2026-09-10,
9431,C09431,Retired,25900,2026-09-10,
9432,C09432,Temporary/Probation/Freelance,34200,2026-09-10,
9433,C09433,Unemployed,15600,2026-09-10,
9434,C09434,Permanent employment,44600,2026-09-10,
9435,C09435,Permanent employment,37700,2026-09-10,
9436,C09436,Permanent employment,39000,2026-09-10,
9437,C09437,Retired,26100,2026-09-10,
9438,C09438,Permanent employment,42200,2026-09-10,
9439,C09439,Student,4000,2026-09-10,
9440,C09440,Permanent employment,38200,2026-09-10,
9441,C09441,Temporary/Probation/Freelance,25600,2026-09-10,
9442,C09442,Permanent employment,31400,2026-09-10,
9443,C09443,Temporary/Probation/Freelance,15000,2026-09-10,
9444,C09444,Permanent employment,35800,2026-09-10,
9445,C09445,Permanent employment,44700,2026-09-10,
9446,C09446,Permanent employment,34000,2026-09-10,
9447,C09447,Retired,19100,2026-09-10,
9448,C09448,Retired,27100,2026-09-10,
9449,C09449,Permanent employment,45700,2026-09-10,
9450,C09450,Permanent employment,49900,2026-09-10,
9451,C09451,Permanent employment,56500,2026-09-10,
9452,C09452,Permanent employment,36800,2026-09-10,
9453,C09453,Permanent employment,34600,2026-09-10,
9454,C09454,Self-employed,22900,2026-09-10,
9455,C09455,Retired,34500,2026-09-10,
9456,C09456,Permanent employment,34900,2026-09-10,
9457,C09457,Self-employed,49300,2026-09-10,
9458,C09458,Retired,28400,2026-09-10,
9459,C09459,Permanent employment,53000,2026-09-10,
9460,C09460,Permanent employment,34600,2026-09-10,
9461,C09461,Unemployed,17800,2026-09-10,
9462,C09462,Temporary/Probation/Freelance,15000,2026-09-10,
9463,C09463,Permanent employment,35000,2026-09-10,
9464,C09464,Self-employed,41000,2026-09-10,
9465,C09465,Retired,23800,2026-09-10,
9466,C09466,Retired,34600,2026-09-10,
9467,C09467,Self-employed,45900,2026-09-10,
9468,C09468,Retired,23600,2026-09-10,
9469,C09469,Permanent employment,46300,2026-09-10,
9470,C09470,Permanent employment,53000,2026-09-10,
9471,C09471,Permanent employment,40000,2026-09-10,
9472,C09472,Permanent employment,31500,2026-09-10,
9473,C09473,Retired,24600,2026-09-10,
9474,C09474,Self-employed,46500,2026-09-10,
9475,C09475,Retired,22600,2026-09-10,
9476,C09476,Permanent employment,54500,2026-09-10,
9477,C09477,Retired,29800,2026-09-10,
9478,C09478,Permanent employment,29700,2026-09-10,
9479,C09479,Permanent employment,41500,2026-09-10,
9480,C09480,Permanent employment,41500,2026-09-10,
9481,C09481,Student,12100,2026-09-10,
9482,C09482,Permanent employment,52700,2026-09-10,
9483,C09483,Permanent employment,55600,2026-09-10,
9484,C09484,Retired,26700,2026-09-10,
9485,C09485,Permanent employment,47300,2026-09-10,
9486,C09486,Permanent employment,33400,2026-09-10,
9487,C09487,Student,6600,2026-09-10,
9488,C09488,Parental leave,26700,2026-09-10,
9489,C09489,Temporary/Probation/Freelance,18600,2026-09-10,
9490,C09490,Permanent employment,50300,2026-09-10,
9491,C09491,Self-employed,47200,2026-09-10,
9492,C09492,Permanent employment,42800,2026-09-10,
9493,C09493,Self-employed,56800,2026-09-10,
9494,C09494,Permanent employment,40300,2026-09-10,
9495,C09495,Retired,34800,2026-09-10,
9496,C09496,Permanent employment,40000,2026-09-10,
9497,C09497,Temporary/Probation/Freelance,15500,2026-09-10,
9498,C09498,Permanent employment,51600,2026-09-10,
9499,C09499,Permanent employment,45900,2026-09-10,
9500,C09500,Permanent employment,37100,2026-09-10,
9501,C09501,Permanent employment,41600,2026-09-10,
9502,C09502,Permanent employment,37900,2026-09-10,
9503,C09503,Permanent employment,44900,2026-09-10,
9504,C09504,Retired,25400,2026-09-10,
9505,C09505,Permanent employment,49900,2026-09-10,
9506,C09506,Permanent employment,35000,2026-09-10,
9507,C09507,Permanent employment,45800,2026-09-10,
9508,C09508,Permanent employment,43600,2026-09-10,
9509,C09509,Permanent employment,45400,2026-09-10,
9510,C09510,Permanent employment,32800,2026-09-10,
9511,C09511,Parental leave,32800,2026-09-10,
9512,C09512,Parental leave,41000,2026-09-10,
9513,C09513,Student,13900,2026-09-10,
9514,C09514,Permanent employment,39900,2026-09-10,
9515,C09515,Self-employed,18000,2026-09-10,
9516,C09516,Permanent employment,33700,2026-09-10,
9517,C09517,Permanent employment,41200,2026-09-10,
9518,C09518,Unemployed,15700,2026-09-10,
9519,C09519,Unemployed,11400,2026-09-10,
9520,C09520,Permanent employment,39500,2026-09-10,
9521,C09521,Permanent employment,42500,2026-09-10,
9522,C09522,Permanent employment,44700,2026-09-10,
9523,C09523,Self-employed,39200,2026-09-10,
9524,C09524,Permanent employment,40200,2026-09-10,
9525,C09525,Student,3200,2026-09-10,
9526,C09526,Permanent employment,48100,2026-09-10,
9527,C09527,Retired,16700,2026-09-10,
9528,C09528,Permanent employment,44400,2026-09-10,
9529,C09529,Retired,31700,2026-09-10,
9530,C09530,Retired,15300,2026-09-10,
9531,C09531,Temporary/Probation/Freelance,43900,2026-09-10,
9532,C09532,Retired,31600,2026-09-10,
9533,C09533,Permanent employment,46200,2026-09-10,
9534,C09534,Retired,17000,2026-09-10,
9535,C09535,Self-employed,18000,2026-09-10,
9536,C09536,Permanent employment,45000,2026-09-10,
9537,C09537,Permanent employment,43900,2026-09-10,
9538,C09538,Permanent employment,49200,2026-09-10,
9539,C09539,Student,200,2026-09-10,
9540,C09540,Permanent employment,51900,2026-09-10,
9541,C09541,Temporary/Probation/Freelance,39000,2026-09-10,
9542,C09542,Permanent employment,48000,2026-09-10,
9543,C09543,Permanent employment,35500,2026-09-10,
9544,C09544,Permanent employment,43400,2026-09-10,
9545,C09545,Permanent employment,36900,2026-09-10,
9546,C09546,Permanent employment,28800,2026-09-10,
9547,C09547,Permanent employment,29800,2026-09-10,
9548,C09548,Temporary/Probation/Freelance,31800,2026-09-10,
9549,C09549,Permanent employment,39200,2026-09-10,
9550,C09550,Retired,22300,2026-09-10,
9551,C09551,Self-employed,57000,2026-09-10,
9552,C09552,Retired,23900,2026-09-10,
9553,C09553,Self-employed,37800,2026-09-10,
9554,C09554,Self-employed,42400,2026-09-10,
9555,C09555,Unemployed,20400,2026-09-10,
9556,C09556,Retired,33000,2026-09-10,
9557,C09557,Permanent employment,22000,2026-09-10,
9558,C09558,Permanent employment,41600,2026-09-10,
9559,C09559,Temporary/Probation/Freelance,30100,2026-09-10,
9560,C09560,Permanent employment,59400,2026-09-10,
9561,C09561,Retired,22600,2026-09-10,
9562,C09562,Student,8000,2026-09-10,
9563,C09563,Unemployed,13000,2026-09-10,
9564,C09564,Permanent employment,44200,2026-09-10,
9565,C09565,Permanent employment,46500,2026-09-10,
9566,C09566,Temporary/Probation/Freelance,32900,2026-09-10,
9567,C09567,Temporary/Probation/Freelance,28400,2026-09-10,
9568,C09568,Permanent employment,55900,2026-09-10,
9569,C09569,Permanent employment,45200,2026-09-10,
9570,C09570,Unemployed,18600,2026-09-10,
9571,C09571,Permanent employment,45500,2026-09-10,
9572,C09572,Permanent employment,35100,2026-09-10,
9573,C09573,Unemployed,15900,2026-09-10,
9574,C09574,Permanent employment,22000,2026-09-10,
9575,C09575,Permanent employment,43900,2026-09-10,
9576,C09576,Permanent employment,24600,2026-09-10,
9577,C09577,Permanent employment,34400,2026-09-10,
9578,C09578,Unemployed,10800,2026-09-10,
9579,C09579,Permanent employment,29800,2026-09-10,
9580,C09580,Permanent employment,40300,2026-09-10,
9581,C09581,Permanent employment,33300,2026-09-10,
9582,C09582,Permanent employment,41500,2026-09-10,
9583,C09583,Permanent employment,35600,2026-09-10,
9584,C09584,Unemployed,22200,2026-09-10,
9585,C09585,Self-employed,43700,2026-09-10,
9586,C09586,Retired,15000,2026-09-10,
9587,C09587,Permanent employment,44000,2026-09-10,
9588,C09588,Parental leave,28400,2026-09-10,
9589,C09589,Permanent employment,50200,2026-09-10,
9590,C09590,Permanent employment,50000,2026-09-10,
9591,C09591,Permanent employment,39000,2026-09-10,
9592,C09592,Permanent employment,35100,2026-09-10,
9593,C09593,Unemployed,12500,2026-09-10,
9594,C09594,Self-employed,60900,2026-09-10,
9595,C09595,Permanent employment,56400,2026-09-10,
9596,C09596,Permanent employment,56600,2026-09-10,
9597,C09597,Permanent employment,43500,2026-09-10,
9598,C09598,Permanent employment,55700,2026-09-10,
9599,C09599,Unemployed,15500,2026-09-10,
9600,C09600,Permanent employment,42500,2026-09-10,
9601,C09601,Self-employed,30800,2026-09-10,
9602,C09602,Permanent employment,46300,2026-09-10,
9603,C09603,Permanent employment,49200,2026-09-10,
9604,C09604,Permanent employment,38600,2026-09-10,
9605,C09605,Permanent employment,37400,2026-09-10,
9606,C09606,Temporary/Probation/Freelance,32800,2026-09-10,
9607,C09607,Retired,17900,2026-09-10,
9608,C09608,Temporary/Probation/Freelance,31700,2026-09-10,
9609,C09609,Unemployed,15900,2026-09-10,
9610,C09610,Permanent employment,45200,2026-09-10,
9611,C09611,Permanent employment,49900,2026-09-10,
9612,C09612,Permanent employment,33000,2026-09-10,
9613,C09613,Retired,33300,2026-09-10,
9614,C09614,Permanent employment,35400,2026-09-10,
9615,C09615,Retired,15900,2026-09-10,
9616,C09616,Retired,30900,2026-09-10,
9617,C09617,Permanent employment,46200,2026-09-10,
9618,C09618,Retired,30700,2026-09-10,
9619,C09619,Permanent employment,44100,2026-09-10,
9620,C09620,Temporary/Probation/Freelance,15000,2026-09-10,
9621,C09621,Student,5800,2026-09-10,
9622,C09622,Temporary/Probation/Freelance,30900,2026-09-10,
9623,C09623,Self-employed,43900,2026-09-10,
9624,C09624,Permanent employment,55600,2026-09-10,
9625,C09625,Permanent employment,39400,2026-09-10,
9626,C09626,Permanent employment,51100,2026-09-10,
9627,C09627,Permanent employment,49100,2026-09-10,
9628,C09628,Retired,12000,2026-09-10,
9629,C09629,Permanent employment,29900,2026-09-10,
9630,C09630,Temporary/Probation/Freelance,30900,2026-09-10,
9631,C09631,Unemployed,19300,2026-09-10,
9632,C09632,Permanent employment,31000,2026-09-10,
9633,C09633,Permanent employment,43400,2026-09-10,
9634,C09634,Self-employed,52100,2026-09-10,
9635,C09635,Self-employed,68700,2026-09-10,
9636,C09636,Permanent employment,33600,2026-09-10,
9637,C09637,Retired,29300,2026-09-10,
9638,C09638,Student,4400,2026-09-10,
9639,C09639,Permanent employment,59400,2026-09-10,
9640,C09640,Permanent employment,27000,2026-09-10,
9641,C09641,Unemployed,8100,2026-09-10,
9642,C09642,Permanent employment,38900,2026-09-10,
9643,C09643,Permanent employment,51800,2026-09-10,
9644,C09644,Permanent employment,37800,2026-09-10,
9645,C09645,Permanent employment,52100,2026-09-10,
9646,C09646,Retired,35000,2026-09-10,
9647,C09647,Permanent employment,49800,2026-09-10,
9648,C09648,Self-employed,61800,2026-09-10,
9649,C09649,Permanent employment,38000,2026-09-10,
9650,C09650,Permanent employment,32600,2026-09-10,
9651,C09651,Permanent employment,36700,2026-09-10,
9652,C09652,Student,10200,2026-09-10,
9653,C09653,Permanent employment,51500,2026-09-10,
9654,C09654,Permanent employment,36200,2026-09-10,
9655,C09655,Permanent employment,57300,2026-09-10,
9656,C09656,Self-employed,18000,2026-09-10,
9657,C09657,Retired,20700,2026-09-10,
9658,C09658,Permanent employment,31500,2026-09-10,
9659,C09659,Self-employed,52900,2026-09-10,
9660,C09660,Permanent employment,45500,2026-09-10,
9661,C09661,Permanent employment,33400,2026-09-10,
9662,C09662,Permanent employment,32200,2026-09-10,
9663,C09663,Permanent employment,53100,2026-09-10,
9664,C09664,Student,14800,2026-09-10,
9665,C09665,Permanent employment,39100,2026-09-10,
9666,C09666,Permanent employment,37800,2026-09-10,
9667,C09667,Student,9400,2026-09-10,
9668,C09668,Unemployed,10500,2026-09-10,
9669,C09669,Permanent employment,45800,2026-09-10,
9670,C09670,Permanent employment,41600,2026-09-10,
9671,C09671,Permanent employment,51800,2026-09-10,
9672,C09672,Permanent employment,41300,2026-09-10,
9673,C09673,Permanent employment,51200,2026-09-10,
9674,C09674,Unemployed,11900,2026-09-10,
9675,C09675,Permanent employment,41500,2026-09-10,
9676,C09676,Self-employed,44100,2026-09-10,
9677,C09677,Unemployed,7800,2026-09-10,
9678,C09678,Temporary/Probation/Freelance,29400,2026-09-10,
9679,C09679,Permanent employment,52700,2026-09-10,
9680,C09680,Temporary/Probation/Freelance,20800,2026-09-10,
9681,C09681,Permanent employment,52000,2026-09-10,
9682,C09682,Temporary/Probation/Freelance,30600,2026-09-10,
9683,C09683,Permanent employment,46200,2026-09-10,
9684,C09684,Retired,26700,2026-09-10,
9685,C09685,Permanent employment,42900,2026-09-10,
9686,C09686,Permanent employment,47500,2026-09-10,
9687,C09687,Permanent employment,43400,2026-09-10,
9688,C09688,Permanent employment,40900,2026-09-10,
9689,C09689,Permanent employment,53200,2026-09-10,
9690,C09690,Retired,15200,2026-09-10,
9691,C09691,Permanent employment,39500,2026-09-10,
9692,C09692,Student,14100,2026-09-10,
9693,C09693,Permanent employment,38600,2026-09-10,
9694,C09694,Retired,22700,2026-09-10,
9695,C09695,Permanent employment,35400,2026-09-10,
9696,C09696,Permanent employment,42100,2026-09-10,
9697,C09697,Permanent employment,27900,2026-09-10,
9698,C09698,Permanent employment,37900,2026-09-10,
9699,C09699,Permanent employment,46200,2026-09-10,
9700,C09700,Retired,23500,2026-09-10,
9701,C09701,Self-employed,64700,2026-09-10,
9702,C09702,Permanent employment,43000,2026-09-10,
9703,C09703,Permanent employment,40400,2026-09-10,
9704,C09704,Permanent employment,49700,2026-09-10,
9705,C09705,Permanent employment,44000,2026-09-10,
9706,C09706,Permanent employment,33200,2026-09-10,
9707,C09707,Permanent employment,22000,2026-09-10,
9708,C09708,Permanent employment,55200,2026-09-10,
9709,C09709,Permanent employment,53900,2026-09-10,
9710,C09710,Permanent employment,43600,2026-09-10,
9711,C09711,Permanent employment,37400,2026-09-10,
9712,C09712,Retired,22300,2026-09-10,
9713,C09713,Permanent employment,24700,2026-09-10,
9714,C09714,Permanent employment,37200,2026-09-10,
9715,C09715,Permanent employment,30000,2026-09-10,
9716,C09716,Unemployed,9300,2026-09-10,
9717,C09717,Student,9900,2026-09-10,
9718,C09718,Permanent employment,50700,2026-09-10,
9719,C09719,Self-employed,18000,2026-09-10,
9720,C09720,Permanent employment,41900,2026-09-10,
9721,C09721,Permanent employment,42500,2026-09-10,
9722,C09722,Permanent employment,43900,2026-09-10,
9723,C09723,Permanent employment,45300,2026-09-10,
9724,C09724,Permanent employment,48400,2026-09-10,
9725,C09725,Self-employed,45800,2026-09-10,
9726,C09726,Retired,34700,2026-09-10,
9727,C09727,Retired,22400,2026-09-10,
9728,C09728,Self-employed,26700,2026-09-10,
9729,C09729,Permanent employment,50700,2026-09-10,
9730,C09730,Permanent employment,55100,2026-09-10,
9731,C09731,Permanent employment,42200,2026-09-10,
9732,C09732,Retired,12000,2026-09-10,
9733,C09733,Permanent employment,46900,2026-09-10,
9734,C09734,Temporary/Probation/Freelance,24400,2026-09-10,
9735,C09735,Permanent employment,53400,2026-09-10,
9736,C09736,Self-employed,44800,2026-09-10,
9737,C09737,Temporary/Probation/Freelance,24600,2026-09-10,
9738,C09738,Student,11700,2026-09-10,
9739,C09739,Unemployed,19200,2026-09-10,
9740,C09740,Permanent employment,37300,2026-09-10,
9741,C09741,Temporary/Probation/Freelance,36200,2026-09-10,
9742,C09742,Student,600,2026-09-10,
9743,C09743,Retired,23300,2026-09-10,
9744,C09744,Temporary/Probation/Freelance,19000,2026-09-10,
9745,C09745,Permanent employment,39100,2026-09-10,
9746,C09746,Self-employed,66400,2026-09-10,
9747,C09747,Self-employed,38700,2026-09-10,
9748,C09748,Permanent employment,39900,2026-09-10,
9749,C09749,Student,15900,2026-09-10,
9750,C09750,Retired,27900,2026-09-10,
9751,C09751,Self-employed,18000,2026-09-10,
9752,C09752,Permanent employment,37500,2026-09-10,
9753,C09753,Permanent employment,45400,2026-09-10,
9754,C09754,Permanent employment,48500,2026-09-10,
9755,C09755,Permanent employment,36000,2026-09-10,
9756,C09756,Permanent employment,58600,2026-09-10,
9757,C09757,Parental leave,31700,2026-09-10,
9758,C09758,Retired,12800,2026-09-10,
9759,C09759,Permanent employment,35400,2026-09-10,
9760,C09760,Permanent employment,52600,2026-09-10,
9761,C09761,Retired,21800,2026-09-10,
9762,C09762,Permanent employment,38800,2026-09-10,
9763,C09763,Retired,23700,2026-09-10,
9764,C09764,Retired,12000,2026-09-10,
9765,C09765,Retired,21100,2026-09-10,
9766,C09766,Self-employed,36800,2026-09-10,
9767,C09767,Permanent employment,54600,2026-09-10,
9768,C09768,Permanent employment,52300,2026-09-10,
9769,C09769,Retired,15600,2026-09-10,
9770,C09770,Permanent employment,27600,2026-09-10,
9771,C09771,Permanent employment,48000,2026-09-10,
9772,C09772,Unemployed,14000,2026-09-10,
9773,C09773,Permanent employment,39200,2026-09-10,
9774,C09774,Permanent employment,36900,2026-09-10,
9775,C09775,Permanent employment,42500,2026-09-10,
9776,C09776,Permanent employment,40200,2026-09-10,
9777,C09777,Permanent employment,37000,2026-09-10,
9778,C09778,Retired,21500,2026-09-10,
9779,C09779,Permanent employment,43700,2026-09-10,
9780,C09780,Permanent employment,36400,2026-09-10,
9781,C09781,Permanent employment,42300,2026-09-10,
9782,C09782,Self-employed,32400,2026-09-10,
9783,C09783,Retired,22500,2026-09-10,
9784,C09784,Retired,21000,2026-09-10,
9785,C09785,Permanent employment,56700,2026-09-10,
9786,C09786,Permanent employment,44600,2026-09-10,
9787,C09787,Permanent employment,34600,2026-09-10,
9788,C09788,Parental leave,36000,2026-09-10,
9789,C09789,Permanent employment,30300,2026-09-10,
9790,C09790,Student,12800,2026-09-10,
9791,C09791,Permanent employment,39400,2026-09-10,
9792,C09792,Parental leave,31800,2026-09-10,
9793,C09793,Student,7400,2026-09-10,
9794,C09794,Permanent employment,50900,2026-09-10,
9795,C09795,Parental leave,32100,2026-09-10,
9796,C09796,Parental leave,35200,2026-09-10,
9797,C09797,Retired,17800,2026-09-10,
9798,C09798,Retired,31700,2026-09-10,
9799,C09799,Permanent employment,41300,2026-09-10,
9800,C09800,Retired,13600,2026-09-10,
9801,C09801,Permanent employment,55800,2026-09-10,
9802,C09802,Permanent employment,43800,2026-09-10,
9803,C09803,Parental leave,41500,2026-09-10,
9804,C09804,Retired,23800,2026-09-10,
9805,C09805,Permanent employment,51900,2026-09-10,
9806,C09806,Permanent employment,51700,2026-09-10,
9807,C09807,Retired,21500,2026-09-10,
9808,C09808,Permanent employment,31800,2026-09-10,
9809,C09809,Self-employed,52500,2026-09-10,
9810,C09810,Permanent employment,47000,2026-09-10,
9811,C09811,Permanent employment,40300,2026-09-10,
9812,C09812,Retired,23900,2026-09-10,
9813,C09813,Permanent employment,34400,2026-09-10,
9814,C09814,Permanent employment,38700,2026-09-10,
9815,C09815,Retired,28700,2026-09-10,
9816,C09816,Retired,12000,2026-09-10,
9817,C09817,Temporary/Probation/Freelance,16400,2026-09-10,
9818,C09818,Self-employed,18000,2026-09-10,
9819,C09819,Permanent employment,30900,2026-09-10,
9820,C09820,Permanent employment,44000,2026-09-10,
9821,C09821,Self-employed,55100,2026-09-10,
9822,C09822,Permanent employment,46700,2026-09-10,
9823,C09823,Permanent employment,34500,2026-09-10,
9824,C09824,Permanent employment,26000,2026-09-10,
9825,C09825,Permanent employment,46200,2026-09-10,
9826,C09826,Permanent employment,46600,2026-09-10,
9827,C09827,Permanent employment,49100,2026-09-10,
9828,C09828,Parental leave,21500,2026-09-10,
9829,C09829,Permanent employment,48800,2026-09-10,
9830,C09830,Permanent employment,44300,2026-09-10,
9831,C09831,Permanent employment,38000,2026-09-10,
9832,C09832,Retired,19500,2026-09-10,
9833,C09833,Self-employed,29000,2026-09-10,
9834,C09834,Retired,18200,2026-09-10,
9835,C09835,Permanent employment,45700,2026-09-10,
9836,C09836,Student,12600,2026-09-10,
9837,C09837,Permanent employment,35200,2026-09-10,
9838,C09838,Permanent employment,34800,2026-09-10,
9839,C09839,Permanent employment,47200,2026-09-10,
9840,C09840,Retired,12000,2026-09-10,
9841,C09841,Retired,28100,2026-09-10,
9842,C09842,Retired,37700,2026-09-10,
9843,C09843,Permanent employment,47200,2026-09-10,
9844,C09844,Student,9100,2026-09-10,
9845,C09845,Unemployed,7900,2026-09-10,
9846,C09846,Permanent employment,28900,2026-09-10,
9847,C09847,Permanent employment,39400,2026-09-10,
9848,C09848,Unemployed,16000,2026-09-10,
9849,C09849,Self-employed,42100,2026-09-10,
9850,C09850,Parental leave,37400,2026-09-10,
9851,C09851,Permanent employment,45600,2026-09-10,
9852,C09852,Retired,18300,2026-09-10,
9853,C09853,Unemployed,19000,2026-09-10,
9854,C09854,Permanent employment,49100,2026-09-10,
9855,C09855,Retired,12900,2026-09-10,
9856,C09856,Permanent employment,38100,2026-09-10,
9857,C09857,Student,7500,2026-09-10,
9858,C09858,Unemployed,21100,2026-09-10,
9859,C09859,Permanent employment,50200,2026-09-10,
9860,C09860,Permanent employment,30800,2026-09-10,
9861,C09861,Permanent employment,65200,2026-09-10,
9862,C09862,Temporary/Probation/Freelance,36300,2026-09-10,
9863,C09863,Retired,15600,2026-09-10,
9864,C09864,Permanent employment,40900,2026-09-10,
9865,C09865,Unemployed,11900,2026-09-10,
9866,C09866,Parental leave,25000,2026-09-10,
9867,C09867,Temporary/Probation/Freelance,40400,2026-09-10,
9868,C09868,Permanent employment,37100,2026-09-10,
9869,C09869,Retired,30400,2026-09-10,
9870,C09870,Permanent employment,37100,2026-09-10,
9871,C09871,Permanent employment,42500,2026-09-10,
9872,C09872,Permanent employment,40800,2026-09-10,
9873,C09873,Permanent employment,45100,2026-09-10,
9874,C09874,Permanent employment,32500,2026-09-10,
9875,C09875,Permanent employment,44800,2026-09-10,
9876,C09876,Permanent employment,34000,2026-09-10,
9877,C09877,Student,3300,2026-09-10,
9878,C09878,Unemployed,12600,2026-09-10,
9879,C09879,Permanent employment,30600,2026-09-10,
9880,C09880,Permanent employment,54500,2026-09-10,
9881,C09881,Self-employed,54000,2026-09-10,
9882,C09882,Permanent employment,41700,2026-09-10,
9883,C09883,Unemployed,6900,2026-09-10,
9884,C09884,Student,10100,2026-09-10,
9885,C09885,Temporary/Probation/Freelance,31800,2026-09-10,
9886,C09886,Retired,26800,2026-09-10,
9887,C09887,Retired,18500,2026-09-10,
9888,C09888,Permanent employment,44500,2026-09-10,
9889,C09889,Permanent employment,51400,2026-09-10,
9890,C09890,Permanent employment,41400,2026-09-10,
9891,C09891,Self-employed,63600,2026-09-10,
9892,C09892,Permanent employment,37900,2026-09-10,
9893,C09893,Self-employed,42400,2026-09-10,
9894,C09894,Student,10700,2026-09-10,
9895,C09895,Permanent employment,39200,2026-09-10,
9896,C09896,Permanent employment,39000,2026-09-10,
9897,C09897,Permanent employment,49800,2026-09-10,
9898,C09898,Unemployed,17600,2026-09-10,
9899,C09899,Retired,31900,2026-09-10,
9900,C09900,Student,6900,2026-09-10,
9901,C09901,Permanent employment,30400,2026-09-10,
9902,C09902,Permanent employment,60200,2026-09-10,
9903,C09903,Temporary/Probation/Freelance,22200,2026-09-10,
9904,C09904,Permanent employment,44200,2026-09-10,
9905,C09905,Retired,15400,2026-09-10,
9906,C09906,Unemployed,14400,2026-09-10,
9907,C09907,Retired,31200,2026-09-10,
9908,C09908,Student,18600,2026-09-10,
9909,C09909,Self-employed,27000,2026-09-10,
9910,C09910,Permanent employment,24200,2026-09-10,
9911,C09911,Permanent employment,56100,2026-09-10,
9912,C09912,Retired,12000,2026-09-10,
9913,C09913,Permanent employment,33500,2026-09-10,
9914,C09914,Permanent employment,51800,2026-09-10,
9915,C09915,Permanent employment,33100,2026-09-10,
9916,C09916,Retired,16600,2026-09-10,
9917,C09917,Student,16300,2026-09-10,
9918,C09918,Temporary/Probation/Freelance,15000,2026-09-10,
9919,C09919,Student,0,2026-09-10,
9920,C09920,Permanent employment,50900,2026-09-10,
9921,C09921,Temporary/Probation/Freelance,43000,2026-09-10,
9922,C09922,Permanent employment,53000,2026-09-10,
9923,C09923,Self-employed,18000,2026-09-10,
9924,C09924,Permanent employment,55200,2026-09-10,
9925,C09925,Permanent employment,45600,2026-09-10,
9926,C09926,Self-employed,30500,2026-09-10,
9927,C09927,Self-employed,28100,2026-09-10,
9928,C09928,Retired,28800,2026-09-10,
9929,C09929,Retired,27000,2026-09-10,
9930,C09930,Permanent employment,52800,2026-09-10,
9931,C09931,Retired,19500,2026-09-10,
9932,C09932,Permanent employment,34600,2026-09-10,
9933,C09933,Self-employed,59500,2026-09-10,
9934,C09934,Unemployed,10800,2026-09-10,
9935,C09935,Parental leave,34900,2026-09-10,
9936,C09936,Permanent employment,30200,2026-09-10,
9937,C09937,Permanent employment,59300,2026-09-10,
9938,C09938,Permanent employment,57000,2026-09-10,
9939,C09939,Permanent employment,37800,2026-09-10,
9940,C09940,Permanent employment,43400,2026-09-10,
9941,C09941,Retired,24800,2026-09-10,
9942,C09942,Permanent employment,29100,2026-09-10,
9943,C09943,Student,5000,2026-09-10,
9944,C09944,Permanent employment,43700,2026-09-10,
9945,C09945,Permanent employment,34600,2026-09-10,
9946,C09946,Permanent employment,48800,2026-09-10,
9947,C09947,Self-employed,73800,2026-09-10,
9948,C09948,Permanent employment,54400,2026-09-10,
9949,C09949,Permanent employment,54900,2026-09-10,
9950,C09950,Permanent employment,50200,2026-09-10,
9951,C09951,Permanent employment,38600,2026-09-10,
9952,C09952,Permanent employment,33800,2026-09-10,
9953,C09953,Permanent employment,37500,2026-09-10,
9954,C09954,Permanent employment,41200,2026-09-10,
9955,C09955,Self-employed,20900,2026-09-10,
9956,C09956,Permanent employment,46200,2026-09-10,
9957,C09957,Permanent employment,46900,2026-09-10,
9958,C09958,Permanent employment,41700,2026-09-10,
9959,C09959,Self-employed,45700,2026-09-10,
9960,C09960,Permanent employment,56200,2026-09-10,
9961,C09961,Permanent employment,44800,2026-09-10,
9962,C09962,Permanent employment,47800,2026-09-10,
9963,C09963,Permanent employment,53200,2026-09-10,
9964,C09964,Permanent employment,51300,2026-09-10,
9965,C09965,Temporary/Probation/Freelance,36700,2026-09-10,
9966,C09966,Permanent employment,46900,2026-09-10,
9967,C09967,Permanent employment,44900,2026-09-10,
9968,C09968,Temporary/Probation/Freelance,15400,2026-09-10,
9969,C09969,Permanent employment,55100,2026-09-10,
9970,C09970,Permanent employment,33900,2026-09-10,
9971,C09971,Student,14400,2026-09-10,
9972,C09972,Retired,22300,2026-09-10,
9973,C09973,Retired,45700,2026-09-10,
9974,C09974,Student,5900,2026-09-10,
9975,C09975,Permanent employment,61600,2026-09-10,
9976,C09976,Permanent employment,37100,2026-09-10,
9977,C09977,Permanent employment,50100,2026-09-10,
9978,C09978,Retired,24000,2026-09-10,
9979,C09979,Retired,35000,2026-09-10,
9980,C09980,Retired,24800,2026-09-10,
9981,C09981,Permanent employment,47300,2026-09-10,
9982,C09982,Permanent employment,45700,2026-09-10,
9983,C09983,Permanent employment,49000,2026-09-10,
9984,C09984,Retired,17400,2026-09-10,
9985,C09985,Retired,12000,2026-09-10,
9986,C09986,Permanent employment,48200,2026-09-10,
9987,C09987,Permanent employment,59900,2026-09-10,
9988,C09988,Permanent employment,42100,2026-09-10,
9989,C09989,Student,13800,2026-09-10,
9990,C09990,Retired,13500,2026-09-10,
9991,C09991,Permanent employment,41100,2026-09-10,
9992,C09992,Self-employed,45900,2026-09-10,
9993,C09993,Permanent employment,44800,2026-09-10,
9994,C09994,Retired,31700,2026-09-10,
9995,C09995,Temporary/Probation/Freelance,15500,2026-09-10,
9996,C09996,Retired,22700,2026-09-10,
9997,C09997,Retired,19500,2026-09-10,
9998,C09998,Retired,17500,2026-09-10,
9999,C09999,Permanent employment,39900,2026-09-10,
10000,C10000,Permanent employment,39900,2026-09-10,
