customer_id,date_of_birth,region_id
C00001,1985-06-14,12
C00002,1958-05-10,12
C00003,1970-03-03,2
C00004,1976-11-09,19
C00005,1998-12-16,21
C00006,1992-12-04,11
C00007,2006-05-08,12
C00008,1959-01-09,19
C00009,1978-02-09,12
C00010,1963-07-19,19
C00011,2004-03-24,11
C00012,1956-03-28,13
C00013,1957-11-17,2
C00014,2001-04-26,10
C00015,1993-12-29,14
C00016,2000-05-13,20
C00017,1983-12-20,19
C00018,1975-11-07,19
C00019,1984-05-25,16
C00020,1985-09-25,11
C00021,1977-01-09,19
C00022,1997-09-05,20
C00023,1982-08-26,11
C00024,1982-04-12,11
C00025,1974-08-16,21
C00026,1964-12-16,15
C00027,1994-08-07,19
C00028,1974-06-25,11
C00029,1974-11-22,8
C00030,2005-03-19,12
C00031,1972-11-22,12
C00032,1995-08-07,11
C00033,2002-12-06,8
C00034,1951-05-11,15
C00035,1947-02-02,11
C00036,1956-01-05,17
C00037,1983-08-05,12
C00038,2000-10-31,10
C00039,1969-09-29,13
C00040,1990-12-12,19
C00041,1992-06-22,11
C00042,1978-09-12,7
C00043,2003-11-13,12
C00044,1957-01-29,12
C00045,2000-11-16,19
C00046,1968-07-19,7
C00047,1984-07-12,16
C00048,1975-09-19,21
C00049,1981-05-02,10
C00050,2001-02-22,12
C00051,1958-10-15,12
C00052,1961-09-21,21
C00053,1947-01-05,2
C00054,1954-01-08,11
C00055,1973-11-03,12
C00056,1948-10-02,12
C00057,1999-07-14,21
C00058,1995-07-23,5
C00059,2003-04-08,21
C00060,1989-01-12,19
C00061,1988-05-03,19
C00062,1983-05-24,2
C00063,1949-04-19,11
C00064,1987-12-24,21
C00065,1989-05-18,10
C00066,1976-10-21,7
C00067,1994-11-24,3
C00068,1957-08-29,20
C00069,2003-05-18,12
C00070,1954-04-26,9
C00071,1967-11-12,12
C00072,1999-12-21,12
C00073,2004-10-06,12
C00074,1948-10-02,12
C00075,1965-11-22,7
C00076,1969-10-23,20
C00077,1969-01-21,5
C00078,2006-08-11,19
C00079,1987-08-31,11
C00080,1993-05-24,20
C00081,1960-01-10,2
C00082,1964-10-12,18
C00083,1987-05-16,20
C00084,2004-10-03,12
C00085,1984-01-30,5
C00086,1986-04-21,5
C00087,1968-03-07,11
C00088,1968-03-26,11
C00089,1960-06-09,12
C00090,1978-09-15,12
C00091,1995-06-05,4
C00092,1969-07-04,19
C00093,1967-08-24,14
C00094,1971-10-21,13
C00095,1966-02-22,5
C00096,1976-03-23,8
C00097,1978-04-09,1
C00098,1986-08-30,12
C00099,2004-05-02,12
C00100,1995-02-16,9
C00101,2003-03-18,19
C00102,1970-08-11,12
C00103,1985-01-10,21
C00104,1978-12-19,19
C00105,1947-02-05,15
C00106,2000-11-25,12
C00107,1990-08-09,19
C00108,1962-02-25,16
C00109,1993-03-07,4
C00110,2003-08-23,15
C00111,1984-01-15,19
C00112,1995-10-10,14
C00113,1948-03-09,19
C00114,1956-03-27,19
C00115,1971-03-14,8
C00116,1960-07-19,11
C00117,1957-09-11,19
C00118,1999-04-28,16
C00119,1948-08-03,13
C00120,1981-06-09,14
C00121,1954-07-23,5
C00122,1955-07-05,12
C00123,1988-03-06,5
C00124,1993-07-13,12
C00125,1998-07-19,11
C00126,1991-01-01,19
C00127,1947-03-28,12
C00128,1951-12-09,12
C00129,2006-04-13,21
C00130,1981-01-27,7
C00131,1991-03-10,19
C00132,1997-11-30,11
C00133,2000-11-03,9
C00134,1989-12-20,11
C00135,1958-04-25,12
C00136,1985-05-29,19
C00137,1979-12-09,12
C00138,1964-04-13,20
C00139,1985-01-16,11
C00140,1953-01-27,11
C00141,1948-03-28,19
C00142,1995-12-19,18
C00143,1978-01-07,6
C00144,1986-05-17,11
C00145,1988-01-17,12
C00146,2006-02-08,2
C00147,1978-10-07,12
C00148,1979-02-28,20
C00149,2004-11-20,19
C00150,1991-05-24,4
C00151,1947-10-12,4
C00152,2000-10-12,12
C00153,1999-03-30,5
C00154,1974-09-21,12
C00155,1947-04-08,12
C00156,1993-09-10,11
C00157,1970-01-19,12
C00158,1965-09-03,19
C00159,2000-10-08,16
C00160,1970-02-06,11
C00161,1985-12-24,14
C00162,1967-08-14,18
C00163,1964-09-07,18
C00164,1980-08-16,19
C00165,2001-01-12,19
C00166,1955-01-18,2
C00167,1986-07-14,12
C00168,1994-05-31,17
C00169,2004-07-31,6
C00170,1973-10-18,2
C00171,1970-03-08,14
C00172,2005-10-07,18
C00173,1974-09-12,11
C00174,1999-11-10,5
C00175,1964-08-14,18
C00176,1993-06-09,12
C00177,1964-09-28,7
C00178,1988-05-10,20
C00179,1952-11-06,20
C00180,1998-05-08,18
C00181,1987-11-13,12
C00182,1993-02-12,19
C00183,1947-12-23,12
C00184,1954-07-23,15
C00185,1997-09-24,14
C00186,1963-11-10,19
C00187,1946-11-09,11
C00188,1973-11-09,10
C00189,1975-02-18,5
C00190,1992-06-22,19
C00191,1996-06-12,7
C00192,1954-07-19,19
C00193,1954-11-08,11
C00194,1967-03-21,12
C00195,1987-10-03,5
C00196,1990-08-31,20
C00197,1964-09-06,14
C00198,1953-07-17,12
C00199,1958-03-15,5
C00200,1967-09-22,20
C00201,1967-06-26,14
C00202,1999-12-12,17
C00203,1995-05-28,17
C00204,1946-10-20,12
C00205,1977-08-05,14
C00206,2003-05-30,19
C00207,1993-10-29,16
C00208,1963-10-04,19
C00209,2003-07-12,11
C00210,1996-12-15,12
C00211,1976-05-29,11
C00212,1969-08-06,5
C00213,1971-04-24,21
C00214,1993-08-12,11
C00215,1963-05-14,12
C00216,1998-10-08,11
C00217,1988-07-22,12
C00218,1965-07-01,12
C00219,1970-07-28,18
C00220,1950-09-10,12
C00221,1969-01-25,11
C00222,1976-03-21,12
C00223,1994-03-24,14
C00224,1991-07-11,7
C00225,1987-12-26,12
C00226,2001-07-20,12
C00227,1960-02-13,2
C00228,1984-09-03,12
C00229,1955-12-09,12
C00230,1963-07-09,15
C00231,1960-08-14,13
C00232,1979-07-01,19
C00233,1972-10-05,12
C00234,1972-10-28,14
C00235,1995-10-23,11
C00236,1968-12-09,10
C00237,1986-12-28,12
C00238,2005-02-08,8
C00239,1965-07-06,12
C00240,1991-11-01,12
C00241,1951-08-31,4
C00242,1954-02-01,12
C00243,1955-09-11,18
C00244,1983-09-30,12
C00245,2005-01-21,2
C00246,1959-03-30,11
C00247,1984-09-19,2
C00248,1952-07-14,12
C00249,1950-09-08,19
C00250,1961-02-16,19
C00251,1985-05-20,11
C00252,1986-06-16,20
C00253,1954-07-29,19
C00254,1985-06-30,2
C00255,1997-09-13,9
C00256,1979-02-05,5
C00257,1959-07-26,2
C00258,1968-08-25,12
C00259,1973-03-23,11
C00260,1993-02-21,16
C00261,1980-02-26,11
C00262,1957-04-22,14
C00263,2001-03-29,7
C00264,1978-01-15,2
C00265,1959-11-04,16
C00266,1963-10-06,6
C00267,1968-06-15,19
C00268,1967-07-12,11
C00269,1987-12-17,12
C00270,1986-11-27,12
C00271,1956-10-10,12
C00272,1957-02-25,12
C00273,1950-10-07,2
C00274,1959-05-20,20
C00275,1975-08-08,11
C00276,1979-07-31,10
C00277,1960-03-07,16
C00278,1969-01-31,19
C00279,1969-08-14,11
C00280,1954-02-18,12
C00281,1957-09-12,11
C00282,1988-12-15,12
C00283,1982-02-12,9
C00284,1997-04-04,6
C00285,1978-03-30,21
C00286,2005-12-14,12
C00287,1974-06-15,5
C00288,1975-06-06,5
C00289,1984-03-06,12
C00290,1976-12-04,12
C00291,2003-03-13,10
C00292,2006-07-25,14
C00293,1956-03-12,18
C00294,1984-09-07,11
C00295,1995-02-13,1
C00296,1980-07-07,13
C00297,1964-11-20,19
C00298,1996-02-21,2
C00299,1967-09-02,14
C00300,1998-03-08,12
C00301,2005-10-04,12
C00302,1980-09-07,15
C00303,1974-10-01,1
C00304,1961-09-17,12
C00305,1969-05-24,21
C00306,1957-05-18,11
C00307,1974-01-08,18
C00308,1983-10-09,19
C00309,1956-06-28,12
C00310,1987-05-28,12
C00311,1989-09-24,8
C00312,2006-08-03,12
C00313,2005-10-20,19
C00314,1950-11-02,8
C00315,1960-04-19,21
C00316,1971-02-27,11
C00317,1988-01-15,19
C00318,1997-12-25,11
C00319,1997-03-04,15
C00320,1996-12-09,19
C00321,1974-03-19,15
C00322,1969-01-25,19
C00323,1966-05-24,12
C00324,1989-04-07,12
C00325,1949-05-17,4
C00326,1969-12-31,6
C00327,1974-09-07,19
C00328,1981-07-18,19
C00329,1983-01-17,14
C00330,1994-12-31,11
C00331,1982-02-06,10
C00332,1967-10-15,18
C00333,2003-10-09,21
C00334,1996-01-14,13
C00335,2006-04-23,11
C00336,2006-08-02,8
C00337,1958-01-31,7
C00338,1961-10-08,19
C00339,1977-06-28,12
C00340,1993-07-30,19
C00341,1980-04-09,19
C00342,1980-04-26,20
C00343,1996-11-12,18
C00344,1991-05-16,11
C00345,1984-04-01,15
C00346,1976-11-08,11
C00347,1961-12-10,16
C00348,2004-10-05,12
C00349,1983-06-25,17
C00350,1970-09-10,14
C00351,1975-03-16,12
C00352,1954-06-30,1
C00353,1966-02-04,19
C00354,1995-03-17,12
C00355,2004-03-11,11
C00356,1970-12-28,20
C00357,2003-08-05,14
C00358,1975-03-09,5
C00359,1961-08-25,21
C00360,1980-09-26,11
C00361,1985-12-14,19
C00362,1968-02-16,7
C00363,1979-05-26,10
C00364,1976-10-29,11
C00365,1952-11-07,20
C00366,1981-10-22,19
C00367,1951-11-23,18
C00368,1950-06-02,12
C00369,1992-06-08,12
C00370,2003-09-20,11
C00371,1997-06-11,18
C00372,2005-07-14,12
C00373,1997-06-27,16
C00374,1963-05-27,12
C00375,2003-09-24,12
C00376,1982-08-10,12
C00377,1950-11-25,5
C00378,2003-09-09,17
C00379,1961-05-28,14
C00380,1982-01-17,11
C00381,1997-05-27,12
C00382,1971-03-16,19
C00383,1965-11-29,12
C00384,1950-03-31,11
C00385,1961-09-25,19
C00386,1952-08-09,5
C00387,1984-11-05,12
C00388,2001-05-30,12
C00389,1962-04-27,19
C00390,1957-09-23,20
C00391,1953-04-04,4
C00392,1991-07-26,20
C00393,1983-08-07,16
C00394,1964-02-13,8
C00395,1987-09-10,21
C00396,1955-12-09,12
C00397,1955-03-23,11
C00398,1988-06-04,19
C00399,1965-12-18,20
C00400,1964-12-15,14
C00401,1995-12-16,11
C00402,1950-09-28,19
C00403,1976-01-29,11
C00404,1960-05-23,13
C00405,1987-02-10,15
C00406,1958-10-25,12
C00407,1985-05-22,4
C00408,2003-04-17,16
C00409,1961-02-24,7
C00410,1995-09-28,7
C00411,1986-06-02,19
C00412,1955-09-05,11
C00413,1947-07-29,12
C00414,1974-05-18,17
C00415,1969-06-14,1
C00416,1986-02-05,12
C00417,1982-08-16,11
C00418,1990-02-14,12
C00419,1962-09-15,12
C00420,1970-06-01,11
C00421,1969-03-01,9
C00422,1962-04-16,11
C00423,2000-02-26,10
C00424,1973-07-18,18
C00425,2006-06-13,12
C00426,1976-10-07,12
C00427,1991-09-06,5
C00428,1957-05-09,19
C00429,1984-08-13,2
C00430,1993-10-13,19
C00431,1993-11-15,12
C00432,1970-04-09,11
C00433,1974-07-12,20
C00434,1997-08-01,17
C00435,2000-11-22,14
C00436,1965-08-13,11
C00437,2002-01-13,12
C00438,1955-12-12,11
C00439,1967-07-01,12
C00440,2001-08-28,6
C00441,2000-12-12,19
C00442,1955-10-11,18
C00443,1982-07-27,10
C00444,1984-12-04,12
C00445,1951-11-10,19
C00446,1952-01-29,2
C00447,1961-07-26,11
C00448,1963-08-02,19
C00449,1987-09-23,8
C00450,1997-09-01,19
C00451,1970-02-07,9
C00452,1972-03-23,11
C00453,1984-04-08,12
C00454,1948-08-02,12
C00455,1999-12-31,12
C00456,1978-11-15,12
C00457,2003-03-14,11
C00458,1973-07-20,12
C00459,2005-01-21,12
C00460,1995-10-12,15
C00461,1998-06-06,19
C00462,1964-09-18,15
C00463,1965-11-22,17
C00464,1972-07-28,12
C00465,1948-08-25,12
C00466,1983-08-22,21
C00467,1983-02-27,17
C00468,1952-02-12,19
C00469,1998-09-07,21
C00470,1961-05-09,12
C00471,2005-07-30,19
C00472,1954-07-08,14
C00473,2004-11-01,11
C00474,1954-03-27,6
C00475,1980-04-11,11
C00476,1958-01-04,17
C00477,2005-12-11,9
C00478,1975-05-10,19
C00479,1958-03-14,4
C00480,1974-05-03,5
C00481,1963-02-18,19
C00482,1963-05-18,19
C00483,1979-05-29,2
C00484,1966-09-27,12
C00485,1976-06-15,21
C00486,1955-12-13,9
C00487,2005-07-26,4
C00488,1984-02-26,16
C00489,1955-11-10,12
C00490,1956-07-03,12
C00491,1978-09-04,17
C00492,1975-07-03,13
C00493,1984-01-01,14
C00494,1998-10-11,12
C00495,1975-06-20,13
C00496,1989-04-19,19
C00497,1974-05-13,3
C00498,2006-02-08,11
C00499,1960-09-15,17
C00500,1948-08-17,12
C00501,1966-06-18,12
C00502,1972-09-05,18
C00503,1982-11-25,19
C00504,1950-08-10,14
C00505,1968-06-24,21
C00506,1995-10-14,21
C00507,1950-03-25,19
C00508,1957-09-07,12
C00509,1950-05-11,11
C00510,1971-02-28,12
C00511,1976-01-04,20
C00512,1983-04-15,7
C00513,1947-06-15,11
C00514,1947-02-20,12
C00515,2003-07-22,12
C00516,2004-07-27,19
C00517,1988-11-04,19
C00518,1948-05-10,19
C00519,1960-04-13,19
C00520,1997-10-15,12
C00521,1971-09-23,19
C00522,1989-01-10,12
C00523,1949-11-29,12
C00524,1960-06-06,19
C00525,1960-11-19,4
C00526,1979-02-19,19
C00527,1982-02-09,15
C00528,1986-08-20,10
C00529,2006-02-02,12
C00530,1951-06-11,16
C00531,1957-05-28,5
C00532,1946-10-26,20
C00533,1959-07-20,19
C00534,1977-01-22,11
C00535,1967-07-10,19
C00536,1957-02-08,21
C00537,1949-12-21,17
C00538,1994-11-13,12
C00539,1976-10-08,21
C00540,1995-01-02,12
C00541,1952-10-29,14
C00542,1977-01-19,12
C00543,2000-01-19,12
C00544,1966-09-27,11
C00545,1973-10-07,11
C00546,1987-11-27,12
C00547,1999-10-05,14
C00548,1961-11-06,16
C00549,1978-10-11,12
C00550,1962-12-23,21
C00551,1973-02-17,12
C00552,1954-04-23,12
C00553,1974-08-26,19
C00554,1974-02-21,7
C00555,1954-06-01,11
C00556,1984-07-09,12
C00557,2001-06-23,19
C00558,2003-08-30,19
C00559,1962-12-30,12
C00560,1974-01-23,12
C00561,1969-04-06,12
C00562,2000-12-15,19
C00563,2000-06-05,12
C00564,2003-09-13,11
C00565,1990-05-01,12
C00566,1975-03-25,12
C00567,1986-07-21,12
C00568,1989-11-19,21
C00569,1953-12-29,12
C00570,1982-10-23,9
C00571,1975-03-06,5
C00572,1968-08-25,7
C00573,1991-04-19,19
C00574,1977-12-22,19
C00575,1958-02-18,19
C00576,1953-10-02,17
C00577,1998-08-06,14
C00578,1958-07-13,12
C00579,1980-09-10,5
C00580,1992-02-14,5
C00581,1975-04-19,11
C00582,1947-01-27,12
C00583,1978-06-12,11
C00584,1985-10-26,17
C00585,1969-02-23,21
C00586,1995-08-15,16
C00587,2004-04-12,7
C00588,1998-08-26,12
C00589,1991-11-26,9
C00590,1997-07-30,11
C00591,1992-10-24,19
C00592,1966-07-03,11
C00593,1997-09-20,11
C00594,1984-11-20,12
C00595,1960-08-27,14
C00596,1977-12-09,21
C00597,1967-03-18,10
C00598,1997-12-25,13
C00599,1998-02-19,4
C00600,2004-07-12,21
C00601,1992-12-13,12
C00602,1990-07-25,14
C00603,1996-04-17,14
C00604,1994-06-03,10
C00605,1994-08-15,19
C00606,1975-07-29,17
C00607,1991-10-15,18
C00608,1988-09-06,11
C00609,1974-11-05,19
C00610,1961-12-07,19
C00611,2004-04-09,19
C00612,1956-06-29,14
C00613,1969-12-04,8
C00614,1994-07-13,5
C00615,1954-03-29,12
C00616,1947-09-15,11
C00617,2003-11-09,18
C00618,1985-07-09,11
C00619,1950-12-26,11
C00620,1963-02-09,12
C00621,1994-06-17,15
C00622,1992-09-28,7
C00623,1983-02-10,16
C00624,1975-11-02,10
C00625,1980-05-30,17
C00626,1984-12-23,12
C00627,1979-03-20,21
C00628,1965-07-06,6
C00629,2006-08-19,15
C00630,1991-09-28,4
C00631,1962-01-20,11
C00632,1960-05-18,11
C00633,1976-06-11,12
C00634,1976-01-02,18
C00635,1993-09-09,19
C00636,1983-06-03,12
C00637,1977-04-23,12
C00638,1996-09-17,11
C00639,1983-08-10,19
C00640,1984-01-24,12
C00641,2004-07-01,14
C00642,1985-09-05,12
C00643,1994-05-29,12
C00644,1984-07-21,17
C00645,2001-02-15,19
C00646,1955-03-15,19
C00647,1979-08-23,15
C00648,1970-06-07,7
C00649,1969-12-02,19
C00650,1974-03-02,10
C00651,1992-11-01,19
C00652,1979-03-16,8
C00653,1978-10-25,19
C00654,1966-04-07,4
C00655,1982-05-13,12
C00656,2000-09-24,14
C00657,1986-07-31,17
C00658,1989-08-18,6
C00659,1968-05-12,11
C00660,1973-05-26,7
C00661,1988-10-08,13
C00662,1960-11-13,11
C00663,1979-04-21,17
C00664,1995-07-05,12
C00665,1995-01-09,8
C00666,1997-02-13,4
C00667,2000-12-23,7
C00668,1994-08-26,19
C00669,1992-02-25,9
C00670,1984-05-24,15
C00671,1992-05-19,10
C00672,1950-03-27,9
C00673,1992-07-05,18
C00674,1972-03-05,10
C00675,1990-07-12,10
C00676,1952-06-08,1
C00677,1999-06-02,11
C00678,1987-12-04,21
C00679,1960-09-23,21
C00680,1957-09-13,11
C00681,1957-05-20,12
C00682,1999-02-05,19
C00683,1992-07-16,11
C00684,1970-08-02,4
C00685,1949-03-21,20
C00686,1976-03-29,21
C00687,1974-06-01,11
C00688,1985-07-27,19
C00689,1970-12-04,12
C00690,1998-02-06,12
C00691,1989-05-19,18
C00692,1985-11-27,12
C00693,1972-09-21,4
C00694,1993-01-11,4
C00695,1994-12-20,11
C00696,1973-07-08,20
C00697,1984-06-02,7
C00698,1977-07-20,18
C00699,1993-03-18,20
C00700,1975-02-20,12
C00701,1977-03-09,5
C00702,2006-04-07,19
C00703,1982-04-14,12
C00704,2001-03-07,10
C00705,2001-12-18,8
C00706,1953-02-10,11
C00707,1984-11-10,12
C00708,1961-02-11,5
C00709,2001-01-03,20
C00710,1967-05-30,5
C00711,1964-09-01,15
C00712,1973-07-18,19
C00713,1976-08-15,14
C00714,1982-04-08,1
C00715,1984-07-20,12
C00716,1946-09-16,12
C00717,1956-08-30,12
C00718,1950-11-12,6
C00719,1995-11-20,10
C00720,1968-02-12,12
C00721,1951-07-09,21
C00722,1996-11-13,12
C00723,2005-03-01,20
C00724,1969-08-14,11
C00725,1978-12-19,19
C00726,1948-01-19,11
C00727,1997-03-01,19
C00728,1947-10-20,21
C00729,1997-03-27,12
C00730,1996-01-03,12
C00731,1997-04-09,11
C00732,1949-12-30,4
C00733,1966-08-25,21
C00734,1973-12-26,12
C00735,1989-12-09,17
C00736,1957-11-29,12
C00737,1986-07-18,12
C00738,1950-02-22,2
C00739,1987-07-06,19
C00740,1990-09-16,8
C00741,1973-05-16,19
C00742,1989-06-05,19
C00743,1970-08-19,12
C00744,1973-01-03,19
C00745,1995-03-30,19
C00746,1957-09-09,16
C00747,1985-12-16,16
C00748,1978-01-31,7
C00749,1961-09-05,5
C00750,1968-07-10,12
C00751,1993-05-10,12
C00752,1961-07-16,1
C00753,1961-09-22,19
C00754,1988-11-25,11
C00755,1997-07-10,1
C00756,1964-10-12,20
C00757,1973-01-04,15
C00758,1975-12-19,19
C00759,1959-03-20,12
C00760,1965-04-01,15
C00761,1998-06-01,17
C00762,1988-12-23,12
C00763,1995-02-18,8
C00764,1965-04-12,10
C00765,2003-01-13,5
C00766,1975-06-16,11
C00767,1969-10-18,12
C00768,1961-06-09,11
C00769,1989-12-18,1
C00770,1958-07-20,12
C00771,1994-08-07,11
C00772,1959-08-10,12
C00773,1991-12-11,19
C00774,1986-01-16,16
C00775,1956-07-11,11
C00776,1993-06-17,19
C00777,1993-04-21,1
C00778,1968-05-31,12
C00779,1962-12-15,16
C00780,1966-07-01,12
C00781,1970-08-16,12
C00782,1972-02-17,11
C00783,1995-10-31,19
C00784,1989-10-14,7
C00785,1993-10-30,12
C00786,1958-09-02,20
C00787,1977-04-06,7
C00788,1984-09-02,12
C00789,1973-12-02,7
C00790,1950-07-20,12
C00791,1996-08-27,11
C00792,1977-11-17,19
C00793,1980-11-13,15
C00794,1974-09-21,12
C00795,2006-06-16,12
C00796,1960-04-25,12
C00797,1960-11-08,12
C00798,1978-03-14,12
C00799,1967-04-26,21
C00800,1952-01-19,12
C00801,1970-09-29,5
C00802,1997-09-03,9
C00803,1975-10-15,12
C00804,1979-05-14,9
C00805,1985-02-07,12
C00806,1966-05-27,19
C00807,1958-04-03,7
C00808,1959-06-09,12
C00809,1976-11-11,7
C00810,1999-05-19,12
C00811,1951-09-15,15
C00812,1953-08-28,10
C00813,1993-04-26,12
C00814,1956-02-22,19
C00815,1949-07-13,14
C00816,1975-11-07,12
C00817,1978-03-15,12
C00818,1988-05-02,2
C00819,2005-04-30,7
C00820,1981-10-03,10
C00821,1958-03-05,1
C00822,2002-03-26,12
C00823,1981-09-28,19
C00824,1989-11-23,17
C00825,1973-09-03,20
C00826,1948-06-01,19
C00827,1990-09-28,21
C00828,1990-03-11,12
C00829,1969-12-01,12
C00830,1976-03-12,11
C00831,1995-05-16,16
C00832,1978-10-23,19
C00833,1993-07-31,20
C00834,1997-02-10,13
C00835,1977-07-29,19
C00836,1987-12-19,2
C00837,1953-08-05,11
C00838,1983-12-14,1
C00839,1978-03-13,19
C00840,1968-05-29,11
C00841,2005-01-02,10
C00842,1962-11-06,3
C00843,1998-12-22,12
C00844,1957-12-31,11
C00845,1995-04-16,14
C00846,1981-11-05,11
C00847,1994-03-21,12
C00848,1954-01-03,6
C00849,1978-08-18,18
C00850,1975-01-17,12
C00851,2005-05-30,12
C00852,1971-04-07,11
C00853,1996-07-02,19
C00854,1956-06-17,12
C00855,1996-04-05,12
C00856,2000-01-01,11
C00857,2002-09-05,19
C00858,1977-02-21,14
C00859,1980-03-02,19
C00860,2003-04-12,16
C00861,1962-10-23,12
C00862,1973-06-07,11
C00863,1976-07-06,12
C00864,1983-07-10,12
C00865,1988-02-20,12
C00866,1981-06-22,8
C00867,2000-04-01,20
C00868,2001-05-08,11
C00869,1954-09-10,12
C00870,1952-10-27,12
C00871,1982-03-16,11
C00872,1985-10-24,12
C00873,1969-10-11,21
C00874,1986-05-06,11
C00875,2006-07-26,4
C00876,1999-02-15,12
C00877,1962-12-23,19
C00878,1970-04-01,12
C00879,2004-05-26,19
C00880,1997-01-13,11
C00881,2000-07-18,20
C00882,1965-08-04,11
C00883,2004-02-20,7
C00884,1992-05-04,14
C00885,1946-09-29,12
C00886,1993-04-12,11
C00887,1964-12-14,4
C00888,1996-10-25,11
C00889,1997-11-03,19
C00890,1998-08-11,13
C00891,1961-12-06,11
C00892,1954-01-18,21
C00893,1951-12-05,12
C00894,1982-05-09,8
C00895,1962-07-31,19
C00896,1992-02-29,9
C00897,1982-05-06,19
C00898,1960-12-22,19
C00899,2002-07-15,21
C00900,2000-01-12,15
C00901,1993-08-13,21
C00902,2005-04-18,14
C00903,1993-11-02,12
C00904,1976-05-26,12
C00905,1983-08-18,19
C00906,1956-01-24,2
C00907,1955-05-04,12
C00908,1985-06-07,12
C00909,1992-10-02,21
C00910,1984-05-26,19
C00911,1981-01-10,7
C00912,1988-02-28,11
C00913,1965-03-21,19
C00914,1983-10-12,8
C00915,1975-02-07,10
C00916,1989-02-12,13
C00917,1988-01-27,10
C00918,1949-10-06,12
C00919,1964-12-02,12
C00920,1993-09-21,19
C00921,1955-08-31,19
C00922,1976-04-26,20
C00923,1953-07-22,21
C00924,1953-01-26,17
C00925,1985-01-03,12
C00926,2006-02-06,12
C00927,1990-12-31,13
C00928,1975-12-22,15
C00929,1970-06-24,19
C00930,1994-03-09,1
C00931,2001-07-24,14
C00932,1949-08-12,12
C00933,1959-12-20,21
C00934,1973-11-14,11
C00935,1995-12-21,19
C00936,1982-01-02,19
C00937,2004-12-29,6
C00938,1960-04-10,12
C00939,1995-02-03,21
C00940,1976-10-20,11
C00941,1987-08-09,19
C00942,1974-06-20,11
C00943,1965-01-21,4
C00944,1950-07-15,5
C00945,1992-11-08,12
C00946,2002-09-17,12
C00947,1992-05-31,19
C00948,1957-11-30,19
C00949,1959-10-30,12
C00950,1978-10-26,12
C00951,1980-11-14,11
C00952,1971-06-04,19
C00953,1995-04-18,12
C00954,1948-01-19,11
C00955,1986-12-04,21
C00956,1989-01-13,17
C00957,1975-09-03,12
C00958,2005-05-24,19
C00959,1999-03-20,11
C00960,1971-04-05,12
C00961,1994-01-11,11
C00962,1979-09-28,12
C00963,1995-05-12,19
C00964,1983-06-29,11
C00965,1986-04-09,12
C00966,1990-08-10,12
C00967,1970-08-07,19
C00968,1983-03-26,13
C00969,1972-06-05,11
C00970,1974-07-28,21
C00971,1963-08-19,17
C00972,1958-05-23,11
C00973,1968-06-29,19
C00974,2000-02-08,12
C00975,2005-05-28,12
C00976,1991-04-21,14
C00977,1972-06-21,21
C00978,2002-01-31,19
C00979,1977-09-12,11
C00980,1972-09-07,7
C00981,1981-12-09,19
C00982,1963-11-24,12
C00983,1999-10-09,12
C00984,2002-06-02,18
C00985,1964-02-12,11
C00986,1981-05-12,19
C00987,1971-08-02,21
C00988,1987-11-02,7
C00989,1995-02-17,12
C00990,1953-02-21,18
C00991,1956-09-11,5
C00992,1969-12-03,12
C00993,1985-06-24,15
C00994,1980-05-05,11
C00995,1983-07-08,19
C00996,1993-05-07,12
C00997,1959-04-01,12
C00998,1994-03-10,12
C00999,1950-09-26,12
C01000,1987-11-10,19
C01001,1999-06-25,19
C01002,1981-05-22,19
C01003,1957-01-12,2
C01004,1967-10-16,14
C01005,1961-05-15,4
C01006,1961-12-10,4
C01007,1963-11-03,1
C01008,1954-06-08,12
C01009,1993-10-08,19
C01010,1979-05-20,21
C01011,1996-03-29,15
C01012,1950-08-25,12
C01013,1950-09-08,11
C01014,2005-12-11,11
C01015,1966-12-26,12
C01016,1953-09-09,7
C01017,1996-01-10,12
C01018,1972-08-05,11
C01019,1951-12-13,18
C01020,2004-10-21,14
C01021,1968-02-28,19
C01022,1991-03-20,12
C01023,1960-12-03,19
C01024,1948-03-05,17
C01025,1951-12-25,21
C01026,1977-04-19,4
C01027,1949-01-29,11
C01028,1947-10-17,21
C01029,1989-07-27,4
C01030,1957-02-01,12
C01031,2002-02-06,12
C01032,1981-01-05,5
C01033,1994-06-02,15
C01034,1996-09-22,19
C01035,2002-08-27,12
C01036,1962-12-16,16
C01037,1984-05-23,19
C01038,1970-10-02,6
C01039,2003-11-19,21
C01040,1984-11-04,19
C01041,1981-06-29,18
C01042,1971-08-07,7
C01043,1987-02-25,16
C01044,1963-03-14,14
C01045,1956-03-21,21
C01046,1972-02-27,17
C01047,1999-12-06,16
C01048,2004-04-30,13
C01049,1952-12-02,12
C01050,2002-08-27,19
C01051,1957-02-15,17
C01052,1978-12-16,5
C01053,1948-05-30,19
C01054,1955-09-26,19
C01055,1946-12-07,12
C01056,1987-10-12,16
C01057,1962-07-15,7
C01058,1989-12-21,19
C01059,1979-03-31,11
C01060,1963-08-12,11
C01061,1951-06-08,19
C01062,1951-02-20,10
C01063,1963-01-22,19
C01064,1985-09-19,15
C01065,1982-02-17,12
C01066,1962-01-13,20
C01067,1992-11-16,13
C01068,1997-12-21,12
C01069,1986-11-02,12
C01070,1982-05-20,19
C01071,1986-07-02,10
C01072,1993-02-03,19
C01073,2002-06-26,14
C01074,2002-08-22,12
C01075,1953-12-01,11
C01076,1991-08-25,12
C01077,1987-04-13,9
C01078,1962-06-18,19
C01079,2001-09-09,16
C01080,1951-10-16,3
C01081,1966-02-04,12
C01082,1995-09-05,20
C01083,1987-02-17,19
C01084,1960-12-05,18
C01085,1956-07-09,12
C01086,1972-03-29,8
C01087,1977-01-06,10
C01088,1995-11-09,12
C01089,1950-11-18,19
C01090,1991-09-12,14
C01091,1947-06-02,11
C01092,1964-11-21,15
C01093,1975-04-11,11
C01094,1979-09-29,15
C01095,1998-10-27,3
C01096,1995-10-27,10
C01097,1999-06-10,1
C01098,2000-05-31,12
C01099,1968-04-27,8
C01100,1987-09-01,19
C01101,2004-01-25,18
C01102,1952-03-21,11
C01103,1952-10-06,5
C01104,1959-08-03,18
C01105,1959-04-26,20
C01106,1995-09-15,19
C01107,1987-02-04,20
C01108,1966-03-16,11
C01109,1965-07-27,12
C01110,1998-12-20,12
C01111,1947-05-27,10
C01112,1996-11-22,12
C01113,1994-03-03,8
C01114,1978-06-12,17
C01115,1972-01-20,12
C01116,1980-04-13,18
C01117,1998-05-25,20
C01118,1960-02-06,10
C01119,1988-11-01,13
C01120,1998-04-12,21
C01121,1958-03-21,4
C01122,1952-07-13,12
C01123,1952-12-03,11
C01124,1951-09-17,19
C01125,1965-09-30,14
C01126,1973-02-21,6
C01127,1997-11-10,19
C01128,1983-02-06,12
C01129,1983-06-30,12
C01130,1995-12-14,12
C01131,1967-08-10,14
C01132,1979-02-01,19
C01133,1997-04-29,12
C01134,1999-02-13,7
C01135,1967-08-08,4
C01136,2002-01-18,11
C01137,1959-12-26,14
C01138,1972-09-19,16
C01139,1975-02-13,14
C01140,1975-09-21,4
C01141,1957-03-24,19
C01142,1988-01-09,19
C01143,1963-11-17,19
C01144,1979-12-26,11
C01145,1984-01-27,20
C01146,1961-03-20,18
C01147,1952-05-28,7
C01148,1971-03-24,8
C01149,1959-05-06,4
C01150,1956-11-16,11
C01151,1966-04-06,2
C01152,1958-07-30,19
C01153,1965-05-03,5
C01154,1965-01-02,12
C01155,1980-03-14,13
C01156,1970-01-29,11
C01157,1999-11-01,5
C01158,1946-09-29,19
C01159,1947-10-31,19
C01160,2005-07-16,19
C01161,1949-05-01,18
C01162,1993-01-12,13
C01163,1986-11-16,19
C01164,1964-03-11,12
C01165,1996-09-14,11
C01166,1948-11-01,14
C01167,1951-01-16,7
C01168,1977-09-03,7
C01169,2006-08-13,12
C01170,1986-02-27,11
C01171,1977-11-29,10
C01172,1947-01-17,13
C01173,1969-01-04,19
C01174,1995-10-10,11
C01175,1969-09-28,21
C01176,1974-03-26,12
C01177,1971-05-19,12
C01178,1993-03-05,15
C01179,1963-09-26,13
C01180,1981-08-25,12
C01181,1952-05-16,21
C01182,1983-01-14,5
C01183,1970-08-20,19
C01184,1958-10-15,9
C01185,2000-01-11,11
C01186,1949-07-01,11
C01187,1964-02-13,12
C01188,2005-01-22,9
C01189,1982-06-18,5
C01190,1970-08-01,11
C01191,2006-06-11,19
C01192,1975-05-04,19
C01193,1990-05-21,13
C01194,1971-12-02,14
C01195,2002-01-04,11
C01196,1957-08-04,19
C01197,1958-11-27,12
C01198,1959-07-30,6
C01199,1969-02-10,11
C01200,1996-03-21,21
C01201,1968-06-27,19
C01202,2002-06-10,12
C01203,2004-06-10,11
C01204,1990-04-08,11
C01205,1979-02-01,12
C01206,1967-10-09,18
C01207,1965-10-30,15
C01208,1988-06-13,12
C01209,1984-07-05,7
C01210,1959-01-13,12
C01211,1989-03-13,18
C01212,1979-07-23,21
C01213,1994-03-28,1
C01214,1958-02-07,21
C01215,1970-10-08,21
C01216,2000-03-11,19
C01217,1992-02-26,19
C01218,1969-12-30,11
C01219,1969-05-24,19
C01220,1986-01-02,11
C01221,1953-11-11,12
C01222,2000-10-17,12
C01223,1982-11-24,9
C01224,1961-04-17,19
C01225,1982-05-27,4
C01226,1970-04-14,12
C01227,1988-10-27,7
C01228,1984-10-24,12
C01229,1952-09-23,20
C01230,1989-03-25,18
C01231,1954-08-12,12
C01232,1992-09-22,19
C01233,1992-09-10,19
C01234,2002-10-23,12
C01235,1968-09-07,1
C01236,1987-12-18,19
C01237,1956-03-22,12
C01238,1978-08-08,8
C01239,1956-12-20,12
C01240,1993-05-16,11
C01241,1950-07-19,18
C01242,1965-07-03,11
C01243,1964-03-18,12
C01244,1957-03-26,12
C01245,1966-09-19,5
C01246,1965-05-12,21
C01247,1993-10-29,11
C01248,2006-04-22,12
C01249,1946-11-06,19
C01250,1979-12-28,18
C01251,1959-08-23,4
C01252,1979-11-27,21
C01253,1992-04-20,19
C01254,1994-12-09,13
C01255,1970-08-09,19
C01256,1989-10-17,12
C01257,2000-01-09,19
C01258,1978-03-11,1
C01259,2006-09-10,18
C01260,1980-07-29,19
C01261,1989-03-25,7
C01262,1955-04-15,4
C01263,1982-06-04,13
C01264,1980-11-10,16
C01265,2004-07-03,19
C01266,2004-05-09,10
C01267,1987-12-10,12
C01268,1978-03-25,13
C01269,1974-10-13,19
C01270,1989-05-13,17
C01271,1963-12-23,12
C01272,1953-09-23,12
C01273,1964-09-15,14
C01274,2004-10-21,18
C01275,1977-06-28,19
C01276,1995-10-21,21
C01277,1991-12-12,12
C01278,1957-10-26,11
C01279,1991-12-09,14
C01280,1977-05-02,19
C01281,1972-09-17,11
C01282,1965-06-17,19
C01283,1979-12-17,18
C01284,2004-05-15,11
C01285,1990-11-26,21
C01286,1980-03-20,19
C01287,1998-09-25,14
C01288,1989-12-08,4
C01289,2004-02-06,12
C01290,2003-11-10,18
C01291,1981-10-03,12
C01292,1993-06-15,12
C01293,1977-12-15,7
C01294,1962-11-05,16
C01295,1950-12-15,10
C01296,1998-09-21,12
C01297,2001-02-25,12
C01298,1996-11-30,7
C01299,1962-04-01,21
C01300,1962-05-27,19
C01301,2005-07-31,11
C01302,1957-10-18,15
C01303,2004-10-17,19
C01304,1980-02-05,11
C01305,1969-01-31,20
C01306,1957-06-14,12
C01307,1968-08-06,12
C01308,1960-04-30,19
C01309,1982-06-03,14
C01310,1960-03-30,12
C01311,1995-10-26,4
C01312,1955-07-21,19
C01313,1971-10-18,11
C01314,1956-02-16,19
C01315,1975-01-14,21
C01316,1971-07-15,16
C01317,1976-06-17,12
C01318,1969-05-16,19
C01319,2001-04-16,19
C01320,2002-10-28,11
C01321,1992-01-05,19
C01322,1994-07-14,17
C01323,1952-04-16,19
C01324,1997-10-06,21
C01325,1957-09-19,11
C01326,1982-02-16,4
C01327,1997-10-07,11
C01328,1965-11-17,19
C01329,1963-01-24,11
C01330,1976-11-07,12
C01331,1971-12-23,12
C01332,1964-03-11,16
C01333,1994-05-26,19
C01334,1958-05-02,12
C01335,1947-06-21,18
C01336,1961-11-19,11
C01337,1993-01-05,19
C01338,1962-10-25,12
C01339,2002-07-22,4
C01340,2002-09-01,5
C01341,1999-05-13,19
C01342,1974-05-07,12
C01343,1953-08-10,21
C01344,1968-04-09,14
C01345,1963-04-12,6
C01346,1982-12-28,12
C01347,1985-04-06,19
C01348,1984-04-26,12
C01349,1946-10-23,12
C01350,2003-12-28,21
C01351,1947-03-23,15
C01352,1977-01-31,15
C01353,1989-04-05,16
C01354,1964-11-20,17
C01355,1975-11-17,12
C01356,1951-06-11,20
C01357,1959-06-26,11
C01358,1982-10-17,2
C01359,1991-08-29,12
C01360,1971-12-03,20
C01361,1959-06-17,12
C01362,1992-08-18,21
C01363,1964-12-24,12
C01364,1969-04-24,12
C01365,1969-09-05,11
C01366,1999-11-21,20
C01367,1963-01-23,19
C01368,1950-11-18,14
C01369,1998-03-26,12
C01370,1991-10-12,9
C01371,1949-07-09,2
C01372,1996-02-03,12
C01373,1960-01-01,11
C01374,1972-10-22,12
C01375,1995-04-27,11
C01376,1952-03-16,12
C01377,1987-06-05,12
C01378,1975-08-03,12
C01379,1987-11-17,14
C01380,1972-02-17,13
C01381,1995-05-20,19
C01382,1990-06-23,12
C01383,1955-02-06,12
C01384,1997-12-03,12
C01385,1968-02-17,2
C01386,1991-05-02,19
C01387,1968-11-17,19
C01388,1996-12-20,7
C01389,1957-04-13,12
C01390,1980-07-18,12
C01391,1997-09-28,11
C01392,2006-07-04,11
C01393,1993-07-05,4
C01394,1980-11-05,2
C01395,1986-08-22,3
C01396,1955-07-11,3
C01397,1988-10-02,12
C01398,2001-02-02,14
C01399,1975-04-27,17
C01400,1969-03-14,12
C01401,1992-02-29,16
C01402,1995-11-08,11
C01403,2001-09-30,11
C01404,1966-08-10,12
C01405,1968-07-31,19
C01406,1975-10-11,11
C01407,1950-10-11,7
C01408,1951-10-14,14
C01409,1977-10-17,12
C01410,1947-09-02,11
C01411,1993-11-15,21
C01412,1993-05-24,19
C01413,1990-05-07,19
C01414,2006-03-07,21
C01415,1972-11-21,19
C01416,1949-09-29,14
C01417,2002-03-13,19
C01418,2001-08-17,12
C01419,1976-01-02,12
C01420,1946-11-13,14
C01421,1984-01-04,19
C01422,1981-09-06,12
C01423,2005-07-17,12
C01424,2001-03-31,7
C01425,1957-04-16,12
C01426,1960-01-09,19
C01427,2005-06-20,11
C01428,1951-09-14,4
C01429,1967-10-02,12
C01430,1960-10-04,14
C01431,1975-06-05,19
C01432,1974-08-09,19
C01433,1976-11-02,14
C01434,1969-12-07,5
C01435,1993-10-09,15
C01436,2006-07-21,12
C01437,1985-06-24,19
C01438,1971-01-19,14
C01439,1996-09-01,6
C01440,1966-03-08,11
C01441,1947-01-25,12
C01442,1997-07-18,8
C01443,1970-04-05,16
C01444,1990-03-01,19
C01445,1953-02-21,13
C01446,1997-01-29,11
C01447,1966-12-21,5
C01448,1955-08-27,12
C01449,1956-07-30,12
C01450,1970-01-25,11
C01451,1981-05-12,8
C01452,1976-09-11,12
C01453,1958-05-14,19
C01454,1979-04-06,11
C01455,2005-03-05,21
C01456,1952-08-10,12
C01457,1969-10-18,5
C01458,1968-06-09,19
C01459,2000-06-12,19
C01460,1968-07-26,12
C01461,1988-10-17,5
C01462,1963-03-09,4
C01463,1995-07-12,7
C01464,1969-02-24,12
C01465,1949-05-28,19
C01466,2006-02-17,12
C01467,1949-05-31,14
C01468,1985-04-18,12
C01469,1956-06-13,14
C01470,1968-01-05,8
C01471,1976-11-13,12
C01472,1964-07-16,2
C01473,1958-10-03,11
C01474,1989-10-06,5
C01475,1989-03-24,7
C01476,1964-10-01,19
C01477,1953-12-13,1
C01478,1970-11-21,19
C01479,1948-11-07,20
C01480,1985-07-31,19
C01481,1953-03-25,11
C01482,1999-07-14,15
C01483,1979-02-01,11
C01484,2003-05-16,12
C01485,1983-10-12,12
C01486,1986-11-11,6
C01487,1988-10-19,12
C01488,1967-09-14,20
C01489,1988-01-05,14
C01490,1984-08-20,1
C01491,1996-02-13,19
C01492,1985-06-04,12
C01493,1992-09-22,19
C01494,2004-04-08,19
C01495,1979-06-18,11
C01496,1969-02-22,11
C01497,1971-11-26,12
C01498,1979-12-28,1
C01499,1991-07-24,12
C01500,1950-11-03,21
C01501,1972-05-17,4
C01502,1981-06-11,11
C01503,2003-06-05,19
C01504,1988-10-10,11
C01505,1987-03-22,12
C01506,1983-02-27,5
C01507,1973-11-07,19
C01508,1973-05-19,12
C01509,1977-01-02,20
C01510,1964-07-07,11
C01511,1957-11-22,12
C01512,1967-07-18,11
C01513,1947-02-13,9
C01514,2003-01-26,13
C01515,1999-06-11,19
C01516,2001-09-21,4
C01517,1969-07-27,19
C01518,1956-11-27,18
C01519,1997-03-01,4
C01520,1955-12-14,4
C01521,2006-03-08,12
C01522,1961-01-15,11
C01523,1982-09-06,12
C01524,1996-07-19,11
C01525,1980-10-09,17
C01526,1996-03-18,12
C01527,1990-02-19,19
C01528,1983-11-27,19
C01529,1950-11-01,12
C01530,1978-12-03,14
C01531,1981-12-14,11
C01532,1975-09-26,12
C01533,1966-03-24,5
C01534,1988-02-29,11
C01535,1987-08-04,11
C01536,1999-12-06,12
C01537,1992-07-28,11
C01538,1961-11-10,12
C01539,1994-01-13,2
C01540,1972-06-05,21
C01541,1965-01-16,18
C01542,1991-12-29,19
C01543,1976-07-08,19
C01544,1994-12-31,21
C01545,1950-07-23,12
C01546,1981-05-07,8
C01547,1947-11-28,12
C01548,1977-07-31,17
C01549,2006-05-21,9
C01550,1969-10-14,10
C01551,1952-10-29,19
C01552,1978-11-13,12
C01553,1956-05-17,19
C01554,1946-09-17,14
C01555,1995-03-26,14
C01556,1993-02-03,14
C01557,1977-06-17,17
C01558,1988-01-29,11
C01559,1951-08-09,19
C01560,1950-04-22,13
C01561,1990-05-15,11
C01562,1999-03-29,7
C01563,1967-07-25,21
C01564,1990-07-20,14
C01565,1949-05-02,8
C01566,1987-12-29,19
C01567,1971-05-18,12
C01568,1997-09-17,16
C01569,1965-02-01,12
C01570,1979-06-14,11
C01571,1972-06-23,12
C01572,1994-04-08,12
C01573,1966-01-09,17
C01574,1956-03-27,20
C01575,2001-07-13,19
C01576,1997-05-07,2
C01577,2004-05-22,15
C01578,1961-11-11,19
C01579,1980-11-21,18
C01580,1974-04-23,9
C01581,1995-04-13,11
C01582,1985-03-27,19
C01583,1971-09-19,12
C01584,1971-10-26,18
C01585,1952-02-15,12
C01586,1997-10-28,2
C01587,1966-01-21,21
C01588,1983-07-05,21
C01589,1989-07-01,12
C01590,1962-10-12,2
C01591,1968-05-10,12
C01592,1956-12-29,19
C01593,1995-02-10,19
C01594,1995-12-28,13
C01595,1961-11-07,10
C01596,1974-06-17,12
C01597,1984-04-05,5
C01598,2004-07-21,11
C01599,1992-08-11,14
C01600,1955-10-29,12
C01601,1995-03-25,19
C01602,1982-12-23,17
C01603,1992-07-28,12
C01604,1981-12-21,12
C01605,2003-05-28,10
C01606,1978-07-26,12
C01607,2001-11-27,11
C01608,1954-05-07,11
C01609,2000-10-23,14
C01610,1975-09-17,19
C01611,1947-03-12,6
C01612,1968-04-01,11
C01613,1976-10-19,19
C01614,1986-09-17,19
C01615,1990-07-13,11
C01616,1964-02-24,12
C01617,1947-04-04,19
C01618,1969-11-24,7
C01619,1977-11-26,12
C01620,1966-12-31,6
C01621,1980-11-27,19
C01622,2004-09-13,16
C01623,1977-08-23,14
C01624,1947-01-12,18
C01625,1995-09-13,5
C01626,1963-12-31,10
C01627,1992-11-24,6
C01628,1975-12-12,16
C01629,1996-12-02,16
C01630,1978-06-13,12
C01631,1970-04-29,19
C01632,1989-10-09,14
C01633,1965-01-09,19
C01634,1957-04-13,10
C01635,1955-08-29,12
C01636,2001-05-24,11
C01637,1991-08-10,19
C01638,1996-09-22,14
C01639,1960-01-29,12
C01640,1954-08-17,12
C01641,1979-08-15,12
C01642,1960-11-04,19
C01643,1980-08-23,11
C01644,1962-05-10,12
C01645,1991-12-21,16
C01646,1964-10-07,19
C01647,1995-09-23,11
C01648,1950-02-10,14
C01649,1964-01-05,19
C01650,1965-08-30,7
C01651,2005-04-08,19
C01652,1984-06-18,19
C01653,1989-04-20,12
C01654,1985-12-11,4
C01655,1994-12-06,11
C01656,1947-02-21,9
C01657,1971-11-02,16
C01658,1991-08-14,1
C01659,1991-01-12,19
C01660,1985-07-09,19
C01661,1979-03-22,12
C01662,1978-11-11,10
C01663,1947-07-10,11
C01664,1977-06-30,9
C01665,1947-07-28,17
C01666,1950-12-08,11
C01667,1996-07-20,19
C01668,1960-01-06,18
C01669,1999-03-05,14
C01670,1956-01-31,12
C01671,1988-10-25,12
C01672,1947-12-24,4
C01673,1957-03-25,12
C01674,1953-03-11,21
C01675,1969-04-02,13
C01676,1986-01-09,21
C01677,1996-09-30,19
C01678,1987-03-10,16
C01679,1996-05-13,21
C01680,1965-09-16,8
C01681,1991-08-03,19
C01682,1950-09-25,1
C01683,1962-10-14,17
C01684,1957-06-02,11
C01685,2000-12-25,7
C01686,1953-09-14,16
C01687,1954-11-17,3
C01688,1975-03-24,12
C01689,1977-06-29,12
C01690,1971-01-13,10
C01691,1993-06-09,19
C01692,1973-01-21,8
C01693,1984-01-01,20
C01694,1997-07-30,11
C01695,1989-08-20,21
C01696,2005-09-19,19
C01697,2004-03-16,19
C01698,1995-02-23,11
C01699,1948-01-23,12
C01700,1978-01-25,12
C01701,1954-09-12,15
C01702,1986-12-21,20
C01703,1986-02-06,19
C01704,1975-04-03,18
C01705,1982-04-11,19
C01706,1994-09-19,4
C01707,1965-04-21,12
C01708,1995-01-06,9
C01709,1975-08-02,11
C01710,1969-08-31,13
C01711,1999-02-20,19
C01712,2005-06-14,4
C01713,1969-09-15,8
C01714,1979-01-22,6
C01715,2003-05-25,11
C01716,1956-02-19,11
C01717,2002-01-06,5
C01718,1963-10-05,14
C01719,1952-05-26,9
C01720,1991-10-04,11
C01721,1994-11-14,6
C01722,1998-01-24,19
C01723,1990-06-26,21
C01724,2000-09-04,12
C01725,1968-09-10,10
C01726,2004-07-12,11
C01727,1976-04-14,6
C01728,1957-04-02,11
C01729,1957-07-05,5
C01730,1980-04-09,19
C01731,1984-01-27,21
C01732,1967-08-21,19
C01733,1980-05-19,11
C01734,1985-03-25,19
C01735,1993-03-14,18
C01736,1953-07-29,12
C01737,1981-01-01,19
C01738,1995-08-29,12
C01739,1983-03-04,12
C01740,1985-12-14,19
C01741,1961-07-27,12
C01742,1970-04-07,5
C01743,1968-09-08,12
C01744,2003-01-28,21
C01745,1990-09-06,12
C01746,1974-07-30,14
C01747,2005-05-02,20
C01748,1999-06-30,19
C01749,1967-10-23,6
C01750,1993-04-24,12
C01751,1972-08-05,15
C01752,2001-06-06,19
C01753,2003-07-13,14
C01754,1997-07-16,19
C01755,1954-12-14,19
C01756,1954-02-18,11
C01757,1947-03-17,19
C01758,1977-03-17,11
C01759,1994-07-18,21
C01760,1972-06-09,11
C01761,1974-05-05,4
C01762,1953-08-15,9
C01763,2000-05-05,8
C01764,1978-10-03,5
C01765,2000-11-02,19
C01766,1987-10-23,19
C01767,1966-12-05,12
C01768,1980-09-15,19
C01769,1984-08-07,11
C01770,1990-04-30,11
C01771,1981-02-16,11
C01772,1970-03-21,19
C01773,1946-10-19,20
C01774,1948-10-01,19
C01775,1967-07-18,11
C01776,1983-07-28,7
C01777,1962-11-13,12
C01778,1990-03-25,16
C01779,1999-11-05,11
C01780,1959-09-07,11
C01781,2004-05-14,19
C01782,1959-07-29,12
C01783,1981-06-18,18
C01784,1966-03-14,15
C01785,1969-01-26,19
C01786,1961-02-25,12
C01787,1967-11-08,11
C01788,1981-06-07,12
C01789,2005-12-20,11
C01790,1980-09-08,19
C01791,1992-07-24,12
C01792,1964-02-06,19
C01793,1979-10-13,11
C01794,1970-07-27,20
C01795,2004-07-15,11
C01796,1991-09-20,21
C01797,1961-12-15,21
C01798,2003-05-22,4
C01799,2003-06-06,11
C01800,2004-08-20,8
C01801,1958-07-04,12
C01802,1969-02-15,7
C01803,1991-04-12,18
C01804,1989-08-04,19
C01805,1983-08-06,12
C01806,1966-12-29,8
C01807,1966-02-08,12
C01808,1997-05-17,16
C01809,2001-01-26,5
C01810,1991-10-02,19
C01811,1970-12-20,19
C01812,1968-08-08,2
C01813,1988-10-12,6
C01814,2004-08-15,12
C01815,1993-09-28,16
C01816,1950-07-16,2
C01817,1985-02-11,9
C01818,1965-01-10,18
C01819,1963-09-20,19
C01820,1982-08-19,15
C01821,1994-11-15,12
C01822,1991-12-04,19
C01823,1980-07-18,12
C01824,1968-07-19,18
C01825,1966-03-07,16
C01826,1979-02-14,19
C01827,2004-04-28,11
C01828,1947-04-21,19
C01829,1955-12-07,21
C01830,1990-12-31,19
C01831,1947-09-24,19
C01832,1981-09-05,12
C01833,1977-03-21,12
C01834,1971-08-26,19
C01835,1952-08-16,1
C01836,1964-02-03,4
C01837,2000-08-05,21
C01838,1985-10-05,12
C01839,1952-01-20,19
C01840,1992-02-09,19
C01841,1987-07-14,11
C01842,1982-07-28,19
C01843,1987-09-20,11
C01844,1980-10-03,19
C01845,1947-12-23,12
C01846,1998-10-13,7
C01847,1998-07-01,12
C01848,2000-01-27,12
C01849,1949-11-21,12
C01850,1969-12-24,12
C01851,1990-05-18,16
C01852,1951-03-31,13
C01853,1960-09-29,12
C01854,1952-06-07,18
C01855,1960-08-14,8
C01856,1995-11-24,8
C01857,1969-01-03,1
C01858,1971-10-30,8
C01859,1957-07-06,21
C01860,1970-12-28,13
C01861,1964-01-10,2
C01862,1968-02-07,12
C01863,1993-05-13,12
C01864,1978-06-26,11
C01865,1948-03-04,21
C01866,1947-02-02,8
C01867,2005-07-17,20
C01868,1998-12-04,4
C01869,1996-10-16,15
C01870,1962-08-28,14
C01871,1946-12-15,10
C01872,1996-07-28,7
C01873,1975-06-26,12
C01874,1958-07-15,11
C01875,1964-09-20,19
C01876,1972-01-28,12
C01877,1978-12-12,19
C01878,1974-12-27,18
C01879,1988-09-10,14
C01880,1974-06-06,19
C01881,1962-11-22,9
C01882,1955-06-07,8
C01883,1963-12-13,13
C01884,1963-11-10,19
C01885,2000-07-24,7
C01886,1973-08-19,20
C01887,2004-01-19,16
C01888,1997-11-05,17
C01889,1966-11-19,12
C01890,1952-06-20,12
C01891,1997-07-31,1
C01892,1985-08-14,19
C01893,1947-12-21,10
C01894,1993-06-25,15
C01895,1975-03-25,5
C01896,1963-05-26,12
C01897,1978-05-24,20
C01898,1991-11-03,12
C01899,1982-03-14,12
C01900,1968-08-11,18
C01901,1976-03-28,11
C01902,2005-11-30,12
C01903,1971-03-23,9
C01904,2005-12-24,12
C01905,1963-12-23,19
C01906,1995-04-26,13
C01907,1952-11-21,2
C01908,1989-04-19,7
C01909,1982-08-21,11
C01910,1996-10-06,12
C01911,1988-11-14,13
C01912,1946-09-25,19
C01913,1957-06-21,19
C01914,1982-02-05,14
C01915,1991-05-19,11
C01916,1968-08-29,20
C01917,1956-06-03,7
C01918,1980-05-20,12
C01919,1984-10-15,1
C01920,1984-04-08,5
C01921,1970-09-30,12
C01922,2001-11-23,7
C01923,1977-10-04,5
C01924,1987-12-07,16
C01925,1966-10-01,8
C01926,1998-01-25,12
C01927,1973-07-27,11
C01928,1975-07-15,13
C01929,1969-12-27,12
C01930,2005-12-08,5
C01931,1973-06-09,17
C01932,1980-11-07,18
C01933,1976-03-21,12
C01934,1979-10-26,19
C01935,1967-11-22,12
C01936,1955-09-11,13
C01937,1987-05-24,17
C01938,1951-05-19,4
C01939,1976-08-04,12
C01940,2004-07-25,12
C01941,2002-01-25,13
C01942,1990-04-11,5
C01943,1965-07-10,2
C01944,1969-02-25,12
C01945,1971-02-27,8
C01946,1974-01-27,14
C01947,1984-02-21,12
C01948,1998-12-10,15
C01949,1984-09-20,20
C01950,1982-11-26,12
C01951,1994-05-22,12
C01952,1998-09-27,12
C01953,1980-04-19,11
C01954,1962-07-18,14
C01955,1954-10-27,11
C01956,1954-11-13,9
C01957,1963-07-18,12
C01958,1987-02-02,19
C01959,1968-07-07,12
C01960,1963-10-08,15
C01961,1998-03-28,11
C01962,1988-02-09,20
C01963,1950-07-09,12
C01964,1989-12-15,19
C01965,1980-12-15,12
C01966,1978-09-05,6
C01967,1995-01-21,19
C01968,1983-07-01,21
C01969,1982-12-26,21
C01970,2002-09-28,2
C01971,2005-08-04,4
C01972,1947-08-16,4
C01973,1990-09-15,20
C01974,1977-02-22,20
C01975,1985-01-08,11
C01976,1948-09-28,12
C01977,1995-09-07,12
C01978,1982-03-05,19
C01979,1956-01-16,8
C01980,1951-03-13,11
C01981,1992-03-18,12
C01982,1957-10-14,19
C01983,1979-03-26,14
C01984,1972-12-10,11
C01985,1992-03-07,11
C01986,1997-10-16,12
C01987,1963-11-29,2
C01988,1981-01-27,11
C01989,1985-07-22,2
C01990,1966-08-21,14
C01991,1971-06-18,12
C01992,1998-02-04,12
C01993,1976-11-17,12
C01994,1994-08-01,12
C01995,1968-01-05,12
C01996,1969-03-26,4
C01997,1960-07-23,4
C01998,2003-01-26,17
C01999,2003-10-01,16
C02000,1982-03-02,11
C02001,1987-10-07,11
C02002,1991-11-19,12
C02003,1957-02-17,12
C02004,1994-10-06,19
C02005,1983-08-31,18
C02006,1970-03-16,15
C02007,1976-12-22,20
C02008,1961-10-05,13
C02009,2006-04-22,11
C02010,1978-11-09,11
C02011,2006-01-05,10
C02012,2005-04-19,6
C02013,1947-11-24,5
C02014,1996-08-17,12
C02015,1976-09-20,14
C02016,1991-06-29,7
C02017,1991-01-13,2
C02018,1951-05-19,12
C02019,2003-04-03,12
C02020,1967-12-15,7
C02021,1947-02-03,17
C02022,1976-03-03,11
C02023,1956-08-11,19
C02024,2005-05-08,9
C02025,1986-04-01,12
C02026,2001-01-18,12
C02027,1962-04-25,15
C02028,1953-02-08,4
C02029,1995-05-18,11
C02030,1965-04-03,7
C02031,1995-05-25,20
C02032,1980-05-13,19
C02033,1979-11-24,12
C02034,1956-07-21,7
C02035,1975-06-28,19
C02036,1989-07-05,11
C02037,1998-03-11,10
C02038,1999-09-05,2
C02039,1995-03-18,12
C02040,1994-10-03,19
C02041,1957-12-18,21
C02042,1974-11-12,19
C02043,1977-05-20,19
C02044,2000-12-05,11
C02045,1952-04-25,18
C02046,1968-07-21,19
C02047,2002-08-07,4
C02048,1970-08-04,13
C02049,1980-02-02,7
C02050,2001-07-17,19
C02051,1979-09-20,16
C02052,1972-07-30,7
C02053,1993-12-28,12
C02054,1950-09-28,11
C02055,1954-07-31,11
C02056,1964-07-13,15
C02057,1981-05-09,19
C02058,1991-06-12,16
C02059,1962-02-13,15
C02060,1978-08-03,13
C02061,2001-11-28,19
C02062,1979-09-14,19
C02063,1949-08-01,10
C02064,1979-01-19,12
C02065,2005-06-09,12
C02066,1968-05-24,12
C02067,2000-03-22,5
C02068,1994-09-13,12
C02069,1997-09-18,19
C02070,1983-11-26,15
C02071,1964-07-16,1
C02072,1975-09-09,11
C02073,1992-04-18,4
C02074,1952-11-14,11
C02075,1957-10-25,12
C02076,1955-07-29,21
C02077,1992-06-15,11
C02078,1972-01-23,12
C02079,1946-09-14,19
C02080,1971-08-03,10
C02081,2003-09-01,19
C02082,2005-02-05,7
C02083,1973-07-17,21
C02084,1957-04-26,17
C02085,1979-01-16,2
C02086,1977-09-19,11
C02087,1996-08-06,7
C02088,1962-04-04,19
C02089,1960-09-24,21
C02090,1985-07-25,12
C02091,1964-02-03,21
C02092,1955-01-15,1
C02093,1995-08-30,14
C02094,1973-04-21,12
C02095,1988-03-13,12
C02096,1964-11-04,19
C02097,1973-01-19,19
C02098,1966-09-28,12
C02099,1960-07-01,6
C02100,1986-11-21,8
C02101,1958-05-06,12
C02102,1974-04-30,12
C02103,1997-06-21,19
C02104,1963-04-21,12
C02105,1962-11-23,12
C02106,1989-01-24,19
C02107,1948-11-07,11
C02108,1951-10-09,19
C02109,1985-10-17,19
C02110,1955-12-06,16
C02111,1998-08-17,12
C02112,1992-03-13,12
C02113,1998-10-12,10
C02114,1960-09-12,19
C02115,1965-01-19,19
C02116,1997-06-26,12
C02117,1982-05-14,12
C02118,1974-12-15,12
C02119,2000-11-27,3
C02120,1954-02-06,12
C02121,1959-09-04,11
C02122,1975-05-21,11
C02123,1950-03-10,12
C02124,1989-02-14,12
C02125,1947-10-08,7
C02126,1969-07-25,12
C02127,1961-12-20,12
C02128,1992-12-06,12
C02129,1949-09-06,1
C02130,1989-12-17,19
C02131,1998-05-18,12
C02132,2004-06-30,19
C02133,1972-04-30,18
C02134,1972-01-20,19
C02135,1964-12-01,12
C02136,1955-02-21,1
C02137,2001-12-26,19
C02138,1968-10-05,10
C02139,2000-05-04,16
C02140,1947-06-27,9
C02141,1947-02-24,19
C02142,1977-12-08,4
C02143,1967-10-25,20
C02144,1984-05-12,11
C02145,1974-05-24,14
C02146,1948-10-19,12
C02147,1976-11-08,11
C02148,1986-07-19,19
C02149,1973-11-15,16
C02150,1947-08-03,2
C02151,1991-01-24,12
C02152,1997-04-20,19
C02153,1968-03-24,13
C02154,1957-09-22,19
C02155,1999-10-16,19
C02156,1992-03-27,14
C02157,2001-08-25,12
C02158,1985-11-30,12
C02159,1974-12-14,12
C02160,1967-01-06,18
C02161,1964-06-02,12
C02162,1973-01-22,12
C02163,1989-11-20,14
C02164,1951-03-14,2
C02165,1978-06-12,21
C02166,1951-03-11,12
C02167,1962-09-15,19
C02168,1997-04-17,21
C02169,1969-06-01,21
C02170,1985-11-03,19
C02171,1969-01-27,14
C02172,2002-08-04,4
C02173,1999-06-13,11
C02174,1956-02-08,11
C02175,1991-10-14,14
C02176,1957-07-06,18
C02177,1983-02-08,11
C02178,1968-10-23,12
C02179,1966-02-03,12
C02180,1974-06-30,11
C02181,1984-09-29,15
C02182,1996-04-25,6
C02183,2005-07-29,19
C02184,1984-11-10,11
C02185,1964-08-03,14
C02186,1961-02-15,19
C02187,1946-10-16,10
C02188,1963-05-21,11
C02189,1967-12-12,12
C02190,1964-03-14,12
C02191,1992-02-26,14
C02192,1955-05-03,11
C02193,1962-05-07,6
C02194,1975-06-16,13
C02195,1999-09-29,21
C02196,1991-03-01,11
C02197,1978-02-24,17
C02198,1950-06-09,8
C02199,1980-02-14,12
C02200,1984-03-22,12
C02201,1952-02-07,11
C02202,1995-07-26,15
C02203,1984-05-29,13
C02204,2004-08-08,11
C02205,1965-11-22,5
C02206,1961-01-13,11
C02207,1982-10-30,12
C02208,1956-08-10,17
C02209,1981-12-30,11
C02210,1961-01-30,19
C02211,1971-09-05,19
C02212,1954-08-13,10
C02213,2004-05-30,11
C02214,1948-03-22,3
C02215,1963-11-15,7
C02216,1982-03-15,7
C02217,1947-02-24,13
C02218,1985-01-28,10
C02219,1954-11-17,2
C02220,1992-02-15,21
C02221,1968-07-01,21
C02222,1973-02-17,12
C02223,2000-03-17,2
C02224,1993-06-09,7
C02225,2005-08-17,11
C02226,1979-06-25,4
C02227,1989-09-28,8
C02228,1978-05-17,20
C02229,1986-10-08,1
C02230,1990-03-29,19
C02231,1970-11-20,1
C02232,2005-03-26,9
C02233,1950-09-11,10
C02234,1957-04-05,19
C02235,1962-12-16,7
C02236,1977-09-09,14
C02237,1950-05-10,12
C02238,1991-11-24,19
C02239,2006-06-03,7
C02240,1992-07-30,20
C02241,1956-04-09,7
C02242,2004-01-05,7
C02243,1978-08-05,15
C02244,1957-10-18,11
C02245,1961-05-07,2
C02246,1979-05-15,5
C02247,2004-01-28,14
C02248,1949-05-10,11
C02249,1980-12-24,12
C02250,1993-03-29,21
C02251,2001-04-13,12
C02252,1952-11-12,19
C02253,1970-12-06,12
C02254,1960-02-03,13
C02255,1960-03-04,21
C02256,1975-12-28,12
C02257,1975-08-09,12
C02258,1990-11-05,21
C02259,1989-02-08,12
C02260,1989-10-10,12
C02261,1963-11-28,12
C02262,1973-02-14,18
C02263,1949-07-09,19
C02264,1990-01-22,11
C02265,1980-01-30,4
C02266,1962-05-12,12
C02267,1973-04-13,21
C02268,1968-01-01,20
C02269,1996-12-19,19
C02270,1972-10-12,10
C02271,1996-09-08,6
C02272,1982-07-29,12
C02273,1972-10-06,16
C02274,1962-10-05,6
C02275,1955-07-17,7
C02276,1971-09-14,10
C02277,1963-05-04,12
C02278,1977-04-29,19
C02279,1967-04-01,14
C02280,2003-07-24,12
C02281,1993-10-05,11
C02282,1982-07-16,21
C02283,1978-04-21,19
C02284,2006-03-03,11
C02285,1995-05-18,9
C02286,1984-12-11,12
C02287,1949-01-08,5
C02288,1988-12-24,20
C02289,1978-01-28,5
C02290,1995-08-01,5
C02291,1976-10-02,11
C02292,1989-01-25,9
C02293,2001-02-09,11
C02294,1975-01-11,10
C02295,2004-12-29,19
C02296,2004-11-29,1
C02297,1998-08-22,11
C02298,2005-07-09,11
C02299,1994-09-02,19
C02300,1984-10-10,11
C02301,1961-03-21,19
C02302,1979-11-30,21
C02303,1980-02-13,8
C02304,1987-10-15,2
C02305,1959-08-20,21
C02306,1991-03-10,16
C02307,2000-04-29,12
C02308,1973-01-06,14
C02309,2001-01-29,11
C02310,1983-08-15,15
C02311,1975-07-20,19
C02312,1959-12-05,12
C02313,1980-06-09,14
C02314,1967-03-01,11
C02315,1948-12-08,13
C02316,1997-02-07,8
C02317,1988-02-25,11
C02318,1981-12-09,5
C02319,1982-07-18,14
C02320,1988-12-08,12
C02321,1958-08-31,9
C02322,1962-01-20,12
C02323,1978-01-15,11
C02324,1989-12-13,18
C02325,1957-08-12,12
C02326,1947-04-15,12
C02327,1956-12-03,12
C02328,2001-12-30,18
C02329,1962-01-27,12
C02330,2006-04-03,10
C02331,1996-01-10,7
C02332,2004-01-21,21
C02333,1980-08-09,12
C02334,1964-12-06,5
C02335,1997-10-08,5
C02336,1986-12-16,11
C02337,1976-10-21,21
C02338,1987-03-04,7
C02339,2000-04-14,21
C02340,1987-08-07,3
C02341,1969-08-04,21
C02342,2003-01-03,19
C02343,2000-08-04,13
C02344,1988-08-13,7
C02345,1949-07-06,1
C02346,1963-05-17,12
C02347,1964-08-04,11
C02348,1989-09-08,14
C02349,1980-12-19,12
C02350,2006-03-17,4
C02351,1965-10-13,21
C02352,1958-09-18,3
C02353,1977-10-28,20
C02354,1961-02-27,12
C02355,1964-02-23,18
C02356,2001-09-05,14
C02357,1957-05-08,5
C02358,2005-08-11,19
C02359,1975-01-19,4
C02360,1994-12-02,5
C02361,2006-05-27,11
C02362,1988-08-24,11
C02363,1987-10-19,12
C02364,1976-12-23,19
C02365,1981-01-25,12
C02366,2005-10-05,11
C02367,1995-07-14,19
C02368,1973-05-13,4
C02369,1991-06-21,11
C02370,1970-07-04,19
C02371,1966-05-23,12
C02372,1947-08-10,12
C02373,1966-02-18,11
C02374,1989-09-19,5
C02375,1963-06-25,19
C02376,1988-04-26,19
C02377,1985-04-29,13
C02378,1966-09-01,19
C02379,1989-09-09,12
C02380,1954-01-28,12
C02381,1955-09-01,12
C02382,1953-03-06,19
C02383,1959-05-24,11
C02384,1991-02-09,14
C02385,1989-10-11,11
C02386,1980-10-19,7
C02387,1986-12-30,18
C02388,1972-03-23,11
C02389,1969-09-21,12
C02390,1969-01-19,10
C02391,1983-10-20,12
C02392,1992-02-25,19
C02393,1987-06-23,1
C02394,1998-03-27,14
C02395,1957-01-13,19
C02396,1982-07-30,12
C02397,1996-03-03,18
C02398,2003-04-20,14
C02399,1964-12-05,7
C02400,1963-01-01,19
C02401,1991-05-09,12
C02402,2002-10-22,11
C02403,1983-09-05,4
C02404,1987-05-19,19
C02405,1964-01-04,9
C02406,1980-09-19,19
C02407,1987-11-12,17
C02408,1993-07-21,12
C02409,1949-08-16,11
C02410,1981-03-30,14
C02411,1971-06-04,18
C02412,1998-01-03,19
C02413,1979-04-23,15
C02414,2004-05-06,6
C02415,1979-09-05,12
C02416,1961-08-26,12
C02417,1982-03-01,13
C02418,2004-11-08,9
C02419,2004-11-10,19
C02420,1988-03-08,15
C02421,2001-01-14,7
C02422,2006-09-01,11
C02423,1963-12-15,15
C02424,1975-03-04,12
C02425,1984-03-08,12
C02426,1949-08-11,5
C02427,1998-08-10,1
C02428,1955-10-28,6
C02429,1989-04-25,7
C02430,1951-08-27,19
C02431,1974-03-01,5
C02432,1957-10-17,12
C02433,1959-07-21,12
C02434,1988-04-25,12
C02435,1956-05-13,12
C02436,1985-04-29,21
C02437,1985-08-25,5
C02438,1988-04-12,5
C02439,1974-02-27,5
C02440,1995-06-27,12
C02441,1980-03-07,5
C02442,1974-08-27,8
C02443,1962-12-28,4
C02444,1957-06-07,4
C02445,1988-08-27,19
C02446,1987-09-18,19
C02447,1998-07-12,12
C02448,1996-08-25,12
C02449,2003-09-13,18
C02450,1988-07-26,3
C02451,1985-05-16,11
C02452,1955-01-23,18
C02453,1977-08-02,19
C02454,1987-08-01,12
C02455,1971-12-22,12
C02456,1993-12-26,12
C02457,1985-02-10,19
C02458,1965-07-13,11
C02459,1976-06-14,6
C02460,1985-05-05,19
C02461,1955-02-19,12
C02462,1952-05-21,12
C02463,1970-01-27,11
C02464,1972-04-13,17
C02465,1979-11-04,14
C02466,1992-03-20,20
C02467,1985-09-05,21
C02468,2005-01-26,14
C02469,1974-10-02,4
C02470,1974-12-09,12
C02471,1996-10-16,19
C02472,1961-05-17,12
C02473,1948-05-13,15
C02474,1970-01-06,20
C02475,1972-10-10,4
C02476,1954-03-12,12
C02477,1994-03-14,12
C02478,1962-01-11,11
C02479,2001-07-25,14
C02480,1966-04-08,5
C02481,1983-01-23,11
C02482,1946-10-22,12
C02483,1953-12-25,19
C02484,1999-03-11,15
C02485,1977-12-24,16
C02486,1947-02-12,9
C02487,1979-02-09,21
C02488,1956-08-16,12
C02489,1973-01-27,12
C02490,1984-01-12,21
C02491,1981-11-17,10
C02492,1998-04-28,12
C02493,1970-04-30,14
C02494,1983-10-16,12
C02495,1974-07-16,13
C02496,1976-07-25,12
C02497,1973-11-25,11
C02498,1953-08-25,1
C02499,1949-06-21,12
C02500,1991-01-11,12
C02501,1952-12-17,19
C02502,1970-08-06,9
C02503,1981-02-06,12
C02504,1953-11-22,17
C02505,1994-01-28,8
C02506,1998-08-29,5
C02507,1954-09-04,2
C02508,1985-04-06,8
C02509,1949-04-19,20
C02510,1960-08-01,4
C02511,2002-04-13,12
C02512,1948-04-03,4
C02513,1982-02-17,12
C02514,1977-12-05,13
C02515,1969-05-06,20
C02516,1961-05-16,4
C02517,2002-01-09,19
C02518,1971-11-12,12
C02519,1964-08-03,11
C02520,1962-11-29,11
C02521,1965-08-13,13
C02522,2001-08-22,10
C02523,1990-09-12,21
C02524,1990-09-13,12
C02525,1960-03-22,12
C02526,1990-12-13,7
C02527,1997-12-03,19
C02528,1952-04-10,12
C02529,2005-12-27,19
C02530,1950-08-29,12
C02531,1968-04-10,1
C02532,1949-05-13,19
C02533,1988-01-10,12
C02534,2004-02-07,5
C02535,1962-11-03,15
C02536,1955-07-14,5
C02537,1970-12-10,11
C02538,2001-07-13,18
C02539,1967-10-02,10
C02540,1967-09-23,12
C02541,1971-03-27,19
C02542,1966-02-28,12
C02543,1952-02-25,12
C02544,1979-10-31,13
C02545,1996-11-25,16
C02546,1973-10-14,11
C02547,2004-09-08,14
C02548,1983-03-20,12
C02549,1984-12-30,17
C02550,2005-12-15,7
C02551,1991-08-02,21
C02552,1997-08-04,18
C02553,1950-08-13,5
C02554,1949-01-13,12
C02555,2004-01-23,8
C02556,1958-02-06,17
C02557,1978-02-20,4
C02558,1984-10-31,12
C02559,2005-03-01,14
C02560,1974-07-24,12
C02561,1951-06-24,11
C02562,1962-03-08,19
C02563,2001-12-16,13
C02564,2001-12-25,19
C02565,1982-01-05,19
C02566,1985-06-11,19
C02567,1999-08-29,6
C02568,1988-10-28,3
C02569,1959-02-20,21
C02570,1950-07-28,19
C02571,1988-06-09,20
C02572,1955-09-12,12
C02573,1987-05-11,18
C02574,1974-04-17,12
C02575,1996-09-13,12
C02576,1966-11-17,12
C02577,1948-06-15,10
C02578,1971-11-12,11
C02579,1989-09-28,12
C02580,1966-11-04,10
C02581,1995-08-29,19
C02582,1960-05-31,18
C02583,1976-03-25,12
C02584,1984-11-16,12
C02585,1977-05-27,11
C02586,1962-12-30,19
C02587,2003-05-17,19
C02588,1962-06-24,19
C02589,2000-12-29,19
C02590,1964-09-09,12
C02591,1947-01-23,19
C02592,1953-09-26,9
C02593,1975-08-01,12
C02594,1974-05-01,12
C02595,1999-12-28,15
C02596,1969-05-29,4
C02597,1982-10-09,13
C02598,1980-09-20,12
C02599,1984-07-13,12
C02600,1994-03-13,6
C02601,1964-09-22,19
C02602,2002-03-21,16
C02603,1966-10-20,2
C02604,1988-07-09,21
C02605,2004-12-03,12
C02606,1972-04-02,11
C02607,2002-08-28,12
C02608,1982-02-24,12
C02609,1962-05-15,12
C02610,2003-06-24,19
C02611,1951-07-02,11
C02612,2006-07-11,21
C02613,1997-05-08,11
C02614,1968-06-06,12
C02615,1988-03-04,19
C02616,1995-06-13,19
C02617,1983-08-11,12
C02618,1983-11-24,5
C02619,1950-12-15,11
C02620,1984-05-20,12
C02621,1967-04-14,13
C02622,1955-10-30,10
C02623,1989-11-13,12
C02624,1949-08-05,11
C02625,1989-03-14,18
C02626,1957-04-09,13
C02627,2000-05-06,14
C02628,1969-08-24,4
C02629,1978-04-24,21
C02630,1986-02-17,19
C02631,1967-05-31,19
C02632,1962-06-13,15
C02633,2003-03-08,10
C02634,2000-09-06,15
C02635,1967-08-27,19
C02636,1967-02-08,4
C02637,1950-11-30,4
C02638,1965-01-14,16
C02639,1961-01-06,19
C02640,1967-09-25,12
C02641,1987-05-14,19
C02642,1994-03-12,12
C02643,1964-03-05,21
C02644,1970-11-06,12
C02645,2002-09-07,6
C02646,1982-06-12,21
C02647,1961-06-04,19
C02648,1980-11-07,11
C02649,1990-03-23,12
C02650,1980-08-06,11
C02651,1993-07-04,19
C02652,1987-10-29,2
C02653,1988-09-20,12
C02654,2003-12-01,13
C02655,1970-11-22,19
C02656,1989-11-24,12
C02657,1956-05-18,12
C02658,1953-05-14,12
C02659,1996-12-08,19
C02660,1968-02-13,13
C02661,1977-05-08,5
C02662,1953-08-25,16
C02663,1995-02-28,15
C02664,1964-05-26,21
C02665,1978-09-08,11
C02666,1983-11-29,12
C02667,1996-05-10,12
C02668,1967-09-08,13
C02669,1965-06-18,7
C02670,1986-04-04,11
C02671,1969-07-26,6
C02672,1987-06-23,6
C02673,1963-08-15,12
C02674,1995-05-13,19
C02675,1950-04-16,12
C02676,1988-05-02,19
C02677,1984-09-18,12
C02678,2002-07-14,6
C02679,2000-05-31,2
C02680,1976-02-04,12
C02681,1984-12-19,15
C02682,1954-02-27,19
C02683,2004-11-25,11
C02684,1986-04-13,5
C02685,1982-10-27,19
C02686,2003-06-15,2
C02687,1996-05-29,19
C02688,1988-01-07,11
C02689,1975-03-13,20
C02690,1988-12-15,10
C02691,1977-02-03,13
C02692,1981-03-07,12
C02693,2004-11-19,19
C02694,1979-06-03,10
C02695,1954-04-20,12
C02696,1972-12-20,1
C02697,1962-12-15,12
C02698,1982-04-04,19
C02699,1969-12-21,6
C02700,1968-08-26,11
C02701,1977-04-11,8
C02702,1947-01-08,4
C02703,1999-07-15,12
C02704,2002-07-19,4
C02705,1971-05-19,9
C02706,1956-02-26,11
C02707,1992-01-11,11
C02708,1990-04-06,19
C02709,2006-04-30,6
C02710,1990-11-22,16
C02711,1962-11-07,20
C02712,1975-01-23,12
C02713,1982-07-21,21
C02714,1990-04-11,11
C02715,2005-06-09,4
C02716,1987-04-26,11
C02717,1966-06-15,10
C02718,1959-04-09,10
C02719,1947-10-08,5
C02720,2003-03-15,2
C02721,1959-11-30,10
C02722,1966-05-26,18
C02723,1968-09-18,19
C02724,1980-01-15,18
C02725,1991-03-08,12
C02726,1984-04-12,19
C02727,2006-07-07,12
C02728,1997-04-26,12
C02729,1996-01-13,4
C02730,1979-09-09,19
C02731,1965-07-18,14
C02732,1980-04-11,9
C02733,2004-10-18,16
C02734,1957-03-07,2
C02735,1955-07-01,12
C02736,1969-02-26,10
C02737,1948-06-12,7
C02738,1978-02-20,19
C02739,1960-10-21,19
C02740,2004-06-05,4
C02741,1983-02-22,2
C02742,1992-07-23,13
C02743,1997-05-07,19
C02744,1993-10-30,9
C02745,1980-02-28,11
C02746,1969-08-02,11
C02747,1975-03-01,9
C02748,1992-08-11,11
C02749,1958-05-15,12
C02750,1962-11-28,5
C02751,1984-11-02,19
C02752,1970-12-17,1
C02753,1998-04-28,10
C02754,1982-05-02,12
C02755,1951-05-28,5
C02756,1986-04-21,5
C02757,1976-06-26,12
C02758,1952-04-22,12
C02759,1966-07-04,4
C02760,2002-08-06,11
C02761,1999-01-01,1
C02762,2005-05-21,8
C02763,1969-06-22,2
C02764,1983-01-03,7
C02765,1998-09-22,18
C02766,1959-06-04,21
C02767,1980-12-28,11
C02768,2000-08-11,12
C02769,1978-11-19,20
C02770,1969-11-10,19
C02771,2006-04-29,11
C02772,1986-06-21,12
C02773,1960-05-07,11
C02774,1976-02-20,12
C02775,1978-10-17,8
C02776,1984-12-22,18
C02777,2004-06-07,19
C02778,1993-01-24,14
C02779,1989-06-30,10
C02780,1995-01-30,4
C02781,2003-01-16,11
C02782,1957-12-23,11
C02783,1954-07-02,4
C02784,1969-11-21,19
C02785,1953-11-16,11
C02786,1992-12-19,19
C02787,1949-06-25,14
C02788,1994-02-21,2
C02789,1956-03-12,11
C02790,1951-11-03,5
C02791,1970-12-14,12
C02792,1955-08-26,21
C02793,1981-01-15,3
C02794,1994-09-16,8
C02795,1990-06-10,19
C02796,1973-09-13,13
C02797,2005-06-26,12
C02798,1979-07-27,5
C02799,1949-07-20,19
C02800,1999-05-14,12
C02801,1970-10-09,12
C02802,1956-10-31,17
C02803,1957-01-25,12
C02804,1952-07-18,4
C02805,1977-07-10,9
C02806,1947-10-25,19
C02807,1962-10-11,12
C02808,1995-11-29,20
C02809,1975-12-05,12
C02810,1969-05-15,9
C02811,1996-11-06,14
C02812,1962-08-20,18
C02813,1965-08-26,18
C02814,1999-03-29,7
C02815,1980-05-04,21
C02816,1967-08-29,19
C02817,1979-02-24,2
C02818,2002-03-20,19
C02819,2006-02-09,17
C02820,1982-05-15,9
C02821,1960-11-22,12
C02822,1998-03-16,12
C02823,1961-12-10,19
C02824,1996-10-18,8
C02825,1990-08-31,12
C02826,1950-07-11,13
C02827,1970-03-07,11
C02828,2001-06-16,12
C02829,1984-03-04,12
C02830,2004-09-18,17
C02831,1979-07-27,21
C02832,1969-12-31,12
C02833,1998-05-20,19
C02834,1990-11-07,18
C02835,1989-06-12,19
C02836,1957-06-24,14
C02837,1952-05-12,2
C02838,2006-05-03,11
C02839,1967-12-10,9
C02840,1985-11-19,5
C02841,1988-08-27,19
C02842,1965-05-27,5
C02843,1948-04-29,17
C02844,1955-03-23,19
C02845,1975-11-20,2
C02846,1983-09-03,5
C02847,1970-04-06,21
C02848,1992-03-02,11
C02849,1974-05-03,12
C02850,1984-05-01,12
C02851,1961-11-28,19
C02852,1998-07-01,19
C02853,1996-01-14,12
C02854,1951-01-20,1
C02855,1996-04-01,12
C02856,1977-09-08,18
C02857,2000-10-19,12
C02858,2004-07-13,19
C02859,2005-07-12,5
C02860,1998-11-29,11
C02861,1957-10-12,13
C02862,1987-01-16,8
C02863,1959-05-09,20
C02864,1977-07-18,19
C02865,1984-02-18,19
C02866,1974-04-09,19
C02867,1980-05-06,12
C02868,1966-03-11,12
C02869,1988-02-22,2
C02870,1982-09-21,18
C02871,1952-08-04,19
C02872,1959-12-30,5
C02873,1954-06-13,7
C02874,1991-02-18,12
C02875,1966-08-27,19
C02876,1972-05-30,4
C02877,1981-06-10,1
C02878,2000-06-15,21
C02879,1978-12-22,14
C02880,1993-05-12,12
C02881,1986-11-18,11
C02882,1951-12-02,10
C02883,1992-04-20,20
C02884,2003-06-05,4
C02885,2005-05-08,19
C02886,1952-02-05,11
C02887,1977-06-11,10
C02888,1987-07-04,11
C02889,1960-09-11,17
C02890,1959-07-23,19
C02891,1987-08-17,21
C02892,1963-02-18,11
C02893,1962-05-11,9
C02894,1971-01-29,12
C02895,1993-10-18,7
C02896,1961-06-10,4
C02897,1973-04-14,19
C02898,1986-03-28,13
C02899,1990-11-05,7
C02900,2001-09-17,19
C02901,1995-04-27,8
C02902,1965-05-02,11
C02903,2004-06-28,19
C02904,1984-08-28,11
C02905,1973-03-11,12
C02906,2003-04-05,11
C02907,1947-07-20,7
C02908,2000-02-01,13
C02909,1985-04-11,21
C02910,1990-06-16,1
C02911,1996-03-24,2
C02912,2005-05-23,19
C02913,1962-07-07,19
C02914,1956-06-21,11
C02915,1999-10-28,12
C02916,1970-10-21,21
C02917,1965-01-17,20
C02918,1959-03-04,9
C02919,1988-08-24,11
C02920,1985-09-17,12
C02921,1987-08-12,17
C02922,1968-01-11,17
C02923,1952-12-27,12
C02924,1996-09-10,19
C02925,1986-08-04,12
C02926,1960-08-29,5
C02927,1956-02-10,12
C02928,1954-11-28,12
C02929,1963-11-15,12
C02930,1984-02-02,6
C02931,1973-05-18,20
C02932,1962-01-01,12
C02933,2004-09-06,5
C02934,1979-03-27,12
C02935,1962-06-08,14
C02936,1994-09-23,2
C02937,1965-03-06,12
C02938,1981-05-14,5
C02939,1953-09-21,8
C02940,2003-04-12,12
C02941,1987-04-25,11
C02942,1976-02-05,6
C02943,1989-02-17,15
C02944,1966-10-16,12
C02945,1962-07-19,18
C02946,1996-10-13,17
C02947,1980-11-12,13
C02948,1979-03-15,21
C02949,1989-09-05,12
C02950,1961-05-09,21
C02951,1949-05-10,19
C02952,1965-03-23,14
C02953,1971-08-04,12
C02954,1975-06-11,21
C02955,1958-03-02,11
C02956,1963-06-03,11
C02957,1965-05-23,19
C02958,1957-08-07,12
C02959,1985-09-02,11
C02960,1953-08-27,14
C02961,1992-05-30,6
C02962,1985-09-14,7
C02963,1990-09-28,12
C02964,1956-07-19,12
C02965,1961-03-16,14
C02966,1968-03-23,12
C02967,1963-09-18,19
C02968,1977-03-14,18
C02969,1946-10-06,21
C02970,1977-03-11,11
C02971,1981-09-14,19
C02972,1994-04-13,9
C02973,1964-06-09,12
C02974,1971-05-19,12
C02975,1987-04-18,2
C02976,2003-08-07,20
C02977,1956-11-01,12
C02978,2006-02-02,12
C02979,1965-02-26,19
C02980,1955-04-11,11
C02981,1982-11-16,19
C02982,2000-02-08,12
C02983,1969-05-06,16
C02984,1957-12-20,15
C02985,1981-02-09,12
C02986,1947-08-15,11
C02987,2004-11-18,12
C02988,1979-01-06,7
C02989,1969-08-19,19
C02990,1959-09-02,21
C02991,1993-11-14,19
C02992,1953-03-29,14
C02993,1972-03-09,19
C02994,1990-08-24,7
C02995,1992-05-11,15
C02996,1947-04-06,12
C02997,1992-06-15,7
C02998,1990-12-14,11
C02999,1982-12-27,3
C03000,1956-04-16,1
C03001,1963-04-03,11
C03002,1956-03-31,10
C03003,2000-01-23,12
C03004,1971-02-08,19
C03005,1974-07-09,11
C03006,1958-10-05,8
C03007,1961-04-05,19
C03008,2003-04-26,18
C03009,1970-11-10,11
C03010,2006-02-21,2
C03011,1972-10-15,12
C03012,1983-06-27,19
C03013,1982-10-01,21
C03014,1988-11-07,9
C03015,1978-05-16,11
C03016,1986-12-07,11
C03017,1965-10-23,9
C03018,1983-01-08,21
C03019,2001-12-19,19
C03020,1968-08-09,11
C03021,1986-03-19,21
C03022,1991-08-21,12
C03023,1969-11-08,19
C03024,1984-05-03,15
C03025,2002-09-22,12
C03026,1982-04-08,14
C03027,1955-05-06,14
C03028,1968-04-09,2
C03029,1963-02-16,19
C03030,1963-06-14,12
C03031,1997-11-29,20
C03032,1983-09-30,12
C03033,1966-08-30,14
C03034,2000-11-06,17
C03035,1985-08-15,2
C03036,1991-02-13,15
C03037,1989-04-07,11
C03038,1954-01-22,21
C03039,2005-12-02,2
C03040,1979-03-28,19
C03041,2000-11-18,13
C03042,1961-07-05,11
C03043,1994-09-11,2
C03044,1987-01-17,4
C03045,1970-11-26,19
C03046,1966-05-10,19
C03047,1985-10-09,12
C03048,1987-11-26,5
C03049,1985-08-04,19
C03050,1985-04-22,12
C03051,1993-04-25,18
C03052,1981-05-08,17
C03053,1987-01-24,14
C03054,1982-03-09,18
C03055,1969-05-20,19
C03056,1955-02-06,5
C03057,1977-10-02,18
C03058,2003-06-27,13
C03059,2002-05-13,15
C03060,1950-08-10,21
C03061,1991-04-19,15
C03062,2001-05-02,11
C03063,1972-01-04,12
C03064,1969-10-13,9
C03065,1969-11-29,12
C03066,1990-09-22,12
C03067,2004-12-03,12
C03068,1952-02-28,15
C03069,1992-09-30,2
C03070,1966-12-05,17
C03071,1968-07-11,18
C03072,1975-09-17,20
C03073,1983-12-24,12
C03074,1990-09-14,15
C03075,1975-07-09,15
C03076,1954-08-08,12
C03077,1953-07-20,19
C03078,1993-12-17,11
C03079,1995-04-21,4
C03080,1958-09-27,19
C03081,1969-09-24,16
C03082,1947-03-11,12
C03083,1998-11-23,12
C03084,1978-04-04,16
C03085,1968-03-24,12
C03086,1966-01-12,9
C03087,1985-05-14,19
C03088,2003-04-25,2
C03089,1977-12-08,14
C03090,1991-11-23,12
C03091,1976-09-08,11
C03092,1952-10-28,11
C03093,1986-01-04,21
C03094,1947-12-17,2
C03095,1999-08-23,19
C03096,1971-05-04,18
C03097,1950-09-13,12
C03098,1991-09-30,19
C03099,2005-04-05,16
C03100,1987-01-12,19
C03101,1992-07-27,12
C03102,1962-04-17,10
C03103,1958-10-19,11
C03104,1984-05-18,18
C03105,1992-06-20,12
C03106,1991-07-27,19
C03107,1969-09-14,4
C03108,2004-02-14,11
C03109,1979-03-26,13
C03110,1974-02-22,12
C03111,1967-07-18,13
C03112,1994-05-14,7
C03113,1966-08-01,19
C03114,2000-08-06,12
C03115,1997-11-20,12
C03116,1952-12-13,9
C03117,1968-03-20,11
C03118,2002-07-22,19
C03119,1997-08-09,19
C03120,1991-10-30,4
C03121,1984-05-26,13
C03122,1996-04-16,11
C03123,2005-01-13,7
C03124,1975-03-05,12
C03125,1966-05-22,5
C03126,1976-12-14,20
C03127,1967-04-05,12
C03128,1999-07-04,12
C03129,1955-03-28,19
C03130,1948-12-24,19
C03131,1952-05-20,8
C03132,1957-05-15,19
C03133,1955-01-22,16
C03134,1979-12-03,14
C03135,1993-04-05,14
C03136,1974-05-28,12
C03137,1966-10-30,19
C03138,1969-12-15,7
C03139,1976-04-09,10
C03140,2002-12-31,19
C03141,1989-08-20,7
C03142,1955-05-13,12
C03143,1979-12-16,5
C03144,1977-06-17,13
C03145,1985-02-01,4
C03146,1990-11-23,1
C03147,1957-12-20,13
C03148,1970-01-14,5
C03149,1965-10-03,12
C03150,1981-02-22,11
C03151,1965-08-11,12
C03152,1998-10-12,5
C03153,1971-01-22,11
C03154,1983-09-13,11
C03155,1984-11-04,19
C03156,1969-11-12,12
C03157,1955-06-14,11
C03158,2004-02-01,11
C03159,1947-06-05,11
C03160,1983-06-05,10
C03161,1984-06-08,12
C03162,2002-05-29,19
C03163,1985-01-07,8
C03164,1979-09-01,11
C03165,2006-03-07,19
C03166,1981-02-20,12
C03167,1947-06-30,19
C03168,1999-10-01,12
C03169,1964-05-08,11
C03170,1991-05-02,19
C03171,1966-10-06,12
C03172,1993-03-16,19
C03173,1993-04-26,12
C03174,2000-03-16,15
C03175,2003-11-30,11
C03176,2001-01-17,19
C03177,1969-07-07,17
C03178,1955-11-12,8
C03179,1953-04-14,12
C03180,1961-12-30,2
C03181,2000-06-24,12
C03182,1985-01-31,19
C03183,1988-02-13,17
C03184,2000-07-15,19
C03185,1979-04-01,12
C03186,1976-09-05,12
C03187,1982-02-13,14
C03188,1983-05-25,9
C03189,1953-10-20,12
C03190,1962-07-26,15
C03191,1983-07-26,7
C03192,1958-01-12,17
C03193,1950-01-15,18
C03194,1988-05-04,4
C03195,1983-06-11,13
C03196,1974-01-20,11
C03197,1950-01-15,21
C03198,1947-03-10,14
C03199,2000-08-11,5
C03200,1984-06-18,20
C03201,1981-02-04,12
C03202,1973-02-26,13
C03203,1993-06-21,12
C03204,1949-01-14,15
C03205,1964-07-30,17
C03206,1950-11-10,12
C03207,1957-03-16,7
C03208,1967-01-05,4
C03209,1989-05-08,21
C03210,1977-04-16,19
C03211,1998-08-17,12
C03212,1970-11-06,11
C03213,1992-11-23,11
C03214,1961-10-01,19
C03215,1998-08-07,13
C03216,1998-12-26,14
C03217,1996-07-23,21
C03218,2005-10-29,11
C03219,1967-08-22,2
C03220,1965-05-12,20
C03221,1979-11-09,12
C03222,1992-05-21,2
C03223,1992-12-14,12
C03224,2003-06-29,8
C03225,1995-10-12,19
C03226,1960-04-15,12
C03227,1994-08-28,12
C03228,1984-08-21,21
C03229,2001-07-17,19
C03230,2001-02-25,11
C03231,1981-09-10,8
C03232,1978-08-05,20
C03233,1998-08-09,19
C03234,2006-08-22,15
C03235,1982-01-21,11
C03236,1999-02-14,12
C03237,2001-03-24,12
C03238,1953-04-22,19
C03239,1972-06-24,19
C03240,1973-02-08,16
C03241,1985-07-08,12
C03242,1984-05-27,12
C03243,1981-05-24,12
C03244,1967-06-27,12
C03245,1969-10-10,11
C03246,2000-12-30,16
C03247,1979-04-07,5
C03248,1985-03-22,11
C03249,1961-01-06,19
C03250,1969-09-22,12
C03251,1980-04-21,20
C03252,1998-02-26,19
C03253,1979-01-01,12
C03254,1999-03-25,19
C03255,1982-04-30,5
C03256,1997-07-17,12
C03257,1968-09-12,14
C03258,1994-10-06,9
C03259,1987-07-25,14
C03260,1958-03-13,14
C03261,1999-06-03,11
C03262,1978-03-20,11
C03263,1990-06-04,19
C03264,2006-04-29,16
C03265,1969-06-30,19
C03266,2004-06-17,5
C03267,1979-12-17,18
C03268,1980-09-18,19
C03269,1971-04-04,12
C03270,1969-10-22,21
C03271,1993-08-29,19
C03272,2001-10-24,19
C03273,1967-07-12,10
C03274,1973-02-11,19
C03275,1953-10-09,4
C03276,1948-12-30,12
C03277,1951-05-16,11
C03278,1976-08-28,17
C03279,1991-04-09,13
C03280,1962-06-10,12
C03281,1976-11-12,7
C03282,2000-10-11,15
C03283,1954-12-25,12
C03284,1952-06-02,5
C03285,1974-09-01,12
C03286,2005-01-04,1
C03287,1987-08-20,16
C03288,1958-04-19,12
C03289,1957-04-02,12
C03290,1992-07-08,3
C03291,2006-02-18,11
C03292,1947-03-29,13
C03293,1987-10-21,11
C03294,1974-01-18,16
C03295,1954-03-28,21
C03296,2004-12-18,21
C03297,1966-08-10,11
C03298,2001-09-28,11
C03299,1990-02-08,12
C03300,1950-06-14,19
C03301,1982-07-22,10
C03302,1958-01-29,13
C03303,1975-05-30,19
C03304,1991-01-01,12
C03305,1992-09-30,5
C03306,1982-08-02,11
C03307,1991-09-05,11
C03308,2003-04-14,11
C03309,1986-09-26,12
C03310,1975-05-31,19
C03311,1964-01-26,11
C03312,1970-06-28,14
C03313,1968-07-06,17
C03314,2005-06-29,12
C03315,1997-12-04,19
C03316,1965-12-24,9
C03317,1975-10-16,11
C03318,2002-11-11,13
C03319,1948-11-03,21
C03320,1970-04-23,12
C03321,1977-12-26,19
C03322,2003-06-30,19
C03323,1971-05-14,19
C03324,1980-06-23,2
C03325,1969-03-28,4
C03326,1967-04-30,11
C03327,1950-10-03,19
C03328,1974-06-18,12
C03329,1996-03-24,18
C03330,1968-11-14,20
C03331,1975-12-13,12
C03332,1965-02-14,11
C03333,1995-12-27,4
C03334,1992-04-30,12
C03335,1955-12-19,7
C03336,1971-06-27,21
C03337,1958-10-29,7
C03338,1964-10-22,12
C03339,1978-04-01,13
C03340,1968-04-07,13
C03341,1955-09-05,2
C03342,1973-05-14,7
C03343,1970-06-15,11
C03344,1993-02-24,7
C03345,1979-01-07,12
C03346,1966-02-04,10
C03347,1987-10-23,20
C03348,2001-06-11,11
C03349,1983-07-28,11
C03350,1996-09-06,19
C03351,1994-08-25,21
C03352,1990-08-14,12
C03353,1955-08-31,8
C03354,1975-09-30,10
C03355,2000-06-16,12
C03356,2005-03-17,11
C03357,1967-09-30,12
C03358,1987-10-04,12
C03359,1959-01-20,5
C03360,1964-05-21,13
C03361,1947-11-14,4
C03362,1985-03-20,8
C03363,1969-10-07,12
C03364,1989-07-07,11
C03365,1952-01-06,15
C03366,1962-12-10,12
C03367,1987-01-25,11
C03368,1990-02-04,19
C03369,1998-10-12,12
C03370,1964-08-20,4
C03371,1998-02-10,14
C03372,1980-04-14,12
C03373,1990-01-08,5
C03374,1966-03-26,12
C03375,1953-10-06,19
C03376,1965-02-15,11
C03377,1967-09-23,12
C03378,2000-01-07,4
C03379,1992-10-11,19
C03380,1968-02-16,11
C03381,1983-06-06,7
C03382,1987-01-03,12
C03383,2003-08-28,19
C03384,1994-09-17,20
C03385,2003-05-01,12
C03386,1957-04-30,11
C03387,2000-01-25,11
C03388,1975-09-29,7
C03389,2004-06-15,15
C03390,1966-06-29,12
C03391,1989-08-20,12
C03392,1951-12-28,12
C03393,1953-10-26,7
C03394,1989-05-18,13
C03395,1948-05-02,2
C03396,1956-09-23,19
C03397,1953-06-08,12
C03398,1951-01-01,19
C03399,1996-09-19,19
C03400,1975-03-01,13
C03401,2004-07-25,12
C03402,1995-06-15,12
C03403,1956-11-01,14
C03404,1990-09-08,20
C03405,1966-10-13,11
C03406,1955-05-26,17
C03407,1955-02-10,15
C03408,1957-12-01,13
C03409,2000-10-02,18
C03410,2002-02-13,12
C03411,1988-12-12,12
C03412,1997-05-02,5
C03413,2003-08-10,21
C03414,1989-12-29,21
C03415,1965-02-23,19
C03416,1977-05-12,18
C03417,1985-02-13,21
C03418,1963-07-25,21
C03419,1997-12-30,11
C03420,2002-06-09,19
C03421,1963-03-04,12
C03422,1962-04-24,4
C03423,1968-06-02,19
C03424,2002-02-10,19
C03425,1948-10-10,4
C03426,1977-04-11,4
C03427,1974-05-23,12
C03428,1967-10-29,12
C03429,1957-09-20,19
C03430,1974-11-14,16
C03431,1977-04-20,19
C03432,1955-12-25,8
C03433,1966-04-23,19
C03434,1986-07-10,12
C03435,1962-08-21,10
C03436,1986-09-28,1
C03437,1996-12-26,17
C03438,1973-02-17,1
C03439,1948-09-29,17
C03440,1954-01-29,21
C03441,1988-05-22,19
C03442,1974-10-10,16
C03443,1994-07-31,19
C03444,1949-12-26,19
C03445,1953-04-18,12
C03446,1967-01-21,11
C03447,1959-05-10,2
C03448,1968-01-15,14
C03449,1972-01-23,15
C03450,2004-10-25,19
C03451,1977-03-01,12
C03452,1962-10-19,13
C03453,1969-08-12,3
C03454,1989-10-15,12
C03455,1956-08-16,4
C03456,1995-06-27,19
C03457,1977-06-23,7
C03458,1971-01-03,13
C03459,1969-07-31,19
C03460,1968-12-25,3
C03461,1987-10-30,12
C03462,1992-02-22,1
C03463,1965-10-27,2
C03464,1977-01-20,12
C03465,2000-09-22,7
C03466,1966-07-22,16
C03467,1972-12-18,12
C03468,1970-10-26,4
C03469,1954-04-15,7
C03470,1994-09-06,12
C03471,2003-11-10,12
C03472,1963-02-25,12
C03473,1974-08-05,12
C03474,1969-04-11,12
C03475,1951-12-19,21
C03476,1957-03-20,12
C03477,1959-08-24,19
C03478,1977-08-14,20
C03479,1972-12-17,2
C03480,1988-08-31,11
C03481,1996-05-12,6
C03482,1979-03-11,12
C03483,1989-01-08,12
C03484,1956-11-30,13
C03485,1974-01-18,15
C03486,1974-03-13,2
C03487,1988-12-30,19
C03488,2001-11-30,9
C03489,2004-07-31,19
C03490,1983-11-28,12
C03491,1999-04-19,11
C03492,1971-10-18,11
C03493,1947-08-30,12
C03494,1949-03-25,12
C03495,1962-05-28,19
C03496,2000-03-28,11
C03497,1951-11-04,21
C03498,1959-11-10,1
C03499,1992-10-21,16
C03500,1965-05-16,9
C03501,1986-07-05,12
C03502,1955-07-06,11
C03503,1954-07-24,19
C03504,2003-04-19,12
C03505,1960-10-07,21
C03506,1974-05-16,9
C03507,1959-08-06,11
C03508,1979-05-30,21
C03509,1956-03-29,19
C03510,2003-02-27,6
C03511,1988-01-31,4
C03512,2003-03-13,19
C03513,1952-06-04,11
C03514,1953-05-12,20
C03515,1954-02-03,18
C03516,1959-05-23,20
C03517,2001-04-29,12
C03518,1990-09-28,12
C03519,2006-02-13,10
C03520,1998-05-03,16
C03521,1995-10-17,11
C03522,1978-09-02,10
C03523,1988-11-20,19
C03524,1994-02-26,11
C03525,1994-06-02,9
C03526,1996-03-16,5
C03527,1952-09-13,11
C03528,1962-04-07,10
C03529,1961-06-21,11
C03530,1983-11-07,18
C03531,1986-02-14,20
C03532,1961-06-05,12
C03533,1988-02-04,12
C03534,1987-09-04,19
C03535,1995-08-13,14
C03536,1993-09-15,19
C03537,1993-02-12,12
C03538,1986-03-27,9
C03539,1961-10-23,12
C03540,2006-07-01,13
C03541,1998-08-05,12
C03542,1953-11-09,16
C03543,1999-03-01,9
C03544,1988-04-19,4
C03545,1951-11-23,16
C03546,1998-07-30,4
C03547,1996-09-02,11
C03548,1973-02-08,19
C03549,1986-07-09,12
C03550,1980-11-12,12
C03551,1957-08-10,2
C03552,1992-11-29,12
C03553,1976-12-28,16
C03554,1976-02-20,19
C03555,1999-08-30,8
C03556,1964-07-21,12
C03557,1982-03-30,19
C03558,1978-06-23,11
C03559,1997-11-14,19
C03560,1977-06-26,8
C03561,1982-04-26,12
C03562,1947-05-28,21
C03563,2005-10-12,21
C03564,1983-12-14,12
C03565,1975-01-17,12
C03566,1967-03-20,21
C03567,1973-01-17,19
C03568,1963-06-29,19
C03569,1962-03-08,14
C03570,1952-01-23,5
C03571,1990-05-10,19
C03572,1978-06-02,11
C03573,1954-03-12,11
C03574,1949-05-12,7
C03575,1948-05-08,12
C03576,1991-02-04,9
C03577,1997-08-15,21
C03578,1974-02-07,5
C03579,1970-03-21,18
C03580,1980-08-14,7
C03581,1973-11-09,19
C03582,1951-11-25,20
C03583,1983-04-11,12
C03584,1954-11-20,4
C03585,1983-10-22,12
C03586,1987-04-23,4
C03587,1981-02-26,12
C03588,1967-11-27,21
C03589,1999-09-24,5
C03590,1998-11-22,4
C03591,1950-07-08,14
C03592,1999-05-25,19
C03593,1973-08-06,19
C03594,1971-12-03,12
C03595,1978-06-18,11
C03596,1969-10-09,11
C03597,1999-02-11,21
C03598,1978-09-16,15
C03599,1984-09-14,17
C03600,1964-03-12,19
C03601,1996-06-20,16
C03602,1978-08-30,12
C03603,1996-02-21,12
C03604,1991-05-26,4
C03605,1992-01-18,4
C03606,1994-04-17,12
C03607,1960-11-30,7
C03608,1987-07-21,18
C03609,1960-02-22,12
C03610,1946-12-07,14
C03611,1975-09-11,19
C03612,1992-12-06,10
C03613,1987-05-13,15
C03614,1957-10-29,19
C03615,1990-08-15,21
C03616,1999-01-04,19
C03617,1976-09-02,12
C03618,1954-02-18,10
C03619,1948-02-02,11
C03620,1993-10-03,19
C03621,1967-02-20,2
C03622,1996-09-11,12
C03623,1991-12-26,16
C03624,1947-11-26,7
C03625,1999-05-27,21
C03626,1985-01-27,12
C03627,2002-01-25,18
C03628,1956-02-22,2
C03629,1971-08-02,12
C03630,1968-06-11,12
C03631,1966-01-08,17
C03632,1996-06-18,12
C03633,1978-12-02,19
C03634,1985-12-14,19
C03635,1992-08-08,2
C03636,1975-11-23,11
C03637,1950-07-07,1
C03638,2006-06-30,16
C03639,1983-02-05,12
C03640,2000-07-04,14
C03641,1998-02-19,12
C03642,1953-04-23,16
C03643,1978-05-05,19
C03644,1974-01-27,12
C03645,1962-08-26,19
C03646,1998-09-17,8
C03647,1979-07-28,16
C03648,1983-08-26,13
C03649,1972-03-15,19
C03650,1954-02-06,19
C03651,1971-03-28,12
C03652,1982-08-15,2
C03653,1948-02-18,12
C03654,1999-10-22,19
C03655,2004-01-25,19
C03656,2000-02-09,19
C03657,1989-03-14,12
C03658,1973-10-09,16
C03659,1976-02-16,14
C03660,1946-12-07,19
C03661,1974-11-18,15
C03662,1972-01-07,6
C03663,2002-02-20,5
C03664,2004-10-10,14
C03665,1975-10-15,18
C03666,1991-06-12,12
C03667,1951-06-17,12
C03668,1999-07-21,4
C03669,2001-11-24,11
C03670,1991-08-06,12
C03671,1992-07-01,5
C03672,2003-03-25,12
C03673,1962-10-24,12
C03674,1993-02-15,12
C03675,1976-11-02,19
C03676,1987-10-09,19
C03677,1993-08-23,5
C03678,1983-07-15,12
C03679,1947-03-05,19
C03680,1989-05-03,8
C03681,1967-01-31,11
C03682,1999-02-22,4
C03683,1961-12-06,11
C03684,1999-12-10,19
C03685,1971-02-02,16
C03686,1972-06-16,11
C03687,1960-04-13,11
C03688,1983-11-03,5
C03689,2004-02-27,14
C03690,2004-01-08,19
C03691,1955-04-05,19
C03692,1975-07-19,12
C03693,1969-12-04,12
C03694,1993-08-31,10
C03695,1988-12-08,5
C03696,2005-06-08,12
C03697,1950-08-28,13
C03698,1969-06-09,19
C03699,1960-09-05,12
C03700,1983-12-26,12
C03701,1977-02-19,15
C03702,1969-04-19,19
C03703,1987-03-19,21
C03704,1951-02-18,12
C03705,1951-03-18,11
C03706,1953-12-21,13
C03707,1965-07-31,9
C03708,1985-11-22,13
C03709,1990-12-14,12
C03710,1952-07-08,9
C03711,2006-05-26,16
C03712,1970-11-24,14
C03713,1961-09-25,21
C03714,1973-11-12,21
C03715,1954-06-06,11
C03716,1984-11-01,18
C03717,1986-07-26,8
C03718,2003-04-26,20
C03719,1991-03-07,12
C03720,1983-08-22,4
C03721,1990-11-12,12
C03722,1958-03-13,12
C03723,1959-06-08,12
C03724,1994-10-17,12
C03725,1987-03-13,11
C03726,1957-03-13,11
C03727,2003-08-14,19
C03728,2001-05-21,12
C03729,1997-07-16,11
C03730,1978-08-04,21
C03731,1992-03-21,19
C03732,1948-10-24,12
C03733,1983-09-11,12
C03734,1980-05-08,3
C03735,1994-01-14,20
C03736,1981-03-02,19
C03737,1967-09-15,12
C03738,1969-03-25,12
C03739,1967-05-05,12
C03740,1977-03-28,8
C03741,1957-08-31,5
C03742,1950-03-08,12
C03743,1968-06-23,9
C03744,2003-11-01,5
C03745,2003-04-05,9
C03746,1997-11-12,12
C03747,1971-08-01,11
C03748,1985-03-31,21
C03749,1991-01-23,2
C03750,1947-01-02,19
C03751,1960-04-08,12
C03752,1950-10-10,12
C03753,1984-12-22,7
C03754,1970-10-08,8
C03755,1989-01-30,17
C03756,1995-11-18,21
C03757,1995-09-11,2
C03758,1986-04-08,11
C03759,1990-02-05,2
C03760,1960-02-09,19
C03761,1995-10-13,19
C03762,1962-01-13,11
C03763,1977-03-21,18
C03764,1985-04-23,14
C03765,1975-08-04,4
C03766,1987-03-08,19
C03767,1974-08-11,1
C03768,1982-09-01,10
C03769,1996-04-09,2
C03770,1997-06-28,19
C03771,1977-09-13,13
C03772,1955-05-25,16
C03773,1987-11-26,19
C03774,1967-05-21,5
C03775,1967-05-19,17
C03776,1961-03-04,12
C03777,1947-05-16,12
C03778,1981-03-25,11
C03779,1969-02-26,12
C03780,1947-06-19,19
C03781,1989-05-26,14
C03782,1989-12-19,12
C03783,2002-12-27,8
C03784,1959-09-15,11
C03785,1955-10-03,12
C03786,2000-10-27,12
C03787,1976-03-23,8
C03788,1977-03-07,19
C03789,1995-11-10,2
C03790,1956-10-12,12
C03791,1995-08-16,11
C03792,2006-03-02,14
C03793,1979-05-02,7
C03794,1965-12-12,17
C03795,2006-05-04,7
C03796,1965-05-29,7
C03797,1977-12-08,12
C03798,1998-10-29,16
C03799,1992-08-29,11
C03800,1973-02-25,11
C03801,1990-11-15,11
C03802,1954-06-22,14
C03803,1960-11-17,20
C03804,1949-05-15,12
C03805,1997-09-02,19
C03806,1952-07-29,5
C03807,1983-11-14,12
C03808,1985-09-18,12
C03809,2003-10-14,19
C03810,2002-03-17,21
C03811,1966-04-19,14
C03812,1975-10-03,12
C03813,1995-10-23,19
C03814,1977-07-15,2
C03815,1993-09-14,20
C03816,1980-06-09,11
C03817,1985-06-19,11
C03818,1947-05-08,14
C03819,1958-06-11,12
C03820,1980-12-04,20
C03821,1986-09-12,15
C03822,1988-11-24,19
C03823,1958-02-27,11
C03824,1985-01-13,2
C03825,1997-02-26,17
C03826,1997-11-09,21
C03827,1981-08-15,12
C03828,1976-08-10,11
C03829,1950-12-10,12
C03830,1992-01-15,2
C03831,1986-04-21,21
C03832,1955-01-17,11
C03833,1961-09-10,5
C03834,1987-12-31,11
C03835,1972-10-20,12
C03836,1982-07-25,10
C03837,1955-09-19,12
C03838,2000-03-28,19
C03839,1958-07-13,15
C03840,1966-09-01,12
C03841,1977-10-01,17
C03842,2005-06-06,11
C03843,1975-05-07,19
C03844,1988-12-11,19
C03845,1996-08-01,11
C03846,1968-08-27,12
C03847,1959-02-26,19
C03848,1979-06-03,5
C03849,1970-04-29,12
C03850,2004-04-01,19
C03851,1989-07-21,19
C03852,1992-03-13,11
C03853,1980-12-08,12
C03854,1947-04-26,7
C03855,1969-08-21,12
C03856,2006-03-21,11
C03857,1988-04-10,4
C03858,1979-06-29,12
C03859,1984-04-09,14
C03860,1961-04-21,15
C03861,1957-03-24,12
C03862,1981-06-27,12
C03863,1984-09-19,5
C03864,1997-07-10,15
C03865,1999-09-17,19
C03866,1991-02-03,15
C03867,1985-01-27,7
C03868,1971-07-02,2
C03869,1969-02-13,12
C03870,2004-02-04,21
C03871,1986-05-18,21
C03872,1996-08-09,12
C03873,1995-04-18,21
C03874,1950-12-23,5
C03875,2004-01-27,11
C03876,1991-06-18,21
C03877,1995-07-28,19
C03878,1960-04-23,19
C03879,1976-06-19,13
C03880,1994-08-13,21
C03881,1977-09-04,13
C03882,1962-07-26,12
C03883,1959-07-27,19
C03884,1993-09-14,12
C03885,1954-06-10,12
C03886,1957-09-11,12
C03887,1954-06-18,20
C03888,1967-04-08,12
C03889,1966-10-20,19
C03890,1988-09-23,12
C03891,1964-11-16,15
C03892,1972-10-01,4
C03893,1963-08-30,11
C03894,1990-10-06,15
C03895,1971-01-29,19
C03896,1952-08-15,15
C03897,1997-07-13,19
C03898,1960-10-25,12
C03899,1978-02-22,11
C03900,1950-04-07,16
C03901,1991-06-11,21
C03902,1990-07-20,16
C03903,1960-09-09,5
C03904,1997-09-14,11
C03905,1953-10-01,19
C03906,1980-04-13,20
C03907,1973-05-10,9
C03908,1983-05-15,12
C03909,1980-05-11,19
C03910,1990-12-26,16
C03911,2005-06-13,19
C03912,1981-12-21,12
C03913,2005-09-17,14
C03914,1947-02-12,4
C03915,1960-08-11,12
C03916,1984-08-28,11
C03917,1969-07-24,12
C03918,1991-01-27,13
C03919,1970-11-09,21
C03920,1952-06-22,12
C03921,1960-07-22,15
C03922,1984-11-07,21
C03923,1966-07-28,21
C03924,1989-12-30,11
C03925,1958-02-03,4
C03926,2004-10-06,19
C03927,1980-11-25,12
C03928,1969-04-28,12
C03929,1968-04-03,11
C03930,1992-03-04,2
C03931,1957-06-22,21
C03932,1997-03-12,14
C03933,1975-06-06,19
C03934,1992-05-16,5
C03935,1983-12-20,11
C03936,1972-10-17,12
C03937,1984-11-25,12
C03938,1997-02-04,13
C03939,1993-04-20,12
C03940,1983-09-18,16
C03941,1962-04-18,12
C03942,1952-10-13,19
C03943,1992-03-02,11
C03944,1984-03-15,21
C03945,1995-10-10,2
C03946,2002-09-13,19
C03947,1963-01-22,10
C03948,1972-10-21,12
C03949,1992-09-08,12
C03950,1992-05-21,12
C03951,2006-01-31,14
C03952,1948-06-16,8
C03953,1951-10-01,2
C03954,1999-09-02,13
C03955,1999-01-09,17
C03956,1951-02-05,11
C03957,1955-11-01,19
C03958,1986-09-04,14
C03959,2002-04-13,12
C03960,2002-01-22,2
C03961,1976-05-23,12
C03962,1987-03-18,19
C03963,2002-08-28,5
C03964,1979-10-18,18
C03965,2003-05-21,19
C03966,1968-03-14,13
C03967,1989-04-02,11
C03968,2002-10-04,12
C03969,1977-11-09,11
C03970,1983-10-27,12
C03971,1961-08-30,1
C03972,1973-02-11,12
C03973,1985-07-10,16
C03974,1969-12-08,11
C03975,1985-09-12,4
C03976,1954-01-04,12
C03977,1987-04-10,19
C03978,1976-05-08,21
C03979,2003-02-21,1
C03980,1982-08-10,2
C03981,1954-07-23,10
C03982,1948-09-11,14
C03983,1996-08-31,6
C03984,1993-01-01,19
C03985,1947-05-13,16
C03986,1950-04-12,11
C03987,1993-02-21,16
C03988,1973-05-12,4
C03989,1986-02-19,12
C03990,1950-04-14,21
C03991,1993-03-04,14
C03992,1999-05-18,11
C03993,1966-10-29,15
C03994,2005-01-30,19
C03995,1973-10-17,19
C03996,1988-05-19,7
C03997,1986-04-25,12
C03998,1986-06-21,12
C03999,1977-05-10,19
C04000,2001-03-05,12
C04001,1975-02-03,12
C04002,1951-10-13,3
C04003,1964-04-20,12
C04004,2001-01-20,12
C04005,1991-10-07,12
C04006,1985-04-05,16
C04007,1988-05-15,12
C04008,1986-07-27,2
C04009,1963-02-20,12
C04010,2002-02-02,2
C04011,2002-06-18,5
C04012,1989-09-17,18
C04013,1968-07-28,2
C04014,2000-08-28,5
C04015,1964-12-12,17
C04016,1994-10-04,5
C04017,1948-05-08,19
C04018,1946-09-14,8
C04019,1988-10-17,4
C04020,1995-07-03,20
C04021,1991-06-22,12
C04022,2000-11-02,11
C04023,1963-03-16,4
C04024,1955-11-08,15
C04025,1966-10-11,16
C04026,1948-12-02,12
C04027,1985-10-13,7
C04028,1996-02-04,11
C04029,1971-07-01,12
C04030,1987-02-16,9
C04031,1963-01-16,11
C04032,1988-02-24,12
C04033,1999-06-15,14
C04034,1961-02-25,12
C04035,2000-03-31,19
C04036,1958-10-15,7
C04037,1958-02-21,12
C04038,1964-11-09,11
C04039,1966-03-18,12
C04040,1974-03-11,17
C04041,1948-03-27,13
C04042,1982-10-09,2
C04043,1975-11-11,11
C04044,1975-02-17,18
C04045,1988-03-09,14
C04046,1989-12-13,12
C04047,1983-03-07,18
C04048,1972-12-04,12
C04049,1946-11-12,19
C04050,1998-03-20,21
C04051,1950-05-27,19
C04052,1969-09-03,4
C04053,1952-03-06,10
C04054,1975-10-26,7
C04055,1969-08-24,7
C04056,2005-12-28,10
C04057,1957-10-30,2
C04058,2006-01-11,12
C04059,1960-06-02,11
C04060,1959-06-01,12
C04061,1983-11-21,10
C04062,1992-09-01,12
C04063,1968-08-05,11
C04064,1998-09-03,19
C04065,1948-10-20,17
C04066,1992-05-15,18
C04067,1992-10-30,14
C04068,1955-05-04,11
C04069,1970-02-08,16
C04070,1959-08-15,19
C04071,1988-09-05,19
C04072,1968-04-30,19
C04073,1971-09-15,21
C04074,1974-07-25,19
C04075,1961-10-31,12
C04076,1972-06-03,3
C04077,1986-08-31,4
C04078,1989-04-03,12
C04079,1963-09-05,8
C04080,1991-11-28,14
C04081,1963-11-12,12
C04082,1992-10-30,18
C04083,1967-04-29,19
C04084,1969-06-06,12
C04085,1998-05-30,11
C04086,2002-04-26,11
C04087,1996-10-07,12
C04088,1973-06-16,15
C04089,1952-10-24,7
C04090,2003-11-16,19
C04091,1964-12-19,12
C04092,1986-08-23,21
C04093,1978-07-11,12
C04094,1957-01-23,12
C04095,1982-04-14,2
C04096,1980-04-26,12
C04097,2003-10-09,12
C04098,1994-10-26,6
C04099,1998-03-25,19
C04100,2005-07-27,12
C04101,1966-03-08,16
C04102,1989-11-21,12
C04103,1971-09-30,19
C04104,2000-06-20,12
C04105,1985-02-09,19
C04106,1970-10-11,11
C04107,1955-06-30,12
C04108,2005-09-09,19
C04109,1957-08-01,19
C04110,1980-10-28,15
C04111,1976-05-08,2
C04112,1975-06-18,11
C04113,2005-11-05,11
C04114,1993-09-06,19
C04115,1974-09-22,19
C04116,1990-10-22,7
C04117,1959-05-26,11
C04118,1987-02-02,5
C04119,1997-12-27,10
C04120,1969-11-01,5
C04121,1991-02-16,12
C04122,1978-08-09,5
C04123,1964-12-30,20
C04124,1951-03-11,18
C04125,1968-07-17,15
C04126,1963-08-10,2
C04127,1963-11-22,21
C04128,1954-02-20,11
C04129,1987-03-25,15
C04130,2003-02-16,14
C04131,1991-04-02,7
C04132,1992-10-07,20
C04133,1970-06-06,19
C04134,1966-02-07,16
C04135,1972-05-24,10
C04136,2001-10-13,14
C04137,1962-07-08,4
C04138,1984-08-10,12
C04139,1969-05-30,19
C04140,1976-05-16,12
C04141,1985-11-04,13
C04142,1991-12-27,6
C04143,1999-07-11,14
C04144,1949-10-14,19
C04145,1950-01-26,12
C04146,1964-09-19,12
C04147,1997-10-13,21
C04148,1986-11-09,19
C04149,1963-05-12,14
C04150,1965-09-29,13
C04151,1992-07-02,19
C04152,2002-06-15,12
C04153,1968-01-15,11
C04154,1984-09-06,6
C04155,1993-01-19,9
C04156,2005-01-25,1
C04157,1976-11-10,19
C04158,1959-10-27,19
C04159,1947-03-26,19
C04160,1975-09-27,10
C04161,1974-06-20,12
C04162,1997-08-17,10
C04163,1980-12-13,6
C04164,1984-03-23,18
C04165,1972-12-30,11
C04166,1991-06-19,2
C04167,1994-03-01,12
C04168,1992-05-10,15
C04169,1989-10-24,12
C04170,1998-02-06,20
C04171,2000-06-23,19
C04172,1960-09-08,12
C04173,1982-07-15,4
C04174,1979-05-29,11
C04175,1947-09-30,19
C04176,1954-01-04,13
C04177,1977-10-01,2
C04178,1955-05-19,11
C04179,1982-05-21,8
C04180,1988-10-09,11
C04181,1982-06-21,19
C04182,1969-06-27,19
C04183,1969-12-01,7
C04184,1986-03-03,9
C04185,1995-12-28,11
C04186,1971-04-05,17
C04187,1995-07-23,19
C04188,1977-10-08,9
C04189,1969-06-17,21
C04190,1963-12-20,11
C04191,1970-02-01,2
C04192,1952-09-11,12
C04193,1974-04-08,19
C04194,1963-10-18,13
C04195,1979-07-25,12
C04196,1998-07-30,12
C04197,2005-06-24,4
C04198,1989-10-23,4
C04199,1988-07-06,12
C04200,1976-08-08,11
C04201,1957-02-09,12
C04202,2001-03-04,19
C04203,1992-02-03,19
C04204,1961-04-26,13
C04205,1995-11-30,12
C04206,1978-11-21,20
C04207,1978-09-29,19
C04208,1975-02-22,12
C04209,2000-09-16,19
C04210,2005-09-19,20
C04211,1991-12-19,5
C04212,1979-06-26,3
C04213,1973-09-25,5
C04214,2001-04-27,19
C04215,1961-12-09,19
C04216,1949-08-20,16
C04217,2003-08-02,12
C04218,1972-11-22,19
C04219,1967-10-05,12
C04220,1991-10-06,12
C04221,1984-05-28,19
C04222,1975-07-07,17
C04223,1959-08-03,12
C04224,1955-05-22,16
C04225,1975-05-22,21
C04226,1961-09-24,9
C04227,1989-04-11,12
C04228,1970-02-03,19
C04229,1973-04-18,5
C04230,2001-06-30,1
C04231,1965-01-23,11
C04232,1978-02-26,19
C04233,1989-10-30,5
C04234,1946-11-09,7
C04235,2005-04-27,2
C04236,1984-04-11,19
C04237,2002-10-03,12
C04238,1965-08-09,21
C04239,1967-09-10,15
C04240,1981-11-25,12
C04241,1964-04-27,19
C04242,1990-07-28,7
C04243,1970-08-17,11
C04244,1977-05-13,13
C04245,1991-08-22,10
C04246,1955-10-14,4
C04247,1998-07-01,17
C04248,1996-02-04,12
C04249,1975-02-03,18
C04250,1949-03-03,11
C04251,1989-06-11,19
C04252,2004-04-11,12
C04253,1984-03-07,19
C04254,1975-08-20,4
C04255,2000-11-25,14
C04256,1965-12-01,12
C04257,1955-01-12,12
C04258,1978-06-23,14
C04259,1989-12-03,11
C04260,1982-02-25,20
C04261,1993-09-01,13
C04262,1955-03-06,19
C04263,1991-02-09,11
C04264,1984-06-19,13
C04265,1969-01-25,11
C04266,1988-06-15,12
C04267,1967-09-03,19
C04268,2006-02-25,12
C04269,1947-08-01,19
C04270,1956-03-19,12
C04271,1961-10-10,10
C04272,1955-10-25,20
C04273,1999-09-23,21
C04274,1972-05-19,3
C04275,1975-09-26,14
C04276,1973-12-10,19
C04277,1986-08-14,7
C04278,1988-05-01,19
C04279,1998-04-17,12
C04280,1983-04-19,12
C04281,1996-08-19,7
C04282,1964-05-23,12
C04283,1993-12-08,5
C04284,2004-01-05,12
C04285,1972-02-26,18
C04286,1980-11-05,19
C04287,1957-03-24,12
C04288,1972-07-03,11
C04289,1982-09-05,11
C04290,1947-04-26,19
C04291,1980-07-21,8
C04292,2003-03-10,12
C04293,1972-03-06,13
C04294,1948-11-06,11
C04295,1989-11-25,16
C04296,1984-10-22,2
C04297,1999-06-14,12
C04298,1994-06-22,19
C04299,1983-04-01,17
C04300,1973-12-19,12
C04301,1995-10-24,19
C04302,1956-09-18,11
C04303,1969-03-05,19
C04304,1979-07-10,5
C04305,1955-03-18,10
C04306,1996-11-27,13
C04307,1976-09-08,15
C04308,1966-07-04,14
C04309,1953-04-11,1
C04310,1970-12-07,16
C04311,1984-07-01,19
C04312,1951-09-27,21
C04313,1997-04-26,19
C04314,1948-10-22,12
C04315,1956-01-06,14
C04316,1996-01-19,19
C04317,1971-05-06,11
C04318,2003-09-16,11
C04319,1985-09-17,19
C04320,1973-01-12,9
C04321,1975-11-22,12
C04322,1947-04-08,1
C04323,1966-06-01,4
C04324,1981-08-18,18
C04325,1953-03-20,8
C04326,1957-11-01,12
C04327,2005-05-21,19
C04328,1961-06-07,19
C04329,1998-11-18,13
C04330,1959-08-08,11
C04331,1986-12-06,10
C04332,2001-05-05,11
C04333,1984-11-07,7
C04334,1971-07-25,19
C04335,1987-12-10,12
C04336,2006-06-20,12
C04337,1974-10-28,17
C04338,1951-10-22,14
C04339,1984-09-11,21
C04340,1998-09-19,11
C04341,1987-12-05,4
C04342,2004-05-15,15
C04343,1955-06-06,12
C04344,1948-02-19,19
C04345,1978-06-18,11
C04346,1981-09-17,11
C04347,1951-03-29,19
C04348,1972-12-16,12
C04349,1952-12-28,10
C04350,1962-10-14,19
C04351,1961-12-01,7
C04352,1976-08-29,5
C04353,1990-03-12,12
C04354,1960-04-07,19
C04355,1977-10-21,12
C04356,1973-05-26,21
C04357,1998-10-31,19
C04358,1966-02-11,20
C04359,1980-07-07,14
C04360,2001-04-22,11
C04361,2002-09-24,11
C04362,1977-04-06,8
C04363,1963-11-25,12
C04364,1972-05-04,19
C04365,1992-09-05,14
C04366,1970-07-31,4
C04367,1992-03-21,11
C04368,1982-12-04,2
C04369,1993-12-20,13
C04370,1999-04-29,20
C04371,2000-09-24,12
C04372,1988-06-23,19
C04373,2003-09-18,9
C04374,1981-10-17,11
C04375,1980-08-30,12
C04376,1975-04-21,12
C04377,1988-08-14,19
C04378,1956-06-12,5
C04379,1996-11-19,19
C04380,1980-04-29,14
C04381,2005-06-04,14
C04382,2004-10-14,20
C04383,1973-03-29,19
C04384,1972-09-05,21
C04385,1959-10-21,19
C04386,1973-11-07,20
C04387,1953-11-10,4
C04388,2006-05-18,12
C04389,2000-11-04,20
C04390,2001-11-18,7
C04391,1998-04-12,19
C04392,1979-09-30,7
C04393,1970-11-23,5
C04394,2005-12-22,19
C04395,1949-01-28,8
C04396,1959-08-07,11
C04397,1991-08-31,19
C04398,2004-10-22,11
C04399,1994-06-29,12
C04400,1996-12-09,12
C04401,1994-09-20,19
C04402,1976-04-03,18
C04403,2001-04-15,15
C04404,1986-03-24,21
C04405,1951-04-03,11
C04406,1965-05-22,12
C04407,1957-12-25,10
C04408,1994-03-26,14
C04409,1984-05-29,8
C04410,1975-07-12,19
C04411,2003-11-25,2
C04412,2005-07-27,12
C04413,1966-08-09,13
C04414,1966-08-06,11
C04415,1984-12-24,19
C04416,1975-10-11,12
C04417,1990-08-29,19
C04418,2003-03-31,11
C04419,1983-05-13,20
C04420,1994-07-04,12
C04421,1999-03-30,12
C04422,1958-12-03,15
C04423,1974-03-30,19
C04424,1970-08-14,15
C04425,1982-11-20,15
C04426,1988-05-31,12
C04427,1995-11-07,13
C04428,1999-04-24,14
C04429,1999-07-24,17
C04430,1959-06-10,11
C04431,1962-06-28,12
C04432,1980-04-20,13
C04433,1974-07-02,2
C04434,1953-09-04,18
C04435,2005-01-28,4
C04436,1989-06-29,9
C04437,1984-12-30,19
C04438,1962-01-29,13
C04439,1960-03-19,12
C04440,1997-09-17,12
C04441,1949-11-19,12
C04442,1949-08-03,5
C04443,1995-11-26,4
C04444,1987-01-14,12
C04445,1983-01-18,17
C04446,1951-11-28,21
C04447,1998-03-24,3
C04448,1957-08-30,7
C04449,1988-01-09,8
C04450,1963-09-20,14
C04451,1983-11-11,19
C04452,1979-07-02,19
C04453,1961-03-26,20
C04454,1956-08-28,21
C04455,1960-03-20,19
C04456,2004-11-05,19
C04457,1968-11-23,16
C04458,1994-01-21,3
C04459,1989-05-31,10
C04460,1975-04-23,19
C04461,1982-05-27,19
C04462,1972-05-29,12
C04463,1953-04-29,11
C04464,1994-05-26,11
C04465,1971-04-11,12
C04466,1984-10-20,21
C04467,1995-05-28,16
C04468,1994-01-12,3
C04469,1952-08-28,12
C04470,1957-08-18,11
C04471,1952-05-08,12
C04472,1952-09-14,11
C04473,1993-02-12,5
C04474,1983-12-17,7
C04475,1966-07-16,19
C04476,1976-07-07,12
C04477,1991-08-06,2
C04478,1985-10-27,16
C04479,1978-06-10,12
C04480,1978-07-10,18
C04481,2000-05-10,11
C04482,1977-09-12,11
C04483,1976-11-25,14
C04484,1977-04-30,11
C04485,1996-10-24,16
C04486,1968-09-08,12
C04487,2005-11-29,12
C04488,1981-11-12,14
C04489,1964-08-10,11
C04490,1979-04-30,17
C04491,1989-11-24,11
C04492,1963-07-28,14
C04493,1974-09-29,1
C04494,1953-01-08,9
C04495,1970-03-07,12
C04496,1973-02-27,11
C04497,1972-04-25,12
C04498,1993-04-21,18
C04499,1983-06-20,11
C04500,1981-10-04,18
C04501,1972-03-28,16
C04502,1978-06-18,6
C04503,1982-06-13,12
C04504,2003-10-17,6
C04505,1976-03-19,15
C04506,1989-01-22,19
C04507,1962-10-16,12
C04508,2004-03-03,12
C04509,1979-11-07,16
C04510,1954-09-02,12
C04511,1996-02-22,12
C04512,1974-07-17,7
C04513,1995-05-15,4
C04514,1968-12-18,11
C04515,1974-07-27,17
C04516,1982-09-04,21
C04517,1981-04-28,12
C04518,1961-07-30,11
C04519,1992-03-12,19
C04520,2002-01-18,9
C04521,1954-07-21,7
C04522,1973-07-09,12
C04523,1951-12-25,13
C04524,1976-05-21,19
C04525,1956-11-07,7
C04526,1989-09-16,12
C04527,1963-05-01,12
C04528,1956-08-18,7
C04529,1974-06-13,17
C04530,1993-07-19,7
C04531,1982-09-13,12
C04532,1994-05-08,8
C04533,1991-10-25,19
C04534,1984-08-05,5
C04535,1979-01-01,13
C04536,1978-12-02,19
C04537,1990-03-17,19
C04538,1981-03-19,12
C04539,1998-04-12,12
C04540,2000-03-31,11
C04541,2000-04-13,19
C04542,1977-06-20,16
C04543,1998-01-09,8
C04544,1990-12-24,19
C04545,1983-03-12,12
C04546,1948-08-26,4
C04547,2002-12-18,19
C04548,1966-12-10,19
C04549,1965-05-11,12
C04550,1960-06-22,12
C04551,1953-10-03,19
C04552,2004-03-22,12
C04553,2000-04-15,12
C04554,1951-05-21,12
C04555,1972-04-16,12
C04556,1977-06-16,19
C04557,1970-07-21,8
C04558,1970-07-19,14
C04559,1958-06-02,1
C04560,1958-04-13,18
C04561,1964-06-10,17
C04562,1985-11-12,11
C04563,1951-11-29,11
C04564,2002-04-25,14
C04565,1995-05-09,11
C04566,1948-10-24,19
C04567,1992-05-27,11
C04568,1998-01-12,21
C04569,2000-03-31,5
C04570,1947-05-06,6
C04571,1973-03-07,2
C04572,1970-05-06,19
C04573,2000-11-20,13
C04574,1964-03-20,14
C04575,1962-04-27,18
C04576,1983-05-06,12
C04577,1991-09-10,5
C04578,1995-06-30,1
C04579,1960-08-31,11
C04580,1965-09-23,11
C04581,1949-08-01,4
C04582,1987-04-08,12
C04583,1970-12-09,15
C04584,1970-08-08,18
C04585,1969-12-19,6
C04586,1952-08-22,11
C04587,1982-01-05,11
C04588,1996-02-04,16
C04589,1971-04-30,11
C04590,1968-07-31,11
C04591,1972-06-08,21
C04592,1996-11-22,12
C04593,1980-03-06,1
C04594,1990-07-11,19
C04595,1985-02-23,19
C04596,1965-05-04,12
C04597,1966-05-26,15
C04598,2000-10-10,11
C04599,1989-05-17,11
C04600,1982-10-01,16
C04601,1992-04-10,13
C04602,1971-03-12,19
C04603,1960-04-08,11
C04604,1984-09-05,19
C04605,1964-12-24,8
C04606,1952-11-29,13
C04607,1951-10-12,11
C04608,1998-06-24,7
C04609,1958-04-22,12
C04610,1985-07-04,18
C04611,1991-05-23,11
C04612,2005-08-30,18
C04613,1972-12-20,11
C04614,2000-02-16,11
C04615,2000-10-22,10
C04616,1985-04-05,16
C04617,1956-04-14,14
C04618,1950-03-19,2
C04619,1989-01-09,9
C04620,1961-04-26,12
C04621,1950-01-18,11
C04622,1966-11-06,10
C04623,1991-12-21,16
C04624,1968-06-26,12
C04625,1957-06-14,19
C04626,1971-04-02,15
C04627,1991-02-20,7
C04628,1976-12-29,19
C04629,1965-10-16,11
C04630,1977-02-18,12
C04631,1999-12-13,19
C04632,1982-12-17,14
C04633,1957-07-22,21
C04634,1951-01-17,12
C04635,1997-04-18,19
C04636,1951-11-29,11
C04637,1983-06-01,1
C04638,1969-08-25,5
C04639,1966-10-04,12
C04640,1947-01-27,4
C04641,1949-07-10,11
C04642,1986-12-21,7
C04643,1959-10-25,12
C04644,1998-04-18,12
C04645,1969-09-14,17
C04646,1966-09-11,11
C04647,1962-08-18,19
C04648,1999-10-01,12
C04649,1952-07-17,19
C04650,1993-01-02,17
C04651,2005-07-27,13
C04652,1965-09-28,5
C04653,1973-11-02,6
C04654,1953-05-01,19
C04655,1984-05-29,12
C04656,1997-02-24,7
C04657,1957-05-23,12
C04658,1975-10-31,2
C04659,2000-10-30,19
C04660,1964-06-24,16
C04661,1980-06-12,12
C04662,1976-04-11,8
C04663,1973-07-05,12
C04664,1949-05-10,7
C04665,1959-06-06,12
C04666,1970-03-31,21
C04667,1991-11-11,20
C04668,1956-10-15,12
C04669,1963-04-21,11
C04670,1965-10-05,17
C04671,1984-01-22,10
C04672,1953-12-22,14
C04673,1965-01-22,17
C04674,1997-04-02,14
C04675,1990-04-04,8
C04676,1948-02-28,2
C04677,2004-12-11,15
C04678,1952-04-12,18
C04679,1966-09-17,15
C04680,1965-06-01,14
C04681,1984-12-07,11
C04682,2000-04-30,9
C04683,1955-06-16,11
C04684,1986-08-22,12
C04685,1965-08-12,21
C04686,1984-06-12,18
C04687,1997-10-27,4
C04688,2006-06-04,5
C04689,1973-10-12,11
C04690,1953-12-04,19
C04691,1989-08-13,5
C04692,1989-04-24,10
C04693,1987-04-15,12
C04694,1979-01-07,11
C04695,1986-12-19,17
C04696,1947-02-20,4
C04697,1974-07-29,11
C04698,1981-04-07,12
C04699,1999-12-26,20
C04700,1960-04-07,5
C04701,1998-05-07,19
C04702,2005-12-12,11
C04703,1970-08-30,12
C04704,1972-10-04,12
C04705,1985-08-31,11
C04706,1981-12-06,12
C04707,1964-04-18,12
C04708,2001-08-16,1
C04709,1949-04-10,1
C04710,1967-09-08,13
C04711,1983-03-04,12
C04712,1977-12-06,6
C04713,2000-06-27,12
C04714,1966-03-03,7
C04715,1980-01-29,21
C04716,1989-06-04,2
C04717,1973-12-29,8
C04718,1947-04-01,12
C04719,1988-11-26,12
C04720,1960-06-09,19
C04721,1985-11-01,19
C04722,2004-02-17,8
C04723,2001-07-08,12
C04724,1989-08-22,7
C04725,1996-07-15,5
C04726,2003-10-09,19
C04727,1952-10-03,12
C04728,1954-10-17,11
C04729,1966-09-26,13
C04730,1999-11-16,19
C04731,1993-01-10,19
C04732,2001-11-26,4
C04733,1965-07-14,8
C04734,1952-10-27,11
C04735,1988-01-25,14
C04736,1993-09-04,13
C04737,1980-11-08,12
C04738,1986-05-25,13
C04739,1990-03-23,12
C04740,1974-06-25,16
C04741,1967-06-28,19
C04742,1999-01-03,12
C04743,2005-04-21,12
C04744,1954-08-20,7
C04745,1995-06-12,21
C04746,2006-08-11,13
C04747,1993-09-16,11
C04748,2003-12-04,4
C04749,1987-12-23,11
C04750,1960-06-25,11
C04751,1989-12-15,20
C04752,1990-04-17,12
C04753,1966-07-16,12
C04754,1975-07-20,11
C04755,1950-03-27,19
C04756,1955-10-25,11
C04757,2004-09-27,12
C04758,1968-07-15,17
C04759,1979-03-05,21
C04760,1950-12-28,15
C04761,1978-06-13,4
C04762,1957-05-31,7
C04763,1964-09-24,18
C04764,1993-02-09,19
C04765,1980-08-17,4
C04766,1954-04-20,14
C04767,1959-06-30,17
C04768,1993-05-22,12
C04769,1962-03-27,15
C04770,1987-09-18,1
C04771,2004-07-14,12
C04772,1982-04-24,12
C04773,1995-12-19,9
C04774,1951-09-16,9
C04775,1983-07-17,12
C04776,1955-06-16,12
C04777,2003-06-07,9
C04778,1988-10-02,8
C04779,1991-10-18,1
C04780,1997-09-20,2
C04781,2004-01-25,5
C04782,1999-04-14,12
C04783,1973-01-03,11
C04784,1987-10-19,19
C04785,1983-05-12,12
C04786,1982-05-22,8
C04787,1957-05-22,11
C04788,1955-07-17,16
C04789,1977-07-11,11
C04790,1990-10-12,19
C04791,2000-07-29,21
C04792,1950-10-15,15
C04793,2001-10-17,21
C04794,1986-04-09,1
C04795,1984-09-23,11
C04796,1989-09-20,17
C04797,1991-12-13,12
C04798,1963-04-07,12
C04799,1995-11-16,19
C04800,1970-05-20,11
C04801,2000-08-25,14
C04802,2003-12-04,13
C04803,1961-07-04,7
C04804,1993-06-18,11
C04805,1947-11-26,20
C04806,1972-06-27,12
C04807,2003-12-29,4
C04808,1957-10-16,8
C04809,1997-04-15,12
C04810,1954-10-27,11
C04811,2001-01-27,19
C04812,1959-02-11,12
C04813,2004-08-05,19
C04814,1980-01-16,19
C04815,1964-05-04,12
C04816,1957-05-24,12
C04817,1961-02-10,12
C04818,1950-03-10,15
C04819,1960-02-23,14
C04820,2000-09-27,15
C04821,1986-01-12,11
C04822,1982-11-24,19
C04823,1985-07-09,11
C04824,1987-07-03,21
C04825,1979-03-24,4
C04826,1994-04-17,19
C04827,1962-07-31,11
C04828,1998-02-07,19
C04829,1983-07-30,19
C04830,1977-05-06,7
C04831,1948-09-03,3
C04832,1966-01-22,21
C04833,1967-07-04,10
C04834,1992-01-07,5
C04835,1975-08-01,12
C04836,1995-03-14,11
C04837,1990-11-24,12
C04838,1990-01-22,13
C04839,2003-05-15,11
C04840,1986-02-15,11
C04841,1951-02-19,16
C04842,1949-12-03,10
C04843,1982-02-04,12
C04844,2004-02-02,11
C04845,1995-08-06,20
C04846,1989-08-02,14
C04847,1951-06-13,19
C04848,1994-10-26,2
C04849,1964-07-27,19
C04850,1998-12-05,21
C04851,1959-10-19,17
C04852,1986-07-24,2
C04853,1967-11-08,19
C04854,1984-04-21,7
C04855,1970-04-11,15
C04856,1998-01-29,21
C04857,1999-11-03,14
C04858,1948-08-17,11
C04859,1960-06-06,10
C04860,1959-12-14,15
C04861,1971-08-24,19
C04862,1957-09-15,11
C04863,2004-12-15,21
C04864,1982-10-04,18
C04865,1983-07-20,11
C04866,1965-07-23,20
C04867,1986-03-29,11
C04868,1999-04-20,19
C04869,1975-07-03,2
C04870,1961-01-09,9
C04871,1982-09-26,12
C04872,1998-07-09,14
C04873,1995-12-05,4
C04874,1996-01-18,19
C04875,1988-11-26,19
C04876,1968-06-07,21
C04877,1971-10-15,19
C04878,1968-10-07,19
C04879,1986-09-04,12
C04880,1961-01-24,16
C04881,1994-07-08,7
C04882,1974-06-10,21
C04883,1952-11-04,7
C04884,1996-07-01,12
C04885,2001-05-04,19
C04886,1959-07-03,14
C04887,1990-09-21,15
C04888,1967-07-31,9
C04889,2004-01-23,11
C04890,1970-07-02,19
C04891,1988-11-26,19
C04892,2006-05-27,12
C04893,1973-09-30,16
C04894,1999-05-31,19
C04895,1990-05-20,12
C04896,1996-11-20,8
C04897,2001-06-10,1
C04898,1988-01-06,20
C04899,1994-07-25,21
C04900,1961-03-11,21
C04901,2002-05-09,12
C04902,1978-07-28,13
C04903,1996-03-15,19
C04904,1985-02-15,19
C04905,1953-05-11,12
C04906,2001-02-17,12
C04907,1951-02-12,7
C04908,1991-12-07,19
C04909,1967-11-06,20
C04910,1976-02-21,12
C04911,1951-09-12,21
C04912,1975-01-21,3
C04913,1975-05-08,4
C04914,1994-07-20,11
C04915,1991-09-29,14
C04916,1954-01-04,9
C04917,1984-02-12,1
C04918,1983-11-13,19
C04919,1964-02-13,12
C04920,1985-12-16,9
C04921,1953-07-04,19
C04922,1969-04-12,13
C04923,1975-10-19,5
C04924,1957-06-21,7
C04925,2003-07-15,19
C04926,1998-08-09,12
C04927,1971-12-26,17
C04928,1991-12-16,12
C04929,1967-03-14,12
C04930,1951-02-11,18
C04931,1986-04-30,2
C04932,1988-06-29,12
C04933,1960-05-09,4
C04934,1990-02-08,13
C04935,1979-04-29,19
C04936,1990-08-12,12
C04937,1960-10-17,7
C04938,1974-01-01,11
C04939,1966-11-15,5
C04940,1952-07-24,11
C04941,1991-01-17,11
C04942,1982-11-23,16
C04943,1954-04-07,12
C04944,1987-10-04,12
C04945,1964-07-01,19
C04946,1949-07-30,12
C04947,1961-11-27,11
C04948,1965-04-16,11
C04949,1951-02-13,21
C04950,1947-07-18,17
C04951,1985-03-12,13
C04952,2006-01-08,13
C04953,1985-09-20,12
C04954,1968-09-06,12
C04955,1972-04-04,7
C04956,1962-02-21,19
C04957,1981-10-04,19
C04958,1970-02-09,20
C04959,1992-04-13,12
C04960,1965-07-01,12
C04961,1972-11-10,16
C04962,1997-02-25,12
C04963,1983-10-17,16
C04964,1967-01-21,20
C04965,1974-09-15,4
C04966,1995-06-14,9
C04967,1953-02-11,12
C04968,1969-08-05,5
C04969,1948-03-25,19
C04970,1990-12-22,12
C04971,1979-09-22,15
C04972,1950-01-01,12
C04973,1976-09-07,11
C04974,1962-08-24,18
C04975,1992-07-02,12
C04976,1983-01-31,14
C04977,1999-01-31,12
C04978,1992-07-30,12
C04979,2005-08-03,12
C04980,2004-01-28,12
C04981,1960-11-28,13
C04982,1999-10-09,20
C04983,1969-06-06,17
C04984,1955-03-27,8
C04985,1980-03-23,12
C04986,1996-11-28,12
C04987,1969-12-04,19
C04988,1975-02-10,19
C04989,1962-05-11,16
C04990,1963-10-14,12
C04991,1954-06-16,19
C04992,1973-09-17,11
C04993,1982-09-03,4
C04994,1963-04-05,11
C04995,2006-04-15,11
C04996,1950-02-16,19
C04997,2001-05-13,20
C04998,1982-06-25,13
C04999,1960-03-30,12
C05000,1975-09-23,1
C05001,1990-09-26,12
C05002,1976-10-20,1
C05003,1947-09-05,10
C05004,1987-03-10,11
C05005,1947-05-19,19
C05006,1997-12-24,19
C05007,1967-02-13,20
C05008,1950-07-03,6
C05009,2000-12-06,19
C05010,1986-04-12,11
C05011,1995-01-09,21
C05012,1964-02-27,7
C05013,1980-07-28,21
C05014,1965-02-16,21
C05015,1996-07-26,19
C05016,1993-09-07,5
C05017,2003-10-03,12
C05018,1988-04-10,16
C05019,1973-03-09,3
C05020,1960-10-13,11
C05021,1965-10-08,19
C05022,1984-02-27,19
C05023,1951-02-04,21
C05024,1968-02-08,15
C05025,1960-08-20,12
C05026,1980-06-17,11
C05027,1992-09-10,13
C05028,2006-07-26,19
C05029,1966-11-27,12
C05030,1996-06-29,19
C05031,1988-07-02,12
C05032,1977-11-13,4
C05033,1977-01-15,2
C05034,1976-12-27,7
C05035,1992-11-08,9
C05036,1984-02-17,19
C05037,1973-09-06,12
C05038,1949-04-01,12
C05039,1969-01-12,12
C05040,1948-07-26,11
C05041,1969-05-14,12
C05042,1981-03-20,13
C05043,1992-02-27,19
C05044,1966-06-26,12
C05045,1968-08-07,12
C05046,1973-12-19,17
C05047,1980-01-05,19
C05048,1980-05-13,21
C05049,1985-02-02,12
C05050,1977-04-23,5
C05051,2001-03-20,12
C05052,1954-11-09,16
C05053,1995-02-18,19
C05054,1992-03-12,16
C05055,1986-01-20,18
C05056,1968-05-02,11
C05057,1984-03-25,19
C05058,1990-03-04,20
C05059,1980-03-15,11
C05060,1989-10-24,12
C05061,1959-05-14,11
C05062,1955-12-05,12
C05063,1981-08-18,19
C05064,1990-01-17,19
C05065,1962-04-28,10
C05066,2005-06-16,19
C05067,1980-10-13,15
C05068,1989-03-11,14
C05069,1951-10-12,21
C05070,2002-03-22,17
C05071,1981-03-03,19
C05072,1965-05-31,19
C05073,1977-06-16,14
C05074,1993-06-07,19
C05075,1960-05-21,2
C05076,1981-01-02,12
C05077,1973-08-22,19
C05078,1994-08-01,9
C05079,1971-11-16,12
C05080,1986-06-18,19
C05081,2001-11-19,12
C05082,1993-12-09,14
C05083,1954-09-10,15
C05084,1996-10-19,19
C05085,1995-06-28,14
C05086,1980-12-20,6
C05087,1968-02-20,12
C05088,2004-10-06,10
C05089,1972-02-27,19
C05090,1998-09-15,9
C05091,2002-12-12,12
C05092,2005-10-10,21
C05093,1950-11-23,12
C05094,2000-08-30,19
C05095,2002-08-13,7
C05096,1990-10-05,13
C05097,1954-06-11,19
C05098,1988-08-13,12
C05099,1989-01-18,5
C05100,2005-09-22,12
C05101,1990-01-31,19
C05102,1978-10-01,19
C05103,1979-08-11,15
C05104,1986-08-15,12
C05105,1982-08-15,12
C05106,1994-05-03,12
C05107,1986-08-14,12
C05108,1999-11-04,12
C05109,1970-07-02,11
C05110,1948-08-13,5
C05111,1955-05-18,18
C05112,1961-03-27,8
C05113,1981-02-27,11
C05114,1964-12-22,10
C05115,1982-09-12,11
C05116,1967-03-26,11
C05117,1981-03-04,10
C05118,1977-02-03,10
C05119,1971-03-18,3
C05120,1982-08-15,19
C05121,1982-09-26,11
C05122,1958-05-29,19
C05123,2006-04-05,6
C05124,1980-02-10,21
C05125,1955-01-31,20
C05126,1980-07-21,19
C05127,1978-08-30,13
C05128,1996-03-31,15
C05129,1989-11-30,3
C05130,1959-09-16,12
C05131,1980-01-18,10
C05132,1979-06-28,3
C05133,1997-04-17,11
C05134,2006-01-11,20
C05135,1956-03-02,16
C05136,1983-01-07,2
C05137,1972-05-23,11
C05138,2002-01-16,11
C05139,1967-06-05,13
C05140,1950-11-03,11
C05141,1976-04-23,6
C05142,1992-01-01,19
C05143,1974-04-14,12
C05144,1968-10-24,12
C05145,1989-11-05,17
C05146,1959-07-18,18
C05147,1962-11-09,11
C05148,1946-10-09,19
C05149,1966-08-23,13
C05150,1992-01-26,15
C05151,1988-08-25,5
C05152,1991-12-07,19
C05153,1958-11-28,7
C05154,1970-04-17,1
C05155,1967-11-08,12
C05156,1983-07-15,6
C05157,1998-07-11,6
C05158,1967-06-29,20
C05159,1974-02-19,17
C05160,1999-11-26,19
C05161,1978-12-12,14
C05162,2003-08-05,19
C05163,1985-02-05,21
C05164,1978-08-07,1
C05165,2001-01-12,13
C05166,1954-12-04,3
C05167,1993-04-07,19
C05168,2001-02-11,12
C05169,2001-02-02,12
C05170,1970-09-19,19
C05171,1982-08-02,15
C05172,1975-03-31,11
C05173,2004-02-16,12
C05174,2006-08-18,1
C05175,1989-01-24,19
C05176,1954-06-14,19
C05177,1952-12-18,12
C05178,1999-04-20,16
C05179,1978-12-27,12
C05180,1946-11-23,12
C05181,1991-06-24,11
C05182,1959-11-24,21
C05183,1994-09-19,10
C05184,1959-09-06,12
C05185,1965-05-12,21
C05186,1956-12-09,9
C05187,1962-02-03,11
C05188,1984-03-26,12
C05189,1957-04-11,12
C05190,1989-08-14,14
C05191,1982-09-13,11
C05192,1965-02-05,19
C05193,1967-06-10,19
C05194,1955-02-26,11
C05195,1992-01-09,9
C05196,1952-09-15,2
C05197,1967-06-20,11
C05198,2004-08-26,13
C05199,1983-08-13,19
C05200,1991-06-23,19
C05201,1988-02-17,9
C05202,1961-05-22,12
C05203,1963-11-20,12
C05204,1968-11-17,18
C05205,1960-03-30,12
C05206,1988-08-19,5
C05207,1951-06-30,12
C05208,1988-11-04,12
C05209,1951-01-23,13
C05210,1996-10-26,12
C05211,1946-09-27,12
C05212,1994-02-04,19
C05213,1982-05-12,11
C05214,1963-12-15,15
C05215,1985-02-04,12
C05216,1974-02-24,4
C05217,1987-06-13,10
C05218,1962-04-10,12
C05219,1991-10-16,16
C05220,2004-01-01,14
C05221,1986-03-10,19
C05222,1974-08-13,13
C05223,2001-06-28,11
C05224,1986-05-17,11
C05225,1986-02-21,7
C05226,2003-12-06,19
C05227,1977-01-21,5
C05228,1957-09-22,11
C05229,2001-07-24,10
C05230,1972-05-17,6
C05231,1964-05-23,16
C05232,1986-07-04,2
C05233,1969-02-26,14
C05234,1989-05-01,7
C05235,1975-11-25,12
C05236,2003-01-14,10
C05237,1965-03-22,12
C05238,1963-11-05,7
C05239,2001-10-02,12
C05240,1982-01-20,12
C05241,1956-06-29,14
C05242,1990-12-26,19
C05243,1976-04-05,12
C05244,1952-11-01,11
C05245,1961-12-22,20
C05246,1977-10-12,19
C05247,1948-08-08,12
C05248,1948-01-21,4
C05249,1971-10-27,19
C05250,1981-06-08,12
C05251,1983-03-06,19
C05252,1957-12-02,19
C05253,1970-03-29,11
C05254,2000-09-23,12
C05255,1959-02-26,5
C05256,1974-11-30,19
C05257,2004-03-12,14
C05258,1971-12-21,19
C05259,1990-08-04,7
C05260,1947-05-25,11
C05261,1992-09-29,9
C05262,1949-12-05,21
C05263,1979-09-20,18
C05264,2001-10-13,19
C05265,1954-09-02,21
C05266,1971-12-17,1
C05267,1984-08-24,19
C05268,1978-10-20,20
C05269,1959-11-23,19
C05270,1983-04-22,11
C05271,1999-08-02,16
C05272,1994-07-25,19
C05273,1989-11-14,12
C05274,1969-05-26,11
C05275,1980-12-18,8
C05276,1995-10-13,15
C05277,1995-01-27,12
C05278,1987-10-31,8
C05279,1961-08-04,21
C05280,1989-02-26,12
C05281,1953-06-12,7
C05282,1977-02-05,19
C05283,1996-09-09,7
C05284,1957-10-28,5
C05285,1981-05-21,5
C05286,1967-04-09,5
C05287,1956-11-15,11
C05288,2002-07-28,12
C05289,1996-04-15,12
C05290,1970-09-08,15
C05291,1991-04-29,11
C05292,2000-03-13,19
C05293,2002-08-13,11
C05294,2005-09-01,12
C05295,1965-09-29,15
C05296,1997-04-16,12
C05297,1976-11-10,6
C05298,1976-03-01,12
C05299,1982-03-30,11
C05300,2006-04-10,12
C05301,1965-02-14,4
C05302,2005-04-28,10
C05303,1966-01-03,12
C05304,1953-04-18,13
C05305,1984-10-09,12
C05306,1980-01-14,15
C05307,1978-11-03,21
C05308,1984-09-07,5
C05309,1950-09-19,12
C05310,1952-11-11,19
C05311,1988-07-17,11
C05312,1972-09-27,19
C05313,1960-09-09,15
C05314,1948-10-17,12
C05315,1976-12-01,11
C05316,1980-03-26,19
C05317,1991-01-15,11
C05318,1949-06-06,12
C05319,1997-07-25,15
C05320,1979-11-15,10
C05321,1985-01-05,16
C05322,1984-04-28,19
C05323,1990-04-03,8
C05324,1955-05-24,21
C05325,2003-03-28,12
C05326,1980-11-29,8
C05327,1998-11-24,12
C05328,2001-06-15,14
C05329,1986-09-22,4
C05330,1973-11-08,16
C05331,2001-05-04,6
C05332,1982-09-22,12
C05333,1999-08-15,4
C05334,1987-04-05,12
C05335,1953-05-07,11
C05336,1956-10-09,19
C05337,1982-10-06,11
C05338,1972-09-09,16
C05339,1953-12-21,21
C05340,2004-03-20,11
C05341,1961-02-10,12
C05342,1958-02-01,18
C05343,1993-04-28,8
C05344,1992-01-06,19
C05345,1954-02-13,19
C05346,1978-03-29,19
C05347,2003-09-09,11
C05348,2001-03-27,13
C05349,1971-11-01,19
C05350,1968-05-27,16
C05351,1968-12-27,20
C05352,1956-01-08,12
C05353,1987-03-16,12
C05354,1977-01-31,11
C05355,1979-10-06,19
C05356,1989-05-24,21
C05357,1995-12-01,19
C05358,1960-05-22,17
C05359,1947-05-13,11
C05360,1978-03-13,14
C05361,1980-08-05,17
C05362,1992-11-11,11
C05363,1978-11-27,8
C05364,1962-02-12,7
C05365,1972-07-27,8
C05366,1956-02-04,19
C05367,1981-02-02,1
C05368,1982-01-17,21
C05369,1969-01-12,19
C05370,1993-09-17,12
C05371,1987-03-25,12
C05372,1984-05-18,19
C05373,1990-07-24,2
C05374,1964-11-22,14
C05375,1973-06-17,12
C05376,1964-11-17,19
C05377,1979-06-06,19
C05378,1984-09-21,11
C05379,1947-01-05,12
C05380,1994-08-14,12
C05381,2000-10-20,19
C05382,1979-08-19,11
C05383,1987-08-22,18
C05384,2002-10-21,11
C05385,1965-10-24,19
C05386,1978-12-26,17
C05387,1988-05-25,12
C05388,1957-07-14,11
C05389,1978-12-03,12
C05390,1958-03-04,7
C05391,1997-06-01,12
C05392,1980-04-19,12
C05393,1951-10-15,17
C05394,1973-04-21,5
C05395,1962-06-24,4
C05396,1984-04-07,1
C05397,1996-06-26,5
C05398,1972-07-05,12
C05399,1989-07-06,11
C05400,1951-07-08,11
C05401,2000-06-12,12
C05402,1955-06-06,15
C05403,1954-05-06,13
C05404,1992-04-14,11
C05405,1990-09-19,11
C05406,1948-08-04,10
C05407,1947-05-25,12
C05408,1986-01-13,11
C05409,1984-10-24,11
C05410,1973-05-31,12
C05411,1969-05-23,19
C05412,1990-02-21,13
C05413,1967-02-09,12
C05414,2002-03-27,12
C05415,2005-03-02,20
C05416,1990-12-15,12
C05417,1986-03-19,11
C05418,1983-05-09,12
C05419,1972-05-02,12
C05420,1982-11-01,12
C05421,1994-12-04,11
C05422,1985-03-18,14
C05423,1946-12-30,12
C05424,1984-01-03,15
C05425,1982-07-19,11
C05426,1980-05-14,12
C05427,1948-04-21,11
C05428,1996-03-31,12
C05429,1966-10-04,5
C05430,1966-09-28,21
C05431,1978-12-19,12
C05432,1999-05-22,12
C05433,1966-04-23,21
C05434,2002-11-23,20
C05435,1972-01-13,12
C05436,1961-09-26,12
C05437,1995-04-14,11
C05438,1947-10-07,11
C05439,2005-12-22,12
C05440,1948-08-21,13
C05441,1978-10-09,14
C05442,2001-05-14,12
C05443,1991-11-17,21
C05444,1958-12-20,12
C05445,2001-10-31,19
C05446,1992-12-09,10
C05447,1989-02-11,19
C05448,1972-09-09,7
C05449,1972-06-20,19
C05450,1993-02-22,11
C05451,1991-02-20,18
C05452,1995-11-05,19
C05453,1993-02-10,19
C05454,1987-01-03,12
C05455,1962-06-09,8
C05456,2000-07-13,21
C05457,1987-03-31,12
C05458,1990-11-13,21
C05459,1953-06-22,11
C05460,1952-06-07,5
C05461,1949-05-14,17
C05462,1991-12-22,14
C05463,2006-04-16,12
C05464,1986-01-22,2
C05465,1983-06-16,6
C05466,1978-11-30,11
C05467,1967-12-01,12
C05468,1949-07-02,11
C05469,1956-08-22,12
C05470,1987-11-05,2
C05471,1970-11-19,19
C05472,1984-12-19,14
C05473,2001-11-22,2
C05474,1963-12-31,19
C05475,2005-12-19,16
C05476,1987-04-11,10
C05477,1983-11-27,12
C05478,1971-09-04,12
C05479,1971-07-12,11
C05480,1985-05-16,16
C05481,1947-05-19,10
C05482,1986-05-31,11
C05483,1986-10-10,12
C05484,1967-06-29,12
C05485,1962-10-10,19
C05486,1961-07-27,5
C05487,1994-03-18,11
C05488,1970-04-12,11
C05489,1974-11-20,19
C05490,1956-06-20,18
C05491,1992-03-15,21
C05492,1970-08-10,12
C05493,1979-05-08,19
C05494,1988-04-17,4
C05495,1974-11-07,7
C05496,1984-05-31,14
C05497,1980-02-23,12
C05498,1954-04-09,14
C05499,1973-08-17,12
C05500,1964-11-14,5
C05501,1981-07-11,13
C05502,2001-12-29,19
C05503,2000-03-28,12
C05504,1977-08-19,12
C05505,1984-05-13,11
C05506,1999-11-15,11
C05507,1981-08-02,14
C05508,1987-10-08,20
C05509,1997-12-22,12
C05510,1973-08-25,7
C05511,1998-09-29,11
C05512,1958-02-04,2
C05513,1959-07-03,8
C05514,1970-08-31,9
C05515,1998-06-04,5
C05516,1964-01-07,21
C05517,1960-11-19,19
C05518,1964-08-04,14
C05519,1993-09-29,20
C05520,1969-08-31,14
C05521,1948-03-11,10
C05522,1972-01-04,21
C05523,1962-01-23,2
C05524,1976-08-15,9
C05525,1978-08-02,14
C05526,2002-08-06,12
C05527,1971-07-27,18
C05528,2001-03-27,21
C05529,1987-08-31,21
C05530,1983-10-15,12
C05531,1981-05-26,16
C05532,2000-02-16,14
C05533,1965-05-03,14
C05534,1954-07-10,6
C05535,1999-04-17,4
C05536,1993-12-16,14
C05537,2001-03-11,2
C05538,1952-11-18,14
C05539,1979-11-27,12
C05540,1980-03-11,20
C05541,1997-12-07,19
C05542,1962-08-08,13
C05543,1958-10-19,12
C05544,1958-08-30,12
C05545,1966-09-05,19
C05546,2002-02-08,16
C05547,2000-02-26,14
C05548,2004-06-07,20
C05549,1992-06-28,12
C05550,1998-10-11,19
C05551,1996-11-28,12
C05552,1986-09-24,5
C05553,1957-11-05,14
C05554,1974-05-05,17
C05555,1956-08-21,13
C05556,1965-12-11,9
C05557,2001-01-19,18
C05558,1966-06-07,1
C05559,1989-06-01,14
C05560,1965-12-18,11
C05561,1982-02-16,18
C05562,1949-04-28,1
C05563,1986-06-06,12
C05564,1990-02-10,9
C05565,1961-04-18,16
C05566,2004-04-21,12
C05567,1969-02-01,8
C05568,1967-09-05,19
C05569,1947-03-19,12
C05570,1947-05-23,21
C05571,1957-09-20,6
C05572,2003-06-08,12
C05573,1953-11-27,19
C05574,1964-11-01,18
C05575,1962-04-21,13
C05576,1993-08-18,12
C05577,1971-07-08,4
C05578,1947-02-02,19
C05579,1957-06-05,12
C05580,1988-08-31,12
C05581,2006-07-11,19
C05582,1986-04-20,8
C05583,1961-06-02,11
C05584,1971-09-04,16
C05585,1974-03-16,8
C05586,2005-08-30,2
C05587,1982-03-24,19
C05588,1975-10-17,12
C05589,1948-07-22,19
C05590,1965-12-13,11
C05591,1986-01-29,12
C05592,1974-04-28,13
C05593,2002-10-15,11
C05594,1958-12-18,5
C05595,1986-07-05,16
C05596,1978-01-31,18
C05597,1989-12-20,12
C05598,1966-09-04,19
C05599,1962-04-04,12
C05600,1966-10-26,12
C05601,1982-10-17,12
C05602,1985-10-31,5
C05603,1999-03-04,12
C05604,1966-12-16,7
C05605,2005-04-18,14
C05606,1974-02-28,21
C05607,1953-04-13,6
C05608,1953-12-09,10
C05609,1989-07-19,19
C05610,1972-10-20,11
C05611,2004-06-10,19
C05612,1964-03-06,19
C05613,1952-04-19,19
C05614,1993-09-04,12
C05615,1985-05-29,21
C05616,1958-03-01,21
C05617,1951-11-07,7
C05618,1993-04-13,21
C05619,1979-04-03,15
C05620,1998-09-26,19
C05621,2000-01-15,12
C05622,1952-06-09,13
C05623,1947-08-15,19
C05624,1969-04-27,12
C05625,2006-03-29,12
C05626,1946-11-02,20
C05627,1988-04-04,11
C05628,1983-10-09,18
C05629,1977-08-18,20
C05630,2000-07-07,4
C05631,1969-05-07,12
C05632,1981-03-09,12
C05633,2000-08-25,13
C05634,2001-08-31,12
C05635,1999-11-19,11
C05636,2004-06-28,15
C05637,1980-12-18,16
C05638,1950-12-12,4
C05639,2005-11-03,11
C05640,2005-02-13,19
C05641,1977-04-01,12
C05642,1953-12-04,8
C05643,1986-09-22,2
C05644,1984-04-06,12
C05645,1975-06-17,11
C05646,1988-05-15,2
C05647,2004-01-21,12
C05648,1962-12-03,10
C05649,1962-07-02,12
C05650,1973-07-07,2
C05651,1967-06-10,7
C05652,1964-03-23,12
C05653,1995-06-08,12
C05654,1983-05-14,19
C05655,1994-11-19,2
C05656,1998-08-26,19
C05657,1968-08-18,17
C05658,1950-11-22,18
C05659,1954-01-12,12
C05660,1965-10-24,19
C05661,1992-12-16,21
C05662,1992-01-20,11
C05663,1947-12-19,12
C05664,1975-08-07,13
C05665,1974-11-19,19
C05666,1968-07-12,12
C05667,1969-04-06,19
C05668,1954-03-08,17
C05669,2002-09-21,12
C05670,1968-07-18,15
C05671,1960-09-14,19
C05672,1985-01-09,12
C05673,1971-01-09,15
C05674,1982-06-16,12
C05675,1952-03-03,14
C05676,2003-07-12,12
C05677,1978-10-11,11
C05678,1999-07-28,11
C05679,1971-05-09,7
C05680,1997-12-01,12
C05681,2001-04-23,18
C05682,1973-11-30,2
C05683,1947-07-15,11
C05684,2000-10-25,14
C05685,1996-01-12,12
C05686,1965-04-05,2
C05687,1971-10-11,12
C05688,1948-02-01,12
C05689,2000-01-18,11
C05690,1967-12-03,19
C05691,1998-11-01,11
C05692,1993-04-25,12
C05693,1965-01-19,19
C05694,1980-01-26,19
C05695,1966-02-11,19
C05696,1983-06-26,12
C05697,1989-01-29,15
C05698,1986-05-23,11
C05699,1947-12-04,11
C05700,1989-03-28,11
C05701,1989-08-05,13
C05702,1988-05-06,14
C05703,1972-09-28,12
C05704,1993-11-13,9
C05705,1960-12-22,11
C05706,1991-06-14,19
C05707,1955-02-18,12
C05708,1999-06-26,17
C05709,1965-05-16,14
C05710,1952-11-23,7
C05711,1998-12-17,12
C05712,1959-08-05,19
C05713,1979-12-05,19
C05714,1951-11-11,17
C05715,1971-08-02,21
C05716,1983-02-11,14
C05717,1995-10-15,19
C05718,1986-04-10,19
C05719,1993-11-24,17
C05720,1997-09-04,12
C05721,1992-10-03,19
C05722,1986-11-18,12
C05723,1960-08-19,11
C05724,1996-04-09,12
C05725,1993-06-24,19
C05726,1969-04-22,5
C05727,1992-02-10,12
C05728,1998-06-25,21
C05729,1992-09-05,9
C05730,1951-01-10,14
C05731,1954-06-30,12
C05732,1985-11-03,21
C05733,1965-07-20,15
C05734,1975-02-04,7
C05735,1967-11-15,21
C05736,1966-02-21,6
C05737,1963-07-09,12
C05738,1988-10-01,19
C05739,2003-02-10,11
C05740,1972-01-18,6
C05741,1949-05-03,9
C05742,1979-06-23,19
C05743,1948-08-19,12
C05744,1955-06-25,17
C05745,1992-07-20,21
C05746,1963-08-07,11
C05747,1962-02-27,12
C05748,1959-07-18,6
C05749,1947-06-14,19
C05750,1962-07-05,12
C05751,1993-09-02,12
C05752,1948-09-19,9
C05753,1993-11-08,12
C05754,1969-02-07,21
C05755,1947-06-18,10
C05756,1984-06-19,19
C05757,1968-05-25,17
C05758,1986-05-21,1
C05759,1982-06-22,19
C05760,1989-12-20,11
C05761,1964-08-26,21
C05762,1949-08-01,11
C05763,1952-09-16,3
C05764,1995-04-16,10
C05765,1954-01-02,11
C05766,1965-01-09,20
C05767,1992-08-25,19
C05768,2003-09-06,11
C05769,1990-10-29,11
C05770,1959-08-18,21
C05771,1965-05-19,12
C05772,1965-09-10,19
C05773,1998-11-02,17
C05774,1971-09-09,12
C05775,2005-01-23,17
C05776,1982-09-20,12
C05777,1966-03-29,11
C05778,1995-07-06,21
C05779,1961-05-05,12
C05780,2001-08-08,12
C05781,1967-09-11,7
C05782,1985-06-23,12
C05783,1974-03-20,12
C05784,1992-07-06,12
C05785,2006-02-03,12
C05786,1961-02-06,12
C05787,1988-08-11,11
C05788,1958-07-29,20
C05789,1959-07-18,12
C05790,1995-02-01,12
C05791,1991-06-19,19
C05792,1962-12-17,12
C05793,1949-04-26,19
C05794,1953-12-15,12
C05795,1980-04-27,12
C05796,1960-03-27,12
C05797,1993-12-08,14
C05798,1950-12-11,15
C05799,1948-07-03,12
C05800,2001-01-20,10
C05801,1985-01-09,21
C05802,1993-01-30,17
C05803,1989-08-09,12
C05804,1954-10-17,12
C05805,1986-06-10,11
C05806,1995-04-10,12
C05807,1985-04-27,15
C05808,1952-05-13,1
C05809,1971-05-28,19
C05810,1988-10-16,12
C05811,1992-03-18,19
C05812,1960-11-11,5
C05813,1957-07-05,19
C05814,1988-12-22,13
C05815,2005-10-28,17
C05816,2005-07-13,16
C05817,1992-05-15,2
C05818,1976-09-29,11
C05819,1951-01-04,8
C05820,1978-11-14,12
C05821,1955-12-16,6
C05822,1983-08-26,16
C05823,1966-07-25,12
C05824,1970-07-13,7
C05825,2000-09-01,2
C05826,1984-06-21,12
C05827,1964-01-04,12
C05828,2005-07-06,10
C05829,1984-12-14,18
C05830,1981-03-13,4
C05831,1947-01-08,12
C05832,1972-12-16,12
C05833,1957-03-11,5
C05834,1983-06-05,11
C05835,1959-09-17,13
C05836,1974-06-06,2
C05837,1954-10-16,4
C05838,1988-02-16,13
C05839,1979-02-10,12
C05840,1968-09-01,12
C05841,1988-05-05,11
C05842,1992-07-04,12
C05843,1992-06-18,11
C05844,2001-10-26,11
C05845,1949-03-12,2
C05846,1998-05-30,13
C05847,1997-09-09,11
C05848,1970-06-15,19
C05849,1987-12-03,5
C05850,1974-12-13,16
C05851,1998-09-11,5
C05852,1947-12-27,4
C05853,1948-01-20,14
C05854,1960-11-25,11
C05855,1984-01-16,11
C05856,1963-11-21,10
C05857,1996-08-18,12
C05858,2005-04-12,12
C05859,2004-05-26,19
C05860,1980-01-05,12
C05861,1977-04-07,19
C05862,1975-02-17,16
C05863,2006-09-05,6
C05864,1991-02-04,12
C05865,1969-04-30,12
C05866,1986-01-08,11
C05867,1964-12-08,5
C05868,1996-04-28,19
C05869,1961-03-20,19
C05870,1978-05-23,5
C05871,1996-05-11,12
C05872,1994-07-28,15
C05873,1961-12-12,12
C05874,1947-01-12,12
C05875,1988-02-28,19
C05876,1994-10-23,11
C05877,1950-12-15,19
C05878,1969-06-18,9
C05879,1984-01-26,12
C05880,1980-11-06,21
C05881,1998-04-19,5
C05882,1964-01-05,12
C05883,1982-07-13,19
C05884,1958-02-18,15
C05885,1980-05-06,11
C05886,1979-11-14,2
C05887,1977-11-24,18
C05888,1947-04-22,2
C05889,1949-04-13,19
C05890,1977-11-09,21
C05891,1970-06-11,11
C05892,1974-10-22,19
C05893,1975-09-29,12
C05894,1998-11-05,19
C05895,1973-12-07,11
C05896,1993-12-19,12
C05897,1960-11-29,11
C05898,1989-03-23,12
C05899,1957-07-13,12
C05900,1979-12-13,4
C05901,1967-02-16,11
C05902,1972-05-21,11
C05903,1999-07-30,13
C05904,1983-03-11,11
C05905,2001-06-14,12
C05906,1968-04-30,19
C05907,1981-10-08,20
C05908,1966-06-09,18
C05909,1993-03-11,12
C05910,1998-10-28,11
C05911,1989-02-05,20
C05912,1947-03-09,12
C05913,1966-11-29,12
C05914,1984-12-02,20
C05915,1977-04-28,15
C05916,1993-09-22,11
C05917,1957-07-13,12
C05918,1964-12-13,11
C05919,1985-09-12,9
C05920,1972-03-18,11
C05921,1999-12-02,1
C05922,1959-04-29,11
C05923,1998-07-19,19
C05924,1966-12-11,19
C05925,1993-06-30,19
C05926,1965-12-19,12
C05927,1971-01-27,9
C05928,1969-02-27,12
C05929,1975-03-03,11
C05930,1953-11-27,16
C05931,2002-02-17,19
C05932,1982-08-21,12
C05933,1994-02-16,14
C05934,1953-08-19,12
C05935,1985-07-27,12
C05936,1963-08-29,11
C05937,1970-12-03,21
C05938,1993-01-28,12
C05939,1999-03-19,12
C05940,1986-02-03,19
C05941,1983-10-31,11
C05942,1999-07-16,18
C05943,2003-04-17,12
C05944,1955-04-22,18
C05945,1950-05-25,11
C05946,1984-12-17,14
C05947,1988-05-21,13
C05948,2006-04-19,9
C05949,1969-06-05,11
C05950,1949-11-10,12
C05951,1994-07-09,18
C05952,1993-11-10,12
C05953,1968-02-01,11
C05954,1974-12-15,9
C05955,2002-12-12,11
C05956,1980-10-16,2
C05957,1991-08-30,10
C05958,1991-03-17,12
C05959,1969-12-07,9
C05960,1955-09-28,20
C05961,1981-09-27,21
C05962,1951-02-05,19
C05963,1986-10-05,10
C05964,1970-01-25,19
C05965,1974-04-03,12
C05966,1952-12-13,18
C05967,1955-07-16,16
C05968,1993-01-09,19
C05969,1957-12-22,8
C05970,1948-11-30,6
C05971,1964-12-18,16
C05972,1997-06-05,17
C05973,1957-04-05,8
C05974,1959-05-20,15
C05975,1983-04-30,19
C05976,1949-02-09,12
C05977,2005-07-05,11
C05978,1997-08-21,19
C05979,1975-10-16,4
C05980,1979-04-25,2
C05981,1961-12-06,12
C05982,2005-09-22,11
C05983,1953-01-20,11
C05984,2002-02-14,4
C05985,1992-01-25,12
C05986,2005-07-31,19
C05987,1977-04-09,19
C05988,1955-09-06,17
C05989,1969-07-02,11
C05990,1956-03-29,19
C05991,2002-12-30,16
C05992,1974-03-03,19
C05993,1974-02-02,12
C05994,1979-11-15,12
C05995,2003-01-31,20
C05996,1965-09-10,21
C05997,1978-10-17,19
C05998,1963-06-01,19
C05999,1980-03-15,10
C06000,1998-10-10,11
C06001,1969-10-08,19
C06002,1993-03-20,12
C06003,1958-03-25,11
C06004,1980-01-08,12
C06005,1999-03-16,18
C06006,1949-06-04,18
C06007,1978-03-14,14
C06008,2004-11-10,21
C06009,1965-12-13,19
C06010,1996-10-13,19
C06011,1959-05-23,19
C06012,1952-05-10,10
C06013,1954-08-29,2
C06014,1973-09-20,8
C06015,1975-06-28,21
C06016,1969-08-13,5
C06017,2001-03-29,20
C06018,1976-11-30,11
C06019,1980-12-05,19
C06020,1995-11-10,12
C06021,1985-08-25,17
C06022,1947-06-28,19
C06023,1946-11-08,9
C06024,1997-02-14,9
C06025,1998-01-31,12
C06026,1990-06-01,20
C06027,1957-08-13,19
C06028,1993-08-21,19
C06029,1968-08-23,12
C06030,1999-12-25,14
C06031,1966-03-20,11
C06032,1984-05-28,14
C06033,1970-07-12,1
C06034,1992-10-19,12
C06035,1965-01-09,7
C06036,2000-05-29,19
C06037,1967-07-20,4
C06038,1956-10-07,9
C06039,1995-02-12,19
C06040,1949-04-18,12
C06041,1977-08-03,11
C06042,1995-10-01,17
C06043,1983-03-17,12
C06044,1998-09-15,14
C06045,1968-10-29,12
C06046,1964-03-23,11
C06047,1992-06-09,19
C06048,1976-04-15,12
C06049,1950-01-25,12
C06050,1951-10-26,2
C06051,1979-01-30,11
C06052,1960-06-24,11
C06053,1980-06-11,6
C06054,1990-02-02,21
C06055,1947-03-23,4
C06056,1976-12-18,16
C06057,1977-04-02,14
C06058,1981-09-01,11
C06059,1960-05-03,11
C06060,1960-03-31,2
C06061,1987-10-14,21
C06062,1985-01-15,15
C06063,1979-05-15,16
C06064,1977-05-03,18
C06065,1992-10-17,4
C06066,1967-01-01,19
C06067,1973-07-26,4
C06068,1991-05-26,12
C06069,1993-09-08,19
C06070,1996-09-20,19
C06071,1953-10-29,1
C06072,1987-03-18,12
C06073,1995-12-11,19
C06074,1973-10-04,12
C06075,1990-05-23,9
C06076,2003-10-21,9
C06077,1983-07-15,10
C06078,1976-09-30,13
C06079,1976-11-13,20
C06080,1983-01-07,12
C06081,1982-05-21,11
C06082,1958-09-21,11
C06083,1987-12-02,19
C06084,1995-03-25,20
C06085,2000-01-10,19
C06086,1974-06-04,19
C06087,1967-04-18,1
C06088,2000-09-22,19
C06089,1969-01-15,11
C06090,2006-09-04,12
C06091,1987-08-03,4
C06092,1964-09-08,4
C06093,1990-12-28,21
C06094,1975-01-27,4
C06095,1994-11-03,19
C06096,1964-07-28,8
C06097,2003-11-30,21
C06098,1961-08-30,16
C06099,1992-10-14,19
C06100,1961-03-15,7
C06101,1986-09-05,19
C06102,1962-10-19,11
C06103,1989-10-21,11
C06104,1957-12-02,19
C06105,1999-09-12,11
C06106,1998-02-22,19
C06107,1979-12-20,4
C06108,2001-04-06,10
C06109,1999-01-08,19
C06110,1954-08-01,17
C06111,1956-10-25,18
C06112,1988-04-26,13
C06113,1956-11-12,17
C06114,1975-09-15,12
C06115,1986-05-13,21
C06116,1967-03-24,19
C06117,1966-01-21,11
C06118,1952-10-11,11
C06119,1987-02-13,15
C06120,1966-02-15,12
C06121,2003-06-27,10
C06122,1999-08-20,1
C06123,2001-10-31,6
C06124,1949-11-30,9
C06125,1956-05-05,5
C06126,1967-01-11,11
C06127,1978-09-07,19
C06128,1987-07-03,12
C06129,1995-08-06,8
C06130,1991-06-26,12
C06131,1990-11-30,5
C06132,1970-11-13,16
C06133,1980-01-12,12
C06134,2006-05-07,19
C06135,2001-09-24,19
C06136,1997-02-16,12
C06137,1982-10-23,14
C06138,1948-12-04,12
C06139,1966-09-14,13
C06140,1947-01-02,12
C06141,1974-10-08,7
C06142,1986-07-02,7
C06143,2000-07-30,20
C06144,1958-12-07,15
C06145,1967-06-01,15
C06146,1998-03-06,11
C06147,1975-11-28,21
C06148,1973-12-19,8
C06149,1963-10-23,21
C06150,1959-03-14,5
C06151,1978-01-15,6
C06152,1981-04-20,13
C06153,2005-06-10,11
C06154,2001-12-28,19
C06155,1992-12-19,18
C06156,2003-02-23,14
C06157,1962-02-01,13
C06158,1961-10-19,2
C06159,2000-02-01,12
C06160,1950-02-09,5
C06161,1996-02-28,18
C06162,1985-02-21,17
C06163,1995-12-31,12
C06164,1984-02-29,7
C06165,1993-02-13,14
C06166,1973-09-17,11
C06167,1987-05-28,19
C06168,1953-10-18,10
C06169,2005-05-02,11
C06170,1992-02-05,11
C06171,2006-08-19,8
C06172,1964-07-11,12
C06173,2005-06-10,21
C06174,1959-11-28,14
C06175,1979-02-10,15
C06176,1974-09-14,11
C06177,1973-06-23,13
C06178,1993-12-03,11
C06179,1992-12-30,12
C06180,1986-08-22,12
C06181,1981-06-20,18
C06182,1998-05-06,6
C06183,1995-12-26,12
C06184,1947-03-01,19
C06185,2002-12-23,11
C06186,1956-06-20,9
C06187,1964-07-25,19
C06188,1990-11-30,14
C06189,1999-11-15,12
C06190,2000-03-25,12
C06191,1965-10-07,12
C06192,1965-08-09,12
C06193,1969-11-10,21
C06194,1957-05-22,11
C06195,1966-05-31,19
C06196,1998-06-07,21
C06197,2001-04-13,12
C06198,1959-07-22,12
C06199,1992-09-08,4
C06200,2005-09-22,12
C06201,1966-05-11,2
C06202,1990-03-26,11
C06203,1953-09-03,17
C06204,1967-11-01,8
C06205,1994-01-08,12
C06206,1952-02-18,11
C06207,1995-03-11,5
C06208,1989-07-08,19
C06209,1984-05-27,8
C06210,2002-12-03,12
C06211,1979-12-08,19
C06212,1997-02-10,17
C06213,1991-04-27,16
C06214,1984-04-18,5
C06215,1964-08-27,12
C06216,1959-06-24,12
C06217,2001-01-16,20
C06218,1988-03-27,20
C06219,1983-09-03,6
C06220,1992-10-02,11
C06221,1947-04-14,2
C06222,1971-01-13,20
C06223,1995-08-29,5
C06224,1986-06-24,15
C06225,1995-02-13,12
C06226,1965-03-16,19
C06227,1994-03-11,16
C06228,1954-01-30,12
C06229,1961-12-26,19
C06230,1990-01-31,21
C06231,1978-03-24,20
C06232,1958-06-08,19
C06233,1972-04-05,17
C06234,1994-02-21,19
C06235,1989-02-19,8
C06236,1950-06-12,12
C06237,1969-02-10,15
C06238,1970-03-23,8
C06239,1961-04-29,19
C06240,1953-12-01,12
C06241,1948-06-13,4
C06242,1993-08-05,1
C06243,1972-11-27,17
C06244,1963-09-25,19
C06245,1966-12-09,12
C06246,1981-04-09,5
C06247,1993-01-02,4
C06248,1956-06-06,15
C06249,1964-10-04,8
C06250,1994-04-07,16
C06251,1976-09-27,14
C06252,1995-11-06,7
C06253,1985-04-14,19
C06254,2004-11-02,12
C06255,1990-12-22,11
C06256,1974-01-28,19
C06257,1977-02-17,19
C06258,1961-12-26,12
C06259,1946-11-29,19
C06260,1999-11-05,11
C06261,1998-11-30,11
C06262,1955-10-12,20
C06263,1992-08-05,12
C06264,1956-03-11,19
C06265,1954-05-30,19
C06266,1976-10-19,19
C06267,1957-07-24,11
C06268,1995-05-15,9
C06269,1982-07-30,9
C06270,1967-05-19,19
C06271,1983-07-11,11
C06272,1955-11-13,21
C06273,2003-08-01,19
C06274,1974-02-04,18
C06275,1976-10-29,12
C06276,1968-06-05,16
C06277,1993-09-13,12
C06278,1981-12-24,11
C06279,1953-07-21,11
C06280,2001-01-26,12
C06281,1959-04-03,17
C06282,1978-06-28,11
C06283,1964-11-02,12
C06284,1966-04-14,19
C06285,1991-11-23,19
C06286,1972-06-25,16
C06287,1951-06-12,1
C06288,1991-02-24,14
C06289,1957-11-14,12
C06290,1976-07-17,19
C06291,1998-12-03,19
C06292,1990-08-17,16
C06293,1960-01-31,19
C06294,1981-10-17,17
C06295,1950-01-10,10
C06296,1949-11-11,3
C06297,1988-02-13,12
C06298,2001-01-08,12
C06299,1962-02-22,21
C06300,1990-08-18,11
C06301,1961-11-11,12
C06302,1989-11-22,21
C06303,1978-03-27,21
C06304,1967-12-04,12
C06305,1991-03-14,7
C06306,1985-02-10,12
C06307,1985-04-23,1
C06308,1981-09-16,12
C06309,1972-01-12,20
C06310,1952-03-24,12
C06311,1991-05-25,2
C06312,1974-04-25,5
C06313,1961-10-01,11
C06314,1985-08-01,11
C06315,1984-12-04,7
C06316,1951-04-21,12
C06317,1966-05-21,19
C06318,1978-01-08,17
C06319,1964-01-18,6
C06320,2005-06-03,19
C06321,1975-05-27,8
C06322,1978-12-26,11
C06323,1979-02-05,19
C06324,1985-09-01,20
C06325,1998-12-13,7
C06326,1996-11-27,17
C06327,1954-09-07,21
C06328,1988-01-10,11
C06329,1974-12-12,16
C06330,2005-01-08,6
C06331,2004-11-26,19
C06332,1961-10-10,21
C06333,1972-09-28,12
C06334,1976-02-02,12
C06335,1997-07-19,19
C06336,1970-12-14,11
C06337,2001-07-04,11
C06338,1993-06-01,11
C06339,1978-02-20,11
C06340,1991-03-21,11
C06341,1992-06-03,4
C06342,1968-12-04,12
C06343,1966-06-03,15
C06344,1948-08-06,9
C06345,1984-02-22,19
C06346,2001-10-27,6
C06347,1981-10-01,21
C06348,1960-07-19,12
C06349,1973-10-28,12
C06350,1971-04-12,12
C06351,2004-05-14,19
C06352,1980-03-04,12
C06353,2001-09-16,12
C06354,1971-09-25,19
C06355,1960-08-07,11
C06356,1953-05-31,8
C06357,1977-08-09,11
C06358,1974-09-06,19
C06359,1948-10-15,12
C06360,1968-07-09,11
C06361,2006-06-30,20
C06362,1972-01-01,7
C06363,1994-11-26,19
C06364,1980-05-19,18
C06365,1979-02-12,20
C06366,1980-03-14,19
C06367,1986-10-26,19
C06368,2000-06-08,15
C06369,1977-02-26,19
C06370,1949-05-04,11
C06371,1963-04-21,12
C06372,1990-03-02,21
C06373,1953-08-13,12
C06374,1955-02-15,7
C06375,1994-11-07,11
C06376,2002-03-11,16
C06377,1963-11-01,16
C06378,1955-07-14,19
C06379,1956-05-16,10
C06380,1960-06-19,10
C06381,1976-09-07,2
C06382,1980-05-15,12
C06383,2005-10-26,3
C06384,1992-10-29,11
C06385,1977-05-16,12
C06386,1962-05-22,20
C06387,1972-02-25,12
C06388,1968-04-24,9
C06389,1984-05-06,12
C06390,1977-05-02,11
C06391,1995-01-21,5
C06392,1989-06-07,19
C06393,1964-08-28,21
C06394,1963-12-02,5
C06395,1959-05-22,19
C06396,1983-04-28,19
C06397,1974-08-27,21
C06398,1990-10-04,12
C06399,1984-06-23,12
C06400,1950-06-30,19
C06401,1968-08-22,9
C06402,1955-12-30,12
C06403,1992-07-30,12
C06404,1953-04-17,19
C06405,2002-05-06,5
C06406,1955-08-27,11
C06407,1991-02-24,19
C06408,1983-01-27,12
C06409,1975-09-22,21
C06410,1950-11-28,7
C06411,2002-12-30,21
C06412,1985-11-21,2
C06413,1957-02-27,5
C06414,1989-07-08,19
C06415,1995-09-07,14
C06416,1988-09-17,14
C06417,1989-09-29,12
C06418,1948-03-10,19
C06419,1968-05-04,7
C06420,1975-05-10,8
C06421,1957-03-20,19
C06422,1972-11-12,16
C06423,2005-01-04,12
C06424,1985-05-08,12
C06425,1983-06-22,12
C06426,1993-04-12,19
C06427,1950-05-06,12
C06428,1970-08-30,5
C06429,1991-07-05,5
C06430,1978-03-16,13
C06431,1968-08-08,12
C06432,1948-10-31,9
C06433,1959-12-03,12
C06434,1979-02-14,12
C06435,1969-02-05,11
C06436,1977-02-15,19
C06437,1981-07-22,12
C06438,1993-01-01,11
C06439,1994-07-08,14
C06440,1974-05-01,19
C06441,1989-07-29,20
C06442,2005-08-03,20
C06443,1971-05-15,7
C06444,2003-07-12,11
C06445,1975-11-15,15
C06446,1971-11-07,12
C06447,1961-08-27,5
C06448,1977-03-22,18
C06449,2005-11-13,7
C06450,1973-08-28,11
C06451,1949-07-28,19
C06452,1950-05-29,12
C06453,1988-04-26,9
C06454,1985-07-25,13
C06455,1947-10-05,12
C06456,1994-10-09,12
C06457,1978-05-06,9
C06458,1987-01-12,12
C06459,2003-12-26,5
C06460,1982-09-25,11
C06461,1985-05-19,12
C06462,1964-11-10,13
C06463,1951-10-18,12
C06464,1985-03-14,7
C06465,1947-05-27,14
C06466,2005-12-03,19
C06467,1976-09-14,21
C06468,2004-03-21,7
C06469,1961-09-04,19
C06470,1970-06-01,11
C06471,1963-11-14,11
C06472,1949-04-13,18
C06473,1971-09-03,12
C06474,1951-11-18,10
C06475,1965-04-16,4
C06476,1957-02-01,13
C06477,1976-07-15,4
C06478,1993-10-25,19
C06479,1978-04-22,17
C06480,1996-06-16,19
C06481,1978-11-13,19
C06482,1974-12-21,12
C06483,1980-08-08,11
C06484,2002-11-23,12
C06485,1994-01-05,21
C06486,1974-10-26,10
C06487,1950-04-03,12
C06488,1984-05-27,19
C06489,1989-11-18,12
C06490,1968-12-02,12
C06491,1978-06-03,11
C06492,1982-12-17,12
C06493,1987-04-19,16
C06494,1995-12-02,12
C06495,1961-03-23,12
C06496,1997-10-17,12
C06497,1988-08-04,21
C06498,2005-07-23,12
C06499,1993-11-16,11
C06500,1964-02-22,11
C06501,1992-04-17,12
C06502,1996-02-18,14
C06503,1973-10-26,20
C06504,2006-03-07,11
C06505,1996-10-16,1
C06506,1961-01-14,19
C06507,1970-11-01,19
C06508,1960-07-16,19
C06509,1960-01-13,20
C06510,1966-10-08,12
C06511,2003-02-06,12
C06512,1967-12-12,7
C06513,1948-01-21,18
C06514,1948-03-11,12
C06515,1972-03-05,11
C06516,1998-11-13,19
C06517,1951-04-24,11
C06518,1969-11-20,14
C06519,1959-01-13,21
C06520,1993-11-17,12
C06521,2000-09-12,13
C06522,1998-08-20,12
C06523,1965-01-11,19
C06524,1997-04-12,4
C06525,2005-03-03,19
C06526,1961-08-22,19
C06527,2002-08-13,11
C06528,1949-03-22,12
C06529,1987-07-28,12
C06530,1959-04-17,21
C06531,1973-04-04,19
C06532,1958-11-29,16
C06533,1960-03-26,1
C06534,2001-11-06,7
C06535,2006-07-14,11
C06536,1993-10-28,3
C06537,1966-06-03,19
C06538,1959-03-20,19
C06539,1976-07-01,15
C06540,1976-10-25,19
C06541,2000-10-07,1
C06542,1957-01-26,6
C06543,1948-07-15,19
C06544,1985-07-19,3
C06545,1972-12-16,11
C06546,2000-11-13,20
C06547,1979-04-10,1
C06548,1974-02-11,11
C06549,1996-06-27,13
C06550,1987-04-11,18
C06551,1982-01-10,11
C06552,1980-04-23,11
C06553,1978-09-15,2
C06554,2003-05-24,17
C06555,1970-08-02,20
C06556,1971-01-29,12
C06557,1985-04-04,1
C06558,2004-01-08,21
C06559,1965-08-13,12
C06560,1949-09-11,4
C06561,1994-09-17,4
C06562,1983-09-25,11
C06563,2001-04-10,12
C06564,1977-07-09,12
C06565,1992-07-11,1
C06566,1982-09-28,12
C06567,1964-09-24,5
C06568,1981-04-27,5
C06569,1984-03-25,4
C06570,1989-01-02,12
C06571,1978-02-28,7
C06572,2003-01-03,18
C06573,2005-01-11,11
C06574,1948-01-18,12
C06575,2003-06-02,12
C06576,1964-07-10,20
C06577,1961-03-14,19
C06578,1984-04-12,2
C06579,1983-01-07,12
C06580,1973-06-05,19
C06581,1957-02-15,19
C06582,1957-11-17,12
C06583,1968-05-10,16
C06584,1993-03-21,11
C06585,1964-08-09,4
C06586,1982-02-05,18
C06587,1972-03-25,21
C06588,2003-05-30,11
C06589,1995-02-12,1
C06590,1969-04-11,19
C06591,1977-10-19,5
C06592,1983-01-14,15
C06593,1983-09-13,12
C06594,1949-11-15,19
C06595,1971-06-27,21
C06596,1989-02-08,12
C06597,1992-02-03,15
C06598,2000-07-16,12
C06599,1959-11-10,12
C06600,1974-05-02,12
C06601,1975-11-02,8
C06602,1975-10-16,21
C06603,1987-11-29,19
C06604,1960-11-25,19
C06605,1975-06-07,21
C06606,1994-01-05,1
C06607,2000-05-29,12
C06608,1980-06-04,19
C06609,1961-08-27,9
C06610,1987-10-17,12
C06611,1955-10-31,12
C06612,1966-09-22,21
C06613,1998-03-30,19
C06614,2003-07-31,12
C06615,1991-12-03,14
C06616,1965-07-27,12
C06617,1994-09-30,16
C06618,1990-02-05,19
C06619,1975-04-22,12
C06620,1969-12-11,12
C06621,1998-07-08,18
C06622,1991-08-28,12
C06623,1977-05-14,10
C06624,1980-11-21,13
C06625,1958-03-18,12
C06626,1993-08-22,19
C06627,1949-06-02,5
C06628,1964-02-02,10
C06629,1976-04-21,15
C06630,1963-10-09,3
C06631,1987-07-07,19
C06632,1995-02-26,20
C06633,1964-02-24,11
C06634,1975-02-19,14
C06635,1968-03-11,12
C06636,1986-12-06,13
C06637,1948-11-26,18
C06638,1972-01-29,7
C06639,1995-11-27,13
C06640,1976-08-29,20
C06641,1963-07-05,12
C06642,1962-09-03,5
C06643,1980-04-07,2
C06644,1956-05-14,8
C06645,1989-02-07,14
C06646,1990-05-18,11
C06647,1955-10-18,19
C06648,1958-05-05,11
C06649,1967-09-02,12
C06650,1956-09-16,12
C06651,1999-08-17,19
C06652,1950-06-29,9
C06653,1988-02-10,15
C06654,1999-06-01,19
C06655,1995-07-02,5
C06656,1990-12-09,4
C06657,1996-01-27,12
C06658,1988-06-23,12
C06659,2001-06-10,19
C06660,1991-04-21,12
C06661,1977-03-23,19
C06662,1987-08-05,10
C06663,1981-10-14,2
C06664,1965-03-29,5
C06665,1949-07-16,4
C06666,1968-06-23,12
C06667,1982-12-31,11
C06668,1968-07-27,3
C06669,1995-01-12,21
C06670,1996-12-25,12
C06671,1987-02-21,4
C06672,1955-12-21,19
C06673,1994-02-03,19
C06674,2002-07-14,12
C06675,1998-11-06,7
C06676,1955-12-11,17
C06677,1970-01-25,19
C06678,1994-09-05,5
C06679,1973-12-23,4
C06680,1978-09-28,11
C06681,1963-09-24,5
C06682,1993-06-03,21
C06683,1957-04-01,7
C06684,1987-04-30,19
C06685,1966-08-09,21
C06686,2004-07-12,11
C06687,1987-03-24,13
C06688,1991-02-20,12
C06689,1972-07-28,11
C06690,2002-01-22,12
C06691,1968-03-05,4
C06692,2000-10-03,21
C06693,1964-11-19,5
C06694,1946-10-11,14
C06695,1981-03-10,14
C06696,1964-02-23,7
C06697,1962-09-06,17
C06698,1989-12-25,9
C06699,1952-01-05,20
C06700,1986-12-22,12
C06701,1975-12-08,12
C06702,1962-11-05,15
C06703,1985-07-03,11
C06704,1986-06-24,11
C06705,1977-06-04,14
C06706,1956-04-15,12
C06707,1947-05-29,11
C06708,1977-12-05,2
C06709,1970-09-21,12
C06710,1946-11-30,17
C06711,1993-08-24,13
C06712,1997-08-17,11
C06713,1964-07-13,12
C06714,1955-06-27,3
C06715,1954-01-09,12
C06716,1991-05-03,12
C06717,1992-09-27,16
C06718,1991-05-19,19
C06719,1999-08-29,19
C06720,1984-02-01,12
C06721,1971-01-06,17
C06722,2006-03-08,11
C06723,1955-12-08,18
C06724,1987-03-22,12
C06725,1976-08-07,13
C06726,1999-04-14,10
C06727,1981-10-26,3
C06728,1992-07-25,4
C06729,1955-12-11,21
C06730,1960-07-30,11
C06731,1974-04-08,18
C06732,1996-01-31,5
C06733,1949-06-17,19
C06734,1987-10-12,12
C06735,1998-05-05,12
C06736,1974-10-01,12
C06737,1948-02-10,11
C06738,2004-06-29,15
C06739,1999-08-04,7
C06740,1956-07-19,11
C06741,1993-03-12,15
C06742,2001-05-08,14
C06743,1977-05-07,2
C06744,1961-06-04,16
C06745,1981-02-23,12
C06746,1958-10-17,12
C06747,1969-03-07,12
C06748,2002-11-09,19
C06749,1958-11-04,12
C06750,1986-01-27,19
C06751,1987-11-16,1
C06752,1974-04-21,18
C06753,1990-09-21,20
C06754,1994-03-20,16
C06755,2003-10-08,14
C06756,1981-06-04,12
C06757,1951-01-26,12
C06758,1980-10-01,8
C06759,1954-09-21,11
C06760,1991-04-09,16
C06761,1983-06-28,20
C06762,1993-09-23,12
C06763,2001-09-03,15
C06764,1990-07-06,12
C06765,1970-04-27,12
C06766,1959-10-27,18
C06767,1956-03-25,16
C06768,1998-04-27,12
C06769,1954-06-25,20
C06770,1991-06-11,18
C06771,1992-03-10,12
C06772,1947-12-12,13
C06773,1967-11-29,19
C06774,1991-12-05,20
C06775,1986-11-18,7
C06776,1983-01-27,12
C06777,1967-03-03,19
C06778,1979-04-16,19
C06779,1951-05-26,11
C06780,2003-07-21,12
C06781,1982-06-02,18
C06782,1974-12-16,19
C06783,1980-11-28,2
C06784,1985-11-12,17
C06785,1964-08-26,15
C06786,1961-06-01,16
C06787,1954-06-16,16
C06788,1954-09-29,19
C06789,1960-09-28,19
C06790,1972-10-11,19
C06791,1950-10-09,19
C06792,1988-10-02,12
C06793,1990-01-06,7
C06794,1985-04-05,12
C06795,1978-12-17,13
C06796,1991-02-11,12
C06797,1952-07-09,17
C06798,1989-09-01,11
C06799,1995-09-21,12
C06800,1979-02-12,5
C06801,2002-03-29,12
C06802,1993-02-27,15
C06803,1995-01-06,21
C06804,1980-04-30,21
C06805,1990-11-13,2
C06806,1955-07-06,11
C06807,1968-03-25,2
C06808,1985-04-16,8
C06809,1986-01-22,21
C06810,1985-08-07,11
C06811,1967-12-14,12
C06812,2003-11-13,12
C06813,2003-07-08,12
C06814,1956-09-26,20
C06815,1979-09-06,19
C06816,1998-09-26,12
C06817,1998-06-13,13
C06818,1954-05-01,6
C06819,1960-02-26,12
C06820,1968-03-23,11
C06821,1979-06-09,11
C06822,1975-04-07,19
C06823,1960-03-05,14
C06824,1961-07-09,17
C06825,1992-03-10,8
C06826,1961-01-21,13
C06827,1996-05-08,21
C06828,1999-02-21,7
C06829,1965-04-29,12
C06830,1984-01-02,17
C06831,1957-05-21,12
C06832,1997-09-05,2
C06833,1980-07-28,8
C06834,1953-09-18,14
C06835,1952-02-24,12
C06836,2000-12-15,11
C06837,1982-02-27,19
C06838,1973-05-16,4
C06839,2001-01-02,19
C06840,1961-07-30,11
C06841,1961-04-19,12
C06842,1995-08-11,17
C06843,1998-08-24,4
C06844,1995-06-03,7
C06845,1957-09-09,12
C06846,1995-06-01,19
C06847,1981-12-15,15
C06848,1984-09-14,11
C06849,1978-03-17,8
C06850,2005-03-29,18
C06851,1994-02-19,12
C06852,1959-12-03,1
C06853,1953-04-24,12
C06854,1966-10-19,12
C06855,2006-08-07,6
C06856,1983-08-31,11
C06857,1964-03-19,15
C06858,1984-07-08,11
C06859,1958-07-05,20
C06860,1968-08-16,11
C06861,2005-02-02,12
C06862,1958-08-17,4
C06863,1958-09-03,12
C06864,2004-04-21,11
C06865,1979-12-14,11
C06866,1983-12-16,12
C06867,1990-06-14,12
C06868,1994-05-13,19
C06869,1975-01-08,13
C06870,1959-05-18,8
C06871,1976-03-25,11
C06872,1996-06-21,7
C06873,1972-03-22,19
C06874,1987-05-24,2
C06875,1949-01-03,12
C06876,1984-01-27,19
C06877,1997-02-24,21
C06878,1995-05-01,5
C06879,1966-07-04,11
C06880,1985-02-28,21
C06881,1962-10-13,12
C06882,1998-10-22,11
C06883,1982-02-06,12
C06884,1975-04-26,12
C06885,1949-07-19,10
C06886,1952-01-15,21
C06887,1998-09-28,5
C06888,1990-06-26,14
C06889,1995-07-25,2
C06890,1978-02-01,13
C06891,1981-05-29,7
C06892,1956-05-07,5
C06893,1950-12-16,2
C06894,1986-01-03,20
C06895,1976-02-23,14
C06896,1959-12-13,20
C06897,1960-09-15,19
C06898,2004-01-02,10
C06899,1990-07-03,17
C06900,1986-03-30,11
C06901,1996-05-09,19
C06902,1997-02-03,11
C06903,2005-06-27,5
C06904,1961-10-05,12
C06905,1987-01-04,12
C06906,2006-01-01,12
C06907,1996-11-11,16
C06908,1948-09-20,12
C06909,1952-08-02,12
C06910,1976-07-15,21
C06911,1987-11-10,5
C06912,1951-10-22,6
C06913,2001-06-21,19
C06914,1998-04-28,13
C06915,1989-09-26,6
C06916,1992-05-05,12
C06917,1989-08-17,10
C06918,1955-07-05,12
C06919,1975-01-14,19
C06920,1990-10-08,12
C06921,1954-01-25,17
C06922,2005-11-30,12
C06923,1994-06-24,12
C06924,1980-02-19,4
C06925,1973-09-14,12
C06926,2004-04-06,15
C06927,1982-05-03,19
C06928,1965-05-30,5
C06929,1965-12-18,7
C06930,1966-10-05,17
C06931,1981-11-28,2
C06932,2000-06-22,3
C06933,1989-09-15,12
C06934,2001-09-10,14
C06935,1948-03-15,12
C06936,1972-09-13,11
C06937,1984-02-14,2
C06938,1964-02-12,19
C06939,1981-07-22,15
C06940,1986-12-13,11
C06941,1950-08-15,21
C06942,1956-02-11,19
C06943,1969-09-23,15
C06944,2004-12-16,19
C06945,1977-03-27,12
C06946,1965-09-15,5
C06947,1992-12-31,7
C06948,1991-11-30,12
C06949,1961-08-25,19
C06950,2001-12-30,14
C06951,1961-11-29,4
C06952,1979-06-08,13
C06953,1983-01-27,11
C06954,2006-01-25,20
C06955,1961-01-04,8
C06956,1990-09-12,20
C06957,1975-08-29,19
C06958,1967-06-07,17
C06959,1965-10-27,21
C06960,1949-08-02,12
C06961,1973-09-30,1
C06962,1990-04-21,15
C06963,1949-02-02,11
C06964,1970-03-09,14
C06965,1989-01-20,12
C06966,1999-07-06,21
C06967,1948-11-20,19
C06968,1988-10-01,12
C06969,1968-05-01,21
C06970,1979-04-30,12
C06971,2000-04-17,19
C06972,1973-02-22,2
C06973,2004-04-06,11
C06974,1982-10-01,12
C06975,1977-12-29,12
C06976,1988-07-24,1
C06977,1963-11-06,5
C06978,1954-09-24,11
C06979,1964-12-09,17
C06980,2005-05-23,6
C06981,1994-10-03,12
C06982,1972-01-11,12
C06983,1950-10-14,7
C06984,1957-08-15,8
C06985,1947-03-24,5
C06986,1985-05-08,19
C06987,1987-09-25,12
C06988,1974-08-05,15
C06989,1992-10-25,5
C06990,2002-08-19,10
C06991,1949-10-02,19
C06992,1999-04-23,19
C06993,1995-06-28,12
C06994,1991-12-03,19
C06995,1953-01-26,12
C06996,1981-07-20,19
C06997,1969-09-30,12
C06998,1955-04-15,12
C06999,1989-12-14,12
C07000,1974-11-03,12
C07001,2005-10-22,21
C07002,1998-10-18,10
C07003,1947-04-05,7
C07004,1967-03-05,19
C07005,1986-04-29,12
C07006,1983-05-05,11
C07007,1972-09-21,12
C07008,2004-01-10,12
C07009,1994-06-18,12
C07010,1997-12-06,1
C07011,1995-05-13,12
C07012,1956-08-01,4
C07013,1984-07-06,11
C07014,1996-02-19,18
C07015,1978-04-06,10
C07016,1959-11-23,19
C07017,1995-08-21,4
C07018,2004-01-19,12
C07019,1988-06-26,20
C07020,1963-04-23,14
C07021,1973-08-01,11
C07022,1955-08-30,19
C07023,1956-10-30,4
C07024,1969-07-11,4
C07025,1979-01-29,12
C07026,1972-10-17,7
C07027,2006-04-06,15
C07028,1950-02-01,19
C07029,1988-09-01,12
C07030,2001-05-17,11
C07031,1962-05-04,20
C07032,1987-04-25,19
C07033,1973-11-14,8
C07034,1972-05-26,19
C07035,1988-04-14,11
C07036,1952-07-16,4
C07037,1982-08-17,5
C07038,1987-09-20,8
C07039,1972-10-29,2
C07040,1963-04-11,12
C07041,1965-08-23,4
C07042,1982-07-29,19
C07043,1963-11-27,6
C07044,1997-12-24,14
C07045,1954-02-03,19
C07046,1986-08-27,20
C07047,1969-02-19,19
C07048,2004-04-04,12
C07049,1995-01-03,13
C07050,1977-04-26,11
C07051,1958-04-10,11
C07052,1979-02-27,19
C07053,1953-10-06,7
C07054,1977-10-31,18
C07055,1974-05-03,1
C07056,1992-06-02,12
C07057,1959-06-16,12
C07058,1992-07-17,19
C07059,1948-09-28,11
C07060,1953-09-03,11
C07061,1955-10-03,15
C07062,1977-01-08,7
C07063,1966-10-21,10
C07064,1968-11-01,6
C07065,1999-11-16,12
C07066,1975-09-26,4
C07067,2004-01-15,19
C07068,1981-01-03,11
C07069,1995-06-12,5
C07070,1996-09-26,18
C07071,1987-09-13,16
C07072,1982-10-29,11
C07073,1961-11-26,12
C07074,2005-12-25,19
C07075,1978-08-06,12
C07076,1998-11-07,19
C07077,1975-11-02,20
C07078,1967-05-28,7
C07079,1975-06-22,12
C07080,1971-02-10,19
C07081,1987-05-06,21
C07082,1969-10-11,14
C07083,1990-03-03,19
C07084,1980-08-16,16
C07085,1963-03-07,19
C07086,2004-09-15,11
C07087,1969-05-06,5
C07088,1977-11-22,12
C07089,1987-06-04,20
C07090,1998-02-07,5
C07091,1998-08-13,16
C07092,1957-01-14,10
C07093,1961-11-19,7
C07094,1993-08-20,10
C07095,1983-03-31,16
C07096,1975-10-21,19
C07097,1951-08-21,21
C07098,2002-10-04,19
C07099,1998-10-03,14
C07100,1955-10-27,19
C07101,2005-08-12,12
C07102,1998-07-05,19
C07103,1958-09-26,16
C07104,1975-09-21,14
C07105,1986-01-25,19
C07106,2004-11-21,13
C07107,2006-04-12,19
C07108,1994-07-24,19
C07109,1956-02-15,12
C07110,1990-11-06,5
C07111,1969-10-05,18
C07112,1946-11-17,9
C07113,1987-11-25,19
C07114,1995-08-02,19
C07115,1973-05-05,14
C07116,1952-06-01,17
C07117,1957-08-25,11
C07118,2005-01-04,7
C07119,1969-10-21,12
C07120,1981-08-31,11
C07121,1951-10-31,19
C07122,2001-03-30,19
C07123,1977-01-01,19
C07124,1947-12-12,15
C07125,1985-02-25,1
C07126,1973-03-15,11
C07127,2005-10-29,10
C07128,1984-01-01,16
C07129,1991-01-13,8
C07130,1957-03-24,19
C07131,1986-03-13,14
C07132,1976-07-20,12
C07133,1968-03-04,19
C07134,2001-07-14,1
C07135,1979-01-13,12
C07136,1962-09-05,19
C07137,1946-12-07,17
C07138,1968-09-02,17
C07139,1967-10-23,5
C07140,1998-07-25,11
C07141,1948-08-21,12
C07142,1997-04-02,15
C07143,1963-02-17,6
C07144,1987-10-12,4
C07145,1953-06-22,19
C07146,1963-08-18,12
C07147,1971-05-18,8
C07148,1997-07-22,8
C07149,1983-04-22,4
C07150,1977-09-16,12
C07151,1966-10-20,11
C07152,1997-09-29,12
C07153,1949-06-10,19
C07154,1960-06-15,15
C07155,1981-12-06,19
C07156,1959-09-24,15
C07157,1979-12-15,5
C07158,1981-03-11,12
C07159,1988-09-18,9
C07160,1972-01-30,16
C07161,1971-08-16,13
C07162,1987-12-14,12
C07163,1971-06-01,9
C07164,1967-09-23,7
C07165,1969-07-17,11
C07166,2006-04-28,11
C07167,1961-09-05,10
C07168,1973-10-08,19
C07169,1983-03-16,12
C07170,1995-06-10,19
C07171,1981-03-24,20
C07172,1957-12-02,4
C07173,1982-03-09,3
C07174,1971-05-11,21
C07175,1997-12-07,18
C07176,1978-09-20,19
C07177,1960-07-07,11
C07178,1971-08-28,12
C07179,1995-12-08,19
C07180,1974-09-14,12
C07181,1996-04-21,12
C07182,1982-11-28,21
C07183,1963-03-12,7
C07184,1970-01-22,11
C07185,1999-09-11,21
C07186,1952-10-27,12
C07187,1981-05-18,12
C07188,1987-05-01,12
C07189,1980-12-11,1
C07190,1975-08-29,12
C07191,1973-08-20,13
C07192,1975-11-26,11
C07193,1979-12-04,14
C07194,1996-08-25,14
C07195,1953-01-10,20
C07196,1979-04-25,11
C07197,1992-09-25,18
C07198,1964-06-12,11
C07199,1947-08-04,4
C07200,1949-03-12,14
C07201,1985-02-23,19
C07202,1994-06-15,11
C07203,1971-10-03,17
C07204,1996-04-04,8
C07205,1959-06-10,18
C07206,1995-02-19,11
C07207,1997-10-18,19
C07208,1981-11-03,2
C07209,1987-04-03,10
C07210,1953-12-24,19
C07211,1975-07-16,21
C07212,1995-08-10,13
C07213,1984-05-21,21
C07214,1972-06-28,12
C07215,1998-11-22,12
C07216,1979-08-22,5
C07217,1980-01-04,20
C07218,1970-11-05,12
C07219,1952-04-01,11
C07220,1956-02-07,7
C07221,1956-01-29,4
C07222,1992-08-01,12
C07223,1994-03-14,11
C07224,1985-11-29,16
C07225,1956-02-08,21
C07226,1961-01-24,19
C07227,1950-09-08,2
C07228,1995-09-08,12
C07229,1955-01-28,10
C07230,1982-04-19,20
C07231,2006-02-02,12
C07232,1984-11-05,21
C07233,2002-11-20,19
C07234,1973-07-03,2
C07235,1991-08-02,12
C07236,1973-10-01,19
C07237,1979-03-30,14
C07238,1948-09-08,15
C07239,1971-06-23,19
C07240,1989-09-18,11
C07241,1947-08-30,19
C07242,1955-10-11,2
C07243,1997-02-07,9
C07244,1979-07-14,19
C07245,1982-10-10,12
C07246,2002-03-04,19
C07247,1968-10-23,19
C07248,1960-06-07,1
C07249,1993-12-10,15
C07250,1948-07-12,11
C07251,1947-01-11,17
C07252,1956-12-06,12
C07253,1983-08-18,12
C07254,1960-12-27,18
C07255,1981-09-29,18
C07256,1979-05-25,11
C07257,2002-02-02,16
C07258,2005-01-31,19
C07259,1969-04-30,10
C07260,1987-12-12,11
C07261,1998-08-11,12
C07262,1993-07-15,11
C07263,1971-05-07,10
C07264,2002-12-21,7
C07265,1953-08-24,16
C07266,2006-08-22,15
C07267,1996-03-29,1
C07268,1990-11-20,11
C07269,1976-03-19,5
C07270,1984-08-29,19
C07271,1987-02-01,12
C07272,1957-08-01,17
C07273,1971-06-10,5
C07274,2006-05-29,17
C07275,1984-07-18,19
C07276,1948-10-09,1
C07277,1987-08-05,11
C07278,1993-12-07,20
C07279,1962-08-24,21
C07280,1980-03-25,16
C07281,1977-10-10,11
C07282,2001-12-07,16
C07283,1991-10-08,2
C07284,1972-09-13,19
C07285,1999-08-05,11
C07286,1976-08-18,5
C07287,1975-06-09,18
C07288,1989-09-06,11
C07289,1961-01-10,19
C07290,1960-07-21,15
C07291,1961-11-04,11
C07292,2002-10-28,11
C07293,2001-04-07,12
C07294,1972-02-09,14
C07295,1995-07-17,4
C07296,1946-12-22,18
C07297,1992-07-12,12
C07298,1975-11-30,2
C07299,1986-06-08,12
C07300,1965-02-23,11
C07301,1995-01-04,12
C07302,1990-10-19,16
C07303,1982-06-09,16
C07304,1957-08-14,5
C07305,2003-10-11,9
C07306,1959-06-21,11
C07307,1954-11-06,19
C07308,1988-09-09,12
C07309,1966-05-15,1
C07310,2005-12-20,19
C07311,1952-08-02,9
C07312,1979-10-25,12
C07313,1990-04-20,11
C07314,1986-06-17,19
C07315,2004-06-09,10
C07316,1961-06-20,12
C07317,2004-12-30,11
C07318,1965-05-04,11
C07319,1988-07-25,14
C07320,1950-07-25,19
C07321,1999-11-27,12
C07322,1974-06-04,13
C07323,1978-09-07,15
C07324,1968-03-13,11
C07325,2005-01-03,10
C07326,2000-10-13,9
C07327,2001-04-11,11
C07328,1969-07-15,13
C07329,1996-07-12,14
C07330,1975-08-16,17
C07331,1993-07-04,19
C07332,1957-01-27,21
C07333,1952-10-29,19
C07334,1974-06-14,16
C07335,1991-01-24,12
C07336,1998-10-24,14
C07337,2006-05-24,12
C07338,1987-11-05,2
C07339,1965-11-26,12
C07340,1978-02-15,21
C07341,1949-05-10,11
C07342,1983-03-02,19
C07343,1970-07-22,20
C07344,1976-06-10,8
C07345,1978-12-12,11
C07346,1981-11-11,16
C07347,1978-05-30,13
C07348,1980-05-27,14
C07349,1964-06-29,19
C07350,1952-02-29,19
C07351,1984-02-03,8
C07352,2006-04-07,12
C07353,1972-02-11,19
C07354,1976-05-09,19
C07355,2001-07-27,2
C07356,1965-09-30,18
C07357,1954-11-09,12
C07358,1947-05-16,20
C07359,1999-09-20,12
C07360,1952-12-20,2
C07361,1963-12-31,19
C07362,1973-08-21,11
C07363,1972-06-23,19
C07364,1949-04-25,12
C07365,1978-07-23,12
C07366,1987-11-18,21
C07367,1974-05-05,20
C07368,1980-11-27,11
C07369,1994-05-05,12
C07370,1955-09-10,20
C07371,1965-06-22,12
C07372,1962-11-15,20
C07373,1992-05-22,11
C07374,1975-08-12,11
C07375,2000-04-03,14
C07376,2006-05-06,4
C07377,1981-07-05,12
C07378,1985-08-07,12
C07379,1976-10-22,19
C07380,1998-07-24,18
C07381,1986-10-16,12
C07382,1992-05-25,19
C07383,1952-02-29,19
C07384,1976-06-18,5
C07385,1962-06-06,11
C07386,1986-07-11,21
C07387,2000-12-09,7
C07388,1960-07-30,19
C07389,1989-02-18,12
C07390,1988-06-23,5
C07391,1966-03-11,13
C07392,2003-06-17,11
C07393,1950-04-25,11
C07394,1973-05-03,2
C07395,1990-08-05,5
C07396,2006-04-04,12
C07397,1999-12-30,12
C07398,1953-07-20,19
C07399,1964-11-23,11
C07400,1993-03-20,19
C07401,2005-03-18,11
C07402,1964-07-18,20
C07403,1972-02-01,17
C07404,1982-10-25,12
C07405,1983-11-26,19
C07406,2000-07-03,12
C07407,1964-06-08,11
C07408,1958-10-22,11
C07409,1998-09-28,19
C07410,1973-08-11,7
C07411,1982-09-25,20
C07412,1983-08-23,21
C07413,1998-03-18,21
C07414,1949-10-28,12
C07415,1974-10-06,19
C07416,1974-08-19,12
C07417,1987-05-21,7
C07418,2000-11-29,14
C07419,1993-02-04,12
C07420,1965-11-06,12
C07421,1999-01-28,12
C07422,1969-01-08,11
C07423,1981-11-01,11
C07424,1991-04-29,14
C07425,1974-08-04,19
C07426,1990-07-01,21
C07427,2001-06-24,7
C07428,1984-11-25,15
C07429,1963-03-31,11
C07430,1966-06-20,16
C07431,1983-10-14,7
C07432,1973-09-24,20
C07433,1992-12-23,19
C07434,1995-07-08,4
C07435,2006-05-18,16
C07436,1947-03-19,12
C07437,1992-11-06,12
C07438,2001-03-03,19
C07439,1986-02-09,9
C07440,1993-10-08,20
C07441,1962-06-11,12
C07442,2005-11-27,20
C07443,1997-10-09,12
C07444,1970-02-20,13
C07445,1982-11-27,16
C07446,1962-10-21,12
C07447,1973-09-15,7
C07448,1999-08-13,12
C07449,1967-02-08,18
C07450,1999-09-15,19
C07451,1979-02-10,15
C07452,1991-04-22,11
C07453,1988-03-07,7
C07454,1977-01-19,12
C07455,1950-08-10,13
C07456,1960-01-24,11
C07457,1979-02-07,19
C07458,1986-09-10,12
C07459,1996-08-13,12
C07460,1994-11-19,12
C07461,1972-09-22,7
C07462,1988-08-29,12
C07463,1956-11-08,12
C07464,1989-11-04,12
C07465,1986-08-14,18
C07466,1988-04-11,12
C07467,1957-01-01,20
C07468,1965-04-27,1
C07469,1975-10-24,19
C07470,1983-11-18,12
C07471,1956-04-27,5
C07472,2004-10-18,13
C07473,1948-08-23,12
C07474,1974-07-13,4
C07475,1988-01-11,5
C07476,1974-11-21,14
C07477,1969-09-05,8
C07478,2005-12-17,7
C07479,1949-03-05,19
C07480,1983-06-21,5
C07481,1982-11-05,12
C07482,1996-06-14,12
C07483,1989-11-04,11
C07484,1973-11-05,11
C07485,1981-11-18,11
C07486,1966-04-22,19
C07487,1985-09-05,19
C07488,1949-02-12,7
C07489,1981-05-07,2
C07490,1958-11-23,12
C07491,2001-09-05,5
C07492,1982-08-07,6
C07493,1990-12-28,11
C07494,1981-06-16,11
C07495,1958-06-03,12
C07496,2002-03-15,20
C07497,2003-08-15,7
C07498,1949-04-20,19
C07499,1997-05-17,12
C07500,1966-05-14,12
C07501,1979-10-01,21
C07502,1957-03-05,13
C07503,1995-08-23,2
C07504,1993-02-12,2
C07505,1975-12-26,11
C07506,1950-01-30,12
C07507,1981-09-14,12
C07508,1988-08-04,19
C07509,1979-05-04,12
C07510,1953-06-12,19
C07511,1955-04-22,12
C07512,1951-08-08,19
C07513,2001-12-20,18
C07514,1996-08-24,11
C07515,1975-05-29,20
C07516,1947-08-25,15
C07517,1984-08-01,19
C07518,1997-05-18,11
C07519,1969-08-10,14
C07520,2004-03-02,18
C07521,1990-08-18,19
C07522,1974-03-30,15
C07523,1981-06-26,11
C07524,1964-08-22,12
C07525,1989-09-08,10
C07526,1972-09-12,12
C07527,1980-05-06,4
C07528,1972-04-22,12
C07529,1963-06-07,7
C07530,1996-03-08,1
C07531,2001-01-23,17
C07532,1997-05-07,2
C07533,1992-06-28,20
C07534,1973-06-08,7
C07535,1949-05-25,12
C07536,1966-04-10,19
C07537,1965-03-10,8
C07538,1987-10-25,19
C07539,1990-09-13,15
C07540,1986-09-22,1
C07541,2000-08-02,19
C07542,2002-12-16,18
C07543,1981-06-20,17
C07544,1952-03-02,5
C07545,1994-11-14,19
C07546,2002-11-10,11
C07547,1970-07-23,12
C07548,1999-04-02,12
C07549,1947-09-14,12
C07550,1963-09-04,12
C07551,1947-03-19,12
C07552,1983-08-26,18
C07553,1969-12-23,11
C07554,1978-11-01,9
C07555,1962-09-12,8
C07556,1981-08-02,11
C07557,2000-08-15,12
C07558,1979-11-22,13
C07559,1972-06-15,18
C07560,1948-01-20,19
C07561,1969-01-15,11
C07562,1962-05-18,11
C07563,1999-04-28,14
C07564,1961-10-04,11
C07565,1980-05-08,5
C07566,1954-08-28,19
C07567,1953-09-25,12
C07568,2005-05-29,20
C07569,1946-10-19,21
C07570,2002-01-09,11
C07571,1983-01-07,5
C07572,1975-03-10,11
C07573,1997-08-24,11
C07574,1965-03-21,12
C07575,2005-11-12,1
C07576,2000-08-14,13
C07577,1976-06-11,12
C07578,1963-06-26,12
C07579,1949-06-05,5
C07580,1966-07-04,12
C07581,1970-04-18,12
C07582,1990-12-02,11
C07583,2003-06-07,4
C07584,1999-06-26,15
C07585,1977-06-01,4
C07586,1965-01-14,5
C07587,1981-12-18,8
C07588,1961-12-28,19
C07589,1979-06-09,14
C07590,2006-06-05,12
C07591,1991-12-20,21
C07592,1949-12-12,13
C07593,1967-11-04,19
C07594,1951-11-27,11
C07595,1999-10-08,12
C07596,1958-09-24,4
C07597,1997-01-10,5
C07598,2004-01-04,11
C07599,1957-08-14,17
C07600,1987-12-11,12
C07601,1962-04-10,15
C07602,1998-12-12,7
C07603,1976-07-26,19
C07604,1954-01-16,17
C07605,1987-09-22,11
C07606,1962-12-29,12
C07607,1996-02-08,12
C07608,1967-07-01,21
C07609,1989-02-09,15
C07610,1996-12-14,13
C07611,1987-05-04,21
C07612,1998-06-29,15
C07613,1950-02-13,12
C07614,1986-01-11,18
C07615,1999-03-10,14
C07616,1981-09-22,12
C07617,1991-08-15,12
C07618,1965-06-25,16
C07619,1955-04-22,11
C07620,1988-04-24,14
C07621,1952-10-03,11
C07622,1980-03-25,19
C07623,2001-06-28,21
C07624,1968-10-24,19
C07625,1975-08-13,14
C07626,1962-09-23,12
C07627,1959-09-20,11
C07628,1986-02-19,12
C07629,1959-09-01,6
C07630,1966-09-16,12
C07631,1972-10-23,19
C07632,1978-11-21,13
C07633,1990-10-27,18
C07634,1956-10-09,12
C07635,1971-06-09,16
C07636,2004-06-23,12
C07637,1989-10-10,15
C07638,1963-03-08,11
C07639,2002-04-21,1
C07640,2003-08-17,13
C07641,1980-09-24,18
C07642,1984-05-11,12
C07643,1991-01-17,19
C07644,1989-06-20,11
C07645,1996-06-12,10
C07646,1964-05-18,5
C07647,1974-04-21,12
C07648,2000-01-11,8
C07649,1983-01-02,12
C07650,1978-04-15,13
C07651,2003-07-06,21
C07652,2000-05-11,18
C07653,2006-01-02,18
C07654,1951-12-20,12
C07655,1965-07-28,11
C07656,1962-02-06,12
C07657,1969-01-17,21
C07658,1967-09-20,12
C07659,1973-05-10,19
C07660,1965-10-08,16
C07661,2006-02-06,12
C07662,1973-02-11,21
C07663,1963-04-21,12
C07664,1977-04-28,17
C07665,1983-09-28,12
C07666,1985-08-17,5
C07667,1964-01-03,2
C07668,1962-11-15,12
C07669,1948-05-12,5
C07670,1990-01-20,12
C07671,1962-02-17,20
C07672,1976-11-25,13
C07673,1954-05-18,10
C07674,1979-04-29,17
C07675,1976-02-26,19
C07676,1976-04-04,11
C07677,1964-09-29,19
C07678,1949-07-05,12
C07679,2003-11-12,21
C07680,2004-06-01,12
C07681,1954-04-17,19
C07682,1974-04-12,15
C07683,1972-12-25,6
C07684,1974-08-04,19
C07685,1998-11-24,19
C07686,1966-03-04,4
C07687,1962-10-09,17
C07688,1991-01-23,11
C07689,1989-02-21,12
C07690,1960-08-12,11
C07691,2003-06-11,11
C07692,1953-11-13,19
C07693,1996-04-15,10
C07694,1972-03-10,17
C07695,1951-01-16,9
C07696,1964-04-08,12
C07697,1990-06-23,12
C07698,1965-12-08,12
C07699,1985-06-08,7
C07700,1983-12-03,2
C07701,1953-07-01,1
C07702,1967-08-22,11
C07703,1969-07-10,12
C07704,1990-07-30,11
C07705,2006-03-03,2
C07706,2005-04-06,19
C07707,1976-08-07,12
C07708,1970-03-19,2
C07709,1979-08-06,13
C07710,1954-04-21,19
C07711,2006-01-11,12
C07712,1986-07-26,19
C07713,1999-02-19,12
C07714,1986-06-25,5
C07715,2004-08-29,19
C07716,1951-01-27,14
C07717,1993-10-25,17
C07718,1956-09-30,12
C07719,1987-11-14,4
C07720,1953-01-23,9
C07721,1977-01-06,19
C07722,1949-09-27,19
C07723,2003-07-14,12
C07724,1964-03-07,21
C07725,1954-08-12,11
C07726,1994-06-04,18
C07727,1997-09-27,16
C07728,1990-11-21,12
C07729,1959-11-26,7
C07730,1978-05-20,19
C07731,1972-08-09,11
C07732,2000-08-09,6
C07733,2004-03-13,12
C07734,1952-06-19,1
C07735,1999-01-17,19
C07736,1963-06-06,12
C07737,1947-04-16,19
C07738,1993-08-13,12
C07739,1963-01-12,11
C07740,2003-05-05,19
C07741,1981-03-09,14
C07742,1999-09-03,12
C07743,1964-09-10,16
C07744,1988-06-28,4
C07745,1972-01-19,17
C07746,1971-11-14,10
C07747,2000-03-22,12
C07748,1964-02-10,12
C07749,1984-11-28,12
C07750,1962-01-11,4
C07751,1993-02-09,19
C07752,1970-03-21,19
C07753,1997-05-03,17
C07754,1985-11-05,11
C07755,2000-04-23,12
C07756,1970-05-05,12
C07757,1982-02-18,12
C07758,1948-08-21,21
C07759,1958-07-03,7
C07760,1994-03-07,15
C07761,1976-10-11,12
C07762,1992-12-18,19
C07763,1987-11-10,11
C07764,1969-05-05,10
C07765,1962-08-27,19
C07766,1964-04-12,16
C07767,1991-02-08,21
C07768,1983-01-18,12
C07769,1998-06-26,11
C07770,1963-03-11,12
C07771,1974-02-07,11
C07772,1969-03-09,14
C07773,1999-08-10,11
C07774,1983-04-09,6
C07775,1989-02-26,13
C07776,2003-01-05,10
C07777,1982-10-26,12
C07778,1950-07-04,12
C07779,1958-01-10,11
C07780,1979-08-31,18
C07781,1975-01-21,19
C07782,2006-07-11,19
C07783,1948-05-26,13
C07784,2004-12-27,12
C07785,1953-09-11,12
C07786,1981-04-09,7
C07787,1987-11-08,16
C07788,1955-11-01,17
C07789,2003-11-06,12
C07790,1977-01-25,19
C07791,1977-07-31,5
C07792,1997-11-21,12
C07793,1986-01-21,7
C07794,1965-05-30,11
C07795,1962-03-29,19
C07796,2005-04-19,13
C07797,1961-08-20,17
C07798,1993-05-19,11
C07799,1994-05-25,14
C07800,1985-06-23,21
C07801,2006-02-27,19
C07802,1999-07-30,19
C07803,1951-11-23,19
C07804,1987-12-28,13
C07805,1994-11-01,21
C07806,1996-02-06,9
C07807,1970-08-02,12
C07808,1959-09-29,19
C07809,1991-09-19,21
C07810,2006-01-04,21
C07811,1993-05-11,14
C07812,2004-08-04,11
C07813,1994-01-19,19
C07814,1982-04-05,18
C07815,1999-03-24,15
C07816,1980-09-18,19
C07817,1994-12-14,13
C07818,1953-10-23,19
C07819,1959-09-24,12
C07820,1973-04-20,15
C07821,1988-05-02,15
C07822,1981-10-27,19
C07823,1983-06-23,12
C07824,1968-09-30,10
C07825,1974-06-29,19
C07826,1951-07-27,19
C07827,1959-09-30,12
C07828,1989-06-14,9
C07829,1981-08-11,12
C07830,1996-10-01,7
C07831,1998-06-25,11
C07832,1990-12-29,2
C07833,1991-12-04,13
C07834,1953-04-30,19
C07835,1995-10-27,12
C07836,1976-07-02,7
C07837,1979-12-27,6
C07838,1965-05-26,19
C07839,1983-05-04,11
C07840,1956-01-11,14
C07841,1974-03-28,7
C07842,1987-03-31,12
C07843,2004-11-13,7
C07844,1977-12-11,12
C07845,1949-10-25,15
C07846,1981-06-26,12
C07847,1961-01-20,12
C07848,1976-04-19,19
C07849,2000-01-16,4
C07850,2005-12-27,16
C07851,1982-07-08,18
C07852,1969-04-12,12
C07853,1963-08-21,13
C07854,1989-10-17,2
C07855,1974-01-31,4
C07856,1986-04-15,19
C07857,1986-04-19,21
C07858,1994-09-30,12
C07859,1996-09-20,18
C07860,1998-07-13,12
C07861,2002-10-31,19
C07862,1997-03-21,16
C07863,2002-01-31,19
C07864,1967-10-16,14
C07865,1988-08-28,13
C07866,1951-10-02,12
C07867,1998-01-28,19
C07868,1990-10-05,11
C07869,1987-02-16,12
C07870,2001-10-25,12
C07871,1958-11-25,12
C07872,2003-10-25,10
C07873,1961-02-08,20
C07874,1949-06-06,9
C07875,1975-03-23,6
C07876,1979-02-13,19
C07877,1968-04-21,19
C07878,1987-03-30,19
C07879,1964-01-05,19
C07880,2002-02-25,12
C07881,2006-06-09,11
C07882,1979-02-03,18
C07883,1972-08-09,12
C07884,1961-09-02,12
C07885,2000-11-06,14
C07886,1950-06-27,13
C07887,1992-07-18,12
C07888,1991-01-18,19
C07889,1990-06-19,13
C07890,1990-07-15,12
C07891,1995-09-03,4
C07892,1973-02-15,19
C07893,1953-10-14,14
C07894,1988-02-13,7
C07895,1980-06-27,19
C07896,1959-08-16,15
C07897,1961-09-25,12
C07898,1977-02-20,17
C07899,1993-01-28,15
C07900,1954-06-13,18
C07901,1979-08-27,12
C07902,1993-07-25,12
C07903,1982-06-30,21
C07904,1958-10-15,12
C07905,2004-12-22,12
C07906,1949-11-19,12
C07907,1993-10-28,19
C07908,1961-03-23,12
C07909,1988-01-19,12
C07910,1977-10-25,6
C07911,1956-01-17,12
C07912,1990-07-23,11
C07913,1974-10-26,19
C07914,2002-07-11,16
C07915,2005-01-14,4
C07916,1996-08-21,1
C07917,1966-05-20,6
C07918,1996-06-22,1
C07919,1992-02-23,19
C07920,1983-12-02,14
C07921,1961-11-08,19
C07922,1968-06-21,11
C07923,1992-07-19,5
C07924,2006-07-22,19
C07925,1949-04-20,12
C07926,1998-08-03,13
C07927,1961-02-23,19
C07928,1959-05-07,12
C07929,1971-04-18,21
C07930,1995-05-11,19
C07931,1950-06-14,17
C07932,1971-06-19,12
C07933,1977-12-29,11
C07934,1991-08-03,12
C07935,1990-06-22,7
C07936,2001-07-19,12
C07937,1977-07-09,19
C07938,1974-11-02,19
C07939,1989-08-15,14
C07940,1973-09-22,19
C07941,1986-12-25,11
C07942,1967-04-08,13
C07943,1948-09-29,11
C07944,1997-08-29,7
C07945,1984-05-16,12
C07946,2000-05-16,19
C07947,1970-01-27,15
C07948,1964-01-19,15
C07949,1953-03-30,9
C07950,1982-09-09,12
C07951,1952-03-11,18
C07952,2005-08-04,21
C07953,1978-07-18,19
C07954,2005-08-11,20
C07955,1958-01-15,19
C07956,1972-06-06,9
C07957,1970-09-19,6
C07958,1959-12-31,19
C07959,1995-02-15,11
C07960,2005-10-04,19
C07961,1950-05-23,12
C07962,1991-04-19,9
C07963,1999-10-02,2
C07964,1978-03-05,12
C07965,1974-12-30,8
C07966,2003-03-31,8
C07967,1987-03-02,7
C07968,2003-04-26,11
C07969,1988-01-11,10
C07970,1953-03-30,14
C07971,1947-01-06,19
C07972,1966-05-09,19
C07973,1999-02-27,5
C07974,1956-01-28,12
C07975,1975-05-18,11
C07976,1994-11-15,16
C07977,1953-09-21,21
C07978,1968-08-21,19
C07979,1971-06-29,16
C07980,1966-05-13,15
C07981,1994-02-01,19
C07982,1997-07-23,16
C07983,1969-06-08,12
C07984,1997-10-17,19
C07985,1984-02-20,8
C07986,1966-07-29,7
C07987,1967-03-12,11
C07988,1973-05-01,12
C07989,1962-09-09,21
C07990,1958-11-04,12
C07991,1965-01-15,12
C07992,1993-05-07,21
C07993,1988-08-06,15
C07994,1981-11-07,12
C07995,1992-09-09,11
C07996,1988-12-28,19
C07997,2000-10-04,14
C07998,1973-01-19,17
C07999,1949-04-06,2
C08000,2001-01-26,14
C08001,1970-03-22,10
C08002,1963-01-29,19
C08003,1997-01-30,13
C08004,1958-07-09,19
C08005,1972-10-27,19
C08006,1983-07-06,5
C08007,1970-08-08,19
C08008,1999-01-19,14
C08009,1969-01-29,10
C08010,2002-04-13,18
C08011,1949-06-13,19
C08012,1988-09-27,12
C08013,1962-06-05,5
C08014,1996-01-31,19
C08015,1970-06-12,18
C08016,1966-01-04,6
C08017,1975-10-17,17
C08018,1979-10-23,8
C08019,1975-12-30,4
C08020,1956-05-11,12
C08021,1976-03-05,7
C08022,1950-03-09,12
C08023,1948-12-13,2
C08024,1987-04-23,17
C08025,1994-11-05,14
C08026,1987-03-31,7
C08027,1951-08-27,10
C08028,2001-06-16,11
C08029,1973-02-09,11
C08030,1959-03-28,11
C08031,1990-08-21,19
C08032,1962-08-25,16
C08033,1996-02-22,7
C08034,1994-04-12,12
C08035,1959-11-30,12
C08036,1997-10-17,12
C08037,1990-05-20,11
C08038,1950-07-12,17
C08039,1982-12-23,19
C08040,1952-03-07,10
C08041,1949-02-12,4
C08042,1989-10-09,11
C08043,2005-08-14,11
C08044,1970-08-28,19
C08045,1976-11-16,12
C08046,1997-04-09,5
C08047,1965-05-22,11
C08048,2006-04-14,19
C08049,1950-06-26,11
C08050,2000-01-06,21
C08051,1995-12-12,5
C08052,2000-07-04,7
C08053,1958-01-15,12
C08054,1962-04-17,19
C08055,1955-12-05,21
C08056,1984-09-25,4
C08057,1981-12-03,12
C08058,1996-11-25,5
C08059,1974-07-27,11
C08060,1976-04-05,12
C08061,1967-05-01,1
C08062,1998-03-14,19
C08063,1956-01-11,21
C08064,1996-05-12,12
C08065,1955-09-16,19
C08066,2005-12-24,12
C08067,1975-11-05,19
C08068,1991-05-27,18
C08069,1987-04-07,12
C08070,1974-09-16,1
C08071,1991-08-25,11
C08072,1991-06-13,19
C08073,1966-05-05,21
C08074,1965-04-15,8
C08075,1956-08-28,12
C08076,1997-05-14,12
C08077,1976-02-10,11
C08078,1979-08-02,12
C08079,1983-04-18,12
C08080,1977-09-02,21
C08081,1990-03-02,12
C08082,1991-11-15,12
C08083,1992-06-24,13
C08084,1995-05-04,12
C08085,1969-06-13,15
C08086,1970-12-05,12
C08087,1959-08-26,19
C08088,1963-04-12,9
C08089,2002-06-23,19
C08090,1955-07-23,12
C08091,1959-07-11,17
C08092,1988-07-09,19
C08093,1981-02-01,12
C08094,1958-11-20,12
C08095,1975-06-25,19
C08096,1958-02-28,17
C08097,1999-12-24,11
C08098,1996-11-29,11
C08099,1986-09-20,14
C08100,1980-02-27,9
C08101,1947-02-24,13
C08102,1947-04-21,7
C08103,1986-07-30,12
C08104,2005-04-19,12
C08105,1958-03-10,19
C08106,1980-12-24,19
C08107,1999-05-20,21
C08108,1973-07-10,2
C08109,1962-01-25,14
C08110,1965-04-28,9
C08111,1976-01-17,19
C08112,1990-10-27,19
C08113,1953-05-24,18
C08114,1962-12-05,12
C08115,1991-04-23,12
C08116,1986-02-03,19
C08117,1965-02-27,21
C08118,2000-05-17,12
C08119,1992-03-11,5
C08120,1974-07-12,9
C08121,1983-12-26,7
C08122,1966-08-28,14
C08123,1993-08-28,12
C08124,1968-12-12,12
C08125,1989-10-24,11
C08126,2004-12-03,13
C08127,1996-03-14,2
C08128,1955-01-12,12
C08129,1956-01-17,2
C08130,1998-12-01,8
C08131,1966-11-27,13
C08132,1973-11-11,21
C08133,1956-08-03,21
C08134,1990-01-03,11
C08135,1964-11-26,7
C08136,2003-01-16,19
C08137,1991-05-11,3
C08138,1960-08-20,19
C08139,1978-01-17,5
C08140,1985-03-30,14
C08141,1999-12-09,20
C08142,1965-10-04,15
C08143,1969-11-14,10
C08144,1984-12-08,12
C08145,1960-07-08,18
C08146,2004-05-26,2
C08147,1982-12-23,19
C08148,1949-03-06,11
C08149,1988-08-07,16
C08150,1997-01-02,16
C08151,1973-04-16,19
C08152,1954-11-21,7
C08153,1993-10-27,20
C08154,1946-11-19,12
C08155,1951-07-26,13
C08156,1998-12-04,10
C08157,1967-09-11,20
C08158,1985-04-06,6
C08159,1988-06-14,5
C08160,1970-04-14,8
C08161,1948-08-30,10
C08162,1992-04-22,21
C08163,1986-04-06,19
C08164,1973-04-12,11
C08165,1989-12-24,12
C08166,1991-01-13,12
C08167,2006-01-02,9
C08168,1970-11-12,11
C08169,1989-04-05,12
C08170,1997-02-02,8
C08171,1948-11-18,19
C08172,1950-09-02,19
C08173,1973-06-21,12
C08174,1982-08-17,19
C08175,1969-11-22,12
C08176,1991-01-21,12
C08177,2001-06-18,12
C08178,1964-08-15,19
C08179,2005-07-12,12
C08180,1992-01-20,12
C08181,2005-08-18,12
C08182,2000-06-25,6
C08183,2002-03-08,4
C08184,1953-04-07,12
C08185,1983-02-15,21
C08186,2000-07-05,6
C08187,1999-07-24,12
C08188,1959-12-03,12
C08189,1976-03-21,12
C08190,1985-05-23,16
C08191,1950-08-13,19
C08192,1985-09-21,12
C08193,1988-12-01,12
C08194,1999-08-01,16
C08195,1990-05-29,3
C08196,1990-01-22,5
C08197,1967-04-24,13
C08198,1983-09-28,19
C08199,1976-05-30,12
C08200,2006-02-16,15
C08201,1997-05-16,12
C08202,1981-11-05,12
C08203,1958-07-12,11
C08204,1983-03-05,20
C08205,1961-12-22,9
C08206,1997-08-01,12
C08207,2001-04-28,11
C08208,2002-04-01,19
C08209,1987-02-05,19
C08210,1997-02-21,8
C08211,2000-06-17,12
C08212,1966-09-06,5
C08213,2002-06-03,21
C08214,1980-04-21,6
C08215,1981-11-07,11
C08216,1974-02-08,11
C08217,1976-06-24,21
C08218,1982-05-01,21
C08219,1988-12-19,11
C08220,1963-01-16,21
C08221,1949-05-07,4
C08222,1997-11-13,1
C08223,1998-10-16,13
C08224,1955-04-27,12
C08225,1984-08-09,19
C08226,1975-02-23,12
C08227,1990-10-23,11
C08228,2000-10-09,11
C08229,1977-05-10,21
C08230,1973-12-01,19
C08231,1992-06-17,19
C08232,1978-11-03,16
C08233,1953-12-03,11
C08234,1978-12-04,11
C08235,1998-08-05,14
C08236,1971-10-01,9
C08237,1964-12-26,12
C08238,1969-01-24,19
C08239,1968-03-13,21
C08240,1994-04-17,11
C08241,1968-02-16,14
C08242,1962-11-10,19
C08243,2003-03-11,11
C08244,1987-10-16,11
C08245,1987-01-16,6
C08246,1971-03-25,19
C08247,1995-08-29,14
C08248,1972-12-29,11
C08249,1950-03-23,11
C08250,1952-11-04,15
C08251,1961-03-15,20
C08252,1947-07-13,13
C08253,2004-09-04,20
C08254,1978-01-02,12
C08255,1984-01-28,19
C08256,1947-04-07,14
C08257,1998-06-18,13
C08258,1954-08-27,18
C08259,1978-02-27,8
C08260,1963-05-04,10
C08261,1996-08-07,12
C08262,2001-04-27,11
C08263,1962-07-14,19
C08264,2004-11-03,12
C08265,1954-12-07,12
C08266,2005-07-23,12
C08267,1964-11-23,10
C08268,1989-05-29,19
C08269,1980-10-18,7
C08270,1963-09-18,12
C08271,1981-09-12,12
C08272,1992-08-19,11
C08273,2005-06-29,16
C08274,1974-09-04,19
C08275,1980-12-17,7
C08276,1969-08-05,11
C08277,1980-05-15,10
C08278,1991-05-27,11
C08279,1986-09-26,16
C08280,2004-05-03,12
C08281,1981-12-04,19
C08282,1947-08-21,19
C08283,1953-11-18,19
C08284,1986-01-23,11
C08285,1972-06-22,12
C08286,1947-09-25,12
C08287,1983-05-16,17
C08288,2005-11-01,12
C08289,2004-03-25,10
C08290,1975-12-01,19
C08291,1959-09-12,11
C08292,1963-03-17,17
C08293,2005-04-01,15
C08294,1999-08-01,1
C08295,1966-06-13,12
C08296,1960-07-07,2
C08297,1977-01-20,19
C08298,1969-12-30,15
C08299,2003-02-09,19
C08300,1958-03-10,13
C08301,1969-08-03,18
C08302,1997-04-01,12
C08303,1966-07-19,14
C08304,1995-05-14,12
C08305,2005-04-04,12
C08306,1994-08-29,11
C08307,1993-03-29,12
C08308,1988-08-13,12
C08309,1988-06-01,12
C08310,1975-07-19,19
C08311,1972-03-15,11
C08312,1982-05-16,11
C08313,2004-03-10,19
C08314,1972-12-14,11
C08315,1990-07-11,7
C08316,1986-07-14,16
C08317,1952-05-05,12
C08318,1961-10-07,21
C08319,1953-12-30,5
C08320,1977-06-16,15
C08321,1997-07-28,20
C08322,1964-05-09,12
C08323,2000-12-02,19
C08324,1986-07-26,19
C08325,2004-10-10,12
C08326,1949-03-11,12
C08327,1993-05-01,19
C08328,1950-06-20,14
C08329,1955-10-17,12
C08330,1975-08-07,12
C08331,1968-06-20,12
C08332,1972-03-05,14
C08333,1960-09-25,21
C08334,1982-11-13,14
C08335,1966-04-23,17
C08336,1979-03-25,12
C08337,1958-01-01,11
C08338,1971-09-20,16
C08339,1976-03-11,2
C08340,1966-01-07,21
C08341,1950-01-09,21
C08342,1973-07-24,5
C08343,1997-10-17,17
C08344,1976-11-27,12
C08345,1957-05-11,9
C08346,1968-12-07,18
C08347,1959-10-03,8
C08348,2005-08-13,19
C08349,1973-07-04,19
C08350,1961-11-25,12
C08351,1950-12-15,11
C08352,2001-10-14,11
C08353,1953-04-11,19
C08354,1977-08-06,20
C08355,1993-08-16,19
C08356,1987-11-02,12
C08357,1990-01-27,19
C08358,1979-04-15,11
C08359,2006-07-17,11
C08360,1997-01-24,7
C08361,1960-10-03,19
C08362,2000-10-23,19
C08363,1994-11-23,5
C08364,1979-12-13,2
C08365,1974-02-15,12
C08366,1965-11-22,13
C08367,1988-06-11,11
C08368,1963-01-14,16
C08369,1971-09-26,12
C08370,1994-01-05,21
C08371,1991-09-12,17
C08372,1988-10-27,4
C08373,1989-09-01,2
C08374,1967-12-24,21
C08375,1973-07-21,18
C08376,1982-11-27,11
C08377,1997-05-19,19
C08378,1992-10-29,14
C08379,1975-10-12,19
C08380,1983-11-16,21
C08381,1974-03-23,21
C08382,1992-03-28,19
C08383,1965-04-21,14
C08384,1958-06-17,12
C08385,1998-05-27,7
C08386,1976-04-24,19
C08387,1948-05-30,12
C08388,1983-08-08,15
C08389,1974-09-21,19
C08390,1997-04-29,19
C08391,1976-09-17,11
C08392,1994-06-27,19
C08393,1955-11-13,12
C08394,1970-11-24,21
C08395,1970-11-02,19
C08396,1963-08-15,10
C08397,1973-11-24,12
C08398,1976-01-23,11
C08399,1949-05-02,17
C08400,1961-03-03,2
C08401,1979-11-18,12
C08402,1952-08-19,11
C08403,1979-05-28,12
C08404,1972-05-06,15
C08405,1979-08-30,21
C08406,2000-09-07,19
C08407,2002-11-30,6
C08408,1999-09-12,16
C08409,1976-07-12,4
C08410,1984-10-27,12
C08411,1988-06-15,12
C08412,1961-01-11,19
C08413,1985-12-12,11
C08414,1974-11-02,12
C08415,1998-05-29,9
C08416,2006-01-20,4
C08417,1967-09-29,4
C08418,1972-04-02,12
C08419,1968-06-05,9
C08420,1992-03-24,11
C08421,1977-06-17,18
C08422,1999-02-01,11
C08423,1991-11-01,16
C08424,2005-03-24,15
C08425,1992-09-18,16
C08426,1990-12-21,19
C08427,1997-06-01,2
C08428,1957-08-24,20
C08429,1983-12-05,14
C08430,1996-01-29,12
C08431,1996-02-21,2
C08432,1976-03-11,12
C08433,2003-01-07,8
C08434,1947-06-02,20
C08435,1960-10-09,20
C08436,1998-12-15,12
C08437,1972-05-14,11
C08438,2002-10-12,11
C08439,1965-12-10,21
C08440,1987-09-03,17
C08441,1981-11-23,19
C08442,2001-05-17,10
C08443,1966-10-30,12
C08444,1990-06-30,9
C08445,2001-01-17,18
C08446,1967-10-31,8
C08447,1975-10-23,14
C08448,1955-01-31,10
C08449,1993-03-12,2
C08450,1966-11-20,11
C08451,1963-11-10,11
C08452,1993-10-01,12
C08453,1962-12-09,10
C08454,1988-12-06,20
C08455,1959-05-28,12
C08456,1992-10-14,12
C08457,1965-07-11,20
C08458,1987-10-19,12
C08459,1946-09-17,6
C08460,1990-12-27,10
C08461,1955-07-06,2
C08462,1952-01-26,19
C08463,1986-08-30,11
C08464,1959-05-27,12
C08465,1947-10-14,19
C08466,1997-05-07,9
C08467,1989-03-01,11
C08468,1974-01-21,13
C08469,1986-11-19,14
C08470,2005-07-28,21
C08471,1992-05-15,20
C08472,1986-02-10,3
C08473,1990-01-04,21
C08474,1994-03-03,1
C08475,1953-07-09,12
C08476,1969-02-02,4
C08477,1996-03-18,11
C08478,1965-10-10,12
C08479,1970-01-07,13
C08480,1951-12-10,10
C08481,2002-06-06,5
C08482,1994-02-06,13
C08483,1948-09-03,3
C08484,1949-09-10,14
C08485,1963-12-24,12
C08486,1969-08-11,18
C08487,1997-08-23,13
C08488,1975-04-03,18
C08489,1997-05-31,11
C08490,1995-10-29,12
C08491,1959-11-16,15
C08492,1994-02-01,7
C08493,1977-03-15,19
C08494,1956-07-07,18
C08495,2000-10-24,16
C08496,1952-04-28,12
C08497,1960-02-10,12
C08498,1978-01-29,11
C08499,1992-11-06,14
C08500,1986-08-24,11
C08501,1984-08-10,12
C08502,1990-03-14,11
C08503,1981-09-23,12
C08504,1946-10-17,18
C08505,1996-09-16,19
C08506,1971-03-22,12
C08507,2003-06-03,18
C08508,1972-01-27,21
C08509,1961-05-25,7
C08510,1983-02-18,12
C08511,2000-06-25,18
C08512,1964-12-29,8
C08513,1969-04-18,12
C08514,1969-10-28,16
C08515,1987-10-15,14
C08516,1995-01-18,17
C08517,1955-08-07,13
C08518,1952-10-24,20
C08519,1979-06-02,19
C08520,1954-10-07,18
C08521,1976-07-04,16
C08522,1982-05-05,2
C08523,1995-06-26,8
C08524,1985-06-01,20
C08525,1972-08-13,19
C08526,2002-08-20,12
C08527,1983-04-24,17
C08528,1965-08-21,11
C08529,1965-08-31,12
C08530,1969-06-28,3
C08531,1961-08-28,5
C08532,2002-06-18,11
C08533,1974-06-02,11
C08534,1967-01-05,14
C08535,1972-02-03,19
C08536,1989-03-22,4
C08537,1993-04-28,9
C08538,1960-02-09,19
C08539,1979-01-30,14
C08540,1949-12-26,12
C08541,1978-06-29,5
C08542,1962-06-17,12
C08543,1961-02-11,19
C08544,1967-09-15,19
C08545,1988-04-09,7
C08546,1972-09-13,8
C08547,1954-09-07,17
C08548,1989-11-04,12
C08549,1985-04-19,11
C08550,1996-07-30,17
C08551,1954-11-05,4
C08552,1998-04-25,5
C08553,1966-12-21,9
C08554,1986-05-17,12
C08555,1982-12-03,12
C08556,1970-05-30,19
C08557,2003-11-16,12
C08558,1972-11-05,2
C08559,1962-05-01,5
C08560,1960-10-10,12
C08561,1998-04-21,14
C08562,1949-09-23,5
C08563,1966-09-30,12
C08564,1953-06-02,15
C08565,1975-12-12,17
C08566,1978-04-09,16
C08567,1960-08-28,19
C08568,1956-10-23,18
C08569,1984-01-08,5
C08570,1983-10-02,11
C08571,1986-02-01,19
C08572,1991-07-17,12
C08573,1983-09-24,12
C08574,1988-06-15,19
C08575,1947-08-05,16
C08576,2004-10-02,11
C08577,1971-03-31,11
C08578,1994-11-17,11
C08579,1990-09-03,11
C08580,2002-03-14,1
C08581,1987-10-03,6
C08582,1967-12-07,11
C08583,1949-01-11,12
C08584,1992-04-09,19
C08585,1981-04-24,9
C08586,1979-12-14,19
C08587,1961-03-05,5
C08588,1966-04-18,19
C08589,1979-01-31,12
C08590,1971-02-10,12
C08591,1950-05-14,7
C08592,2003-03-04,19
C08593,1987-10-09,12
C08594,1952-03-27,1
C08595,1965-06-14,10
C08596,1972-07-30,12
C08597,1980-05-07,18
C08598,1986-03-09,20
C08599,1976-06-14,4
C08600,1965-01-28,17
C08601,1991-08-27,11
C08602,1971-07-06,19
C08603,1947-03-17,19
C08604,2000-09-02,21
C08605,1979-10-17,13
C08606,1987-09-02,21
C08607,1971-01-15,12
C08608,2000-05-26,19
C08609,1966-06-01,16
C08610,1959-07-14,2
C08611,1988-07-15,12
C08612,1961-05-27,12
C08613,1957-09-01,19
C08614,1998-06-08,9
C08615,1993-10-17,20
C08616,1959-05-05,15
C08617,1952-03-05,19
C08618,2001-09-06,14
C08619,2001-11-29,12
C08620,1991-11-30,14
C08621,1957-09-05,11
C08622,2001-06-23,10
C08623,1977-04-24,12
C08624,1953-04-30,12
C08625,2002-07-19,19
C08626,1980-02-14,21
C08627,1989-09-28,18
C08628,1952-07-05,12
C08629,1983-02-11,16
C08630,1967-01-19,4
C08631,1964-08-17,2
C08632,1992-05-02,12
C08633,2002-11-16,21
C08634,1989-09-24,15
C08635,1988-05-23,20
C08636,1950-02-16,19
C08637,1951-02-28,11
C08638,1978-03-09,21
C08639,1973-09-08,16
C08640,1971-10-29,12
C08641,1951-06-30,12
C08642,1986-04-26,12
C08643,1982-05-13,19
C08644,1986-08-31,12
C08645,1976-11-08,11
C08646,1986-01-27,7
C08647,1990-11-07,12
C08648,1997-05-02,19
C08649,1966-03-16,12
C08650,1994-05-23,21
C08651,1997-10-30,11
C08652,1987-05-01,8
C08653,1998-05-16,14
C08654,1975-02-15,17
C08655,1982-08-03,17
C08656,1986-03-13,8
C08657,1978-04-08,9
C08658,1996-04-24,21
C08659,1998-05-16,18
C08660,1949-11-27,11
C08661,1983-09-24,12
C08662,1989-02-18,18
C08663,2002-06-20,11
C08664,1980-04-13,8
C08665,1975-11-17,21
C08666,1973-09-30,12
C08667,1971-03-13,16
C08668,1996-03-08,19
C08669,1993-09-10,12
C08670,1946-11-09,11
C08671,1949-07-31,11
C08672,1991-11-22,12
C08673,1972-04-11,3
C08674,2000-02-11,19
C08675,2003-10-28,13
C08676,1991-05-07,21
C08677,1999-11-07,12
C08678,1966-10-22,8
C08679,1976-07-13,5
C08680,2000-09-21,12
C08681,2004-04-03,19
C08682,1958-06-11,9
C08683,1993-05-15,19
C08684,1975-12-08,21
C08685,1983-04-01,11
C08686,1981-03-17,19
C08687,1988-05-02,19
C08688,2000-02-18,19
C08689,1996-02-14,12
C08690,1998-07-16,16
C08691,1983-04-19,18
C08692,1968-12-15,11
C08693,1990-09-30,4
C08694,2004-05-18,9
C08695,1980-09-24,12
C08696,1973-04-27,19
C08697,1952-09-17,6
C08698,1977-08-22,12
C08699,1980-03-21,19
C08700,1973-02-25,20
C08701,1949-05-06,4
C08702,1950-03-20,13
C08703,1983-09-27,12
C08704,1992-08-07,14
C08705,1982-06-24,11
C08706,1975-10-27,17
C08707,1965-02-14,5
C08708,1976-05-31,17
C08709,2001-11-10,19
C08710,1968-09-02,5
C08711,1955-03-05,12
C08712,1987-11-27,21
C08713,1962-02-09,12
C08714,1981-11-01,21
C08715,1952-05-06,12
C08716,1952-10-15,12
C08717,1977-04-10,8
C08718,1963-11-08,11
C08719,1950-01-02,12
C08720,1976-04-20,19
C08721,1988-03-14,5
C08722,1969-08-12,19
C08723,1996-08-14,19
C08724,1991-05-26,19
C08725,1960-09-10,17
C08726,1965-05-16,14
C08727,1987-12-01,14
C08728,1996-10-05,12
C08729,1982-05-08,5
C08730,1991-02-19,9
C08731,2000-09-03,11
C08732,1967-11-02,12
C08733,1993-11-14,19
C08734,1972-01-05,19
C08735,1988-03-29,14
C08736,1948-06-09,11
C08737,1988-11-14,4
C08738,1999-01-11,19
C08739,1997-04-18,12
C08740,1978-10-18,2
C08741,1974-05-26,12
C08742,1987-01-08,8
C08743,1985-06-24,12
C08744,2004-03-29,17
C08745,1974-03-24,12
C08746,1976-10-12,12
C08747,1994-03-25,17
C08748,1998-09-20,5
C08749,1995-04-22,15
C08750,1993-12-31,12
C08751,1975-08-06,8
C08752,2000-02-24,10
C08753,1994-06-13,5
C08754,1996-03-27,18
C08755,1952-04-04,16
C08756,1959-01-23,19
C08757,1998-05-06,21
C08758,1985-07-19,21
C08759,1999-03-05,12
C08760,1980-12-30,3
C08761,2004-01-24,17
C08762,1962-09-08,11
C08763,1976-04-08,4
C08764,1952-06-01,20
C08765,1999-05-03,10
C08766,1956-08-16,6
C08767,1968-08-23,19
C08768,1998-03-16,2
C08769,1981-11-06,19
C08770,1991-10-26,19
C08771,1999-10-10,19
C08772,1988-07-25,19
C08773,1978-05-07,7
C08774,1985-05-06,3
C08775,1957-08-01,13
C08776,1993-09-13,12
C08777,1955-01-08,11
C08778,1992-05-12,4
C08779,1962-11-28,19
C08780,1984-03-18,12
C08781,1993-05-02,20
C08782,1961-03-16,17
C08783,1982-03-21,20
C08784,1969-07-16,19
C08785,1976-12-18,12
C08786,1972-11-19,7
C08787,1974-03-17,11
C08788,1962-02-23,12
C08789,1995-04-28,12
C08790,1970-02-05,17
C08791,1947-03-07,19
C08792,2004-06-13,13
C08793,1996-07-17,21
C08794,1967-10-10,9
C08795,1987-06-16,12
C08796,1987-07-18,19
C08797,1998-07-12,12
C08798,1978-03-21,15
C08799,1997-09-14,18
C08800,1979-12-18,19
C08801,1971-06-04,19
C08802,2000-05-27,12
C08803,1975-04-22,11
C08804,1950-06-03,19
C08805,1970-10-22,19
C08806,1956-07-13,12
C08807,1988-08-12,21
C08808,1969-11-02,21
C08809,2003-12-25,11
C08810,1995-05-10,19
C08811,1996-03-23,11
C08812,1986-02-11,19
C08813,1954-07-12,12
C08814,1984-04-17,2
C08815,1966-01-29,11
C08816,1970-11-20,12
C08817,1972-07-24,19
C08818,1985-05-23,11
C08819,1974-01-25,12
C08820,1986-11-25,19
C08821,1998-06-21,17
C08822,1954-09-24,21
C08823,1996-08-12,11
C08824,2003-06-04,12
C08825,1955-09-18,17
C08826,1989-02-28,21
C08827,1962-02-06,12
C08828,1988-04-15,11
C08829,1987-02-17,12
C08830,1983-08-10,14
C08831,1983-09-29,12
C08832,1989-04-28,12
C08833,1966-05-22,12
C08834,1972-03-10,2
C08835,1961-01-02,17
C08836,2004-09-08,11
C08837,1972-03-08,19
C08838,1975-01-19,19
C08839,1954-12-24,9
C08840,2004-11-24,7
C08841,1979-02-07,19
C08842,1947-08-29,7
C08843,1995-01-07,5
C08844,1950-07-25,11
C08845,2001-10-29,11
C08846,1965-01-05,20
C08847,1952-02-25,19
C08848,1963-03-14,16
C08849,1984-01-01,15
C08850,2003-06-12,12
C08851,1947-11-16,19
C08852,1977-10-28,19
C08853,2002-02-09,19
C08854,1962-06-10,11
C08855,1973-08-06,12
C08856,1995-09-04,16
C08857,1997-02-23,18
C08858,2004-12-02,11
C08859,1973-01-11,12
C08860,1974-10-15,20
C08861,1973-04-13,1
C08862,1951-07-22,9
C08863,1953-02-11,19
C08864,1972-05-24,19
C08865,2002-03-23,12
C08866,1965-01-02,19
C08867,1986-12-06,19
C08868,1979-02-10,5
C08869,1961-12-29,21
C08870,1983-12-27,12
C08871,1954-05-19,12
C08872,1992-10-11,12
C08873,1966-04-12,12
C08874,2005-03-15,8
C08875,1959-03-17,14
C08876,1992-01-16,21
C08877,1995-11-05,9
C08878,1991-05-18,21
C08879,1990-05-02,19
C08880,1994-09-08,11
C08881,1974-04-15,12
C08882,1986-01-20,12
C08883,2004-02-24,19
C08884,1989-09-16,13
C08885,1948-11-14,17
C08886,1965-10-07,19
C08887,1971-05-07,13
C08888,1961-11-04,11
C08889,1985-10-30,19
C08890,1993-04-24,12
C08891,1985-08-23,14
C08892,1953-03-29,11
C08893,1960-07-14,17
C08894,1977-03-06,21
C08895,2005-11-18,8
C08896,1994-12-18,12
C08897,1982-11-10,5
C08898,1976-06-16,19
C08899,2004-09-17,1
C08900,1956-10-20,19
C08901,1986-06-10,21
C08902,1961-05-15,19
C08903,1971-03-25,14
C08904,1970-05-31,15
C08905,1977-10-13,20
C08906,1962-11-15,15
C08907,1964-10-15,12
C08908,1966-03-02,19
C08909,1981-09-07,11
C08910,1957-06-22,10
C08911,1968-01-20,7
C08912,1967-06-16,19
C08913,1951-05-28,7
C08914,1993-06-17,9
C08915,1999-03-29,12
C08916,1978-06-04,14
C08917,1974-07-21,12
C08918,1959-08-08,12
C08919,1989-02-09,12
C08920,1973-08-27,15
C08921,1976-10-24,11
C08922,2004-10-06,15
C08923,1981-03-01,19
C08924,1955-06-01,20
C08925,1995-06-25,11
C08926,1976-07-15,12
C08927,1976-04-13,19
C08928,1999-09-01,19
C08929,1998-09-26,19
C08930,1952-03-01,15
C08931,1983-09-05,19
C08932,2001-01-27,1
C08933,1995-06-26,20
C08934,1962-06-21,19
C08935,1975-02-12,12
C08936,1964-08-24,11
C08937,1996-08-19,19
C08938,1954-08-23,11
C08939,1991-07-06,6
C08940,1990-12-05,12
C08941,1973-02-28,19
C08942,1988-03-22,20
C08943,1959-07-09,19
C08944,1956-03-16,9
C08945,1982-04-09,9
C08946,1949-10-28,5
C08947,1963-06-03,9
C08948,1952-01-06,2
C08949,1998-01-19,12
C08950,1972-11-11,19
C08951,1987-04-27,12
C08952,1948-12-19,11
C08953,2003-12-20,19
C08954,1978-12-31,12
C08955,1989-02-01,19
C08956,1984-06-23,12
C08957,1966-05-03,19
C08958,1953-06-01,11
C08959,1973-04-30,13
C08960,1954-03-02,12
C08961,1991-06-21,19
C08962,1976-07-20,9
C08963,1978-01-31,12
C08964,2002-09-15,19
C08965,1979-02-01,12
C08966,1963-08-06,19
C08967,1979-12-02,11
C08968,1971-03-13,12
C08969,1972-03-30,12
C08970,2003-11-07,5
C08971,1998-01-07,12
C08972,1977-10-12,12
C08973,1986-06-27,19
C08974,2006-03-07,11
C08975,1991-08-09,21
C08976,1980-05-19,11
C08977,1988-07-26,5
C08978,1964-10-19,11
C08979,1966-08-19,19
C08980,1983-04-28,6
C08981,1965-09-04,9
C08982,1967-05-04,13
C08983,1965-12-13,12
C08984,1972-08-17,12
C08985,2005-12-25,12
C08986,1971-07-08,21
C08987,1983-03-08,5
C08988,1956-09-06,12
C08989,1950-06-22,19
C08990,1978-06-25,9
C08991,1997-04-17,16
C08992,2001-01-18,11
C08993,1985-04-28,19
C08994,1974-06-26,18
C08995,1986-12-29,4
C08996,1980-05-05,11
C08997,1994-01-03,9
C08998,1952-08-10,11
C08999,1995-08-20,8
C09000,1951-09-17,14
C09001,1953-03-11,21
C09002,1977-12-18,12
C09003,1963-04-27,14
C09004,1988-07-26,12
C09005,1969-06-29,3
C09006,1989-08-28,14
C09007,1982-04-08,11
C09008,1980-03-05,15
C09009,1972-08-03,11
C09010,1978-10-27,16
C09011,1984-07-14,12
C09012,1984-04-29,18
C09013,2000-08-02,14
C09014,2004-05-15,17
C09015,2000-04-14,12
C09016,2004-09-15,19
C09017,1992-02-09,12
C09018,1955-01-27,19
C09019,2003-07-10,12
C09020,1970-11-20,19
C09021,1990-07-10,19
C09022,1947-09-14,17
C09023,1981-09-08,19
C09024,1984-10-22,8
C09025,1976-07-15,12
C09026,1990-03-24,19
C09027,1980-02-05,12
C09028,2000-02-02,20
C09029,1953-11-20,14
C09030,1984-11-25,11
C09031,1990-10-31,5
C09032,1968-07-13,7
C09033,1987-12-20,19
C09034,1955-08-25,14
C09035,1980-04-25,12
C09036,1968-07-21,16
C09037,2001-06-27,21
C09038,1948-10-26,19
C09039,1968-03-05,11
C09040,2000-12-04,19
C09041,1999-12-25,12
C09042,1990-07-04,11
C09043,1950-05-05,9
C09044,1992-06-20,11
C09045,1978-10-18,16
C09046,2003-11-22,12
C09047,1986-01-19,19
C09048,1976-07-18,21
C09049,1953-05-04,13
C09050,1974-04-05,14
C09051,1960-08-20,7
C09052,1975-11-14,7
C09053,2006-04-18,14
C09054,1983-07-16,19
C09055,1978-08-30,12
C09056,1958-07-25,21
C09057,1953-01-22,13
C09058,1999-03-30,19
C09059,1997-08-13,12
C09060,2001-08-30,6
C09061,1956-04-07,12
C09062,1959-03-28,7
C09063,1971-08-14,12
C09064,1982-03-23,13
C09065,1975-09-17,19
C09066,1972-05-11,11
C09067,2000-04-24,12
C09068,1973-10-17,12
C09069,2002-04-14,12
C09070,1999-12-29,6
C09071,1957-11-08,18
C09072,1969-07-29,1
C09073,1983-08-04,11
C09074,1980-09-06,4
C09075,1989-08-07,5
C09076,1965-06-18,2
C09077,1968-01-01,11
C09078,1966-03-13,12
C09079,1969-02-01,19
C09080,2001-06-06,11
C09081,1985-09-19,19
C09082,1978-08-12,12
C09083,1989-10-24,19
C09084,1965-01-18,9
C09085,1982-04-19,21
C09086,1997-06-06,19
C09087,1985-12-26,5
C09088,1956-04-23,19
C09089,1993-03-12,16
C09090,1979-10-30,19
C09091,1986-06-16,19
C09092,2006-09-02,19
C09093,1978-03-26,9
C09094,1966-03-11,18
C09095,1974-12-31,9
C09096,1961-02-17,19
C09097,1986-11-18,13
C09098,1997-11-12,12
C09099,1949-07-07,12
C09100,1982-06-03,19
C09101,1980-05-11,21
C09102,1970-05-06,13
C09103,1989-09-18,5
C09104,1964-10-13,12
C09105,1997-09-27,14
C09106,1986-06-09,21
C09107,1994-11-21,19
C09108,1953-04-21,11
C09109,2000-08-13,18
C09110,1961-10-03,21
C09111,1950-04-07,13
C09112,1973-08-06,12
C09113,1976-11-13,16
C09114,1976-05-23,11
C09115,1986-05-05,11
C09116,1979-05-21,17
C09117,1972-04-27,13
C09118,1954-11-24,21
C09119,1947-02-16,19
C09120,1949-01-18,15
C09121,1955-02-26,19
C09122,1974-07-15,15
C09123,1967-08-31,11
C09124,1960-01-02,2
C09125,1989-05-06,11
C09126,1953-05-17,12
C09127,1985-10-13,11
C09128,1974-05-18,19
C09129,1963-09-12,19
C09130,1948-05-05,14
C09131,1997-01-23,12
C09132,1970-12-21,14
C09133,1975-11-06,10
C09134,1985-08-19,12
C09135,1962-12-05,11
C09136,1980-02-26,19
C09137,1970-04-23,2
C09138,1982-05-23,19
C09139,1980-10-03,4
C09140,1977-08-10,5
C09141,1990-04-02,2
C09142,1998-11-16,14
C09143,1960-08-08,1
C09144,1977-10-16,18
C09145,1969-05-16,21
C09146,1983-02-28,2
C09147,1981-09-16,7
C09148,1989-09-17,7
C09149,1985-05-16,21
C09150,1979-02-18,11
C09151,1972-02-10,12
C09152,1974-03-22,12
C09153,1997-11-01,4
C09154,1977-12-21,17
C09155,1993-07-05,12
C09156,1999-02-04,11
C09157,1954-09-20,11
C09158,1981-01-15,7
C09159,1965-01-25,11
C09160,1981-12-03,11
C09161,1950-10-26,11
C09162,1969-09-17,19
C09163,1966-05-16,11
C09164,1983-02-06,21
C09165,1956-03-20,5
C09166,1959-08-08,19
C09167,1961-03-21,19
C09168,1998-01-24,19
C09169,1988-08-28,19
C09170,1983-10-13,21
C09171,1981-12-15,11
C09172,1952-02-06,19
C09173,2002-03-09,19
C09174,2005-07-27,1
C09175,1984-11-28,7
C09176,1995-04-24,19
C09177,1999-09-13,12
C09178,1953-03-19,12
C09179,1975-11-20,11
C09180,2005-02-16,12
C09181,1991-05-30,7
C09182,1990-11-28,13
C09183,2000-10-13,19
C09184,1968-06-13,21
C09185,1968-06-20,19
C09186,1963-04-01,19
C09187,1970-12-23,11
C09188,2003-11-16,12
C09189,1959-07-24,19
C09190,1954-06-30,12
C09191,1959-12-12,12
C09192,2004-06-21,12
C09193,1958-02-28,13
C09194,1948-09-26,18
C09195,1952-03-18,19
C09196,1996-04-16,9
C09197,1967-07-14,10
C09198,1949-12-11,14
C09199,1963-05-17,5
C09200,1973-02-20,18
C09201,1961-03-30,15
C09202,1988-10-09,12
C09203,1981-04-30,19
C09204,1975-12-13,14
C09205,1950-04-15,7
C09206,2004-01-15,11
C09207,1980-09-26,15
C09208,1966-05-13,12
C09209,1967-01-02,12
C09210,1973-12-18,12
C09211,1947-11-17,12
C09212,1960-07-06,12
C09213,2003-02-22,17
C09214,1987-02-05,21
C09215,2003-01-02,12
C09216,1981-10-18,19
C09217,1977-10-20,15
C09218,1947-09-09,19
C09219,1957-11-17,19
C09220,1992-05-31,12
C09221,1997-12-10,15
C09222,1976-06-04,11
C09223,1978-01-15,19
C09224,1982-10-18,16
C09225,1953-06-26,20
C09226,1959-06-26,20
C09227,1985-06-01,12
C09228,1949-12-13,11
C09229,1987-08-02,6
C09230,1963-03-29,5
C09231,1980-04-21,12
C09232,1999-05-14,19
C09233,1952-07-15,12
C09234,1977-05-05,19
C09235,1967-01-19,2
C09236,1982-02-11,3
C09237,2002-09-17,8
C09238,1995-07-15,21
C09239,1974-03-02,2
C09240,1964-05-18,11
C09241,1991-01-25,5
C09242,1971-02-15,19
C09243,1969-04-09,13
C09244,1971-04-12,1
C09245,1981-06-01,19
C09246,1951-12-10,10
C09247,1974-01-29,12
C09248,1980-12-29,12
C09249,1993-03-19,3
C09250,1990-01-13,19
C09251,2006-05-12,9
C09252,1964-09-27,10
C09253,1992-11-07,12
C09254,1989-03-01,12
C09255,1970-09-23,12
C09256,1991-01-18,2
C09257,1992-08-13,12
C09258,1996-03-25,11
C09259,1964-10-02,8
C09260,1993-06-17,19
C09261,1976-01-20,12
C09262,1977-08-01,19
C09263,1970-08-25,7
C09264,1969-11-13,17
C09265,1953-11-12,18
C09266,2006-07-19,9
C09267,1983-10-22,10
C09268,1982-05-07,12
C09269,1994-11-16,15
C09270,1985-09-08,1
C09271,1987-07-19,1
C09272,1979-06-05,12
C09273,1964-11-03,11
C09274,1984-12-05,12
C09275,1964-09-19,19
C09276,1990-06-23,14
C09277,1988-09-28,19
C09278,1978-10-17,5
C09279,2003-05-20,19
C09280,2002-09-11,19
C09281,1982-12-07,12
C09282,1952-06-20,12
C09283,1971-06-30,7
C09284,1994-10-08,17
C09285,1955-06-26,11
C09286,1968-01-02,19
C09287,1981-08-20,2
C09288,1958-10-12,4
C09289,1986-09-11,11
C09290,2000-07-18,11
C09291,1975-08-13,18
C09292,1971-10-27,20
C09293,1971-12-17,19
C09294,1974-11-07,5
C09295,1949-12-13,19
C09296,1952-06-14,7
C09297,1957-01-13,18
C09298,1947-02-28,19
C09299,1950-08-14,12
C09300,1991-10-01,14
C09301,1986-03-28,2
C09302,1980-11-16,19
C09303,1958-01-10,9
C09304,1977-11-06,12
C09305,1964-02-27,5
C09306,1999-09-21,12
C09307,2001-08-12,11
C09308,1964-10-05,19
C09309,1996-01-05,11
C09310,1987-02-06,17
C09311,1983-09-20,12
C09312,1989-09-20,13
C09313,1969-11-04,12
C09314,1982-09-30,12
C09315,1980-12-24,12
C09316,1996-03-11,19
C09317,1949-05-04,7
C09318,1989-07-23,17
C09319,1966-10-18,12
C09320,1963-12-20,19
C09321,1994-12-11,16
C09322,1949-01-16,12
C09323,1978-03-15,1
C09324,1983-12-14,19
C09325,1992-05-22,19
C09326,1951-06-18,11
C09327,1970-02-17,21
C09328,1995-01-29,19
C09329,1986-10-23,19
C09330,1950-11-21,12
C09331,1966-02-10,16
C09332,1969-03-19,11
C09333,1981-11-06,11
C09334,1965-03-16,18
C09335,1985-03-09,19
C09336,2000-04-29,12
C09337,1971-08-18,11
C09338,1952-07-03,15
C09339,1990-02-23,19
C09340,1973-12-16,16
C09341,1962-06-01,12
C09342,1978-10-25,14
C09343,1951-09-06,11
C09344,1967-09-17,19
C09345,2004-03-24,13
C09346,1956-02-16,20
C09347,1969-12-17,12
C09348,1959-05-05,12
C09349,1971-07-15,16
C09350,1953-09-03,9
C09351,1998-03-15,16
C09352,1986-07-06,13
C09353,1946-10-13,12
C09354,1995-01-03,19
C09355,2004-10-13,18
C09356,1963-10-19,11
C09357,1949-12-07,12
C09358,1993-05-06,19
C09359,1948-05-12,12
C09360,1962-08-07,18
C09361,1980-08-20,13
C09362,1957-01-07,18
C09363,1990-05-16,3
C09364,1997-02-07,5
C09365,1984-12-06,15
C09366,1976-04-23,12
C09367,1978-03-20,20
C09368,1947-11-03,12
C09369,1970-09-09,7
C09370,1975-08-27,11
C09371,1961-11-09,4
C09372,1992-12-14,12
C09373,2006-02-28,11
C09374,1959-08-03,19
C09375,2005-09-23,21
C09376,1997-05-10,13
C09377,1965-05-15,11
C09378,1982-03-10,12
C09379,1954-10-19,11
C09380,1988-06-02,19
C09381,2002-01-30,18
C09382,1989-09-27,9
C09383,1973-11-03,19
C09384,1990-09-24,12
C09385,1980-05-26,11
C09386,1950-05-11,16
C09387,1959-08-22,21
C09388,1985-08-12,5
C09389,1976-04-13,19
C09390,1974-09-19,5
C09391,1951-07-20,8
C09392,1957-04-09,12
C09393,1998-04-07,11
C09394,1964-10-23,13
C09395,1988-10-26,19
C09396,2002-06-19,1
C09397,2004-12-03,18
C09398,1975-04-14,12
C09399,1979-10-31,8
C09400,2003-08-31,11
C09401,1963-11-08,12
C09402,1986-03-18,5
C09403,1978-09-22,13
C09404,1989-07-06,12
C09405,1997-07-19,12
C09406,1988-09-23,7
C09407,1996-08-03,17
C09408,1980-07-21,12
C09409,1993-12-29,18
C09410,1973-07-22,9
C09411,1995-09-10,11
C09412,1969-06-22,11
C09413,1961-11-15,17
C09414,1997-12-04,19
C09415,1972-01-19,10
C09416,2005-06-06,15
C09417,1972-10-08,13
C09418,1987-07-29,16
C09419,1979-10-03,10
C09420,1972-04-21,12
C09421,1956-01-02,4
C09422,1975-02-28,19
C09423,1979-12-22,17
C09424,1991-02-21,17
C09425,1949-08-12,4
C09426,1964-10-18,2
C09427,1991-01-24,12
C09428,1958-11-17,12
C09429,1988-08-11,12
C09430,1959-09-28,12
C09431,1955-04-26,7
C09432,1997-07-30,19
C09433,1971-05-04,7
C09434,1984-09-07,19
C09435,1982-03-12,20
C09436,1984-12-13,19
C09437,1967-12-15,11
C09438,2000-08-27,13
C09439,2004-05-06,12
C09440,1970-06-13,11
C09441,1996-02-10,19
C09442,2000-10-28,11
C09443,1995-06-18,19
C09444,1985-09-08,21
C09445,1978-03-10,12
C09446,2003-07-18,19
C09447,1947-08-28,12
C09448,1961-09-29,19
C09449,1987-04-17,15
C09450,1990-03-08,12
C09451,1982-10-02,5
C09452,1961-10-17,19
C09453,1998-06-18,19
C09454,1992-11-10,12
C09455,1947-12-11,20
C09456,1999-06-12,12
C09457,1982-11-12,11
C09458,1961-07-06,1
C09459,1965-02-06,12
C09460,1987-12-12,21
C09461,1965-01-27,12
C09462,2005-01-21,3
C09463,1966-05-20,12
C09464,1977-12-24,4
C09465,1957-12-31,12
C09466,1954-08-26,2
C09467,1955-02-13,2
C09468,1958-08-18,11
C09469,1976-03-21,11
C09470,1986-01-05,21
C09471,1981-01-14,10
C09472,1970-06-09,19
C09473,1958-03-01,16
C09474,1995-12-13,8
C09475,1956-02-25,2
C09476,1961-01-08,11
C09477,1954-08-10,2
C09478,1959-10-24,12
C09479,1986-11-21,19
C09480,1998-05-30,19
C09481,1997-05-16,19
C09482,1986-12-20,11
C09483,1972-04-30,19
C09484,1954-02-20,14
C09485,1951-10-22,5
C09486,1965-02-18,11
C09487,2003-04-06,21
C09488,1992-09-13,19
C09489,2001-09-06,12
C09490,1986-02-18,12
C09491,1976-04-04,11
C09492,2004-11-07,4
C09493,1984-05-15,11
C09494,1996-02-06,18
C09495,1962-02-19,11
C09496,1972-11-07,15
C09497,1972-09-01,21
C09498,1987-05-31,20
C09499,1955-01-03,8
C09500,1996-06-21,11
C09501,1977-04-24,12
C09502,1966-06-13,17
C09503,1978-05-20,19
C09504,1959-07-26,18
C09505,1990-10-11,12
C09506,1981-04-04,12
C09507,1995-12-12,21
C09508,1972-11-30,11
C09509,1984-07-19,15
C09510,2000-06-09,9
C09511,1973-02-25,14
C09512,1974-01-18,7
C09513,2002-10-30,19
C09514,1963-09-08,21
C09515,1968-06-01,10
C09516,1993-08-29,12
C09517,1979-10-02,19
C09518,1971-03-20,5
C09519,1973-01-09,12
C09520,1982-06-27,19
C09521,1984-07-12,11
C09522,1974-09-22,19
C09523,1948-01-20,19
C09524,1963-09-19,12
C09525,2003-07-03,18
C09526,1980-11-08,19
C09527,1947-12-09,15
C09528,1993-02-22,11
C09529,1949-10-18,12
C09530,1951-11-10,21
C09531,2004-06-18,4
C09532,1953-06-17,6
C09533,1983-04-22,11
C09534,1949-01-30,13
C09535,1985-12-21,19
C09536,1988-07-20,19
C09537,1970-02-03,20
C09538,1968-03-01,12
C09539,2006-05-06,12
C09540,1972-10-08,7
C09541,1999-03-06,12
C09542,1987-09-15,15
C09543,1987-01-17,11
C09544,1979-06-22,20
C09545,1987-12-21,12
C09546,1997-05-08,19
C09547,2001-07-19,5
C09548,2006-03-07,21
C09549,1972-01-17,11
C09550,1949-05-16,5
C09551,1992-04-01,4
C09552,1949-03-29,12
C09553,1968-09-06,20
C09554,1963-06-01,10
C09555,1967-10-12,19
C09556,1948-09-02,19
C09557,2001-05-21,12
C09558,1977-01-02,11
C09559,1963-06-29,19
C09560,1979-05-19,5
C09561,1957-07-01,9
C09562,2004-03-30,6
C09563,1969-03-20,11
C09564,1980-12-01,16
C09565,1990-06-15,11
C09566,1990-07-19,15
C09567,1973-08-31,19
C09568,1955-01-18,19
C09569,1974-08-22,12
C09570,1960-04-15,12
C09571,1983-06-10,5
C09572,1999-08-02,4
C09573,2005-08-06,5
C09574,2001-10-10,14
C09575,1990-01-30,21
C09576,1990-10-22,19
C09577,1963-07-19,5
C09578,1964-08-02,16
C09579,2002-05-20,11
C09580,1998-07-17,7
C09581,1984-12-27,11
C09582,1979-04-10,15
C09583,1999-09-02,11
C09584,1997-11-29,21
C09585,1960-01-09,21
C09586,1948-09-10,19
C09587,1992-01-11,12
C09588,1988-01-09,13
C09589,1981-11-02,12
C09590,1969-05-07,6
C09591,1974-04-16,12
C09592,2000-07-06,19
C09593,1963-05-24,19
C09594,1989-08-12,19
C09595,1987-10-28,19
C09596,1982-02-24,8
C09597,1972-08-14,8
C09598,1989-02-03,13
C09599,1999-06-30,5
C09600,1984-05-07,17
C09601,2002-05-03,17
C09602,1966-05-30,19
C09603,1998-04-17,4
C09604,2006-01-04,16
C09605,1968-09-10,15
C09606,1964-02-12,8
C09607,1955-12-14,11
C09608,1980-06-22,17
C09609,1999-01-06,19
C09610,1965-05-24,20
C09611,1968-01-02,12
C09612,1998-04-22,12
C09613,1947-05-29,21
C09614,1997-02-09,12
C09615,1954-07-31,4
C09616,1948-01-29,12
C09617,1965-07-25,11
C09618,1953-08-21,12
C09619,1967-06-28,12
C09620,2000-10-05,14
C09621,1988-02-19,10
C09622,2006-06-14,15
C09623,1982-09-01,19
C09624,1967-05-30,17
C09625,1986-10-02,16
C09626,1985-12-29,11
C09627,1975-12-25,21
C09628,1958-12-14,21
C09629,2003-01-25,12
C09630,1986-01-31,13
C09631,1997-08-04,7
C09632,1969-06-27,12
C09633,2001-08-10,2
C09634,1966-12-31,18
C09635,1986-02-10,14
C09636,1996-08-08,15
C09637,1947-11-30,15
C09638,2004-05-17,21
C09639,1988-07-15,19
C09640,2003-09-19,13
C09641,1980-03-31,12
C09642,1973-12-05,11
C09643,1985-06-19,1
C09644,1993-12-15,12
C09645,1986-02-04,11
C09646,1965-06-21,6
C09647,1970-10-01,19
C09648,1972-05-11,19
C09649,1977-07-10,19
C09650,1998-08-13,19
C09651,1982-05-09,12
C09652,1999-02-20,17
C09653,2000-06-01,20
C09654,1993-05-11,13
C09655,1974-06-28,11
C09656,1972-07-09,19
C09657,1947-03-07,12
C09658,1999-10-28,14
C09659,1965-10-19,12
C09660,1958-12-29,2
C09661,1979-02-15,12
C09662,1997-01-02,21
C09663,1985-04-28,12
C09664,2003-11-08,15
C09665,1982-07-31,17
C09666,1971-04-19,11
C09667,2004-06-26,12
C09668,1995-04-27,11
C09669,1965-08-12,19
C09670,1966-07-01,19
C09671,1976-06-12,19
C09672,1969-10-09,13
C09673,1989-01-09,12
C09674,1999-04-27,12
C09675,1989-06-07,16
C09676,1980-07-10,19
C09677,1952-11-07,19
C09678,2005-08-20,4
C09679,1978-12-22,18
C09680,1982-05-29,12
C09681,1975-10-16,12
C09682,2003-03-14,17
C09683,1985-08-12,10
C09684,1955-10-25,11
C09685,1976-05-18,4
C09686,1979-08-18,12
C09687,1984-01-15,12
C09688,1983-02-10,11
C09689,1985-12-10,20
C09690,1959-11-20,19
C09691,1961-08-06,19
C09692,1989-01-18,12
C09693,1988-11-16,21
C09694,1954-01-14,6
C09695,1986-12-18,12
C09696,1981-03-31,19
C09697,1998-01-19,19
C09698,1964-10-21,19
C09699,1976-12-12,10
C09700,1952-07-01,8
C09701,1965-09-20,19
C09702,1992-02-19,12
C09703,1967-09-12,9
C09704,1960-03-25,11
C09705,1983-01-22,12
C09706,2000-03-16,4
C09707,2004-10-05,19
C09708,1980-03-29,13
C09709,1991-05-01,12
C09710,1979-06-22,13
C09711,1995-12-06,19
C09712,1954-11-25,20
C09713,2001-01-02,11
C09714,1997-01-20,12
C09715,1976-10-15,14
C09716,1981-04-21,21
C09717,1997-09-19,19
C09718,1982-05-26,14
C09719,2000-10-02,12
C09720,1971-05-20,13
C09721,1964-11-27,5
C09722,1975-08-05,11
C09723,1969-02-06,18
C09724,1965-03-09,19
C09725,1998-11-15,19
C09726,1960-08-06,12
C09727,1951-11-21,12
C09728,1997-11-16,11
C09729,1991-11-15,12
C09730,1999-03-28,7
C09731,1995-03-14,12
C09732,1971-01-23,12
C09733,1975-11-21,12
C09734,1969-12-18,15
C09735,1964-05-05,7
C09736,1977-01-17,12
C09737,1969-03-16,14
C09738,2005-04-27,19
C09739,1984-10-19,19
C09740,1970-02-16,12
C09741,2002-06-25,19
C09742,2004-03-15,7
C09743,1953-12-01,19
C09744,1971-01-23,19
C09745,1991-07-01,15
C09746,1969-01-11,19
C09747,1968-09-15,12
C09748,1985-02-06,11
C09749,2002-10-08,12
C09750,1951-08-27,16
C09751,1990-04-29,14
C09752,2000-08-13,8
C09753,1972-04-05,12
C09754,1970-11-23,12
C09755,1993-03-05,5
C09756,1984-11-29,11
C09757,1992-08-25,7
C09758,1958-11-24,12
C09759,1999-11-02,19
C09760,1978-09-23,12
C09761,1954-10-11,11
C09762,1997-02-09,19
C09763,1950-05-13,1
C09764,1959-01-18,12
C09765,1953-01-20,19
C09766,2000-08-20,21
C09767,1965-04-29,12
C09768,1962-04-11,11
C09769,1956-02-27,12
C09770,1996-02-05,21
C09771,1964-09-23,19
C09772,1986-01-27,4
C09773,2000-07-25,5
C09774,1986-10-23,12
C09775,1969-04-23,12
C09776,1973-02-09,5
C09777,1974-03-10,8
C09778,1952-04-04,12
C09779,1989-10-22,15
C09780,1981-03-16,12
C09781,1987-12-29,21
C09782,1988-03-17,12
C09783,1962-01-02,19
C09784,1950-10-17,13
C09785,1979-11-21,12
C09786,1965-05-06,21
C09787,1998-12-18,2
C09788,1995-02-20,11
C09789,1975-02-09,12
C09790,2005-11-09,19
C09791,1995-12-20,12
C09792,1977-09-17,8
C09793,2003-10-14,11
C09794,1984-06-19,5
C09795,1974-01-08,12
C09796,1979-07-12,18
C09797,1958-03-13,11
C09798,1971-08-23,10
C09799,1981-11-24,19
C09800,1960-02-21,10
C09801,1965-02-13,11
C09802,1995-03-29,12
C09803,1993-08-02,19
C09804,1962-09-10,19
C09805,1973-06-26,18
C09806,1962-12-09,13
C09807,1966-04-02,11
C09808,1963-09-13,18
C09809,1952-12-29,2
C09810,1975-04-10,12
C09811,1998-02-15,19
C09812,1947-12-09,5
C09813,1998-03-09,12
C09814,1966-02-12,17
C09815,1948-05-07,11
C09816,1967-11-09,19
C09817,1974-10-25,2
C09818,1973-10-09,12
C09819,1983-11-11,18
C09820,1984-08-08,19
C09821,1970-01-15,18
C09822,1961-12-02,11
C09823,1969-09-20,12
C09824,1999-11-28,19
C09825,1979-10-14,7
C09826,1967-10-16,8
C09827,1977-01-21,1
C09828,1978-03-07,11
C09829,1967-01-13,19
C09830,1967-12-17,19
C09831,1985-04-22,19
C09832,1951-11-14,19
C09833,2001-04-19,15
C09834,1948-06-08,12
C09835,2001-03-03,18
C09836,2005-07-08,9
C09837,1948-10-14,11
C09838,2001-07-24,1
C09839,1962-08-19,11
C09840,1950-05-27,13
C09841,1950-01-14,12
C09842,1952-01-18,12
C09843,1989-07-22,11
C09844,1966-01-19,12
C09845,1992-03-10,14
C09846,1986-03-21,12
C09847,1961-02-11,12
C09848,1986-05-13,2
C09849,1977-01-31,19
C09850,1974-10-13,17
C09851,1966-03-13,19
C09852,1950-08-19,18
C09853,2003-01-29,11
C09854,1974-12-01,11
C09855,1959-10-30,11
C09856,1980-10-17,21
C09857,2005-12-05,19
C09858,1979-09-16,4
C09859,1985-03-04,15
C09860,1998-10-14,11
C09861,1956-05-21,16
C09862,1979-08-15,10
C09863,1948-12-13,11
C09864,1952-02-27,2
C09865,1967-09-02,12
C09866,2004-11-30,12
C09867,1983-12-11,12
C09868,1993-09-16,19
C09869,1955-09-07,12
C09870,1996-02-07,12
C09871,1990-11-04,12
C09872,1973-12-02,21
C09873,1991-08-23,11
C09874,1993-10-05,12
C09875,1979-11-27,11
C09876,1994-01-10,14
C09877,2005-09-09,13
C09878,1988-01-19,20
C09879,1964-11-24,10
C09880,1977-04-07,11
C09881,1984-04-13,21
C09882,1976-05-06,17
C09883,1987-01-27,11
C09884,1960-12-06,19
C09885,2004-05-31,8
C09886,1961-12-14,12
C09887,1953-06-30,19
C09888,1947-01-07,19
C09889,1993-09-10,11
C09890,1987-03-04,14
C09891,1969-05-10,20
C09892,1996-05-22,13
C09893,1957-05-17,19
C09894,1970-12-24,9
C09895,1970-03-15,11
C09896,1997-05-06,12
C09897,1962-12-25,19
C09898,1968-09-10,12
C09899,1953-03-18,11
C09900,2004-06-25,21
C09901,2005-09-13,16
C09902,1986-02-20,10
C09903,1992-04-14,19
C09904,1975-05-04,10
C09905,1957-10-04,12
C09906,1982-08-24,10
C09907,1957-07-23,12
C09908,2002-11-17,8
C09909,1999-01-05,14
C09910,2006-06-20,16
C09911,1986-08-03,19
C09912,1952-03-31,5
C09913,1997-04-11,10
C09914,1981-02-26,19
C09915,1976-12-24,19
C09916,1955-10-23,12
C09917,1992-02-16,18
C09918,1997-01-01,16
C09919,2005-10-27,16
C09920,1987-04-16,12
C09921,1981-09-18,12
C09922,1961-07-24,7
C09923,1978-12-02,21
C09924,1979-12-30,21
C09925,1980-11-16,5
C09926,1997-10-13,15
C09927,1990-05-10,17
C09928,1957-05-14,12
C09929,1952-06-29,13
C09930,1961-08-09,14
C09931,1949-10-17,7
C09932,1992-04-16,3
C09933,2001-07-25,9
C09934,2004-06-20,16
C09935,1981-09-28,1
C09936,1998-02-14,11
C09937,1975-08-07,19
C09938,1970-03-16,19
C09939,1960-04-28,5
C09940,1971-07-23,18
C09941,1956-09-11,19
C09942,2002-06-13,2
C09943,2005-04-20,21
C09944,1964-10-23,12
C09945,1985-12-03,20
C09946,1994-06-03,9
C09947,1985-12-21,19
C09948,1983-05-18,19
C09949,1972-03-10,21
C09950,1990-05-03,11
C09951,1975-07-23,4
C09952,1967-08-05,2
C09953,1991-04-09,19
C09954,1999-07-02,19
C09955,1998-06-14,4
C09956,1990-08-24,19
C09957,1965-08-03,21
C09958,1971-07-20,12
C09959,1969-07-13,8
C09960,1993-08-21,12
C09961,1979-12-23,12
C09962,1976-12-01,6
C09963,1978-05-19,19
C09964,1978-12-29,18
C09965,1977-05-03,19
C09966,1975-09-23,8
C09967,1971-08-12,12
C09968,1999-12-20,16
C09969,1970-11-27,12
C09970,1999-04-02,5
C09971,2003-08-14,12
C09972,1955-11-15,13
C09973,1950-03-26,12
C09974,2005-09-20,11
C09975,1985-07-02,2
C09976,1999-09-30,19
C09977,1980-05-22,19
C09978,1959-02-22,4
C09979,1954-08-15,19
C09980,1962-08-25,2
C09981,1983-03-24,8
C09982,1979-05-03,2
C09983,1982-10-24,19
C09984,1950-03-01,12
C09985,1950-06-07,12
C09986,1972-07-18,14
C09987,1984-08-24,7
C09988,1987-03-08,18
C09989,2004-02-05,19
C09990,1952-01-11,16
C09991,1979-02-23,11
C09992,1985-02-12,19
C09993,1973-05-13,13
C09994,1950-07-28,19
C09995,1996-06-24,19
C09996,1959-01-20,18
C09997,1957-05-24,11
C09998,1954-12-01,19
C09999,1984-01-26,12
C10000,1998-01-21,19
