loan_id,customer_id,loan_type_id,original_amount,current_balance,interest_rate,monthly_payment,late_payments,default_flag
L000001,C00001,4,186000,106200,8.28,5980,0,False
L000002,C00002,3,470000,265600,2.92,1870,0,False
L000003,C00003,3,917000,824100,2.42,4150,0,False
L000004,C00004,1,93000,71800,6.7,3800,0,False
L000005,C00005,3,1592000,982400,3.5,6640,0,False
L000006,C00006,3,1138000,667100,3.14,5240,1,False
L000007,C00006,1,135000,72500,8.46,3170,0,False
L000008,C00007,2,21000,15500,15.5,1050,0,False
L000009,C00008,1,173000,84200,6.7,4260,0,False
L000010,C00009,3,1570000,1024700,2.67,6880,0,False
L000011,C00010,3,1952000,1633800,3.3,10010,0,False
L000012,C00010,1,130000,58500,6.73,4360,0,False
L000013,C00011,4,53000,20600,8.09,540,1,False
L000014,C00012,4,65000,23200,10.51,2430,0,False
L000015,C00012,2,36000,19300,17.13,1800,0,False
L000016,C00013,2,18000,5200,14.88,900,0,False
L000017,C00014,1,78000,21000,6.64,1560,0,False
L000018,C00015,4,80000,38100,10.37,930,0,False
L000019,C00015,3,2171000,1725200,2.68,9150,0,False
L000020,C00016,4,61000,39500,8.19,770,0,False
L000021,C00017,3,2142000,1643400,2.38,10000,0,False
L000022,C00018,4,96000,28600,8.68,950,0,False
L000023,C00019,2,16000,11100,14.78,800,0,False
L000024,C00020,4,92000,30500,6.83,1550,0,True
L000025,C00020,2,14000,2100,21.45,700,0,False
L000026,C00021,3,1461000,752100,2.54,6580,0,False
L000027,C00021,2,33000,11200,17.27,1650,0,False
L000028,C00022,1,347000,209600,6.65,12950,0,True
L000029,C00022,3,1347000,987000,3.28,5750,0,False
L000030,C00022,2,32000,2700,16.32,1600,0,False
L000031,C00023,2,9000,900,14.68,450,4,False
L000032,C00024,1,380000,295400,6.43,16390,0,False
L000033,C00024,4,190000,84100,8.26,2580,1,False
L000034,C00024,3,2458000,1739400,2.81,9760,2,False
L000035,C00025,1,404000,362400,4.97,5630,0,False
L000036,C00026,1,347000,94500,7.83,13850,0,False
L000037,C00026,3,1763000,900400,3.18,6270,0,False
L000038,C00027,2,24000,3600,16.42,1200,0,False
L000039,C00028,2,17000,2100,20.24,850,0,False
L000040,C00028,4,16000,12000,10.3,370,0,False
L000041,C00028,1,88000,73200,8.37,1770,0,False
L000042,C00029,4,47000,32600,13.47,620,0,False
L000043,C00030,1,125000,67300,7.76,1830,0,False
L000044,C00031,2,18000,10000,19.93,900,0,False
L000045,C00032,2,31000,20400,20.52,1550,0,False
L000046,C00033,2,9000,1500,14.74,450,0,False
L000047,C00034,3,2309000,2082700,2.68,9990,0,False
L000048,C00035,2,35000,5900,18.35,1750,0,False
L000049,C00035,3,744000,668100,3.48,3790,0,False
L000050,C00035,1,187000,115500,7.04,2630,2,False
L000051,C00036,3,688000,311900,3.2,2460,0,False
L000052,C00036,2,15000,2900,19.03,750,0,False
L000053,C00037,2,42000,27700,16.87,2100,0,False
L000054,C00037,1,165000,97100,5.95,2280,0,False
L000055,C00037,3,1364000,1198800,3.73,6040,0,False
L000056,C00038,2,5000,3800,17.43,250,2,False
L000057,C00039,4,49000,35300,8.58,800,1,False
L000058,C00040,2,46000,12300,15.66,2300,1,False
L000059,C00041,3,1482000,901200,2.85,5950,2,False
L000060,C00041,4,163000,61400,6.26,5290,2,False
L000061,C00041,2,41000,3600,18.85,2050,0,False
L000062,C00042,3,2150000,1744100,2.76,10560,0,False
L000063,C00043,2,5000,2000,18.88,250,0,False
L000064,C00044,2,12000,2200,15.93,600,0,False
L000065,C00045,1,279000,184700,6.78,7400,0,False
L000066,C00045,4,191000,78600,7.93,3190,1,False
L000067,C00046,3,1831000,1082800,2.99,6630,0,False
L000068,C00047,3,2243000,1607100,2.95,11110,2,False
L000069,C00047,2,53000,24700,16.91,2650,3,False
L000070,C00047,1,483000,369300,8.36,11360,0,False
L000071,C00048,4,121000,36900,8.22,1500,0,False
L000072,C00049,2,48000,30000,22.0,2400,2,False
L000073,C00050,4,201000,150400,7.73,4280,0,False
L000074,C00050,3,1462000,1312900,3.62,7350,2,False
L000075,C00050,2,34000,8400,17.5,1700,0,False
L000076,C00050,1,306000,206800,5.93,6810,0,False
L000077,C00051,4,127000,70800,12.29,3760,0,False
L000078,C00052,3,982000,587500,2.76,3670,0,False
L000079,C00053,4,68000,14700,7.1,2500,0,False
L000080,C00054,2,8000,6700,15.15,400,0,False
L000081,C00055,2,24000,6300,19.91,1200,0,False
L000082,C00055,3,1402000,856300,2.65,6490,0,False
L000083,C00056,3,639000,417600,3.07,2410,2,False
L000084,C00057,2,55000,20300,20.57,2750,0,False
L000085,C00057,3,1383000,944100,3.07,5800,0,False
L000086,C00058,3,1393000,1311000,2.97,6180,0,False
L000087,C00058,2,31000,13400,19.0,1550,0,False
L000088,C00059,2,17000,11200,16.77,850,0,False
L000089,C00060,3,1695000,955900,3.03,7130,0,False
L000090,C00060,2,64000,36700,17.87,3200,0,False
L000091,C00061,3,1449000,1067400,3.05,7060,0,False
L000092,C00062,4,75000,57500,6.74,920,4,False
L000093,C00063,3,1234000,997500,2.82,4770,0,False
L000094,C00063,2,7000,5000,16.13,350,0,False
L000095,C00064,2,55000,15200,16.51,2750,1,False
L000096,C00065,1,230000,154100,6.38,9500,0,False
L000097,C00065,3,2033000,1615600,2.53,8640,1,False
L000098,C00066,3,1884000,1192600,2.27,6580,0,False
L000099,C00067,3,1055000,936200,2.81,4460,0,False
L000100,C00068,3,803000,560200,3.24,3510,0,False
L000101,C00069,1,83000,22700,6.0,1810,0,False
L000102,C00070,3,681000,624400,3.38,3640,0,False
L000103,C00071,2,46000,30100,15.32,2300,2,False
L000104,C00072,4,33000,26200,9.64,570,1,False
L000105,C00073,2,41000,10800,17.9,2050,0,False
L000106,C00074,2,5000,3700,17.65,250,2,False
L000107,C00075,2,42000,17900,18.68,2100,0,False
L000108,C00075,4,232000,116600,11.17,5070,0,False
L000109,C00076,2,16000,11200,15.35,800,0,False
L000110,C00077,4,140000,93200,7.69,1490,0,False
L000111,C00077,2,27000,5100,17.54,1350,3,False
L000112,C00077,3,2114000,1557100,2.74,9820,0,False
L000113,C00078,2,29000,9800,21.26,1450,0,False
L000114,C00079,3,1794000,1132400,2.8,6800,0,False
L000115,C00079,4,156000,86200,11.42,4030,0,False
L000116,C00079,2,31000,4900,15.89,1550,0,False
L000117,C00080,4,242000,124100,5.29,4430,0,False
L000118,C00081,1,239000,89100,6.15,3420,0,False
L000119,C00082,4,156000,119400,7.95,2110,0,False
L000120,C00082,3,1627000,792500,3.4,6640,0,False
L000121,C00082,1,440000,372400,8.16,8140,3,False
L000122,C00083,3,2089000,1087900,2.8,7410,0,False
L000123,C00083,4,121000,46200,8.74,1460,1,False
L000124,C00083,2,45000,9600,16.96,2250,3,False
L000125,C00083,1,109000,59200,6.09,1760,0,False
L000126,C00084,4,20000,12400,6.0,230,0,False
L000127,C00085,4,42000,37500,12.63,780,0,False
L000128,C00086,3,2277000,1038700,2.97,9670,0,False
L000129,C00087,4,377000,298100,10.07,5320,0,False
L000130,C00088,3,2167000,1474400,2.52,8140,0,False
L000131,C00089,3,1023000,656300,2.99,4140,0,False
L000132,C00090,4,407000,135400,8.12,15560,0,False
L000133,C00090,2,70000,30500,19.61,3500,0,False
L000134,C00091,3,1305000,877300,2.98,6550,0,False
L000135,C00091,4,248000,88700,9.52,4230,0,False
L000136,C00092,4,157000,97900,4.8,3970,0,True
L000137,C00092,2,21000,6300,14.85,1050,0,False
L000138,C00093,2,23000,1300,18.63,1150,2,False
L000139,C00093,1,125000,50200,9.87,2860,0,False
L000140,C00093,4,130000,39200,11.39,1290,4,True
L000141,C00094,3,1974000,1473500,2.96,7660,0,False
L000142,C00094,4,182000,84500,12.44,4920,1,False
L000143,C00095,1,230000,83400,8.21,4480,0,False
L000144,C00096,1,207000,175700,5.61,3410,1,False
L000145,C00097,3,2096000,1176800,2.53,7560,0,False
L000146,C00097,4,56000,17300,10.79,2010,0,False
L000147,C00097,2,42000,23500,15.77,2100,0,False
L000148,C00098,1,547000,360000,5.38,19810,0,False
L000149,C00099,2,7000,2400,23.49,350,0,False
L000150,C00100,3,1892000,1795000,2.4,8660,0,False
L000151,C00101,2,5000,2200,18.68,250,0,False
L000152,C00102,3,2564000,1472400,3.16,11580,0,False
L000153,C00103,3,1749000,1544000,3.16,8250,1,False
L000154,C00104,4,498000,225800,7.25,6100,0,False
L000155,C00105,3,779000,641300,3.49,3430,0,False
L000156,C00105,2,22000,15900,18.93,1100,2,False
L000157,C00106,2,28000,5300,15.76,1400,0,False
L000158,C00106,4,26000,11400,12.64,330,0,False
L000159,C00107,1,267000,82600,4.5,4510,0,False
L000160,C00107,4,76000,25100,10.33,1050,1,False
L000161,C00107,3,2221000,1705400,3.19,10920,0,False
L000162,C00108,4,275000,87500,7.68,5450,2,False
L000163,C00108,3,2612000,1713900,3.42,10900,0,False
L000164,C00109,2,35000,24200,14.62,1750,0,False
L000165,C00110,4,67000,20100,5.56,1600,0,False
L000166,C00110,3,1185000,680800,3.51,5700,4,False
L000167,C00111,3,846000,443000,2.48,3090,0,False
L000168,C00111,1,193000,109800,9.46,4690,0,False
L000169,C00112,3,1038000,834900,3.3,5180,0,False
L000170,C00112,2,55000,44900,12.95,2750,0,False
L000171,C00113,1,50000,42400,5.17,960,0,False
L000172,C00113,2,11000,1200,16.72,550,0,False
L000173,C00114,3,762000,368100,2.6,3270,0,False
L000174,C00114,4,51000,41800,7.97,1310,0,False
L000175,C00115,3,2560000,1437000,2.2,9380,0,False
L000176,C00116,4,69000,29800,8.82,2410,0,False
L000177,C00117,3,765000,486900,3.28,3030,0,False
L000178,C00118,3,1783000,814700,3.59,7620,0,False
L000179,C00118,2,14000,6100,18.74,700,0,False
L000180,C00119,3,1260000,1026500,2.83,5550,0,False
L000181,C00120,3,1293000,796700,2.68,5960,1,False
L000182,C00121,3,1225000,1143500,2.86,5230,0,False
L000183,C00122,2,11000,8700,19.35,550,0,False
L000184,C00123,3,1938000,1259700,2.64,8220,0,False
L000185,C00123,4,187000,148300,10.78,3640,0,False
L000186,C00124,3,792000,378700,2.77,2850,0,False
L000187,C00125,3,981000,831800,2.81,4290,0,False
L000188,C00126,2,17000,9900,17.89,850,4,True
L000189,C00127,3,813000,611300,3.08,3270,3,False
L000190,C00127,1,91000,33700,5.57,2190,0,False
L000191,C00127,4,119000,36500,8.67,5370,0,False
L000192,C00128,4,169000,138700,9.41,7190,0,False
L000193,C00129,1,341000,95800,9.05,9110,0,False
L000194,C00130,1,108000,43700,7.89,3070,0,False
L000195,C00131,2,46000,24100,17.97,2300,1,False
L000196,C00132,1,473000,217500,5.47,6560,4,True
L000197,C00132,3,2035000,1531300,3.17,9220,0,False
L000198,C00133,3,685000,592800,2.76,2780,0,False
L000199,C00133,2,11000,2100,18.36,550,0,False
L000200,C00134,1,294000,113000,7.11,10640,1,False
L000201,C00135,3,1937000,1366200,3.42,7590,0,False
L000202,C00136,3,1207000,772500,2.65,4290,0,False
L000203,C00136,2,29000,21100,17.97,1450,0,False
L000204,C00137,3,976000,730000,3.13,5000,0,False
L000205,C00138,3,2379000,1355800,3.02,8880,0,False
L000206,C00139,3,2771000,2425700,2.79,12550,1,False
L000207,C00139,2,56000,23100,21.27,2800,0,True
L000208,C00140,4,74000,46300,6.15,810,0,False
L000209,C00141,3,776000,380400,2.93,2740,0,False
L000210,C00142,2,24000,18600,16.9,1200,1,False
L000211,C00143,3,1134000,865900,2.9,4850,0,False
L000212,C00144,1,449000,314400,7.45,16010,0,False
L000213,C00145,4,84000,51400,10.46,2380,0,False
L000214,C00146,1,193000,66500,7.91,2790,0,False
L000215,C00147,3,1054000,756400,3.62,5550,0,False
L000216,C00148,2,51000,27400,20.57,2550,0,False
L000217,C00149,2,30000,11500,16.52,1500,0,False
L000218,C00150,4,50000,33900,10.71,600,0,False
L000219,C00151,3,780000,604000,2.2,3800,0,False
L000220,C00151,2,31000,18400,19.05,1550,0,False
L000221,C00152,3,1841000,1361900,3.05,8410,0,False
L000222,C00153,2,47000,5000,20.1,2350,0,False
L000223,C00153,4,342000,156600,6.78,3600,1,False
L000224,C00154,1,362000,238800,4.11,7060,0,False
L000225,C00155,1,212000,91000,7.49,2900,0,False
L000226,C00156,1,73000,52300,8.86,1950,0,False
L000227,C00156,2,15000,11200,19.45,750,0,False
L000228,C00156,4,38000,26600,8.93,470,0,False
L000229,C00157,3,867000,818200,2.56,4100,0,False
L000230,C00157,2,19000,12900,18.0,950,1,False
L000231,C00158,3,1119000,568400,2.89,4330,2,False
L000232,C00158,4,140000,66700,5.47,2070,0,False
L000233,C00158,2,57000,20500,19.42,2850,0,False
L000234,C00158,1,183000,102200,7.18,4770,0,False
L000235,C00159,1,278000,113000,5.36,8970,0,False
L000236,C00160,1,151000,120000,5.35,2640,0,True
L000237,C00161,3,1537000,942300,3.49,6730,0,False
L000238,C00161,2,66000,34800,17.38,3300,0,False
L000239,C00161,1,463000,376800,6.71,9140,0,False
L000240,C00162,2,24000,5000,11.25,1200,0,False
L000241,C00163,4,114000,98700,6.63,2890,2,False
L000242,C00164,3,2122000,1872500,3.13,8950,3,False
L000243,C00164,2,76000,62300,14.84,3800,0,False
L000244,C00164,4,290000,63500,8.46,9330,0,False
L000245,C00165,3,1724000,1511800,2.61,7030,0,False
L000246,C00166,3,873000,758300,3.27,4510,0,False
L000247,C00167,4,248000,214300,11.16,8460,3,False
L000248,C00167,3,1620000,897200,3.22,7120,0,False
L000249,C00167,2,48000,10700,16.18,2400,0,False
L000250,C00168,2,62000,28700,16.53,3100,3,False
L000251,C00169,2,9000,4000,21.44,450,4,True
L000252,C00169,1,58000,24700,7.19,810,1,False
L000253,C00170,2,62000,17500,15.97,3100,1,False
L000254,C00170,1,300000,89800,5.97,4140,1,False
L000255,C00170,3,1229000,614100,2.65,4360,4,True
L000256,C00170,4,183000,157300,8.06,2480,0,False
L000257,C00171,1,233000,177400,7.82,3400,0,False
L000258,C00172,2,20000,9700,19.29,1000,0,False
L000259,C00173,4,263000,220200,6.85,3140,0,False
L000260,C00173,1,250000,152100,8.04,5790,0,False
L000261,C00173,2,20000,12800,17.46,1000,0,False
L000262,C00173,3,1522000,955800,3.52,5850,0,False
L000263,C00174,4,230000,143500,9.6,3380,0,True
L000264,C00174,2,21000,1800,14.97,1050,0,False
L000265,C00174,3,1722000,1501400,2.57,7650,0,False
L000266,C00174,1,96000,59800,7.11,2400,0,False
L000267,C00175,4,73000,24500,9.07,1010,0,False
L000268,C00176,3,1650000,864900,4.25,7120,0,False
L000269,C00177,1,338000,223600,6.94,4990,0,False
L000270,C00178,3,2261000,1667000,2.71,11130,0,False
L000271,C00178,1,294000,175000,4.9,6410,0,False
L000272,C00179,2,13000,8200,12.94,650,0,False
L000273,C00180,3,1195000,803000,2.94,4730,3,False
L000274,C00180,4,102000,45800,10.92,1180,1,False
L000275,C00181,1,162000,53100,6.64,2570,1,False
L000276,C00181,2,30000,6800,14.68,1500,1,True
L000277,C00181,4,341000,260700,10.2,7880,0,False
L000278,C00181,3,2183000,1293400,3.16,8660,0,False
L000279,C00182,1,120000,35900,6.6,2100,1,False
L000280,C00182,2,40000,6500,15.24,2000,0,False
L000281,C00183,4,81000,51500,8.96,890,0,False
L000282,C00184,1,259000,109900,6.12,3840,0,False
L000283,C00185,3,1487000,1385200,2.89,6610,0,False
L000284,C00186,3,1372000,678000,2.91,5430,0,False
L000285,C00186,1,467000,350900,7.79,14710,0,True
L000286,C00187,3,1603000,1078800,3.34,6840,0,False
L000287,C00188,2,11000,6900,20.32,550,0,False
L000288,C00189,2,37000,6200,16.16,1850,1,False
L000289,C00189,3,1763000,934100,3.01,6850,0,False
L000290,C00190,3,769000,447200,3.03,3180,0,False
L000291,C00191,3,1863000,1131700,3.1,8310,1,False
L000292,C00192,4,28000,20600,11.71,380,0,False
L000293,C00193,3,1011000,921400,2.67,5190,0,False
L000294,C00193,4,95000,25300,10.51,1060,0,False
L000295,C00194,3,644000,472800,3.35,3250,0,False
L000296,C00195,3,1218000,562400,3.13,5110,2,False
L000297,C00195,2,15000,6200,22.3,750,0,False
L000298,C00196,4,280000,104400,5.8,4000,0,False
L000299,C00196,3,2172000,1922300,2.66,8660,0,False
L000300,C00197,2,49000,34000,20.76,2450,0,False
L000301,C00197,4,98000,38500,8.88,1900,0,False
L000302,C00197,3,1118000,1027400,3.03,5160,2,False
L000303,C00198,2,31000,8400,17.36,1550,0,False
L000304,C00199,1,274000,72400,7.61,3540,0,False
L000305,C00200,1,96000,84200,7.7,3190,0,False
L000306,C00200,3,1334000,689000,2.6,5330,0,False
L000307,C00200,2,34000,19600,22.0,1700,0,False
L000308,C00201,4,318000,198800,4.5,7760,3,True
L000309,C00201,3,1903000,1098700,2.62,6870,1,False
L000310,C00201,2,70000,29700,17.11,3500,0,False
L000311,C00201,1,333000,135300,9.39,4800,1,False
L000312,C00202,4,216000,85300,8.42,6420,0,False
L000313,C00202,2,20000,6400,17.02,1000,0,False
L000314,C00203,2,20000,3100,18.06,1000,0,False
L000315,C00203,3,559000,429000,3.7,2530,1,False
L000316,C00204,2,8000,4800,18.62,400,0,False
L000317,C00205,4,64000,36000,11.09,2300,0,False
L000318,C00206,1,246000,85700,5.59,3170,1,False
L000319,C00207,1,50000,33800,8.51,1250,0,False
L000320,C00208,2,65000,14000,19.56,3250,0,False
L000321,C00208,3,3066000,2193600,2.85,13090,0,False
L000322,C00208,1,221000,75900,8.34,4280,3,False
L000323,C00209,2,5000,1900,19.24,250,0,False
L000324,C00210,2,12000,9400,17.5,600,3,False
L000325,C00210,3,1825000,1527800,3.2,7730,1,False
L000326,C00210,4,181000,90600,6.35,3270,0,False
L000327,C00210,1,107000,38000,10.13,1820,1,False
L000328,C00211,3,2104000,1243400,2.61,7610,3,False
L000329,C00211,1,360000,244900,8.23,7700,0,False
L000330,C00212,3,1440000,1181300,2.86,7240,0,False
L000331,C00213,1,50000,14100,6.67,870,0,False
L000332,C00214,4,279000,166300,10.37,4250,1,False
L000333,C00215,3,1095000,964600,2.63,5290,0,False
L000334,C00216,4,140000,101400,6.95,1530,0,False
L000335,C00217,2,40000,16600,18.51,2000,0,False
L000336,C00218,2,54000,15500,15.39,2700,2,False
L000337,C00218,3,1376000,1246400,3.4,6130,0,False
L000338,C00219,2,19000,4700,16.01,950,0,False
L000339,C00220,1,50000,39500,7.09,810,0,False
L000340,C00221,3,1162000,844100,2.75,4730,0,False
L000341,C00222,2,45000,24600,16.27,2250,0,False
L000342,C00222,1,433000,254500,5.75,6700,0,False
L000343,C00223,2,36000,15700,14.54,1800,1,False
L000344,C00224,1,349000,168200,8.24,4820,1,False
L000345,C00224,3,1978000,1643000,3.17,10630,1,False
L000346,C00225,3,2505000,1902600,2.36,9700,0,False
L000347,C00226,3,864000,513200,3.13,3620,0,False
L000348,C00227,4,123000,46200,10.8,1620,0,False
L000349,C00228,3,1725000,1076900,2.78,6900,0,False
L000350,C00229,2,46000,33700,16.37,2300,0,False
L000351,C00229,3,1052000,872600,2.72,4350,0,False
L000352,C00230,4,69000,31500,8.04,960,0,False
L000353,C00231,4,182000,45100,13.08,2230,0,False
L000354,C00232,3,2201000,1921300,2.96,11610,0,False
L000355,C00232,2,64000,47400,22.0,3200,0,False
L000356,C00233,3,2124000,1232900,2.62,7800,0,False
L000357,C00234,2,20000,8400,16.08,1000,0,False
L000358,C00234,4,94000,83900,6.11,1040,0,False
L000359,C00234,1,50000,38300,7.75,1870,0,False
L000360,C00235,2,18000,12600,19.2,900,0,False
L000361,C00236,2,17000,11200,22.91,850,0,False
L000362,C00236,4,46000,36700,8.34,740,0,False
L000363,C00237,2,25000,18900,21.69,1250,0,False
L000364,C00237,3,2843000,1959100,2.81,13410,0,False
L000365,C00238,2,52000,26900,17.83,2600,1,False
L000366,C00239,3,684000,352400,3.14,3200,0,False
L000367,C00240,4,85000,74600,7.84,2920,0,False
L000368,C00240,2,54000,9300,17.98,2700,0,False
L000369,C00241,3,624000,367300,2.69,2410,1,False
L000370,C00242,4,90000,66400,7.22,1080,2,False
L000371,C00243,4,72000,18700,7.38,1760,3,False
L000372,C00244,2,68000,47000,20.75,3400,0,False
L000373,C00245,1,50000,28900,8.31,930,0,False
L000374,C00246,3,1306000,891200,3.06,5880,0,False
L000375,C00247,2,26000,20500,21.25,1300,0,False
L000376,C00247,4,274000,187900,8.29,6750,0,False
L000377,C00247,1,336000,170700,3.5,4640,0,False
L000378,C00248,3,1331000,979900,3.3,5490,0,False
L000379,C00249,4,23000,19200,9.32,290,0,False
L000380,C00250,2,12000,2000,15.66,600,3,False
L000381,C00251,2,24000,7700,18.56,1200,0,False
L000382,C00251,3,1058000,526100,2.89,4950,0,False
L000383,C00252,2,22000,7400,14.67,1100,0,False
L000384,C00252,3,1094000,601100,2.75,4790,0,False
L000385,C00253,3,790000,413300,2.42,3290,0,False
L000386,C00254,1,364000,280100,7.43,8110,0,False
L000387,C00255,3,1325000,633900,3.12,5610,0,False
L000388,C00256,4,268000,64200,9.68,11000,2,False
L000389,C00256,2,39000,3300,12.93,1950,1,False
L000390,C00256,3,1854000,1572600,3.14,8940,0,False
L000391,C00257,3,1236000,621500,3.43,6040,0,False
L000392,C00257,1,66000,17600,5.83,880,0,False
L000393,C00258,1,293000,100700,6.05,5870,0,False
L000394,C00258,3,1349000,829800,3.13,5780,0,False
L000395,C00258,4,326000,252400,7.58,4930,1,False
L000396,C00258,2,56000,24600,17.12,2800,0,False
L000397,C00259,2,18000,10500,18.41,900,0,False
L000398,C00259,3,1609000,800100,3.23,5950,0,False
L000399,C00259,1,129000,52500,5.13,3210,0,False
L000400,C00260,4,171000,85300,10.84,4120,0,False
L000401,C00261,1,453000,238900,5.93,7450,0,False
L000402,C00262,3,983000,885000,3.53,4750,0,False
L000403,C00263,3,629000,487000,3.02,3210,0,False
L000404,C00264,4,273000,138400,7.27,5770,1,False
L000405,C00265,4,19000,13900,7.19,620,0,False
L000406,C00266,2,19000,13900,15.36,950,0,False
L000407,C00267,3,1964000,1065700,3.13,7560,0,False
L000408,C00268,4,113000,48800,7.41,1120,0,False
L000409,C00268,3,2117000,1151200,2.2,7410,1,False
L000410,C00268,2,55000,4100,17.78,2750,0,False
L000411,C00269,1,229000,193500,3.5,4020,0,False
L000412,C00269,2,37000,18000,19.56,1850,0,False
L000413,C00270,3,1083000,622100,3.35,4830,0,False
L000414,C00270,1,315000,134400,3.88,6340,0,False
L000415,C00271,2,27000,21400,13.66,1350,0,False
L000416,C00272,2,25000,11100,16.92,1250,0,False
L000417,C00273,4,128000,101300,4.5,3580,0,False
L000418,C00274,4,138000,103000,8.26,1880,1,False
L000419,C00275,2,31000,12300,15.28,1550,0,False
L000420,C00276,3,1627000,1127500,2.87,6440,0,False
L000421,C00277,3,2265000,2026400,2.74,11260,0,False
L000422,C00277,4,259000,67200,8.08,8660,0,False
L000423,C00278,4,147000,51300,9.59,2660,0,False
L000424,C00279,3,1499000,883900,3.39,5900,0,False
L000425,C00279,2,19000,3900,16.12,950,0,False
L000426,C00279,4,256000,158300,8.62,3440,0,False
L000427,C00280,3,928000,474900,2.64,3620,0,False
L000428,C00281,3,1359000,1185700,2.45,5530,0,False
L000429,C00281,2,11000,5100,18.29,550,0,False
L000430,C00282,2,40000,18300,19.95,2000,0,False
L000431,C00282,3,1422000,711200,2.98,4970,0,False
L000432,C00282,4,400000,254000,7.81,6180,0,False
L000433,C00283,2,16000,3300,11.36,800,0,False
L000434,C00284,3,879000,683400,3.21,4230,0,False
L000435,C00285,2,25000,14900,16.72,1250,0,False
L000436,C00285,1,241000,112600,7.13,6610,0,False
L000437,C00286,2,11000,1700,20.89,550,0,False
L000438,C00286,4,43000,9500,10.12,540,0,False
L000439,C00287,4,51000,26900,11.93,990,0,False
L000440,C00287,3,971000,455900,2.94,4590,1,False
L000441,C00288,3,1854000,858500,3.96,9050,0,False
L000442,C00288,2,41000,23800,19.63,2050,0,False
L000443,C00289,4,244000,150000,6.93,6980,1,False
L000444,C00290,2,10000,8200,23.69,500,0,False
L000445,C00290,1,138000,49400,9.36,4700,1,False
L000446,C00291,2,5000,1400,16.7,250,1,False
L000447,C00292,2,8000,3600,19.57,400,1,False
L000448,C00293,3,1011000,617300,3.03,4350,0,False
L000449,C00294,3,2570000,1568000,3.19,12490,0,False
L000450,C00295,2,79000,17600,15.81,3950,0,False
L000451,C00296,4,94000,50800,9.8,1030,0,False
L000452,C00296,2,19000,15300,22.02,950,1,False
L000453,C00296,3,1316000,1134900,3.6,6880,0,False
L000454,C00297,3,1269000,1023600,2.73,6380,0,False
L000455,C00298,2,58000,28100,15.81,2900,0,False
L000456,C00299,3,999000,611900,3.26,3760,3,False
L000457,C00299,1,87000,38000,8.34,1200,0,False
L000458,C00300,1,50000,32700,7.31,880,1,False
L000459,C00301,2,5000,2000,16.82,250,0,False
L000460,C00302,3,2508000,2086000,3.7,13110,1,False
L000461,C00303,2,14000,1300,16.1,700,0,False
L000462,C00303,3,1727000,1163900,3.02,7680,0,False
L000463,C00304,4,56000,46500,8.79,820,0,False
L000464,C00305,3,1081000,707600,3.15,4270,2,False
L000465,C00306,3,899000,490800,2.45,3960,1,False
L000466,C00306,2,25000,17500,19.77,1250,0,False
L000467,C00307,3,1482000,1063200,3.02,6910,0,False
L000468,C00307,4,59000,39200,8.98,1790,0,False
L000469,C00307,2,30000,4500,19.5,1500,0,False
L000470,C00307,1,132000,81500,7.03,5050,0,False
L000471,C00308,3,1274000,763900,2.53,5060,0,False
L000472,C00309,2,39000,8700,14.07,1950,0,False
L000473,C00310,2,42000,13300,19.95,2100,0,False
L000474,C00311,3,1401000,1312100,2.9,5930,0,False
L000475,C00311,2,17000,6800,21.11,850,0,False
L000476,C00312,2,20000,10300,17.79,1000,0,False
L000477,C00313,1,66000,39300,5.52,900,0,False
L000478,C00314,2,16000,8100,19.13,800,0,False
L000479,C00315,3,1352000,1124400,2.87,6740,2,False
L000480,C00315,2,10000,6400,16.89,500,0,False
L000481,C00315,4,225000,200200,7.29,4290,0,False
L000482,C00315,1,260000,197600,5.43,6650,0,False
L000483,C00316,2,26000,18300,16.9,1300,0,False
L000484,C00316,3,1200000,595400,3.78,4940,0,False
L000485,C00317,3,998000,634900,3.13,3700,0,False
L000486,C00317,2,16000,13500,19.9,800,0,False
L000487,C00318,2,23000,14000,18.68,1150,0,False
L000488,C00318,3,1448000,1113500,2.69,6890,0,False
L000489,C00319,3,1273000,924200,3.17,5780,0,False
L000490,C00320,3,1760000,931800,2.95,7350,0,False
L000491,C00321,3,3298000,1486500,3.55,11560,0,False
L000492,C00322,3,2033000,1342300,3.48,9750,0,False
L000493,C00322,2,59000,21400,18.54,2950,0,False
L000494,C00323,1,351000,280000,7.05,6840,4,True
L000495,C00323,3,1890000,1733300,2.94,9150,1,False
L000496,C00323,4,232000,111300,8.82,7860,0,False
L000497,C00324,4,76000,45700,10.33,1360,0,False
L000498,C00324,2,37000,19400,16.22,1850,0,False
L000499,C00325,4,140000,117000,6.45,5420,0,False
L000500,C00326,4,66000,49400,11.59,1040,0,False
L000501,C00327,3,1153000,869400,3.25,5810,0,False
L000502,C00327,2,21000,7200,22.3,1050,1,False
L000503,C00327,1,231000,88300,7.33,3440,0,False
L000504,C00328,1,116000,59500,8.23,2140,0,False
L000505,C00328,3,859000,725100,2.4,3730,0,False
L000506,C00329,3,1589000,1116600,3.32,7880,0,False
L000507,C00330,2,42000,24400,15.82,2100,0,False
L000508,C00330,4,235000,136400,9.88,3780,1,False
L000509,C00330,3,1954000,1474300,2.2,7970,1,False
L000510,C00331,3,1139000,781300,2.94,4350,0,False
L000511,C00331,4,189000,40300,11.63,5980,0,False
L000512,C00332,3,1259000,1129800,2.69,5790,0,False
L000513,C00333,4,229000,139800,11.44,3580,1,False
L000514,C00334,2,60000,44000,20.91,3000,0,False
L000515,C00334,3,1454000,739600,2.42,4930,0,False
L000516,C00335,3,790000,700500,3.21,4040,0,False
L000517,C00335,1,156000,40300,3.68,4550,0,False
L000518,C00336,2,12000,700,18.62,600,0,False
L000519,C00337,3,1662000,888600,2.81,5850,0,False
L000520,C00338,3,759000,363800,2.52,2950,0,False
L000521,C00338,2,23000,11000,16.9,1150,0,False
L000522,C00339,1,316000,89500,8.66,7810,0,False
L000523,C00340,3,1948000,1146100,2.95,7780,0,False
L000524,C00341,2,64000,45700,15.23,3200,0,False
L000525,C00341,3,2689000,2311600,3.24,13810,1,False
L000526,C00342,2,31000,13700,18.92,1550,1,False
L000527,C00343,2,7000,4300,19.47,350,0,False
L000528,C00344,3,807000,511200,2.87,3270,0,False
L000529,C00345,4,332000,149900,7.09,4520,0,False
L000530,C00345,2,34000,12900,13.24,1700,0,False
L000531,C00345,3,1230000,946700,3.14,6110,1,False
L000532,C00346,3,1909000,1206000,2.98,7150,0,False
L000533,C00347,3,1859000,1338400,2.76,7950,2,False
L000534,C00348,2,17000,10300,18.31,850,0,False
L000535,C00349,2,32000,15300,16.82,1600,0,False
L000536,C00349,3,1201000,608600,2.44,4910,0,False
L000537,C00350,3,1674000,998200,3.73,7250,0,False
L000538,C00351,2,30000,5100,15.12,1500,0,False
L000539,C00352,3,674000,422700,2.44,2400,0,False
L000540,C00353,2,59000,17500,16.6,2950,0,False
L000541,C00353,3,1059000,680900,2.37,4650,0,False
L000542,C00354,3,1395000,1125600,3.58,6390,0,False
L000543,C00354,4,114000,26800,5.03,1090,0,False
L000544,C00355,1,174000,85600,4.53,2550,0,False
L000545,C00356,3,671000,353600,3.45,2470,0,False
L000546,C00356,2,22000,13700,17.32,1100,0,False
L000547,C00357,2,5000,3300,16.47,250,0,False
L000548,C00358,4,228000,203900,9.98,9780,0,False
L000549,C00359,4,158000,38900,6.12,6600,0,False
L000550,C00360,2,22000,11100,19.23,1100,0,False
L000551,C00361,3,1996000,941400,3.83,7310,0,False
L000552,C00361,2,63000,31900,19.0,3150,0,False
L000553,C00361,4,93000,23800,7.55,1000,0,False
L000554,C00362,3,1292000,947500,3.44,5550,2,False
L000555,C00363,2,49000,31700,16.45,2450,0,False
L000556,C00363,4,281000,219300,6.95,4010,0,False
L000557,C00364,3,2127000,1990800,3.09,9000,0,False
L000558,C00364,2,63000,11700,18.83,3150,0,False
L000559,C00365,3,1475000,1244400,2.93,6900,0,False
L000560,C00365,4,200000,81400,9.31,2230,0,False
L000561,C00366,3,1745000,948000,2.67,6550,0,False
L000562,C00367,2,33000,6700,16.98,1650,0,False
L000563,C00368,3,1502000,1300900,2.27,7260,0,False
L000564,C00369,1,92000,44000,7.37,2590,0,False
L000565,C00370,2,37000,15400,18.73,1850,0,False
L000566,C00371,4,323000,241500,12.65,7010,0,False
L000567,C00372,2,38000,25300,20.16,1900,0,False
L000568,C00373,3,1209000,730000,2.56,4840,0,False
L000569,C00373,2,54000,38900,17.73,2700,0,False
L000570,C00374,3,2257000,1800300,2.95,9230,0,False
L000571,C00375,2,15000,10900,18.59,750,0,False
L000572,C00376,4,363000,191100,10.07,8820,1,False
L000573,C00376,3,1165000,867900,3.29,5140,0,False
L000574,C00376,1,181000,62000,5.77,2450,1,False
L000575,C00377,1,124000,76700,6.77,1800,3,False
L000576,C00378,4,93000,83000,9.44,1410,1,False
L000577,C00379,2,20000,6000,14.62,1000,0,False
L000578,C00380,1,203000,51000,7.18,3000,0,False
L000579,C00380,4,94000,43100,11.89,1260,0,False
L000580,C00381,2,23000,1600,16.9,1150,2,False
L000581,C00382,3,1286000,1044300,3.13,6610,0,False
L000582,C00383,3,1749000,1538500,2.57,8570,0,False
L000583,C00384,4,43000,12400,8.52,1180,0,False
L000584,C00385,4,203000,176600,12.35,3390,2,False
L000585,C00386,3,996000,487600,2.73,3620,0,False
L000586,C00387,4,259000,230000,10.88,4160,0,False
L000587,C00388,4,180000,152600,9.31,2240,0,False
L000588,C00388,2,16000,5500,17.0,800,0,False
L000589,C00389,4,182000,62700,9.36,5090,0,False
L000590,C00389,3,1408000,1016000,3.14,6320,0,False
L000591,C00390,1,225000,93000,6.59,5740,0,False
L000592,C00390,3,771000,386500,2.49,3440,0,False
L000593,C00391,4,71000,21500,8.13,680,0,False
L000594,C00392,3,2107000,1976800,2.92,8990,0,False
L000595,C00393,2,39000,10200,16.57,1950,0,False
L000596,C00393,3,1997000,1226800,3.73,8590,0,True
L000597,C00394,4,272000,97200,8.75,4120,0,False
L000598,C00394,2,27000,9100,16.76,1350,0,False
L000599,C00394,1,273000,133100,4.85,3790,0,False
L000600,C00395,3,1609000,1422800,4.07,7410,0,False
L000601,C00395,2,54000,7600,16.71,2700,0,False
L000602,C00396,3,847000,487100,3.17,3870,0,False
L000603,C00397,3,1305000,1011300,2.5,5390,0,False
L000604,C00398,4,234000,174600,6.34,2560,0,False
L000605,C00399,3,1098000,597100,2.63,5210,0,False
L000606,C00400,3,2495000,1217800,3.15,10730,0,False
L000607,C00400,1,129000,65700,5.33,1880,1,False
L000608,C00400,2,32000,16800,17.79,1600,1,False
L000609,C00400,4,255000,193800,5.72,3780,0,False
L000610,C00401,3,1287000,986500,2.73,5060,0,False
L000611,C00402,1,106000,86700,6.95,1670,0,False
L000612,C00402,4,48000,23100,11.19,600,1,False
L000613,C00403,2,20000,13900,19.78,1000,0,False
L000614,C00403,3,2720000,1537400,3.1,10640,0,False
L000615,C00404,1,301000,262300,5.45,12040,0,False
L000616,C00405,4,141000,104600,5.97,1990,0,False
L000617,C00405,2,44000,5000,14.62,2200,0,False
L000618,C00405,3,1087000,963300,2.32,4940,0,False
L000619,C00406,3,1611000,1399900,2.91,6890,3,False
L000620,C00406,1,209000,186300,5.41,6450,0,False
L000621,C00407,2,10000,6000,21.66,500,0,False
L000622,C00407,1,103000,68700,5.89,1480,0,False
L000623,C00407,4,25000,19500,12.75,1090,0,False
L000624,C00408,2,8000,6300,14.56,400,0,False
L000625,C00409,2,5000,1400,16.32,250,0,False
L000626,C00410,3,692000,566400,3.52,3290,0,False
L000627,C00411,3,1730000,1489900,3.09,7460,0,False
L000628,C00412,3,593000,343500,2.98,2420,0,False
L000629,C00413,4,28000,7900,8.62,470,0,False
L000630,C00413,2,5000,1400,17.99,250,0,False
L000631,C00414,3,2215000,1243600,3.62,8820,0,False
L000632,C00415,4,250000,215500,5.54,3440,0,False
L000633,C00416,3,1746000,1342400,2.81,8130,0,False
L000634,C00416,1,263000,158700,6.49,6800,0,False
L000635,C00417,3,1860000,1097200,3.15,8410,0,False
L000636,C00418,1,100000,82600,8.85,2050,0,False
L000637,C00418,4,39000,25900,6.42,1600,0,False
L000638,C00419,2,26000,5200,22.02,1300,0,False
L000639,C00420,3,1804000,1390100,3.25,7730,1,False
L000640,C00420,2,32000,10500,12.08,1600,1,False
L000641,C00421,2,19000,7600,17.66,950,1,False
L000642,C00422,3,1913000,1383400,2.48,8740,0,False
L000643,C00423,3,1493000,1191800,2.97,5920,0,False
L000644,C00424,3,1498000,790900,3.08,6390,0,False
L000645,C00425,2,13000,5900,20.52,650,0,True
L000646,C00426,2,57000,10500,13.45,2850,0,False
L000647,C00426,3,2359000,1114300,3.11,9920,0,False
L000648,C00427,3,1352000,992300,3.43,5890,0,False
L000649,C00427,2,22000,5700,18.46,1100,0,False
L000650,C00427,1,318000,164400,7.63,4470,3,False
L000651,C00428,3,2420000,1458800,2.9,10680,0,False
L000652,C00429,1,168000,47200,4.69,3250,0,False
L000653,C00429,4,81000,68200,8.08,2380,0,False
L000654,C00429,2,38000,13500,17.52,1900,0,False
L000655,C00430,1,234000,197000,7.97,3840,0,False
L000656,C00430,4,96000,57400,7.78,1190,0,False
L000657,C00430,3,1848000,1467200,2.84,7650,3,False
L000658,C00431,1,172000,154400,8.66,4030,0,False
L000659,C00432,1,237000,142300,6.38,3960,0,False
L000660,C00433,1,374000,211900,7.6,6950,0,False
L000661,C00433,4,172000,125500,5.79,2830,1,False
L000662,C00433,3,2012000,1143500,3.44,8550,0,False
L000663,C00434,1,240000,108900,6.1,3810,1,False
L000664,C00434,3,763000,403500,3.54,3480,1,True
L000665,C00435,2,48000,3600,17.14,2400,0,False
L000666,C00436,3,2086000,969600,2.93,7150,0,False
L000667,C00436,4,326000,86300,12.13,5870,1,False
L000668,C00437,2,38000,31400,16.91,1900,0,False
L000669,C00438,2,19000,6400,14.74,950,0,False
L000670,C00439,2,5000,400,16.44,250,0,False
L000671,C00440,3,1246000,1043100,2.2,5640,0,False
L000672,C00441,4,80000,67600,9.01,1170,0,False
L000673,C00442,3,1218000,876900,2.78,5620,0,False
L000674,C00443,2,16000,10500,16.89,800,0,True
L000675,C00444,1,131000,105900,6.8,2180,0,False
L000676,C00445,3,1216000,775000,3.25,4710,0,False
L000677,C00446,3,1871000,1341700,3.16,9250,0,False
L000678,C00447,2,7000,5100,18.59,350,0,False
L000679,C00448,3,1880000,1599400,3.03,7630,0,False
L000680,C00448,1,418000,221000,7.05,6510,0,False
L000681,C00449,3,1538000,841400,2.74,7390,0,False
L000682,C00450,3,1407000,981800,2.62,5100,0,False
L000683,C00450,2,39000,29100,18.29,1950,0,False
L000684,C00450,1,398000,314000,8.02,16820,0,False
L000685,C00451,2,53000,23500,15.21,2650,0,False
L000686,C00452,3,2042000,1104100,2.43,8790,0,False
L000687,C00453,3,867000,689700,2.5,3590,0,False
L000688,C00453,2,27000,15300,12.93,1350,2,True
L000689,C00453,4,160000,59500,8.38,2350,0,False
L000690,C00454,2,34000,10000,17.71,1700,0,False
L000691,C00454,3,1555000,985200,2.69,6690,0,False
L000692,C00455,3,1520000,1393700,2.51,7230,0,False
L000693,C00455,4,74000,31400,10.22,890,0,False
L000694,C00455,2,69000,10700,16.9,3450,0,False
L000695,C00456,2,21000,6000,21.09,1050,1,False
L000696,C00456,3,1703000,1166900,2.79,6490,1,False
L000697,C00456,1,240000,101400,9.15,7660,1,False
L000698,C00456,4,239000,212100,9.7,3080,0,True
L000699,C00457,3,539000,453400,3.37,2290,0,False
L000700,C00458,2,23000,12200,21.76,1150,1,False
L000701,C00458,1,102000,36300,6.71,2530,0,False
L000702,C00459,2,17000,6300,15.62,850,0,False
L000703,C00460,1,83000,60400,7.19,3210,0,False
L000704,C00461,4,56000,23000,11.15,2030,0,False
L000705,C00461,2,5000,2700,17.47,250,0,False
L000706,C00462,3,2499000,1454300,3.16,11440,0,False
L000707,C00462,2,75000,23100,15.64,3750,0,False
L000708,C00463,3,1113000,938500,3.1,4680,0,False
L000709,C00464,1,370000,150100,5.22,6600,0,False
L000710,C00464,3,2737000,1240400,3.53,10950,0,False
L000711,C00464,4,195000,58300,8.11,2990,0,False
L000712,C00465,4,76000,55900,7.93,1440,0,False
L000713,C00466,3,2468000,1807000,2.88,10040,0,True
L000714,C00467,2,67000,42700,15.92,3350,0,False
L000715,C00468,3,1002000,528700,2.35,4400,0,False
L000716,C00469,2,31000,3400,13.14,1550,0,False
L000717,C00470,3,1521000,1387100,2.64,7820,0,False
L000718,C00470,2,63000,50500,16.63,3150,0,False
L000719,C00471,4,10000,7100,10.53,150,1,False
L000720,C00472,3,983000,490200,3.3,4350,0,False
L000721,C00473,2,78000,52700,14.92,3900,0,False
L000722,C00474,3,586000,544200,2.57,2380,0,False
L000723,C00474,4,157000,104900,8.23,5910,0,True
L000724,C00475,3,2536000,2077500,2.68,10730,0,False
L000725,C00476,2,31000,20400,18.92,1550,0,False
L000726,C00476,3,812000,751800,3.04,3350,0,False
L000727,C00476,1,217000,155400,7.74,4240,2,False
L000728,C00477,2,14000,11100,20.34,700,0,False
L000729,C00478,1,67000,18600,10.38,1250,0,False
L000730,C00479,2,26000,18500,20.21,1300,1,False
L000731,C00480,3,1972000,1601500,2.83,8640,0,False
L000732,C00481,3,2322000,1076400,2.61,8870,0,False
L000733,C00481,2,17000,12100,16.06,850,0,False
L000734,C00482,3,1405000,1114400,2.84,6000,0,False
L000735,C00482,4,230000,188000,10.84,3490,0,False
L000736,C00483,1,230000,161800,5.24,3890,0,False
L000737,C00483,3,2952000,2730700,3.19,15940,2,False
L000738,C00483,2,47000,35400,20.0,2350,0,False
L000739,C00484,3,1208000,853700,2.82,5380,0,False
L000740,C00484,2,25000,6900,12.62,1250,3,False
L000741,C00484,1,66000,52300,5.8,960,0,False
L000742,C00485,3,1781000,1675200,2.85,9030,0,False
L000743,C00485,1,95000,72300,5.78,1410,0,False
L000744,C00486,3,2307000,1181200,2.66,8920,1,False
L000745,C00487,2,9000,2200,23.5,450,1,False
L000746,C00487,1,111000,53100,6.51,1550,0,True
L000747,C00488,3,2353000,1904600,3.48,12800,0,False
L000748,C00488,2,21000,1600,18.21,1050,0,False
L000749,C00489,4,113000,79100,8.41,1280,0,False
L000750,C00490,4,36000,12600,7.33,450,0,False
L000751,C00491,2,41000,31400,19.64,2050,0,False
L000752,C00492,3,1872000,1318500,3.4,9780,0,False
L000753,C00493,3,1147000,819700,3.65,5250,0,False
L000754,C00494,4,161000,80900,10.84,4650,0,False
L000755,C00495,4,262000,203600,9.13,4180,0,False
L000756,C00495,2,43000,30900,13.98,2150,0,False
L000757,C00496,3,2714000,1404800,2.8,11630,0,False
L000758,C00497,3,2078000,1082600,2.81,7380,2,False
L000759,C00498,2,15000,4900,16.12,750,0,False
L000760,C00499,3,1978000,1464000,2.45,9510,3,False
L000761,C00500,3,1579000,1122700,3.86,7700,0,False
L000762,C00501,3,1442000,1135500,2.58,6880,0,False
L000763,C00501,1,227000,90700,6.7,5940,0,False
L000764,C00502,4,211000,136500,10.24,2740,0,False
L000765,C00503,4,84000,55700,10.44,2320,0,False
L000766,C00503,2,24000,14600,14.16,1200,0,False
L000767,C00504,1,234000,195300,5.87,4570,0,False
L000768,C00505,2,38000,5800,16.35,1900,0,False
L000769,C00506,1,357000,218800,5.95,11520,0,False
L000770,C00507,2,23000,4600,21.26,1150,0,False
L000771,C00508,3,1056000,511400,3.45,3770,0,False
L000772,C00509,2,7000,5500,19.21,350,0,False
L000773,C00510,2,32000,17500,13.96,1600,0,False
L000774,C00511,2,73000,46700,21.13,3650,0,False
L000775,C00511,3,1766000,945600,3.21,6960,0,False
L000776,C00511,1,258000,97500,5.77,4000,3,False
L000777,C00511,4,254000,128300,10.24,6420,2,False
L000778,C00512,1,152000,50600,9.1,2410,0,False
L000779,C00513,1,155000,39100,6.48,5010,4,False
L000780,C00514,3,924000,615900,2.2,3300,1,False
L000781,C00514,2,27000,15900,16.0,1350,0,False
L000782,C00515,2,6000,2900,15.93,300,0,False
L000783,C00516,4,25000,20300,7.88,510,2,False
L000784,C00517,3,2007000,1649000,3.03,8780,0,False
L000785,C00518,4,106000,56600,5.54,4500,0,False
L000786,C00519,4,59000,24200,7.35,940,0,False
L000787,C00519,3,1467000,941500,2.51,6820,0,False
L000788,C00520,3,990000,798400,2.94,5130,0,False
L000789,C00521,2,27000,17600,21.59,1350,0,False
L000790,C00522,3,1803000,1021000,2.82,7870,0,False
L000791,C00522,2,25000,16500,13.56,1250,0,False
L000792,C00523,1,295000,112400,6.14,5190,0,False
L000793,C00524,3,1111000,740800,2.99,5020,0,False
L000794,C00525,2,9000,1000,17.17,450,0,False
L000795,C00526,3,2444000,1546700,2.73,10530,0,False
L000796,C00526,1,256000,83100,5.24,5390,0,False
L000797,C00527,1,66000,23600,11.5,2090,1,False
L000798,C00528,4,184000,41400,8.15,2910,1,False
L000799,C00528,3,1952000,1053700,2.89,7630,2,False
L000800,C00529,2,9000,900,17.27,450,1,False
L000801,C00530,2,12000,7900,20.16,600,1,False
L000802,C00531,2,7000,5500,17.69,350,0,False
L000803,C00532,2,13000,7400,20.63,650,0,False
L000804,C00532,1,93000,26600,9.11,1880,0,False
L000805,C00533,3,649000,310800,3.17,2410,0,False
L000806,C00534,2,28000,7000,12.76,1400,0,False
L000807,C00535,4,313000,225300,8.06,3620,0,False
L000808,C00535,3,1829000,1608800,3.48,8020,0,False
L000809,C00536,4,189000,47800,7.16,2670,0,False
L000810,C00537,3,1374000,917500,2.56,6540,0,False
L000811,C00538,2,31000,11800,16.37,1550,0,False
L000812,C00539,2,10000,500,21.44,500,0,False
L000813,C00540,4,184000,49500,9.68,5720,0,False
L000814,C00541,4,281000,242200,7.28,3620,0,False
L000815,C00542,3,952000,534800,2.74,3370,0,False
L000816,C00543,2,23000,3600,16.82,1150,0,False
L000817,C00544,2,33000,18100,14.35,1650,0,False
L000818,C00545,3,500000,362900,3.59,2310,0,False
L000819,C00545,4,91000,57700,5.9,2660,0,False
L000820,C00546,2,67000,28400,13.6,3350,0,False
L000821,C00547,4,79000,63900,8.68,1020,0,False
L000822,C00548,1,79000,31900,8.09,2400,0,False
L000823,C00549,3,1261000,995800,2.84,4840,0,False
L000824,C00549,1,394000,236900,6.14,6030,0,False
L000825,C00550,2,15000,8200,19.81,750,0,False
L000826,C00550,3,904000,781100,2.96,3790,0,False
L000827,C00550,1,59000,15100,4.98,1540,0,False
L000828,C00551,3,1950000,989800,2.76,8540,4,False
L000829,C00551,2,22000,16800,21.12,1100,3,True
L000830,C00551,4,365000,269200,11.95,12670,0,False
L000831,C00551,1,235000,72800,7.99,3900,0,False
L000832,C00552,4,22000,15300,10.55,550,0,False
L000833,C00553,3,1204000,1001400,2.33,4580,1,False
L000834,C00553,1,246000,141700,5.6,3570,0,False
L000835,C00554,3,1200000,786400,2.36,5140,0,False
L000836,C00555,2,5000,700,18.37,250,0,False
L000837,C00555,4,26000,17400,9.33,300,1,False
L000838,C00555,1,121000,108600,6.36,1760,2,False
L000839,C00556,4,248000,159100,6.99,2810,0,False
L000840,C00556,3,1541000,1079600,2.83,6650,2,False
L000841,C00556,2,49000,8100,16.63,2450,0,False
L000842,C00556,1,255000,182200,4.5,5150,0,False
L000843,C00557,3,1059000,953400,2.92,4970,0,False
L000844,C00558,2,10000,1000,21.4,500,0,False
L000845,C00559,4,103000,74900,7.74,2340,0,False
L000846,C00559,1,148000,87300,7.67,3030,0,False
L000847,C00560,2,23000,1600,15.8,1150,0,False
L000848,C00560,4,59000,33900,12.72,840,0,False
L000849,C00561,1,128000,35200,8.39,2090,0,False
L000850,C00562,1,126000,35900,7.02,1740,0,False
L000851,C00563,2,29000,8800,15.06,1450,0,False
L000852,C00564,4,68000,18200,9.14,900,0,False
L000853,C00565,4,328000,213900,10.84,8170,0,False
L000854,C00565,3,2388000,2114000,2.31,9720,0,False
L000855,C00566,2,81000,14200,17.68,4050,0,False
L000856,C00566,3,1507000,1090300,2.46,5610,0,False
L000857,C00567,4,165000,77100,6.59,1680,0,False
L000858,C00567,3,2031000,1497400,3.05,7920,0,False
L000859,C00568,3,3046000,2417800,2.85,14480,0,False
L000860,C00569,2,22000,17300,22.5,1100,0,False
L000861,C00569,3,499000,325100,3.74,2400,0,False
L000862,C00570,2,71000,44400,18.08,3550,0,False
L000863,C00571,3,1983000,1152200,3.08,8070,0,False
L000864,C00572,2,12000,7600,22.02,600,3,True
L000865,C00573,3,2878000,1660500,3.85,11780,0,False
L000866,C00574,2,24000,5700,15.31,1200,0,False
L000867,C00574,1,100000,30300,7.64,1310,0,False
L000868,C00575,2,5000,3600,13.72,250,0,False
L000869,C00575,3,806000,606300,3.19,3470,0,False
L000870,C00576,2,16000,2100,17.66,800,0,False
L000871,C00577,4,31000,9000,4.58,290,0,False
L000872,C00578,1,254000,168800,6.26,7810,0,False
L000873,C00579,4,95000,53400,9.86,3580,0,False
L000874,C00579,2,31000,14800,19.1,1550,0,False
L000875,C00580,1,338000,234000,7.18,13750,1,False
L000876,C00581,2,9000,3700,19.09,450,0,False
L000877,C00581,1,125000,60800,7.6,3580,3,False
L000878,C00581,4,16000,8700,9.15,190,0,False
L000879,C00582,2,18000,7700,19.55,900,0,False
L000880,C00583,4,237000,115900,9.01,6570,0,False
L000881,C00583,2,19000,12100,12.07,950,0,False
L000882,C00583,3,1175000,871400,2.82,4990,0,False
L000883,C00584,3,1981000,1102800,3.02,7050,0,False
L000884,C00585,4,125000,107600,11.4,2900,0,False
L000885,C00585,3,2049000,1263400,2.69,7880,0,False
L000886,C00586,4,52000,12300,9.38,2110,0,False
L000887,C00587,2,8000,2900,18.93,400,0,False
L000888,C00588,2,5000,3200,21.48,250,0,False
L000889,C00588,4,62000,53400,11.75,950,0,False
L000890,C00589,3,918000,808200,3.28,4680,0,False
L000891,C00589,2,21000,15700,15.6,1050,0,False
L000892,C00590,3,1258000,768700,3.16,6020,1,False
L000893,C00590,1,349000,238700,6.27,15590,0,False
L000894,C00591,2,6000,4200,18.32,300,0,False
L000895,C00592,4,63000,41000,5.64,2380,0,False
L000896,C00592,3,1226000,583700,2.55,5480,1,False
L000897,C00593,2,16000,2700,18.48,800,0,False
L000898,C00594,3,1100000,566300,2.62,4700,0,False
L000899,C00595,2,33000,20500,15.28,1650,2,False
L000900,C00595,3,1453000,1097500,3.05,7570,0,False
L000901,C00596,2,51000,8100,18.27,2550,0,False
L000902,C00596,3,1399000,1112000,2.75,7050,0,False
L000903,C00597,3,2129000,1563300,3.11,8360,0,False
L000904,C00598,2,6000,1400,14.87,300,0,False
L000905,C00599,3,1217000,705000,2.74,5680,0,False
L000906,C00600,2,17000,7700,18.86,850,1,False
L000907,C00601,3,2182000,1925500,3.07,8970,0,False
L000908,C00602,3,999000,545400,3.53,4280,1,False
L000909,C00602,1,319000,242300,4.95,13290,1,True
L000910,C00603,2,5000,3500,16.79,250,0,False
L000911,C00603,3,432000,196300,4.91,2140,0,False
L000912,C00604,4,250000,160900,7.47,3140,1,False
L000913,C00605,3,735000,625100,3.53,3730,0,False
L000914,C00605,4,36000,17300,10.91,680,0,False
L000915,C00606,2,37000,18600,17.75,1850,0,False
L000916,C00607,3,2513000,2143900,3.01,10460,0,False
L000917,C00608,1,251000,179800,6.13,7400,0,False
L000918,C00608,4,140000,61100,8.77,2350,0,False
L000919,C00609,3,2202000,1583000,2.43,9060,0,False
L000920,C00610,2,23000,1300,15.58,1150,0,False
L000921,C00610,3,2528000,1424900,3.79,12980,0,False
L000922,C00611,2,14000,11700,14.72,700,0,False
L000923,C00612,2,7000,4900,10.81,350,1,False
L000924,C00613,1,50000,34600,7.35,1000,0,False
L000925,C00614,1,221000,198200,7.11,3350,3,True
L000926,C00614,2,32000,11900,20.18,1600,0,False
L000927,C00615,2,6000,800,15.06,300,0,False
L000928,C00616,3,1042000,555400,3.06,4560,0,False
L000929,C00617,2,5000,1300,18.96,250,0,False
L000930,C00618,3,1322000,1173300,2.5,5060,0,False
L000931,C00618,2,53000,27000,14.92,2650,0,False
L000932,C00618,1,374000,179900,9.6,6580,0,False
L000933,C00619,4,91000,27800,9.42,1010,0,False
L000934,C00620,4,129000,85100,9.6,3400,0,False
L000935,C00620,1,155000,75900,7.47,5680,1,False
L000936,C00621,2,17000,5200,18.53,850,0,True
L000937,C00622,3,1948000,1158800,3.25,7540,0,False
L000938,C00623,1,55000,33700,7.84,960,0,False
L000939,C00623,2,9000,1900,16.96,450,1,False
L000940,C00624,4,158000,55000,7.95,3090,0,False
L000941,C00624,3,2005000,1701600,2.99,10160,1,False
L000942,C00625,2,10000,5100,20.08,500,0,False
L000943,C00626,4,206000,139900,9.43,2720,0,False
L000944,C00626,3,1278000,1002700,3.23,6050,0,False
L000945,C00627,3,2632000,1263100,2.68,12370,0,False
L000946,C00627,1,122000,56900,6.71,1840,0,False
L000947,C00628,3,1980000,1577700,3.08,8510,0,False
L000948,C00629,2,5000,4200,18.19,250,1,False
L000949,C00630,2,46000,26600,15.0,2300,0,False
L000950,C00631,3,967000,738500,2.97,4240,0,False
L000951,C00632,2,58000,42900,13.66,2900,0,False
L000952,C00633,3,1474000,1296400,2.97,6300,0,False
L000953,C00633,2,41000,15700,16.92,2050,0,False
L000954,C00634,3,1817000,1054900,3.31,8600,0,False
L000955,C00635,3,762000,553200,2.27,2710,0,False
L000956,C00635,1,238000,164000,5.99,6290,0,False
L000957,C00636,3,2714000,1633900,2.7,9520,0,False
L000958,C00637,3,2418000,1908400,2.86,9640,0,False
L000959,C00638,3,1314000,674300,2.86,4630,0,False
L000960,C00639,1,275000,228200,8.86,5060,0,False
L000961,C00639,3,1181000,802600,3.29,5400,0,False
L000962,C00640,2,38000,7100,15.08,1900,0,False
L000963,C00640,1,145000,79400,5.8,5170,1,False
L000964,C00641,4,158000,85900,11.67,2210,0,False
L000965,C00642,3,1953000,1131500,2.59,7700,0,False
L000966,C00643,4,279000,168200,8.56,3410,0,False
L000967,C00643,1,308000,198000,6.43,4520,0,False
L000968,C00643,2,52000,8300,19.19,2600,0,False
L000969,C00644,3,986000,496200,3.16,4760,0,False
L000970,C00645,3,1671000,791000,3.0,6510,0,False
L000971,C00645,2,81000,17900,19.76,4050,2,False
L000972,C00645,4,350000,254700,7.37,7540,0,False
L000973,C00646,3,625000,569100,2.4,3190,1,False
L000974,C00647,4,192000,150200,10.24,5110,0,False
L000975,C00647,3,1793000,875200,3.21,7420,0,False
L000976,C00648,3,1317000,1057600,2.82,5820,0,False
L000977,C00649,3,2353000,1778000,3.02,10090,0,False
L000978,C00650,3,1596000,1008900,3.22,7070,1,False
L000979,C00650,2,71000,52400,21.4,3550,0,False
L000980,C00651,2,17000,2500,19.76,850,0,False
L000981,C00652,2,24000,12000,17.1,1200,0,False
L000982,C00652,3,1681000,1589000,3.0,6940,0,False
L000983,C00653,1,102000,34200,8.26,1610,0,False
L000984,C00654,1,188000,53600,10.03,3820,0,False
L000985,C00655,3,986000,655400,3.26,4300,0,False
L000986,C00656,2,25000,6300,17.81,1250,0,False
L000987,C00657,3,791000,700000,2.91,3410,0,False
L000988,C00657,2,14000,8300,20.6,700,0,False
L000989,C00657,4,67000,50400,11.68,950,0,False
L000990,C00658,3,2682000,1942500,3.1,12260,0,False
L000991,C00659,3,1897000,906800,2.88,8640,0,False
L000992,C00659,2,69000,22500,17.96,3450,0,False
L000993,C00659,1,368000,155900,8.03,7340,0,False
L000994,C00660,2,33000,11500,20.2,1650,0,False
L000995,C00661,3,2016000,978000,3.02,7210,0,False
L000996,C00662,3,2083000,1466300,3.33,8710,0,False
L000997,C00663,3,1284000,684300,2.97,5440,0,False
L000998,C00663,2,13000,3500,16.9,650,0,False
L000999,C00663,1,102000,36100,7.17,1450,0,False
L001000,C00664,3,974000,546100,2.87,3610,0,False
L001001,C00665,2,8000,5800,23.5,400,0,True
L001002,C00666,3,1579000,1433300,2.2,6430,0,False
L001003,C00666,2,33000,25500,12.21,1650,1,False
L001004,C00667,4,156000,84700,9.14,2080,0,False
L001005,C00668,2,6000,3600,15.72,300,0,False
L001006,C00669,3,1462000,836800,2.91,5670,0,False
L001007,C00670,4,95000,65300,7.92,1060,0,False
L001008,C00671,4,86000,60200,4.5,930,0,False
L001009,C00671,3,863000,600300,3.21,3920,0,False
L001010,C00672,4,147000,131900,11.18,4430,0,False
L001011,C00673,2,7000,4100,20.88,350,0,False
L001012,C00673,4,29000,22100,7.86,350,0,False
L001013,C00673,1,50000,27800,8.27,1000,0,False
L001014,C00674,3,2372000,2177700,3.03,10290,0,False
L001015,C00675,2,39000,7500,21.32,1950,0,False
L001016,C00675,3,1317000,1114800,2.2,5800,0,False
L001017,C00676,2,15000,6100,13.72,750,0,False
L001018,C00676,4,106000,35600,9.05,2120,1,False
L001019,C00677,3,1370000,930400,3.54,5720,2,False
L001020,C00677,1,87000,31200,6.1,1380,0,False
L001021,C00678,2,33000,4700,12.4,1650,0,False
L001022,C00679,3,835000,660600,4.53,4790,0,False
L001023,C00680,2,45000,35600,17.54,2250,0,False
L001024,C00680,3,1084000,560600,3.16,4940,0,False
L001025,C00681,2,19000,1000,15.8,950,0,False
L001026,C00682,3,965000,517300,2.99,3450,1,True
L001027,C00682,4,70000,38300,9.07,920,4,False
L001028,C00682,1,241000,152100,3.5,5660,0,False
L001029,C00682,2,56000,41100,18.27,2800,0,False
L001030,C00683,3,931000,555700,2.6,3370,0,False
L001031,C00683,1,64000,18500,7.07,940,0,False
L001032,C00684,4,62000,25900,9.53,1410,3,False
L001033,C00684,3,1777000,1324500,3.13,7260,1,False
L001034,C00684,1,428000,283600,8.38,9650,3,False
L001035,C00685,3,997000,635300,2.86,3920,0,False
L001036,C00686,4,285000,227700,11.03,6320,0,False
L001037,C00686,3,1849000,881100,2.96,7360,0,False
L001038,C00687,4,308000,220100,9.38,4550,0,False
L001039,C00688,3,1758000,1402100,3.03,7970,0,False
L001040,C00689,3,1498000,1149800,3.34,6520,0,False
L001041,C00689,4,63000,43400,10.65,1170,0,False
L001042,C00689,2,42000,28600,16.27,2100,0,False
L001043,C00690,4,52000,28800,10.09,670,2,False
L001044,C00690,3,823000,634800,2.2,3150,0,False
L001045,C00691,4,156000,129500,8.12,3710,0,False
L001046,C00691,3,1227000,1130000,3.52,5880,1,False
L001047,C00692,3,1947000,1375000,3.46,8240,1,False
L001048,C00692,4,204000,96900,11.16,3830,1,False
L001049,C00692,2,45000,13100,16.45,2250,0,False
L001050,C00692,1,138000,84000,6.56,2640,0,False
L001051,C00693,3,2082000,1014200,2.65,8130,1,False
L001052,C00693,4,146000,64100,6.26,2240,2,True
L001053,C00693,1,259000,217200,5.37,5810,0,False
L001054,C00694,2,19000,10600,21.33,950,0,False
L001055,C00695,3,1422000,1089600,3.48,5800,0,False
L001056,C00696,2,12000,7700,12.25,600,0,False
L001057,C00696,4,33000,9900,10.72,1040,0,False
L001058,C00697,1,280000,136700,6.98,6930,0,False
L001059,C00697,3,1954000,1612700,3.29,9210,1,False
L001060,C00698,3,2146000,1398600,2.53,9300,0,False
L001061,C00698,1,132000,38000,4.96,3890,0,False
L001062,C00699,1,294000,250300,6.56,10740,0,False
L001063,C00700,3,1963000,1403600,2.96,7760,0,False
L001064,C00701,1,200000,126500,8.22,2900,0,False
L001065,C00701,3,1636000,841800,2.79,6210,0,False
L001066,C00701,2,48000,29200,16.05,2400,0,False
L001067,C00702,2,27000,12900,14.98,1350,0,False
L001068,C00703,2,51000,24700,14.52,2550,3,False
L001069,C00703,3,1708000,955500,2.45,6260,0,False
L001070,C00704,3,997000,564800,3.03,3840,0,False
L001071,C00704,2,45000,22900,18.29,2250,0,False
L001072,C00705,4,85000,35200,9.32,2660,0,False
L001073,C00706,2,14000,1200,19.17,700,0,False
L001074,C00707,2,54000,16500,22.0,2700,0,False
L001075,C00708,3,1788000,1531900,2.91,7600,0,False
L001076,C00708,2,23000,4200,13.46,1150,0,False
L001077,C00708,4,314000,113700,7.43,3290,0,False
L001078,C00709,1,383000,236100,6.66,12500,0,False
L001079,C00710,3,1794000,928000,2.81,7380,2,False
L001080,C00710,1,409000,246200,7.53,13140,0,False
L001081,C00710,2,47000,31100,15.67,2350,2,False
L001082,C00711,1,260000,137500,7.68,3820,1,False
L001083,C00711,2,82000,12700,19.72,4100,0,False
L001084,C00712,2,8000,3000,18.9,400,0,False
L001085,C00712,4,48000,11400,8.95,860,0,False
L001086,C00712,1,50000,24200,9.17,790,0,False
L001087,C00713,3,2028000,1022600,3.46,9760,0,False
L001088,C00714,3,2344000,2136800,4.07,11380,0,False
L001089,C00714,2,47000,9300,14.79,2350,0,False
L001090,C00715,2,8000,1300,17.59,400,0,False
L001091,C00716,3,1673000,1248500,3.18,7760,0,False
L001092,C00717,3,782000,607800,2.97,3670,0,False
L001093,C00718,3,1310000,903400,2.7,6140,0,False
L001094,C00719,3,1058000,574000,2.89,3830,0,False
L001095,C00720,1,355000,148400,5.47,6810,0,False
L001096,C00721,3,1321000,881300,2.9,6020,0,False
L001097,C00722,3,1066000,562700,2.75,3780,1,False
L001098,C00723,2,23000,16300,14.7,1150,0,False
L001099,C00724,3,2319000,2148400,2.97,10650,0,False
L001100,C00725,2,56000,26200,20.03,2800,0,False
L001101,C00726,3,1012000,939100,3.22,4400,0,False
L001102,C00727,4,119000,45400,14.69,1600,0,False
L001103,C00728,2,39000,8500,14.4,1950,0,False
L001104,C00729,2,37000,28200,15.26,1850,1,False
L001105,C00730,2,17000,6100,17.19,850,0,False
L001106,C00731,2,50000,9800,16.89,2500,2,False
L001107,C00732,3,479000,355500,3.85,2600,0,False
L001108,C00733,3,2186000,1783500,2.7,8660,2,False
L001109,C00733,1,391000,339100,4.57,16830,0,False
L001110,C00734,3,1550000,1236400,2.39,7380,0,False
L001111,C00735,2,10000,6500,19.62,500,1,False
L001112,C00736,1,299000,192400,7.02,4300,0,False
L001113,C00736,2,31000,4900,21.78,1550,0,False
L001114,C00737,4,262000,106800,7.06,3220,0,False
L001115,C00737,3,2789000,2362600,3.1,13220,0,False
L001116,C00738,3,1007000,667600,3.35,4740,0,False
L001117,C00739,1,471000,221400,6.99,6670,0,False
L001118,C00740,1,284000,226300,5.74,6690,0,False
L001119,C00741,4,193000,97000,6.68,3060,2,False
L001120,C00741,1,310000,81500,5.86,4500,2,False
L001121,C00741,3,1876000,1253300,2.84,8480,2,False
L001122,C00742,4,76000,35600,8.5,1620,0,False
L001123,C00742,1,210000,67500,6.1,8630,0,False
L001124,C00742,2,54000,20200,17.72,2700,1,False
L001125,C00743,2,20000,11500,19.48,1000,1,False
L001126,C00744,1,123000,82100,4.79,1640,0,True
L001127,C00744,3,884000,677200,3.65,3640,0,False
L001128,C00745,3,1314000,1120100,2.2,4920,0,False
L001129,C00745,4,207000,87300,6.07,4830,0,False
L001130,C00746,4,84000,42300,12.02,1290,0,False
L001131,C00746,1,350000,137500,7.03,4860,0,False
L001132,C00747,3,1827000,1330300,2.72,6870,1,False
L001133,C00748,3,878000,615900,3.2,3770,1,False
L001134,C00748,4,178000,84700,4.74,4410,0,False
L001135,C00748,2,37000,24200,13.63,1850,3,False
L001136,C00749,3,2503000,2085200,2.56,10200,0,False
L001137,C00749,2,23000,11700,16.36,1150,0,False
L001138,C00750,1,137000,97100,7.53,2160,0,False
L001139,C00751,3,886000,528000,2.95,3450,0,False
L001140,C00752,2,46000,34100,14.42,2300,0,False
L001141,C00752,3,2129000,1320000,2.79,9360,0,False
L001142,C00753,3,1457000,1232400,2.56,6370,4,False
L001143,C00753,2,17000,13900,18.64,850,1,False
L001144,C00753,4,56000,23300,8.8,920,0,False
L001145,C00753,1,193000,165000,5.9,6540,0,False
L001146,C00754,2,8000,1500,18.66,400,2,False
L001147,C00755,4,137000,63500,7.15,4740,0,False
L001148,C00756,1,76000,27000,7.02,1160,0,False
L001149,C00756,2,14000,3400,12.51,700,0,False
L001150,C00757,2,7000,2300,15.88,350,2,False
L001151,C00758,2,31000,14900,18.76,1550,1,False
L001152,C00759,1,65000,56700,5.72,1280,0,False
L001153,C00759,3,775000,642600,2.4,2900,0,False
L001154,C00760,3,1831000,1394800,2.49,9010,0,False
L001155,C00760,4,142000,69900,8.82,2460,0,False
L001156,C00761,2,10000,2900,20.69,500,0,False
L001157,C00761,4,17000,9700,12.72,520,0,False
L001158,C00762,1,218000,189700,8.41,5580,0,False
L001159,C00762,3,1748000,1346600,3.67,8090,0,False
L001160,C00763,2,15000,4800,15.5,750,0,False
L001161,C00763,4,33000,20800,7.69,460,0,False
L001162,C00764,4,60000,50500,9.62,840,0,False
L001163,C00764,2,53000,21200,21.37,2650,0,False
L001164,C00764,3,971000,918600,2.76,3940,0,False
L001165,C00765,2,5000,500,18.02,250,0,False
L001166,C00766,4,209000,131200,9.98,2820,1,False
L001167,C00766,3,2018000,1633600,3.29,8490,0,False
L001168,C00767,1,77000,39600,9.25,1210,0,False
L001169,C00767,2,7000,2600,20.78,350,0,False
L001170,C00767,4,25000,19200,12.9,980,3,True
L001171,C00768,1,193000,155500,7.72,2970,0,False
L001172,C00768,2,9000,5000,13.58,450,0,False
L001173,C00769,1,300000,168700,6.07,11000,1,False
L001174,C00769,2,54000,13500,16.58,2700,0,False
L001175,C00769,4,223000,172500,8.5,2640,0,False
L001176,C00770,4,53000,27200,7.02,860,0,False
L001177,C00771,2,24000,16500,17.37,1200,0,False
L001178,C00772,2,7000,900,18.99,350,1,False
L001179,C00773,2,33000,19400,21.45,1650,0,True
L001180,C00774,3,1268000,601400,3.46,5260,0,False
L001181,C00775,2,24000,18200,14.39,1200,0,False
L001182,C00776,1,216000,75900,5.24,3090,0,False
L001183,C00776,2,17000,8700,18.75,850,0,False
L001184,C00777,3,1121000,1013000,3.18,4840,0,False
L001185,C00778,3,1083000,603600,2.69,4020,0,False
L001186,C00778,4,84000,68500,7.01,1240,0,False
L001187,C00779,4,62000,52300,9.06,760,2,False
L001188,C00780,1,155000,113300,7.33,3700,0,False
L001189,C00781,3,1625000,1403500,3.37,7000,0,False
L001190,C00782,3,1026000,616100,2.86,4730,1,False
L001191,C00783,2,26000,16000,15.36,1300,0,True
L001192,C00784,2,13000,2800,17.14,650,0,False
L001193,C00784,3,1105000,556400,2.94,4590,0,False
L001194,C00784,4,61000,20600,10.77,1130,0,False
L001195,C00785,2,44000,23700,20.17,2200,0,False
L001196,C00786,4,107000,43600,10.55,1660,0,False
L001197,C00787,3,1327000,745700,3.24,5260,0,False
L001198,C00787,2,37000,1900,16.72,1850,0,False
L001199,C00787,4,71000,35900,8.2,2240,2,False
L001200,C00787,1,231000,64800,4.29,3210,0,False
L001201,C00788,3,1737000,869600,3.02,7610,1,False
L001202,C00789,2,53000,28300,16.38,2650,0,False
L001203,C00789,3,1610000,1128700,3.36,6280,0,False
L001204,C00790,2,33000,6100,20.1,1650,0,False
L001205,C00791,2,41000,27900,16.95,2050,0,False
L001206,C00791,3,926000,519100,2.83,4180,0,False
L001207,C00792,2,13000,5200,17.32,650,1,False
L001208,C00793,3,1565000,712000,3.25,6720,0,False
L001209,C00794,1,50000,37100,9.44,870,0,True
L001210,C00795,2,12000,4600,16.29,600,0,False
L001211,C00796,3,2051000,1679100,3.28,8350,0,False
L001212,C00797,1,334000,183400,4.41,6270,0,False
L001213,C00797,3,1483000,894300,2.79,7070,0,False
L001214,C00797,4,291000,122800,11.43,3150,1,False
L001215,C00798,3,1964000,1342700,2.98,8330,0,False
L001216,C00799,3,1616000,1075300,2.7,6200,0,False
L001217,C00800,2,21000,5300,13.67,1050,0,False
L001218,C00800,4,107000,42700,9.01,1360,0,False
L001219,C00800,1,74000,46000,5.65,1290,0,False
L001220,C00801,3,1628000,964800,2.9,7680,0,False
L001221,C00802,1,71000,44700,5.7,1320,0,False
L001222,C00802,4,240000,77900,9.78,3460,0,False
L001223,C00803,3,1216000,719900,3.34,5780,0,False
L001224,C00803,2,46000,37300,20.19,2300,0,False
L001225,C00803,1,251000,167200,5.47,9210,1,False
L001226,C00804,3,560000,296700,2.64,2080,0,False
L001227,C00804,4,63000,49600,10.11,920,0,False
L001228,C00805,2,52000,43900,17.04,2600,0,False
L001229,C00806,3,2239000,1521000,2.71,9770,0,False
L001230,C00806,2,40000,32900,14.73,2000,0,False
L001231,C00807,4,83000,66000,8.04,1340,0,False
L001232,C00807,3,1159000,844500,2.82,5590,0,False
L001233,C00808,3,1695000,1466800,3.22,7250,0,False
L001234,C00808,2,62000,22800,19.42,3100,0,False
L001235,C00809,3,1145000,662500,3.04,4360,0,False
L001236,C00809,4,40000,28600,7.96,610,0,False
L001237,C00810,2,31000,5400,16.75,1550,0,False
L001238,C00810,4,152000,83400,11.12,4390,1,False
L001239,C00811,2,31000,19000,18.31,1550,4,False
L001240,C00811,3,1158000,1043900,3.03,5310,3,False
L001241,C00812,4,194000,118400,5.86,3890,2,False
L001242,C00813,3,1200000,1023900,3.22,6300,0,False
L001243,C00814,2,38000,11400,16.85,1900,1,False
L001244,C00815,2,19000,14800,18.91,950,0,False
L001245,C00816,4,64000,17900,4.63,680,0,False
L001246,C00816,2,59000,48600,18.3,2950,0,False
L001247,C00817,1,107000,94100,4.46,2730,0,False
L001248,C00818,3,1077000,956500,2.86,4610,0,False
L001249,C00818,2,15000,10900,21.02,750,0,False
L001250,C00819,3,621000,449600,3.06,3000,0,False
L001251,C00820,1,116000,45900,6.36,1770,0,False
L001252,C00820,3,1863000,994400,2.76,6720,0,False
L001253,C00821,4,63000,49100,8.93,990,0,False
L001254,C00822,2,16000,5300,18.97,800,0,False
L001255,C00823,4,41000,29400,7.04,520,0,False
L001256,C00824,3,749000,413500,3.71,3600,0,False
L001257,C00825,3,2065000,1310600,3.09,8330,0,False
L001258,C00825,1,399000,210200,5.92,14570,3,False
L001259,C00826,3,1417000,966600,2.91,5690,0,False
L001260,C00826,2,36000,28400,15.55,1800,0,False
L001261,C00827,3,1839000,1072600,2.55,8170,0,True
L001262,C00827,2,37000,14200,16.78,1850,0,False
L001263,C00827,1,131000,62000,8.01,3040,1,False
L001264,C00828,2,52000,3600,15.82,2600,0,False
L001265,C00829,1,164000,127300,6.18,4590,0,False
L001266,C00830,2,56000,36400,17.34,2800,0,False
L001267,C00830,3,2131000,1194600,2.82,9960,0,False
L001268,C00830,4,283000,253600,6.28,3970,1,False
L001269,C00831,2,8000,2200,20.75,400,0,False
L001270,C00831,4,66000,15600,10.26,780,0,False
L001271,C00832,2,15000,7700,16.54,750,0,False
L001272,C00833,2,18000,10800,15.99,900,0,False
L001273,C00834,2,51000,38800,19.31,2550,1,False
L001274,C00835,2,5000,3500,20.89,250,0,False
L001275,C00835,4,106000,35600,9.26,3120,0,False
L001276,C00836,2,14000,5000,18.3,700,1,False
L001277,C00836,3,961000,549400,3.56,4220,2,False
L001278,C00836,4,94000,69500,7.03,1230,0,False
L001279,C00837,3,947000,587400,3.02,3860,1,False
L001280,C00838,3,1611000,1216300,2.89,6830,1,False
L001281,C00839,3,1922000,1173500,2.81,7890,4,False
L001282,C00840,3,2004000,1758800,2.88,10300,0,False
L001283,C00841,2,5000,3100,18.58,250,1,False
L001284,C00842,2,29000,10700,16.63,1450,0,False
L001285,C00843,2,53000,17400,18.25,2650,0,False
L001286,C00844,2,28000,6800,10.0,1400,0,False
L001287,C00844,1,97000,31800,6.46,2990,0,False
L001288,C00845,3,1468000,1320300,3.37,6930,1,False
L001289,C00845,2,14000,10500,20.14,700,0,False
L001290,C00845,4,83000,73400,8.9,2000,1,False
L001291,C00846,3,926000,697500,3.61,4600,1,False
L001292,C00846,1,154000,128600,7.86,6570,2,False
L001293,C00847,4,88000,72800,13.4,1450,0,False
L001294,C00847,2,14000,8700,17.78,700,0,False
L001295,C00848,3,1091000,874000,3.35,5050,0,False
L001296,C00849,3,1695000,1432000,2.97,7260,0,False
L001297,C00850,4,274000,177000,9.19,4500,0,False
L001298,C00850,2,29000,17400,17.06,1450,2,False
L001299,C00851,4,25000,16800,7.58,270,2,False
L001300,C00852,1,50000,39300,7.22,2200,0,False
L001301,C00852,2,13000,4000,17.78,650,0,False
L001302,C00853,3,2656000,1476900,3.16,11210,0,False
L001303,C00854,2,25000,13700,17.91,1250,0,False
L001304,C00854,3,1581000,947200,2.64,6080,0,False
L001305,C00855,3,1164000,727500,2.86,4890,0,False
L001306,C00855,4,335000,67900,8.24,5100,0,False
L001307,C00855,2,14000,6900,18.46,700,0,False
L001308,C00856,2,33000,23700,16.84,1650,0,False
L001309,C00856,3,1233000,708300,2.2,4900,0,False
L001310,C00857,4,18000,8500,14.16,500,0,False
L001311,C00858,3,1042000,855700,3.29,4400,0,False
L001312,C00859,2,62000,48000,22.0,3100,3,False
L001313,C00860,2,22000,16000,16.07,1100,2,False
L001314,C00861,3,1947000,1269700,2.85,7600,0,False
L001315,C00862,3,875000,734000,3.67,4100,1,False
L001316,C00863,3,1360000,774300,2.76,6110,0,False
L001317,C00864,2,29000,17000,16.67,1450,0,False
L001318,C00865,3,1720000,1546500,2.67,7350,1,False
L001319,C00865,2,39000,7000,15.94,1950,0,False
L001320,C00865,4,83000,37500,10.37,1800,0,False
L001321,C00866,2,65000,35100,18.27,3250,0,False
L001322,C00866,3,2074000,1843000,2.57,8830,0,False
L001323,C00866,4,284000,187600,10.01,3790,0,False
L001324,C00867,3,1485000,977400,2.45,6210,0,False
L001325,C00867,4,153000,125100,8.36,2030,0,False
L001326,C00868,3,1116000,533400,3.05,5200,0,False
L001327,C00869,3,1920000,1189600,3.7,8130,0,False
L001328,C00869,4,191000,119000,8.19,3270,0,False
L001329,C00870,2,19000,9400,20.06,950,1,False
L001330,C00871,2,46000,30200,19.99,2300,0,False
L001331,C00871,4,274000,72300,11.07,4170,0,False
L001332,C00871,1,259000,211100,6.04,3970,0,False
L001333,C00872,3,2485000,1735500,2.95,12050,0,False
L001334,C00872,2,19000,6300,17.77,950,0,False
L001335,C00873,2,50000,7800,18.0,2500,0,False
L001336,C00874,4,29000,22000,6.72,320,0,False
L001337,C00875,2,11000,4000,19.5,550,0,False
L001338,C00875,3,524000,374900,4.5,2320,0,False
L001339,C00876,3,1837000,1091600,2.87,6740,0,False
L001340,C00877,3,927000,652700,3.15,4680,0,False
L001341,C00877,2,19000,13500,15.3,950,0,False
L001342,C00878,3,1484000,784200,3.78,5940,0,False
L001343,C00879,2,14000,9300,19.88,700,0,False
L001344,C00880,3,2814000,1665200,3.21,10970,0,False
L001345,C00880,1,405000,124600,9.17,5930,0,False
L001346,C00880,2,82000,25000,20.97,4100,0,False
L001347,C00881,2,26000,1300,10.76,1300,3,False
L001348,C00882,2,8000,6000,14.85,400,0,False
L001349,C00883,3,1188000,716600,4.26,6080,1,False
L001350,C00884,4,129000,29200,10.77,3390,0,False
L001351,C00884,3,801000,642200,4.21,3570,3,False
L001352,C00885,2,26000,9400,19.16,1300,0,False
L001353,C00886,4,51000,17300,9.01,1400,0,False
L001354,C00887,4,147000,69900,6.65,1630,0,False
L001355,C00888,3,883000,698100,2.58,3620,0,False
L001356,C00888,2,49000,30300,17.68,2450,0,False
L001357,C00889,3,1250000,798200,3.08,4640,0,False
L001358,C00889,2,33000,4500,17.77,1650,0,False
L001359,C00889,4,140000,47900,9.14,1740,2,False
L001360,C00889,1,132000,37300,7.71,3860,0,False
L001361,C00890,2,48000,16400,19.96,2400,0,False
L001362,C00891,3,2039000,941000,3.16,7400,0,False
L001363,C00892,4,183000,39600,7.27,3180,1,False
L001364,C00893,2,20000,8600,18.57,1000,0,False
L001365,C00894,3,2044000,1911900,3.28,9430,0,False
L001366,C00894,2,57000,37200,16.9,2850,1,False
L001367,C00894,1,284000,139200,6.25,5360,0,False
L001368,C00895,3,1442000,828100,3.23,5300,0,False
L001369,C00895,2,16000,7100,15.41,800,0,False
L001370,C00896,4,201000,175500,6.54,7260,0,False
L001371,C00896,1,138000,65600,6.84,2460,0,False
L001372,C00897,2,39000,7900,15.38,1950,2,False
L001373,C00898,4,150000,133100,11.53,3310,0,False
L001374,C00898,2,33000,18500,14.05,1650,1,False
L001375,C00898,3,1186000,895700,3.44,5530,1,False
L001376,C00899,2,5000,3400,18.98,250,0,False
L001377,C00900,4,123000,58300,10.29,2920,0,False
L001378,C00900,1,216000,82400,7.56,3710,0,False
L001379,C00900,2,26000,16000,18.11,1300,0,False
L001380,C00901,4,35000,26700,11.1,570,0,False
L001381,C00902,1,91000,54100,7.85,2050,0,False
L001382,C00903,3,1949000,1204400,2.86,8670,0,False
L001383,C00903,4,138000,119900,9.97,2480,0,False
L001384,C00904,3,1308000,638100,2.59,5830,0,False
L001385,C00905,4,214000,55800,6.98,2960,0,False
L001386,C00906,2,11000,6500,16.5,550,0,False
L001387,C00907,3,812000,440400,3.27,2930,0,False
L001388,C00907,1,231000,78000,7.42,5140,0,False
L001389,C00908,3,2179000,1925500,3.06,9190,0,False
L001390,C00909,4,10000,6000,9.83,280,1,False
L001391,C00909,2,12000,800,17.73,600,0,False
L001392,C00910,3,1632000,1252000,2.57,6200,0,False
L001393,C00910,1,188000,72800,4.95,4200,0,False
L001394,C00910,4,168000,81700,9.69,2100,0,False
L001395,C00911,3,2081000,1084000,2.84,8190,0,False
L001396,C00911,4,250000,63200,8.61,3250,0,False
L001397,C00912,2,43000,13500,14.83,2150,0,False
L001398,C00913,2,49000,17200,12.66,2450,0,False
L001399,C00913,4,180000,64800,8.39,2150,0,False
L001400,C00914,2,14000,9300,17.19,700,0,False
L001401,C00914,3,1833000,1072200,2.42,6600,0,False
L001402,C00915,1,362000,298200,5.89,5670,0,False
L001403,C00916,2,21000,14200,13.18,1050,2,False
L001404,C00916,3,2076000,1860300,3.09,8930,0,False
L001405,C00917,4,210000,160400,8.93,3370,0,False
L001406,C00918,2,22000,16600,17.34,1100,0,False
L001407,C00918,4,79000,48700,9.0,890,0,False
L001408,C00919,4,334000,172400,9.43,11510,0,False
L001409,C00920,3,1594000,1182700,2.58,6610,0,False
L001410,C00920,2,39000,23000,17.18,1950,0,False
L001411,C00921,1,107000,71100,4.93,1700,1,False
L001412,C00922,3,1608000,1040800,2.64,6340,0,False
L001413,C00923,3,2045000,1717800,3.04,9450,0,False
L001414,C00924,2,9000,7400,17.27,450,0,False
L001415,C00925,3,2384000,1914300,2.94,9800,0,False
L001416,C00926,1,50000,39400,7.34,990,1,False
L001417,C00927,4,115000,62000,9.59,1650,0,False
L001418,C00928,4,148000,101600,9.38,1680,0,False
L001419,C00929,3,1486000,1323500,2.75,5940,0,False
L001420,C00929,4,96000,80900,5.67,1410,1,False
L001421,C00930,2,21000,12700,15.92,1050,0,False
L001422,C00931,3,1147000,1077700,3.14,5490,0,False
L001423,C00932,4,155000,70500,5.81,2610,0,False
L001424,C00933,2,44000,7200,17.84,2200,3,False
L001425,C00933,3,2128000,1574300,3.34,9770,0,False
L001426,C00934,3,1664000,1475600,2.79,6580,0,False
L001427,C00935,2,14000,11500,18.02,700,3,False
L001428,C00935,4,94000,50700,12.01,1090,0,False
L001429,C00936,2,49000,18200,18.48,2450,0,False
L001430,C00937,2,15000,12700,18.73,750,0,False
L001431,C00938,3,867000,605300,3.48,3950,1,False
L001432,C00939,4,60000,38300,10.21,2300,0,False
L001433,C00940,2,30000,20700,21.3,1500,0,False
L001434,C00941,3,1544000,1124700,2.91,6820,0,False
L001435,C00942,3,1936000,1382600,2.54,9290,0,False
L001436,C00943,3,1549000,1454900,2.95,6610,0,False
L001437,C00943,2,37000,17300,17.84,1850,0,False
L001438,C00944,2,60000,30100,15.59,3000,0,False
L001439,C00944,3,1176000,927100,2.49,5540,0,False
L001440,C00945,4,172000,105700,7.72,3890,0,False
L001441,C00945,1,251000,97400,7.28,4370,0,False
L001442,C00945,2,46000,4700,17.63,2300,0,False
L001443,C00946,2,5000,300,16.05,250,0,False
L001444,C00947,3,1520000,868800,2.34,5780,0,False
L001445,C00948,3,440000,259000,3.1,2010,0,False
L001446,C00949,2,19000,2000,17.4,950,0,False
L001447,C00949,3,1679000,847900,3.06,8040,0,False
L001448,C00950,3,2311000,1290600,3.18,9760,0,False
L001449,C00950,4,114000,30500,10.07,1190,0,False
L001450,C00951,4,160000,119100,8.75,2600,2,False
L001451,C00952,3,1627000,1003600,2.74,6600,0,False
L001452,C00952,1,375000,306100,7.77,12830,1,False
L001453,C00953,2,64000,33000,17.32,3200,0,False
L001454,C00954,3,1565000,1406400,2.49,6350,2,False
L001455,C00955,4,262000,190000,10.08,4600,0,False
L001456,C00956,1,354000,137400,7.92,10310,0,False
L001457,C00957,1,437000,323800,6.81,13430,0,False
L001458,C00958,2,40000,31100,20.67,2000,0,False
L001459,C00959,3,1670000,1165500,2.99,8080,0,False
L001460,C00959,4,64000,50400,10.29,1060,0,False
L001461,C00959,2,53000,36400,18.05,2650,0,False
L001462,C00960,3,1492000,1122600,2.94,7280,0,False
L001463,C00961,3,594000,461900,4.23,2700,0,False
L001464,C00961,4,107000,61400,10.5,2210,0,False
L001465,C00962,4,59000,20600,6.53,700,0,False
L001466,C00963,2,10000,8100,12.05,500,0,False
L001467,C00963,4,67000,56000,6.53,2830,0,False
L001468,C00964,3,1744000,1071600,2.41,6330,0,False
L001469,C00964,2,22000,9400,15.14,1100,0,False
L001470,C00964,4,174000,121300,9.96,2720,0,False
L001471,C00965,4,60000,18800,5.51,1760,0,False
L001472,C00966,4,43000,34300,10.08,760,0,False
L001473,C00966,3,839000,403700,2.53,2870,0,False
L001474,C00967,4,307000,205800,4.5,3780,0,False
L001475,C00967,3,1963000,1551000,2.41,8180,0,False
L001476,C00968,3,1485000,1338200,2.33,6100,2,False
L001477,C00968,4,244000,63000,4.5,7130,0,False
L001478,C00969,3,1285000,1028800,2.97,6110,0,False
L001479,C00970,2,22000,1900,15.71,1100,0,False
L001480,C00970,3,1759000,917000,3.6,8420,0,False
L001481,C00971,2,22000,17300,18.05,1100,1,False
L001482,C00972,2,8000,2800,20.48,400,0,False
L001483,C00973,3,1471000,1352300,3.13,6300,1,False
L001484,C00974,1,79000,56600,7.69,1370,1,False
L001485,C00975,2,19000,12600,18.39,950,0,False
L001486,C00976,2,8000,2300,19.09,400,0,False
L001487,C00976,4,35000,18200,10.32,470,0,False
L001488,C00977,4,159000,86000,9.28,4880,0,False
L001489,C00977,3,2967000,2066700,3.66,12480,1,False
L001490,C00977,1,480000,388200,5.86,18650,0,False
L001491,C00978,2,45000,11700,19.42,2250,0,False
L001492,C00979,4,165000,137300,10.62,2140,3,False
L001493,C00980,3,1446000,751100,3.34,6490,0,False
L001494,C00980,4,155000,126200,12.65,2260,0,False
L001495,C00981,2,58000,9000,19.49,2900,1,False
L001496,C00982,3,1934000,1411800,2.91,9600,0,False
L001497,C00983,2,5000,900,20.88,250,0,False
L001498,C00984,2,21000,12600,22.69,1050,0,False
L001499,C00985,2,81000,53700,13.84,4050,0,False
L001500,C00985,3,3157000,1972800,3.68,14520,1,False
L001501,C00986,3,2970000,2108500,2.75,14180,0,False
L001502,C00987,3,1289000,923300,2.5,4910,0,False
L001503,C00988,3,1677000,975800,2.77,5890,1,False
L001504,C00989,2,5000,2900,15.73,250,0,False
L001505,C00989,4,28000,6500,7.53,750,0,False
L001506,C00990,1,148000,86000,7.32,6020,0,False
L001507,C00991,4,230000,168500,8.9,6480,3,False
L001508,C00991,3,1398000,1006700,2.31,5030,4,False
L001509,C00992,3,2091000,1280500,2.2,8020,0,False
L001510,C00992,4,239000,55000,8.21,2320,1,False
L001511,C00993,4,193000,60500,7.39,7770,0,False
L001512,C00993,3,704000,431000,3.26,2610,0,False
L001513,C00994,2,52000,25500,20.02,2600,0,False
L001514,C00994,3,1380000,1185300,2.98,5840,0,False
L001515,C00994,4,140000,103100,7.66,1970,0,False
L001516,C00994,1,274000,76200,8.77,4310,0,False
L001517,C00995,2,50000,6600,18.64,2500,0,False
L001518,C00995,4,413000,145900,9.31,6950,0,False
L001519,C00995,3,2062000,981800,2.74,7180,0,False
L001520,C00996,4,294000,71500,6.54,3970,0,False
L001521,C00996,1,264000,186200,6.34,5300,0,False
L001522,C00997,2,26000,21400,16.85,1300,0,False
L001523,C00998,3,1617000,751600,3.22,5960,0,False
L001524,C00998,4,50000,30400,7.8,660,0,False
L001525,C00999,2,6000,1600,13.51,300,0,False
L001526,C01000,3,786000,664500,2.98,3160,0,False
L001527,C01001,4,173000,126000,10.93,3620,0,False
L001528,C01002,3,2309000,1643700,3.27,9510,0,False
L001529,C01003,1,121000,31000,3.51,3150,0,False
L001530,C01003,2,25000,6300,22.0,1250,0,False
L001531,C01004,1,50000,28200,6.52,770,3,False
L001532,C01005,2,21000,17800,22.0,1050,0,False
L001533,C01006,4,226000,58600,10.35,4180,1,False
L001534,C01006,3,2410000,1583700,2.91,11170,0,False
L001535,C01007,3,2206000,1691300,2.56,9010,0,False
L001536,C01008,2,60000,44500,17.8,3000,0,False
L001537,C01009,2,59000,19000,13.41,2950,0,False
L001538,C01009,4,365000,182500,6.63,6240,0,False
L001539,C01010,3,970000,680300,3.15,4790,0,False
L001540,C01010,2,36000,23100,18.17,1800,0,False
L001541,C01011,4,295000,200300,8.48,6320,0,False
L001542,C01012,1,285000,211300,5.06,4240,0,False
L001543,C01013,2,26000,21100,17.4,1300,0,False
L001544,C01014,2,11000,2600,21.37,550,0,False
L001545,C01015,2,15000,2700,17.55,750,0,False
L001546,C01016,3,605000,306800,3.21,2780,0,False
L001547,C01017,4,148000,41800,11.38,1890,0,False
L001548,C01018,2,20000,9900,22.0,1000,0,False
L001549,C01018,3,1314000,1242100,2.75,5290,0,False
L001550,C01019,2,20000,1100,13.08,1000,0,False
L001551,C01020,1,124000,37500,7.64,4820,0,False
L001552,C01021,4,81000,48900,6.91,1110,2,False
L001553,C01021,2,40000,31900,13.22,2000,0,False
L001554,C01022,3,1091000,929900,2.84,5390,0,False
L001555,C01022,2,36000,4400,17.27,1800,0,False
L001556,C01022,1,66000,32100,8.92,1230,0,False
L001557,C01023,1,140000,73300,4.15,2750,0,False
L001558,C01024,3,974000,882600,2.92,4230,0,False
L001559,C01024,4,59000,23200,8.04,1300,0,False
L001560,C01025,4,53000,37000,12.4,1300,0,False
L001561,C01026,1,158000,116800,4.68,2580,0,False
L001562,C01027,3,1523000,801200,2.49,5360,0,False
L001563,C01028,2,20000,9900,14.44,1000,0,False
L001564,C01028,1,150000,41800,5.82,1930,0,False
L001565,C01029,4,336000,126700,5.04,3700,0,False
L001566,C01030,3,769000,466000,2.68,3080,0,False
L001567,C01031,2,8000,5500,20.06,400,0,False
L001568,C01032,1,265000,230000,5.36,10130,0,False
L001569,C01033,4,161000,78100,11.39,3520,0,False
L001570,C01034,3,1556000,1332200,3.1,6580,0,False
L001571,C01035,2,5000,1000,20.98,250,0,False
L001572,C01036,2,71000,59900,17.92,3550,0,False
L001573,C01036,4,385000,317100,10.25,9810,0,False
L001574,C01037,2,50000,28200,18.84,2500,0,False
L001575,C01037,1,569000,335200,6.11,9080,0,False
L001576,C01038,2,15000,11900,16.55,750,0,False
L001577,C01039,2,14000,10500,16.61,700,0,False
L001578,C01040,4,320000,192800,8.12,3870,0,False
L001579,C01041,3,2132000,1603100,2.97,9240,0,False
L001580,C01041,2,25000,1500,21.15,1250,0,False
L001581,C01042,3,1339000,994200,2.78,5860,1,False
L001582,C01043,3,2382000,1373300,2.98,11100,0,False
L001583,C01043,1,159000,101200,7.34,3400,0,False
L001584,C01044,3,2483000,1360200,3.37,10670,0,False
L001585,C01044,4,222000,180900,10.47,4410,0,False
L001586,C01045,3,1280000,931100,2.96,6220,1,False
L001587,C01046,2,20000,9200,16.73,1000,0,False
L001588,C01046,3,1541000,1197700,3.51,7370,0,False
L001589,C01046,4,185000,53100,11.16,3220,0,False
L001590,C01047,2,10000,1100,12.41,500,0,False
L001591,C01048,4,259000,82400,8.23,6650,0,False
L001592,C01049,3,692000,329700,3.42,3180,0,False
L001593,C01050,4,122000,34100,11.89,1980,0,False
L001594,C01051,3,1695000,1293700,3.67,8850,4,True
L001595,C01051,1,459000,177100,5.98,15240,0,True
L001596,C01052,2,24000,15300,15.35,1200,0,False
L001597,C01052,4,282000,86300,8.26,8960,0,False
L001598,C01053,4,152000,50100,9.05,2130,0,False
L001599,C01053,2,14000,9700,12.62,700,0,False
L001600,C01054,2,25000,18500,19.61,1250,0,False
L001601,C01054,3,816000,449100,2.99,3570,0,False
L001602,C01055,3,1043000,634200,2.4,3930,0,False
L001603,C01056,3,1336000,631100,2.93,5200,0,False
L001604,C01056,2,11000,6900,16.96,550,2,False
L001605,C01057,2,27000,6700,16.93,1350,1,False
L001606,C01058,4,85000,74700,4.5,970,0,False
L001607,C01058,3,1323000,1073800,2.65,5040,0,False
L001608,C01058,2,24000,15500,16.06,1200,0,False
L001609,C01059,3,1964000,1100100,2.97,7820,1,False
L001610,C01059,1,360000,252600,8.6,12450,0,False
L001611,C01060,3,717000,374700,2.88,3150,0,False
L001612,C01060,1,229000,197000,5.45,4060,0,False
L001613,C01061,3,1141000,747900,3.06,5400,0,False
L001614,C01062,2,40000,28500,19.15,2000,0,False
L001615,C01063,4,180000,58400,7.07,1850,1,False
L001616,C01064,2,8000,1500,15.71,400,0,False
L001617,C01065,2,26000,3500,19.18,1300,0,False
L001618,C01065,4,203000,141600,6.65,3640,0,False
L001619,C01066,2,40000,14600,16.63,2000,0,False
L001620,C01067,3,651000,581300,3.28,3250,1,False
L001621,C01067,2,7000,3500,19.15,350,0,False
L001622,C01068,1,193000,95100,7.62,7640,0,False
L001623,C01069,4,101000,75100,7.57,1130,0,False
L001624,C01069,3,1153000,619100,3.46,5680,2,False
L001625,C01070,2,39000,2500,17.92,1950,0,False
L001626,C01071,1,299000,98700,6.78,5230,0,True
L001627,C01071,3,1463000,1074700,3.27,7110,1,False
L001628,C01071,2,47000,18600,12.29,2350,0,False
L001629,C01072,3,1044000,774500,3.25,4630,1,False
L001630,C01073,2,21000,13400,16.15,1050,0,False
L001631,C01074,4,198000,176300,9.79,8120,1,False
L001632,C01075,2,23000,7900,13.43,1150,0,False
L001633,C01076,3,1364000,1263100,3.21,7380,0,False
L001634,C01077,2,19000,12900,17.52,950,0,False
L001635,C01078,3,1162000,1077400,3.41,5340,0,False
L001636,C01079,4,147000,130700,11.18,4740,0,False
L001637,C01079,3,1800000,1513700,2.49,8460,1,False
L001638,C01080,4,77000,19900,11.52,1640,0,False
L001639,C01081,4,241000,214500,9.35,4030,0,False
L001640,C01081,1,165000,142200,6.1,2680,3,False
L001641,C01081,3,1562000,1332300,3.5,7890,2,False
L001642,C01082,3,1741000,1219700,2.72,7070,0,False
L001643,C01083,3,1901000,1715200,2.7,8550,0,False
L001644,C01083,4,45000,28100,6.82,660,0,False
L001645,C01084,1,244000,158800,5.0,9180,0,False
L001646,C01084,3,2090000,1463600,2.32,9680,0,False
L001647,C01085,3,1456000,1191300,2.72,6720,0,False
L001648,C01086,3,1470000,1057700,3.19,5930,0,False
L001649,C01087,2,13000,10800,15.88,650,0,False
L001650,C01088,2,28000,20800,14.8,1400,0,False
L001651,C01089,1,194000,56200,8.31,2760,0,False
L001652,C01090,3,1012000,688000,2.84,5040,0,False
L001653,C01090,2,39000,27900,14.96,1950,0,False
L001654,C01091,3,1504000,911000,3.35,5950,0,False
L001655,C01091,1,175000,61300,7.03,4280,1,False
L001656,C01092,4,171000,113200,10.1,2040,3,False
L001657,C01093,3,1306000,1222700,2.98,6190,0,False
L001658,C01093,2,42000,23100,19.46,2100,0,False
L001659,C01094,1,147000,116200,6.59,2340,0,False
L001660,C01095,1,50000,25600,8.92,1090,0,False
L001661,C01096,3,1983000,1663000,2.5,8760,0,False
L001662,C01096,1,326000,269500,6.12,6340,0,False
L001663,C01097,3,1188000,542300,2.49,5520,0,False
L001664,C01098,2,57000,37400,15.81,2850,0,False
L001665,C01098,3,1065000,806500,4.1,4930,0,False
L001666,C01099,1,268000,190500,4.89,11620,0,False
L001667,C01100,2,53000,26100,15.89,2650,1,False
L001668,C01101,2,18000,7100,16.55,900,0,False
L001669,C01102,3,1780000,841900,2.89,8390,0,False
L001670,C01103,2,8000,2200,16.19,400,0,False
L001671,C01104,3,1411000,887900,3.27,6330,0,False
L001672,C01104,1,104000,36400,4.96,1810,0,False
L001673,C01105,2,20000,14000,19.38,1000,0,False
L001674,C01106,2,5000,4100,23.45,250,0,False
L001675,C01106,4,10000,5500,8.47,110,0,False
L001676,C01106,1,50000,35500,8.96,1510,0,False
L001677,C01107,2,75000,16400,18.63,3750,2,False
L001678,C01107,4,204000,178600,8.53,2590,0,False
L001679,C01108,2,28000,16500,19.1,1400,2,False
L001680,C01109,4,230000,186100,7.64,3160,0,False
L001681,C01110,2,46000,31300,17.9,2300,0,False
L001682,C01111,1,401000,294200,6.96,12220,0,False
L001683,C01111,3,1658000,1242900,2.52,6640,4,False
L001684,C01112,3,729000,449500,3.56,3470,0,False
L001685,C01113,3,1102000,749700,2.88,5450,0,False
L001686,C01114,3,1648000,815900,2.93,7190,0,False
L001687,C01114,4,51000,30100,6.53,630,3,False
L001688,C01114,1,355000,283000,6.54,11700,1,False
L001689,C01115,3,2068000,1945200,2.49,8980,0,False
L001690,C01115,4,66000,26200,8.21,1550,0,False
L001691,C01115,1,396000,146900,8.88,16930,0,True
L001692,C01115,2,18000,9300,17.22,900,2,False
L001693,C01116,2,60000,30000,16.43,3000,0,False
L001694,C01117,3,1113000,598400,3.07,3980,0,False
L001695,C01117,4,288000,209700,5.75,5910,0,False
L001696,C01118,4,101000,78600,8.32,1510,0,False
L001697,C01119,3,1855000,1175900,3.11,7630,0,False
L001698,C01119,4,308000,156500,11.71,6220,0,False
L001699,C01120,1,202000,166300,4.48,3940,0,False
L001700,C01121,2,20000,4100,17.6,1000,0,False
L001701,C01122,2,23000,12500,16.39,1150,0,False
L001702,C01123,3,920000,643800,2.85,4610,0,False
L001703,C01124,3,1099000,538700,3.18,4940,0,False
L001704,C01125,3,1057000,765700,2.46,3910,0,False
L001705,C01125,2,21000,17700,12.95,1050,0,False
L001706,C01125,4,123000,51700,9.28,4530,0,False
L001707,C01126,3,2282000,1928900,3.23,10950,1,False
L001708,C01127,4,101000,62000,6.71,1040,0,False
L001709,C01127,1,297000,95400,7.91,5640,0,False
L001710,C01128,2,55000,34100,17.72,2750,2,False
L001711,C01128,3,2079000,1882800,2.8,9030,0,False
L001712,C01128,1,293000,102900,5.78,9630,4,False
L001713,C01129,2,26000,2800,16.7,1300,0,False
L001714,C01129,1,91000,60100,8.22,3380,1,False
L001715,C01130,4,245000,105100,8.64,4300,0,False
L001716,C01131,2,28000,11400,19.68,1400,0,False
L001717,C01131,1,104000,43800,6.74,1820,1,False
L001718,C01132,4,106000,60700,10.59,1930,1,False
L001719,C01132,2,26000,14000,18.82,1300,0,False
L001720,C01133,2,24000,15100,17.7,1200,0,False
L001721,C01134,3,1601000,986600,2.97,5860,0,False
L001722,C01134,1,240000,68200,8.33,3660,0,False
L001723,C01135,2,19000,11800,18.35,950,0,False
L001724,C01136,2,19000,8300,21.2,950,0,False
L001725,C01137,1,276000,105100,7.25,5590,0,False
L001726,C01137,3,1418000,924600,3.0,5330,0,False
L001727,C01138,3,1048000,951800,2.99,5270,0,False
L001728,C01138,2,11000,7300,17.42,550,0,False
L001729,C01139,4,182000,37200,4.5,5390,0,False
L001730,C01140,3,1197000,879500,2.74,4690,0,False
L001731,C01141,2,13000,1800,15.39,650,0,False
L001732,C01142,3,2048000,1660000,2.69,8790,0,False
L001733,C01143,1,60000,46100,7.25,1050,3,True
L001734,C01144,1,212000,60700,5.54,4490,1,False
L001735,C01144,3,1728000,1426700,3.08,7050,0,False
L001736,C01144,2,50000,27600,20.15,2500,1,False
L001737,C01145,1,59000,30000,8.16,2250,0,False
L001738,C01146,4,137000,54900,13.31,5330,1,False
L001739,C01147,3,1150000,811500,3.36,4690,0,False
L001740,C01148,2,11000,1400,17.7,550,0,False
L001741,C01149,3,975000,877600,3.05,4890,0,False
L001742,C01150,3,932000,479600,2.56,3200,0,False
L001743,C01151,2,12000,3600,17.52,600,1,False
L001744,C01151,4,115000,63500,10.5,1810,2,False
L001745,C01152,3,674000,308300,2.9,2480,0,False
L001746,C01153,2,27000,20300,16.67,1350,0,False
L001747,C01154,3,1084000,761000,2.91,4170,0,False
L001748,C01155,3,1530000,712000,2.41,5730,0,False
L001749,C01156,3,1176000,815900,3.3,5070,0,False
L001750,C01157,1,123000,39300,6.9,3700,0,False
L001751,C01157,4,133000,96900,7.81,2640,0,False
L001752,C01158,2,8000,1300,18.94,400,0,False
L001753,C01159,4,176000,43800,9.51,2620,0,False
L001754,C01160,4,300000,151600,8.05,5000,0,False
L001755,C01161,3,469000,311000,3.17,1930,0,False
L001756,C01161,2,17000,13000,15.34,850,0,False
L001757,C01161,4,115000,91700,7.17,3450,0,False
L001758,C01162,2,19000,12200,16.93,950,0,False
L001759,C01163,4,56000,19500,8.44,550,0,False
L001760,C01164,3,674000,580300,2.2,3020,2,False
L001761,C01165,3,923000,860000,3.18,4560,0,False
L001762,C01166,4,130000,50700,8.59,2610,0,False
L001763,C01167,2,48000,35100,16.48,2400,0,False
L001764,C01168,3,2196000,1701700,2.98,10720,0,False
L001765,C01169,2,8000,3600,16.74,400,0,False
L001766,C01170,1,142000,47500,7.82,1920,0,False
L001767,C01171,1,154000,83000,7.17,2570,0,False
L001768,C01172,3,1451000,862300,3.01,5730,0,False
L001769,C01173,1,236000,208100,7.7,3790,0,False
L001770,C01173,4,135000,29400,9.2,3800,1,False
L001771,C01173,3,1473000,910300,2.44,6850,0,False
L001772,C01174,3,926000,487400,3.15,4140,1,False
L001773,C01175,3,2829000,2122500,2.65,10830,0,False
L001774,C01175,2,80000,26900,14.57,4000,0,False
L001775,C01176,3,2142000,1122300,2.86,8670,0,False
L001776,C01177,3,1643000,1271400,2.66,6770,0,False
L001777,C01178,2,20000,3100,20.12,1000,0,False
L001778,C01179,3,1495000,964000,2.7,7140,0,False
L001779,C01180,3,2442000,1157500,3.27,10720,3,False
L001780,C01180,4,336000,195300,11.27,3940,1,False
L001781,C01180,2,57000,25700,15.32,2850,0,False
L001782,C01181,2,5000,2500,15.63,250,0,False
L001783,C01182,2,11000,4500,15.75,550,0,False
L001784,C01183,3,1773000,1310800,2.64,7270,0,False
L001785,C01183,2,17000,10100,14.66,850,0,False
L001786,C01184,2,8000,900,14.05,400,1,False
L001787,C01185,2,39000,8100,21.42,1950,0,False
L001788,C01186,2,14000,2100,20.38,700,0,False
L001789,C01186,4,91000,50700,8.46,1070,0,False
L001790,C01187,4,313000,170800,6.91,11200,0,False
L001791,C01188,2,38000,20500,11.81,1900,0,False
L001792,C01189,1,452000,264000,5.86,6820,0,False
L001793,C01190,4,57000,37000,10.9,1370,0,False
L001794,C01191,2,7000,4600,20.52,350,0,False
L001795,C01192,3,2024000,1739700,2.72,10540,0,False
L001796,C01193,4,190000,45300,5.25,5140,0,False
L001797,C01194,3,1402000,779800,3.25,5320,0,False
L001798,C01194,2,24000,9600,18.85,1200,0,False
L001799,C01195,1,155000,39200,4.68,2700,0,False
L001800,C01196,4,75000,60900,8.99,1940,1,False
L001801,C01197,1,257000,105100,6.57,3930,0,False
L001802,C01197,3,1131000,718800,2.38,4520,0,False
L001803,C01198,2,21000,12200,12.92,1050,2,False
L001804,C01199,2,43000,15400,16.93,2150,0,False
L001805,C01199,1,154000,53000,8.37,3990,0,False
L001806,C01200,1,61000,51800,6.82,1210,0,False
L001807,C01201,1,131000,60800,4.69,1910,0,False
L001808,C01202,2,5000,4200,17.1,250,1,False
L001809,C01202,1,50000,32400,7.22,1030,0,False
L001810,C01203,2,12000,8800,19.21,600,0,False
L001811,C01204,3,2459000,1593100,2.59,9100,0,False
L001812,C01204,1,214000,80000,7.26,5260,0,False
L001813,C01205,4,127000,29700,10.1,1320,1,False
L001814,C01206,3,1692000,917400,2.65,7630,0,True
L001815,C01206,4,384000,170000,7.56,11910,1,False
L001816,C01206,2,77000,24300,15.09,3850,3,False
L001817,C01207,2,21000,1700,18.3,1050,1,False
L001818,C01208,4,192000,154600,5.62,6330,3,False
L001819,C01209,1,180000,143000,7.94,3020,0,False
L001820,C01210,3,1131000,574800,2.35,3830,0,False
L001821,C01210,2,16000,8800,16.95,800,0,False
L001822,C01211,4,257000,64400,7.78,3020,0,False
L001823,C01212,1,145000,107900,5.48,3340,0,False
L001824,C01213,4,44000,25000,13.23,1040,2,False
L001825,C01213,2,5000,3800,16.94,250,0,False
L001826,C01213,1,69000,31300,9.41,1490,1,False
L001827,C01214,3,832000,394500,3.02,3870,0,False
L001828,C01214,1,185000,115600,6.99,4090,1,False
L001829,C01214,4,146000,110200,9.83,3460,0,False
L001830,C01215,1,464000,139200,6.42,6450,0,False
L001831,C01215,2,100000,55900,16.64,5000,2,False
L001832,C01216,3,2363000,1860200,3.24,12050,0,False
L001833,C01216,2,64000,43000,20.78,3200,0,False
L001834,C01217,2,35000,17200,13.8,1750,0,False
L001835,C01218,2,5000,1800,19.47,250,1,False
L001836,C01218,4,25000,10800,10.03,1030,0,False
L001837,C01219,4,174000,55200,8.14,1690,1,False
L001838,C01219,2,68000,28400,16.14,3400,0,False
L001839,C01220,4,180000,105500,9.81,3040,0,False
L001840,C01221,3,711000,646100,2.41,3650,0,False
L001841,C01222,3,1869000,1175700,2.79,7600,0,False
L001842,C01222,4,70000,19000,8.39,830,0,False
L001843,C01223,3,2058000,946700,2.74,7300,0,False
L001844,C01224,1,116000,81100,6.36,1920,0,False
L001845,C01225,3,2106000,1310100,3.08,9800,0,False
L001846,C01226,2,26000,21700,15.05,1300,0,False
L001847,C01227,2,28000,5400,18.18,1400,0,False
L001848,C01227,4,123000,109200,9.27,5000,0,False
L001849,C01228,2,26000,7200,15.28,1300,0,False
L001850,C01229,3,868000,475200,2.99,3310,0,False
L001851,C01230,3,2250000,1143200,2.75,10250,0,False
L001852,C01230,4,286000,170800,10.32,5170,0,False
L001853,C01231,3,933000,714100,2.77,4550,0,False
L001854,C01232,2,36000,5100,13.78,1800,2,False
L001855,C01233,4,96000,58100,9.66,1270,1,False
L001856,C01234,1,98000,53300,4.79,2330,0,False
L001857,C01235,4,70000,34400,11.15,1670,0,False
L001858,C01235,3,928000,461400,2.6,3350,0,False
L001859,C01236,2,22000,2500,20.49,1100,1,False
L001860,C01236,3,939000,641900,4.14,4980,0,False
L001861,C01237,2,9000,1000,17.96,450,0,False
L001862,C01237,3,1048000,573200,3.38,4880,0,False
L001863,C01238,2,29000,14300,17.91,1450,0,False
L001864,C01238,3,1198000,1083500,3.01,5080,1,False
L001865,C01239,3,1338000,1210700,2.93,5450,0,False
L001866,C01239,4,122000,90700,8.26,4870,0,False
L001867,C01240,3,1169000,647400,2.8,4100,0,False
L001868,C01240,2,28000,9500,18.58,1400,0,False
L001869,C01241,2,5000,3100,15.97,250,1,False
L001870,C01242,4,45000,31800,8.24,1050,0,False
L001871,C01242,3,1732000,1183000,2.22,7110,4,True
L001872,C01242,2,50000,33700,12.75,2500,1,False
L001873,C01243,3,1278000,1162800,3.01,5920,0,False
L001874,C01243,4,80000,41900,12.22,1280,0,False
L001875,C01244,1,173000,70000,7.75,5250,0,False
L001876,C01245,4,77000,55900,6.81,850,0,False
L001877,C01246,3,1275000,1009200,2.93,5740,0,False
L001878,C01247,2,39000,3100,15.8,1950,0,False
L001879,C01247,3,749000,694600,3.28,4070,4,True
L001880,C01248,1,97000,42100,6.28,1680,2,False
L001881,C01249,1,175000,48500,7.09,4200,0,False
L001882,C01250,2,51000,24700,18.31,2550,0,False
L001883,C01250,3,1035000,840300,2.53,4080,1,False
L001884,C01250,4,220000,75100,7.13,2660,2,False
L001885,C01251,3,1545000,1435000,3.33,8420,0,False
L001886,C01252,2,30000,15800,15.99,1500,0,False
L001887,C01252,4,258000,53700,4.5,4240,0,False
L001888,C01253,4,221000,65000,6.95,2110,0,False
L001889,C01254,2,31000,6800,16.3,1550,0,False
L001890,C01255,3,1958000,1326900,2.38,6860,0,False
L001891,C01255,4,243000,167900,10.7,5350,1,False
L001892,C01256,1,232000,121100,7.36,7130,4,False
L001893,C01256,3,1334000,706000,3.26,6290,3,False
L001894,C01256,2,28000,23500,19.02,1400,0,False
L001895,C01257,3,619000,584500,3.4,3380,0,False
L001896,C01257,2,14000,6800,16.64,700,0,False
L001897,C01258,3,784000,549200,3.76,3170,0,False
L001898,C01258,2,27000,8500,18.07,1350,1,False
L001899,C01259,1,293000,122100,3.74,6990,1,False
L001900,C01260,3,1994000,1348800,2.53,8210,0,False
L001901,C01261,3,1427000,1226300,2.76,6420,1,False
L001902,C01262,2,31000,11100,18.98,1550,4,False
L001903,C01262,3,1152000,787400,2.57,4540,0,False
L001904,C01263,2,34000,21500,16.05,1700,1,False
L001905,C01263,3,1962000,989300,2.65,6790,0,False
L001906,C01264,4,287000,63700,8.39,7330,0,False
L001907,C01265,2,16000,7600,18.05,800,2,False
L001908,C01265,1,160000,110200,10.68,5120,3,False
L001909,C01265,4,100000,58200,9.57,1180,3,False
L001910,C01266,4,224000,138700,9.01,2500,1,False
L001911,C01267,1,401000,263400,5.64,7770,0,False
L001912,C01267,3,1261000,973700,3.18,5390,0,False
L001913,C01268,2,13000,10200,13.92,650,0,False
L001914,C01268,3,1627000,918200,2.9,5790,0,False
L001915,C01269,2,18000,7100,19.55,900,3,True
L001916,C01269,1,240000,160800,6.04,5300,0,False
L001917,C01270,3,2615000,1675400,3.0,10420,2,False
L001918,C01271,4,307000,63000,8.67,6550,0,False
L001919,C01272,1,132000,50600,8.33,2210,0,False
L001920,C01272,2,13000,1300,12.05,650,0,False
L001921,C01273,4,163000,56700,11.01,1900,0,False
L001922,C01274,4,117000,39000,4.5,2130,0,False
L001923,C01275,3,2058000,1720500,2.82,10670,0,False
L001924,C01276,4,55000,20100,11.05,1650,0,False
L001925,C01277,4,258000,59800,9.38,2970,0,False
L001926,C01278,3,1030000,693700,2.4,4920,0,False
L001927,C01278,2,7000,2100,16.94,350,0,False
L001928,C01279,2,5000,3800,17.83,250,0,False
L001929,C01280,3,1486000,1318900,2.89,7050,0,False
L001930,C01281,3,2019000,1864300,3.1,9060,0,False
L001931,C01282,2,58000,41800,13.15,2900,0,False
L001932,C01283,1,399000,256900,6.91,5550,0,False
L001933,C01284,2,25000,4400,15.06,1250,0,False
L001934,C01285,2,32000,8000,17.11,1600,0,False
L001935,C01286,3,1255000,849900,3.05,6250,0,False
L001936,C01287,3,1085000,516600,3.13,4240,0,False
L001937,C01288,1,404000,200100,5.9,15930,0,False
L001938,C01288,2,63000,36100,13.37,3150,2,False
L001939,C01288,3,1604000,1341200,2.29,6310,0,False
L001940,C01289,4,41000,23800,11.53,1310,0,False
L001941,C01290,2,16000,2800,16.65,800,0,True
L001942,C01291,3,1987000,1496300,3.08,9880,0,False
L001943,C01291,2,45000,11400,13.41,2250,0,False
L001944,C01292,3,1079000,652000,3.05,4280,0,False
L001945,C01292,1,171000,101400,5.86,2570,1,False
L001946,C01293,4,260000,216600,8.23,3670,0,False
L001947,C01294,3,1781000,1181400,3.64,7830,0,False
L001948,C01294,4,135000,118300,7.95,1600,0,False
L001949,C01295,3,1112000,722700,3.08,4500,0,False
L001950,C01296,1,256000,84500,7.66,3540,1,False
L001951,C01297,1,316000,126600,6.44,5870,0,False
L001952,C01298,4,60000,16000,10.42,710,0,False
L001953,C01298,2,36000,11900,16.79,1800,0,False
L001954,C01299,3,741000,471300,3.17,2910,0,False
L001955,C01300,3,589000,469200,2.64,2780,2,False
L001956,C01301,2,13000,700,17.8,650,0,False
L001957,C01301,3,1284000,1047600,2.87,5370,1,False
L001958,C01302,2,16000,6500,19.45,800,0,False
L001959,C01303,2,5000,1500,15.28,250,4,False
L001960,C01303,1,50000,35300,9.53,1620,2,False
L001961,C01304,1,250000,62800,3.5,7950,1,False
L001962,C01305,2,5000,1800,20.95,250,0,False
L001963,C01306,2,22000,6900,16.18,1100,0,False
L001964,C01307,2,14000,6700,16.63,700,0,False
L001965,C01307,1,50000,30700,8.83,970,4,True
L001966,C01308,4,178000,48700,6.72,2360,0,False
L001967,C01309,4,122000,97300,5.91,2090,0,False
L001968,C01309,1,187000,61800,4.56,4540,0,False
L001969,C01310,4,109000,93000,10.01,1660,0,False
L001970,C01311,1,61000,28500,6.48,1100,0,False
L001971,C01312,4,98000,56500,9.75,1730,0,False
L001972,C01313,1,50000,24500,9.86,1050,0,False
L001973,C01314,3,545000,286800,3.94,2410,0,False
L001974,C01315,3,2088000,1169200,2.82,7570,0,False
L001975,C01315,1,383000,183600,4.41,6910,0,False
L001976,C01316,1,116000,41700,5.46,2090,0,False
L001977,C01316,3,1972000,1800700,2.53,9990,0,False
L001978,C01316,4,278000,217200,8.4,3340,0,False
L001979,C01316,2,52000,22600,18.26,2600,0,False
L001980,C01317,4,64000,20000,10.75,2600,2,False
L001981,C01317,3,1934000,1184600,3.2,9640,0,False
L001982,C01318,3,1149000,935800,2.79,5640,0,False
L001983,C01319,2,46000,36800,18.05,2300,1,False
L001984,C01320,2,17000,12600,19.31,850,1,False
L001985,C01321,4,224000,56800,10.75,5010,2,False
L001986,C01322,3,1552000,1154400,2.79,7400,1,False
L001987,C01323,3,1276000,793400,2.76,5640,0,False
L001988,C01323,4,106000,61900,4.5,2330,0,False
L001989,C01324,2,15000,1100,15.97,750,2,False
L001990,C01324,3,1425000,740100,3.32,5270,0,False
L001991,C01325,4,215000,187600,9.99,3590,0,False
L001992,C01325,2,31000,10100,13.9,1550,0,False
L001993,C01326,3,2029000,973600,3.41,8640,3,False
L001994,C01327,3,1062000,685600,3.18,5190,0,False
L001995,C01328,3,2320000,1994900,2.89,10420,0,False
L001996,C01329,1,379000,319800,3.88,7650,0,False
L001997,C01329,2,29000,7600,13.34,1450,1,False
L001998,C01330,3,2238000,1713200,2.83,10550,0,False
L001999,C01331,3,1074000,701200,3.24,4110,0,False
L002000,C01331,2,54000,36200,17.67,2700,2,False
L002001,C01331,4,100000,58200,9.12,2060,0,False
L002002,C01332,2,26000,19700,18.31,1300,0,False
L002003,C01332,3,1400000,1087800,3.02,6200,0,False
L002004,C01332,4,84000,62300,7.64,930,0,False
L002005,C01333,3,2064000,1754100,2.43,8890,0,False
L002006,C01334,2,12000,1000,19.49,600,0,False
L002007,C01335,2,19000,1000,10.6,950,0,False
L002008,C01336,2,50000,7700,17.42,2500,1,False
L002009,C01337,1,286000,246600,7.15,6030,2,False
L002010,C01337,4,238000,71000,7.46,6700,0,False
L002011,C01337,3,1834000,1280700,3.93,8590,1,False
L002012,C01338,4,158000,117600,6.09,2380,0,False
L002013,C01338,2,31000,6200,18.33,1550,0,False
L002014,C01338,3,1690000,851300,2.58,6330,0,False
L002015,C01339,2,5000,500,15.62,250,0,False
L002016,C01340,2,6000,3000,17.85,300,1,False
L002017,C01341,1,377000,129300,4.2,13180,0,False
L002018,C01342,3,1166000,856000,3.08,5170,0,False
L002019,C01342,2,46000,31400,14.82,2300,0,False
L002020,C01343,2,15000,6300,16.97,750,0,False
L002021,C01344,2,53000,28700,21.1,2650,0,False
L002022,C01345,1,159000,135000,5.07,2710,0,False
L002023,C01345,4,69000,47000,8.61,2530,1,False
L002024,C01346,3,1479000,1337900,3.55,8080,0,False
L002025,C01346,4,80000,22100,8.5,2100,0,False
L002026,C01346,2,12000,2200,12.54,600,0,False
L002027,C01347,4,68000,58000,9.43,2770,0,False
L002028,C01348,3,1214000,1092300,2.29,4770,0,False
L002029,C01348,1,201000,105700,4.48,4610,0,False
L002030,C01348,2,27000,6500,18.99,1350,0,False
L002031,C01349,3,551000,351500,3.47,2170,0,False
L002032,C01349,1,151000,103700,6.51,5240,1,False
L002033,C01350,2,41000,16100,19.74,2050,0,False
L002034,C01351,3,1355000,689400,3.15,4850,0,False
L002035,C01352,3,1500000,1280100,3.04,6900,0,False
L002036,C01353,1,158000,87900,6.36,2560,0,False
L002037,C01354,3,2359000,1330700,3.12,8540,0,False
L002038,C01355,4,141000,76400,5.89,1610,0,False
L002039,C01355,3,2139000,1882300,3.1,8890,0,False
L002040,C01356,3,1183000,546800,2.67,4610,1,False
L002041,C01356,2,11000,3600,20.37,550,0,False
L002042,C01357,2,21000,4800,13.23,1050,1,False
L002043,C01357,1,66000,32300,6.32,1290,0,False
L002044,C01358,2,36000,4200,17.47,1800,1,False
L002045,C01358,3,3122000,2527600,3.47,13470,0,True
L002046,C01358,4,271000,110400,6.34,4120,0,False
L002047,C01359,3,1847000,1418900,3.04,8540,0,False
L002048,C01360,2,30000,14600,16.19,1500,0,False
L002049,C01361,3,761000,598400,2.63,3600,1,False
L002050,C01361,1,229000,106400,8.15,4190,0,False
L002051,C01362,4,97000,84500,9.1,2110,0,False
L002052,C01363,3,1798000,1232200,2.67,7020,1,False
L002053,C01364,3,1915000,1496700,3.32,9470,0,False
L002054,C01365,4,233000,50400,10.73,2430,0,False
L002055,C01366,1,428000,314400,6.85,11090,0,False
L002056,C01367,2,34000,5400,15.1,1700,0,False
L002057,C01367,3,1939000,1269400,2.89,7770,4,False
L002058,C01367,4,299000,265600,9.63,7330,1,False
L002059,C01368,4,93000,34500,7.9,1450,0,False
L002060,C01369,2,8000,4700,17.83,400,0,False
L002061,C01370,2,13000,9800,17.34,650,0,False
L002062,C01371,3,582000,269000,3.16,2550,0,False
L002063,C01372,3,1554000,1194400,2.81,7100,0,False
L002064,C01373,2,9000,4500,18.28,450,0,False
L002065,C01373,3,491000,389500,3.46,2570,0,False
L002066,C01374,3,1532000,879600,2.51,6650,0,False
L002067,C01375,4,197000,175800,5.82,2680,0,False
L002068,C01375,1,119000,94600,7.51,2680,0,False
L002069,C01376,3,1503000,786900,2.91,5280,0,False
L002070,C01377,1,83000,22600,6.8,1580,0,False
L002071,C01378,3,895000,714200,3.05,4070,0,False
L002072,C01378,1,264000,144600,4.34,5440,1,False
L002073,C01379,4,263000,162600,10.54,4560,0,False
L002074,C01380,3,1859000,1262100,3.58,8040,0,False
L002075,C01380,2,32000,22900,14.89,1600,0,False
L002076,C01380,4,129000,98000,5.72,1710,0,False
L002077,C01380,1,323000,231400,6.78,5950,0,False
L002078,C01381,2,16000,9600,14.43,800,0,False
L002079,C01382,3,2174000,1888800,3.68,12210,1,False
L002080,C01382,4,85000,24400,7.82,850,0,False
L002081,C01383,3,1108000,602500,3.16,4460,1,False
L002082,C01384,2,10000,6400,21.01,500,0,False
L002083,C01384,3,1333000,676200,2.82,5450,0,False
L002084,C01385,1,149000,43200,7.52,2200,0,False
L002085,C01386,3,2185000,1845000,3.36,9800,0,False
L002086,C01387,2,55000,12500,17.82,2750,0,False
L002087,C01388,3,2010000,954500,3.11,7520,0,False
L002088,C01388,4,284000,154500,6.78,5790,0,False
L002089,C01389,3,1359000,852900,2.76,6160,3,False
L002090,C01390,1,153000,83700,4.62,2030,0,False
L002091,C01390,2,27000,10800,15.5,1350,0,False
L002092,C01391,2,39000,5700,14.19,1950,0,False
L002093,C01392,4,132000,110300,10.32,2910,0,False
L002094,C01393,2,34000,13600,20.23,1700,0,False
L002095,C01394,3,1162000,971400,3.06,4980,0,False
L002096,C01395,1,204000,101300,7.11,3700,0,False
L002097,C01395,3,1517000,1069000,2.49,5850,0,False
L002098,C01395,2,26000,9300,21.57,1300,1,False
L002099,C01396,1,72000,46000,7.13,1850,0,False
L002100,C01397,3,1893000,1208700,3.53,7350,0,False
L002101,C01397,2,28000,19300,17.99,1400,0,False
L002102,C01398,3,2080000,1886600,2.59,8080,0,False
L002103,C01399,3,1430000,1238000,3.15,6670,2,False
L002104,C01399,1,71000,24500,6.33,1240,0,False
L002105,C01399,4,193000,75100,10.32,3030,0,False
L002106,C01400,2,22000,4300,17.66,1100,0,False
L002107,C01401,4,73000,29100,8.27,990,0,False
L002108,C01402,3,1520000,1162300,2.89,7270,0,False
L002109,C01402,4,48000,13100,8.54,570,0,False
L002110,C01403,2,9000,2500,18.51,450,4,False
L002111,C01404,4,155000,54000,9.83,1830,0,False
L002112,C01404,3,1256000,586100,2.52,4590,0,False
L002113,C01405,3,1580000,719200,3.28,5950,0,False
L002114,C01405,2,40000,11500,18.0,2000,0,False
L002115,C01405,4,329000,155400,8.13,4020,1,False
L002116,C01406,1,352000,308400,7.16,7690,1,False
L002117,C01406,3,915000,665100,3.22,4020,0,False
L002118,C01407,2,8000,4900,19.82,400,1,False
L002119,C01407,4,70000,62800,9.99,1570,0,False
L002120,C01408,1,53000,29200,6.45,1350,0,False
L002121,C01409,3,1391000,768600,2.47,5230,0,False
L002122,C01410,4,170000,133900,5.82,1870,0,False
L002123,C01411,4,73000,14900,9.14,1300,0,False
L002124,C01412,3,978000,678100,3.35,4130,0,False
L002125,C01413,1,211000,139800,7.95,3410,0,False
L002126,C01414,2,9000,1600,19.95,450,0,False
L002127,C01415,3,606000,521700,3.74,3330,3,False
L002128,C01415,1,225000,113900,6.8,6670,3,False
L002129,C01415,2,12000,10200,18.77,600,1,False
L002130,C01415,4,56000,41500,11.51,2290,0,False
L002131,C01416,2,27000,12900,14.66,1350,0,False
L002132,C01417,2,29000,7100,17.78,1450,1,True
L002133,C01418,3,1878000,1067700,3.16,6900,0,False
L002134,C01418,4,252000,133100,10.68,5960,0,False
L002135,C01419,2,74000,41700,15.45,3700,0,False
L002136,C01419,3,3384000,2433100,3.35,14050,0,False
L002137,C01420,3,1487000,1086800,2.77,6740,0,False
L002138,C01420,2,8000,5000,18.72,400,0,False
L002139,C01421,1,309000,229700,6.9,7660,0,False
L002140,C01421,3,2047000,1880500,2.59,9920,0,False
L002141,C01422,3,1834000,1361800,2.96,7550,0,False
L002142,C01422,4,308000,150500,9.89,12260,0,False
L002143,C01423,2,32000,22100,18.64,1600,0,False
L002144,C01424,3,2848000,2591900,3.54,13060,0,False
L002145,C01424,1,177000,136400,5.56,3920,0,False
L002146,C01425,2,42000,9000,15.69,2100,0,False
L002147,C01426,2,14000,11100,20.04,700,1,False
L002148,C01427,4,65000,46000,7.31,1130,0,False
L002149,C01428,3,898000,504400,3.07,3330,0,False
L002150,C01429,4,59000,42900,6.91,1920,0,False
L002151,C01430,3,1376000,740500,3.45,6120,0,False
L002152,C01430,4,69000,24800,9.82,2180,0,False
L002153,C01430,2,39000,32700,19.53,1950,0,False
L002154,C01431,3,1518000,1216200,3.42,6700,0,False
L002155,C01432,1,104000,76400,6.98,2870,0,False
L002156,C01432,3,1361000,954800,2.94,6680,0,False
L002157,C01432,4,83000,48800,6.06,2160,0,False
L002158,C01433,1,379000,208900,5.74,7270,1,False
L002159,C01433,3,3013000,2662800,2.79,14530,0,False
L002160,C01434,4,56000,20000,9.71,1760,0,True
L002161,C01434,2,12000,7200,18.65,600,0,False
L002162,C01434,1,110000,30000,6.6,1960,3,False
L002163,C01434,3,534000,245100,4.74,2250,0,False
L002164,C01435,4,83000,34200,7.39,970,0,False
L002165,C01435,3,2165000,1810200,2.57,9840,0,False
L002166,C01436,2,6000,4400,17.15,300,0,False
L002167,C01437,4,228000,125400,8.19,3520,0,False
L002168,C01437,3,2207000,1458400,2.64,9910,1,False
L002169,C01438,3,1902000,1171200,3.22,8400,0,False
L002170,C01439,4,146000,112500,5.52,2670,2,False
L002171,C01439,2,59000,28300,17.17,2950,0,False
L002172,C01440,4,135000,121500,7.48,2370,0,False
L002173,C01441,3,1167000,567300,3.29,4690,0,False
L002174,C01442,3,1680000,1492700,2.73,6750,0,False
L002175,C01443,3,2077000,1871400,2.52,9160,0,False
L002176,C01443,2,28000,6600,15.8,1400,0,False
L002177,C01444,3,2546000,1153200,2.2,9980,0,False
L002178,C01445,1,162000,92600,5.65,2880,0,False
L002179,C01446,3,2232000,1656800,2.56,9030,0,False
L002180,C01446,2,32000,18100,16.78,1600,0,False
L002181,C01447,1,77000,57500,8.56,1420,2,False
L002182,C01447,2,8000,3800,12.0,400,0,False
L002183,C01448,3,606000,511200,2.75,2700,0,False
L002184,C01449,2,5000,3800,16.73,250,0,False
L002185,C01450,3,2593000,1188600,3.01,8850,0,False
L002186,C01450,2,75000,29900,18.0,3750,0,False
L002187,C01451,3,2539000,1604600,2.65,10180,0,False
L002188,C01451,2,22000,9500,12.12,1100,0,False
L002189,C01451,4,267000,132100,9.39,8820,0,False
L002190,C01452,1,249000,149600,7.37,3820,0,False
L002191,C01453,3,1032000,871000,2.91,5380,2,False
L002192,C01453,1,145000,64200,9.6,2010,0,False
L002193,C01453,2,9000,6900,16.25,450,1,False
L002194,C01454,2,59000,8200,15.65,2950,0,False
L002195,C01455,2,8000,5200,16.88,400,0,False
L002196,C01456,2,9000,600,17.92,450,0,False
L002197,C01457,2,43000,18500,19.52,2150,0,False
L002198,C01458,1,148000,76200,7.58,5340,0,False
L002199,C01459,1,450000,390700,8.43,8000,0,False
L002200,C01459,3,1342000,969800,2.97,5520,0,False
L002201,C01460,2,30000,14200,20.54,1500,0,False
L002202,C01461,3,2284000,1865600,3.35,9850,0,False
L002203,C01461,1,228000,145200,7.62,3290,0,False
L002204,C01461,4,49000,32100,4.9,640,4,False
L002205,C01462,4,46000,32800,9.39,1020,0,False
L002206,C01462,1,174000,104000,8.18,5850,1,False
L002207,C01463,3,761000,589400,3.49,3630,0,False
L002208,C01464,4,325000,191900,12.8,5300,0,False
L002209,C01465,3,1207000,1070500,3.12,5430,1,True
L002210,C01465,2,12000,1800,19.66,600,0,False
L002211,C01465,4,50000,18200,7.34,490,0,False
L002212,C01466,2,44000,19100,14.49,2200,0,False
L002213,C01467,2,12000,6200,16.21,600,0,False
L002214,C01467,3,1933000,1405000,2.94,8380,0,False
L002215,C01468,3,1544000,1404400,3.42,8130,0,False
L002216,C01468,1,200000,125100,5.92,4500,0,False
L002217,C01469,2,8000,2500,13.92,400,0,False
L002218,C01470,3,1611000,1049400,2.33,7290,3,False
L002219,C01471,4,117000,24400,10.8,1340,0,False
L002220,C01471,1,137000,41400,5.17,4240,1,False
L002221,C01472,3,2092000,1887600,2.37,9760,0,False
L002222,C01473,2,5000,1500,19.76,250,0,True
L002223,C01474,3,1085000,1011600,2.82,5220,0,False
L002224,C01475,3,1474000,781000,2.96,6380,1,False
L002225,C01476,1,444000,134400,6.26,19600,0,False
L002226,C01477,3,1576000,1381200,3.26,7750,0,False
L002227,C01477,2,17000,11600,15.62,850,0,False
L002228,C01478,3,1089000,959200,3.0,5340,0,False
L002229,C01478,2,44000,8900,17.43,2200,0,False
L002230,C01479,4,39000,8500,8.82,1450,0,False
L002231,C01480,3,3719000,2468100,3.19,14880,0,False
L002232,C01480,1,644000,567400,6.03,21070,0,False
L002233,C01481,2,29000,20700,21.67,1450,0,False
L002234,C01482,2,11000,8300,23.74,550,0,False
L002235,C01482,4,40000,17500,11.37,740,1,False
L002236,C01483,1,428000,144000,6.94,5980,0,False
L002237,C01483,3,1739000,1095700,3.16,6520,0,False
L002238,C01484,2,5000,500,15.89,250,0,False
L002239,C01485,4,337000,141400,7.85,4030,1,False
L002240,C01486,2,69000,54100,13.8,3450,0,False
L002241,C01486,3,1692000,1259100,2.52,8080,0,False
L002242,C01487,3,1174000,612300,3.04,4130,0,False
L002243,C01488,4,272000,111300,7.33,3290,0,False
L002244,C01488,3,1683000,1506000,2.79,7700,0,False
L002245,C01489,2,11000,8400,20.84,550,2,True
L002246,C01489,4,51000,42600,11.63,680,3,False
L002247,C01490,4,180000,138800,6.46,3550,0,False
L002248,C01491,1,241000,155700,8.57,4220,0,False
L002249,C01492,2,55000,13100,20.74,2750,1,False
L002250,C01493,1,186000,99400,5.96,3020,0,False
L002251,C01493,4,249000,199300,9.23,5460,0,False
L002252,C01494,2,27000,8300,18.58,1350,2,False
L002253,C01495,2,36000,21400,16.64,1800,0,False
L002254,C01495,4,36000,32300,10.67,550,0,False
L002255,C01495,3,649000,506400,3.2,3190,0,False
L002256,C01496,2,5000,1400,20.53,250,4,True
L002257,C01496,1,96000,57500,7.6,1890,0,False
L002258,C01496,4,73000,30700,12.05,2960,4,False
L002259,C01497,2,37000,2000,21.56,1850,3,False
L002260,C01497,1,246000,198900,7.23,4780,4,True
L002261,C01497,3,1361000,793600,3.3,5410,0,False
L002262,C01498,2,51000,5900,12.45,2550,0,False
L002263,C01499,4,242000,196200,11.15,6020,0,False
L002264,C01499,3,1816000,929900,2.63,7540,0,False
L002265,C01500,1,65000,58200,6.85,970,1,False
L002266,C01501,3,1946000,1561300,2.79,7440,0,False
L002267,C01501,2,54000,45500,16.78,2700,2,False
L002268,C01502,4,120000,89100,12.69,1760,0,False
L002269,C01502,2,18000,10700,16.05,900,0,False
L002270,C01503,4,216000,116700,12.8,6510,0,False
L002271,C01504,3,2746000,1607900,2.97,10660,0,True
L002272,C01504,1,438000,156500,6.82,11660,0,True
L002273,C01505,3,2507000,1933000,3.38,12470,0,False
L002274,C01506,3,1329000,757900,3.22,5180,1,False
L002275,C01506,4,293000,253000,7.75,3350,0,False
L002276,C01507,1,314000,129800,9.07,7020,0,False
L002277,C01507,2,25000,9400,14.27,1250,0,False
L002278,C01508,2,9000,3600,19.89,450,0,False
L002279,C01508,4,33000,7300,6.5,350,0,False
L002280,C01509,3,2040000,1427900,2.85,8460,4,True
L002281,C01510,3,1634000,1307400,2.78,6740,1,False
L002282,C01510,2,46000,15900,15.44,2300,2,False
L002283,C01511,2,8000,2100,18.47,400,1,False
L002284,C01512,2,5000,3600,18.29,250,3,False
L002285,C01513,2,25000,15800,13.14,1250,0,False
L002286,C01514,2,19000,8800,21.46,950,0,False
L002287,C01515,3,1525000,1006300,2.98,5820,0,False
L002288,C01516,2,17000,9300,16.32,850,0,False
L002289,C01517,3,1868000,1363300,3.12,8560,0,False
L002290,C01518,3,1076000,541000,2.85,4030,0,False
L002291,C01519,3,1921000,1798500,3.3,9720,3,False
L002292,C01519,2,21000,17400,16.45,1050,0,False
L002293,C01520,1,50000,37200,6.95,2070,0,False
L002294,C01521,2,20000,1700,21.79,1000,0,False
L002295,C01522,3,2725000,1236500,3.57,9630,0,False
L002296,C01523,4,170000,111500,7.02,3630,0,False
L002297,C01524,1,50000,27000,6.81,1260,2,False
L002298,C01525,2,64000,37200,20.25,3200,1,False
L002299,C01526,3,2821000,1893900,2.53,11090,0,False
L002300,C01527,3,869000,587200,2.74,4110,0,False
L002301,C01527,2,24000,2900,17.09,1200,0,False
L002302,C01528,3,2846000,2487900,2.6,13570,0,False
L002303,C01529,2,15000,1800,17.51,750,0,False
L002304,C01529,4,192000,154100,9.65,2800,0,False
L002305,C01530,4,174000,92900,6.93,4160,0,False
L002306,C01530,3,2346000,1956200,2.45,10090,3,False
L002307,C01531,3,2462000,2228000,2.39,10040,0,False
L002308,C01531,1,459000,157800,6.93,8380,1,False
L002309,C01532,2,55000,29200,17.28,2750,0,False
L002310,C01532,3,1081000,803800,2.72,5420,0,False
L002311,C01533,3,926000,608700,2.68,3560,0,False
L002312,C01533,2,38000,11600,15.52,1900,2,False
L002313,C01534,2,52000,20700,15.09,2600,0,False
L002314,C01535,2,13000,10200,13.82,650,0,False
L002315,C01536,3,1638000,848900,2.57,7250,0,False
L002316,C01536,2,26000,16500,14.77,1300,3,False
L002317,C01537,3,1121000,785400,3.69,4590,1,False
L002318,C01537,2,31000,4100,18.9,1550,0,False
L002319,C01538,4,221000,132800,7.8,4740,2,False
L002320,C01539,4,220000,192800,8.61,2790,0,False
L002321,C01540,3,1969000,1333200,2.77,9270,0,False
L002322,C01541,3,1867000,1250100,2.89,7540,0,False
L002323,C01542,1,238000,200600,6.26,9680,0,False
L002324,C01543,3,1614000,1194100,3.44,6640,0,False
L002325,C01544,2,23000,15800,16.21,1150,0,False
L002326,C01544,1,176000,108300,5.66,6290,2,False
L002327,C01544,3,1715000,1020800,2.47,7780,1,False
L002328,C01545,3,844000,780400,2.32,3260,0,False
L002329,C01546,2,6000,3200,23.99,300,0,False
L002330,C01546,1,86000,70100,9.54,1790,0,False
L002331,C01547,3,641000,554800,3.68,3450,0,False
L002332,C01547,2,20000,15700,15.42,1000,0,False
L002333,C01548,1,242000,135700,7.99,3880,0,False
L002334,C01549,2,9000,3000,17.52,450,1,False
L002335,C01550,2,17000,11800,22.34,850,0,False
L002336,C01550,1,66000,49900,5.77,1130,0,False
L002337,C01551,2,20000,8000,17.68,1000,1,False
L002338,C01552,3,1713000,1532300,2.9,8270,0,False
L002339,C01553,2,10000,4800,11.79,500,0,False
L002340,C01553,3,1334000,629200,2.64,4670,0,False
L002341,C01553,4,195000,139800,7.92,2830,0,False
L002342,C01554,2,5000,4000,19.98,250,0,False
L002343,C01555,3,1791000,1215600,2.2,7150,0,False
L002344,C01556,4,185000,154200,7.44,3320,0,False
L002345,C01556,3,1524000,1102100,3.18,6620,0,False
L002346,C01557,3,2387000,1452700,2.66,11030,0,False
L002347,C01558,2,42000,33200,17.74,2100,1,False
L002348,C01559,3,1260000,901000,3.58,6010,0,False
L002349,C01559,1,262000,223200,6.83,4740,1,False
L002350,C01560,4,186000,105200,6.56,2410,0,False
L002351,C01561,1,113000,56100,6.6,3910,1,False
L002352,C01562,3,2058000,1915600,2.37,8390,0,False
L002353,C01562,4,135000,35300,7.91,1980,0,False
L002354,C01563,4,270000,83000,8.79,5210,0,False
L002355,C01564,3,1294000,809300,3.45,5090,0,False
L002356,C01565,4,70000,62400,5.16,1180,0,False
L002357,C01566,3,1640000,951000,2.77,7010,3,False
L002358,C01566,1,310000,90600,5.8,10310,1,False
L002359,C01566,4,167000,52400,9.14,6050,1,False
L002360,C01567,2,30000,14500,17.8,1500,0,False
L002361,C01568,2,41000,8900,16.79,2050,0,False
L002362,C01568,4,330000,184900,7.76,4010,0,False
L002363,C01569,3,1242000,862900,2.68,5510,0,False
L002364,C01570,3,1926000,1158200,3.39,7370,0,False
L002365,C01571,2,71000,17700,15.54,3550,0,False
L002366,C01572,1,288000,150900,4.41,5320,0,False
L002367,C01573,2,10000,7500,15.73,500,1,False
L002368,C01573,4,34000,22400,8.52,370,0,True
L002369,C01574,4,146000,62500,5.92,2180,0,False
L002370,C01575,3,2082000,1339100,2.84,7710,0,False
L002371,C01576,4,277000,159200,7.78,4630,1,False
L002372,C01577,2,5000,4200,17.56,250,0,True
L002373,C01577,4,48000,35300,14.82,1650,0,False
L002374,C01578,3,2163000,1026600,2.63,7740,2,False
L002375,C01578,1,248000,144600,6.29,4920,0,False
L002376,C01579,4,78000,55500,9.83,990,0,False
L002377,C01580,2,56000,5500,16.53,2800,0,False
L002378,C01580,3,1233000,1098900,3.02,5700,0,False
L002379,C01580,1,439000,169000,3.95,5930,0,False
L002380,C01581,2,8000,5100,18.29,400,1,True
L002381,C01582,3,1896000,1389600,3.26,8600,0,False
L002382,C01583,1,475000,352900,5.68,10170,2,False
L002383,C01583,3,2624000,2452800,2.79,11440,1,False
L002384,C01583,4,286000,60600,9.28,3280,0,False
L002385,C01584,2,6000,3900,18.58,300,0,False
L002386,C01584,4,114000,86900,12.94,1910,1,False
L002387,C01585,3,1552000,816400,2.92,5710,0,False
L002388,C01586,3,1776000,1628100,3.13,8850,0,False
L002389,C01586,1,74000,27900,8.68,1660,0,False
L002390,C01587,4,91000,31300,10.97,1520,0,False
L002391,C01588,4,331000,252200,11.3,5210,0,False
L002392,C01588,2,52000,9700,20.24,2600,1,False
L002393,C01589,3,1544000,912200,3.39,7720,1,False
L002394,C01589,2,44000,21100,17.15,2200,1,False
L002395,C01589,4,298000,218600,8.2,4850,0,False
L002396,C01589,1,220000,129000,6.04,3420,0,True
L002397,C01590,1,50000,44000,9.33,860,1,False
L002398,C01591,4,237000,107600,8.41,8690,0,False
L002399,C01591,1,199000,123900,6.12,2720,0,False
L002400,C01592,4,162000,66800,10.34,5880,0,False
L002401,C01593,3,1141000,810000,3.54,5160,0,False
L002402,C01594,2,34000,2100,16.16,1700,0,False
L002403,C01595,3,1246000,902900,3.51,6350,0,False
L002404,C01595,1,202000,67400,4.66,3510,0,False
L002405,C01595,2,22000,7100,14.88,1100,0,False
L002406,C01596,2,20000,14800,20.11,1000,0,False
L002407,C01596,4,54000,23500,9.79,1010,0,True
L002408,C01597,3,976000,524700,2.82,4510,0,False
L002409,C01597,1,350000,99500,5.66,4990,0,False
L002410,C01598,2,14000,1500,18.29,700,0,False
L002411,C01599,1,369000,129000,5.98,8410,0,False
L002412,C01599,4,240000,52700,7.61,3110,1,False
L002413,C01600,3,644000,489700,3.37,2570,0,False
L002414,C01600,2,19000,14300,17.78,950,0,False
L002415,C01601,3,1215000,928300,2.36,5660,0,False
L002416,C01602,2,22000,3300,15.19,1100,0,False
L002417,C01603,4,26000,7100,12.36,290,0,False
L002418,C01604,1,236000,132600,3.5,3360,0,False
L002419,C01605,2,12000,800,19.66,600,0,False
L002420,C01606,3,2052000,1377700,2.42,9440,0,False
L002421,C01606,2,52000,37800,16.35,2600,0,False
L002422,C01607,3,692000,354900,3.25,2630,0,False
L002423,C01608,4,158000,137300,9.07,3020,0,False
L002424,C01609,4,270000,231200,9.78,4090,0,False
L002425,C01610,4,271000,133200,7.07,2840,0,False
L002426,C01611,2,21000,14600,17.93,1050,0,False
L002427,C01611,3,552000,373300,3.32,2670,0,False
L002428,C01611,1,116000,35700,6.96,5220,0,False
L002429,C01612,2,16000,900,13.67,800,0,False
L002430,C01613,2,37000,25700,18.57,1850,0,False
L002431,C01614,2,29000,15700,19.17,1450,0,False
L002432,C01615,4,73000,40200,10.77,830,0,False
L002433,C01615,3,1807000,1162200,3.09,6830,0,False
L002434,C01616,2,64000,38900,16.98,3200,0,False
L002435,C01616,4,257000,210400,8.48,4100,0,False
L002436,C01617,3,797000,651800,3.17,3560,0,False
L002437,C01618,2,14000,6600,21.53,700,1,True
L002438,C01619,2,52000,41800,21.61,2600,0,False
L002439,C01619,4,138000,97200,6.16,1620,0,False
L002440,C01619,3,1710000,1409900,2.77,7020,0,False
L002441,C01620,1,172000,54900,7.9,4120,1,False
L002442,C01620,3,2107000,1859300,3.13,9580,0,False
L002443,C01621,2,12000,1400,20.86,600,0,False
L002444,C01621,1,101000,48400,9.23,3430,1,False
L002445,C01622,4,170000,45000,8.77,1730,0,False
L002446,C01623,3,1517000,1256000,2.38,7180,0,False
L002447,C01624,4,92000,54500,6.16,1800,0,False
L002448,C01625,2,9000,6500,17.65,450,3,False
L002449,C01625,3,806000,708500,2.87,3300,0,False
L002450,C01626,3,1467000,1188500,2.89,6410,0,False
L002451,C01627,3,2241000,2089500,2.96,9960,0,False
L002452,C01628,2,28000,13100,20.49,1400,0,False
L002453,C01628,3,744000,588100,3.67,3400,2,False
L002454,C01629,4,112000,46600,9.82,1660,0,False
L002455,C01630,2,20000,2800,16.57,1000,0,False
L002456,C01631,3,1488000,1096800,3.12,5970,0,False
L002457,C01631,1,103000,72800,8.29,3910,0,False
L002458,C01632,3,826000,539900,3.04,3190,0,False
L002459,C01633,1,140000,118400,6.49,4040,1,True
L002460,C01633,3,1594000,803300,3.34,7020,0,False
L002461,C01633,4,272000,143700,7.02,8430,0,False
L002462,C01634,3,1180000,590800,3.21,4450,0,False
L002463,C01635,3,924000,635900,2.2,3770,0,False
L002464,C01635,4,100000,74500,7.64,1590,1,False
L002465,C01636,3,1750000,1198300,2.9,7500,0,False
L002466,C01637,3,1115000,594400,2.92,4140,0,False
L002467,C01638,4,134000,89900,6.5,2210,0,False
L002468,C01639,3,919000,776700,3.05,4880,0,False
L002469,C01639,2,30000,3100,19.99,1500,0,False
L002470,C01640,4,86000,71900,9.45,1470,0,False
L002471,C01641,1,310000,206000,3.65,8250,3,False
L002472,C01642,1,274000,169900,5.72,3830,0,False
L002473,C01642,3,1490000,702500,3.06,6570,0,False
L002474,C01643,1,268000,228100,4.77,8340,0,False
L002475,C01644,3,1410000,1138000,2.57,5440,0,False
L002476,C01644,4,183000,90700,12.27,2160,0,False
L002477,C01644,2,52000,17500,19.31,2600,0,False
L002478,C01645,3,1218000,764900,2.72,4330,0,False
L002479,C01645,4,97000,68900,10.56,3610,0,False
L002480,C01646,3,1706000,1051200,3.01,8070,0,False
L002481,C01646,2,18000,12400,16.51,900,1,True
L002482,C01646,1,360000,131900,5.55,4870,1,False
L002483,C01647,3,1560000,1343700,3.38,8180,0,False
L002484,C01647,1,193000,93500,6.31,2790,1,False
L002485,C01648,2,15000,10600,22.0,750,0,False
L002486,C01648,3,1045000,477800,2.87,4460,0,False
L002487,C01649,2,29000,11900,15.82,1450,0,False
L002488,C01650,3,1796000,1352900,3.58,8420,0,False
L002489,C01651,2,28000,7000,19.99,1400,0,False
L002490,C01652,2,60000,12100,21.61,3000,0,False
L002491,C01652,3,2765000,1554300,2.98,11330,0,False
L002492,C01652,4,135000,90300,8.21,1530,0,False
L002493,C01653,2,15000,10500,16.02,750,0,False
L002494,C01653,4,222000,187000,10.38,8350,0,False
L002495,C01654,3,1265000,1115300,2.66,5000,0,False
L002496,C01655,2,40000,33500,16.48,2000,2,False
L002497,C01655,3,2077000,1961600,3.26,11070,0,False
L002498,C01656,2,6000,4600,16.71,300,0,False
L002499,C01656,3,577000,438500,3.13,2340,0,False
L002500,C01657,1,189000,88100,5.02,4390,0,False
L002501,C01658,1,355000,105700,7.76,6590,0,False
L002502,C01659,2,37000,29100,18.28,1850,2,False
L002503,C01660,3,1758000,1205700,2.62,6630,0,False
L002504,C01661,2,46000,38700,17.73,2300,0,False
L002505,C01661,4,200000,133100,11.29,2630,0,False
L002506,C01662,1,330000,260000,5.78,4610,0,False
L002507,C01663,4,323000,73500,9.45,3990,0,False
L002508,C01663,2,62000,41100,17.99,3100,3,False
L002509,C01664,2,25000,18800,16.74,1250,0,False
L002510,C01664,4,46000,27200,6.38,590,0,False
L002511,C01664,3,852000,547100,2.87,3940,1,False
L002512,C01664,1,90000,39100,6.76,1200,1,False
L002513,C01665,3,741000,361500,2.61,2650,0,False
L002514,C01665,1,279000,205300,6.93,6030,1,False
L002515,C01666,4,251000,149600,9.65,3330,0,False
L002516,C01666,3,2218000,1339100,2.45,7820,0,False
L002517,C01667,4,69000,49500,7.73,930,0,False
L002518,C01667,2,36000,7300,15.8,1800,0,False
L002519,C01668,1,83000,30600,5.74,1780,0,False
L002520,C01669,2,12000,5800,17.61,600,0,False
L002521,C01669,3,1699000,895700,2.84,6230,0,False
L002522,C01670,3,1188000,847100,3.34,5550,0,False
L002523,C01670,2,31000,17500,17.62,1550,0,False
L002524,C01671,1,383000,264700,5.19,6240,0,False
L002525,C01671,3,1421000,1106300,3.2,7370,0,False
L002526,C01672,4,200000,64300,8.29,2620,0,False
L002527,C01673,1,71000,63900,7.33,1090,0,False
L002528,C01673,2,19000,10100,16.25,950,0,False
L002529,C01674,2,12000,3500,17.59,600,0,False
L002530,C01675,2,15000,6900,23.49,750,0,False
L002531,C01675,1,84000,24300,7.89,1240,0,False
L002532,C01675,4,28000,15300,7.87,720,0,False
L002533,C01676,3,2766000,2409200,3.44,14500,0,False
L002534,C01677,3,874000,493300,2.6,4060,0,False
L002535,C01677,2,43000,23400,17.68,2150,0,False
L002536,C01678,3,2113000,1008100,2.49,7570,0,False
L002537,C01678,4,353000,251600,7.97,4900,0,False
L002538,C01679,1,133000,65200,4.23,2960,0,False
L002539,C01679,2,51000,12800,16.47,2550,0,False
L002540,C01680,2,7000,800,21.25,350,0,False
L002541,C01681,3,2233000,1964600,4.0,11720,2,False
L002542,C01681,1,353000,222700,7.56,15610,3,True
L002543,C01682,3,703000,470600,2.54,2560,0,False
L002544,C01683,3,1120000,679900,3.43,4660,0,False
L002545,C01684,2,18000,5100,18.66,900,0,False
L002546,C01685,2,32000,6400,16.57,1600,0,False
L002547,C01685,3,1138000,579400,3.13,4260,0,False
L002548,C01686,2,8000,2200,16.09,400,0,False
L002549,C01687,3,737000,529800,2.91,3110,0,False
L002550,C01688,4,288000,136800,6.6,3030,0,False
L002551,C01689,3,2283000,1066500,2.48,8230,0,False
L002552,C01690,4,152000,63400,11.19,4280,1,False
L002553,C01690,3,2326000,1168000,3.1,10450,0,False
L002554,C01691,3,1551000,1424800,2.2,6980,0,False
L002555,C01692,4,283000,167500,4.5,7030,0,False
L002556,C01693,3,2117000,997100,2.86,8090,2,False
L002557,C01694,3,1267000,1163200,2.79,6180,0,False
L002558,C01695,1,304000,127100,6.51,5250,0,False
L002559,C01695,3,1239000,1173000,2.86,5280,1,False
L002560,C01696,2,28000,19100,15.24,1400,0,False
L002561,C01697,1,401000,290400,8.01,5890,1,False
L002562,C01698,2,25000,3200,13.79,1250,0,False
L002563,C01699,2,6000,2100,15.98,300,0,False
L002564,C01699,4,52000,46500,8.11,700,0,False
L002565,C01700,3,3137000,2690300,3.35,15770,0,False
L002566,C01701,3,689000,574900,2.99,3020,0,False
L002567,C01702,3,1474000,748100,2.89,5470,1,False
L002568,C01702,2,11000,800,20.71,550,0,False
L002569,C01702,1,281000,184200,4.64,7460,0,False
L002570,C01703,4,311000,153100,10.45,4970,0,False
L002571,C01703,3,1605000,1456700,3.23,8220,0,False
L002572,C01704,1,212000,74800,7.43,7740,0,False
L002573,C01705,4,191000,63800,11.3,2600,0,False
L002574,C01706,3,1806000,1545000,2.46,8550,0,False
L002575,C01706,2,60000,10800,17.87,3000,0,False
L002576,C01707,1,57000,47300,9.59,1480,0,False
L002577,C01707,2,12000,1500,21.24,600,0,False
L002578,C01708,2,35000,5200,17.33,1750,0,False
L002579,C01708,3,1567000,888600,2.8,6020,0,False
L002580,C01709,3,2848000,2383500,3.22,12710,2,False
L002581,C01709,2,43000,12500,16.41,2150,0,False
L002582,C01709,1,487000,265700,5.97,7880,1,False
L002583,C01710,3,1168000,628700,3.51,5030,0,False
L002584,C01711,3,1199000,633400,3.56,5670,1,False
L002585,C01712,2,5000,3300,17.96,250,0,False
L002586,C01713,1,343000,120800,7.32,5880,0,False
L002587,C01714,1,87000,52500,6.49,3430,0,False
L002588,C01714,4,85000,64200,4.51,1390,0,False
L002589,C01714,2,27000,8400,16.37,1350,1,False
L002590,C01715,2,5000,1300,19.95,250,0,False
L002591,C01715,4,57000,20400,8.24,600,0,False
L002592,C01716,2,20000,15800,18.24,1000,0,False
L002593,C01716,3,797000,458400,3.69,3080,0,False
L002594,C01717,2,44000,21400,12.29,2200,0,False
L002595,C01718,2,32000,20600,19.52,1600,0,False
L002596,C01719,2,18000,13700,18.37,900,0,False
L002597,C01719,3,538000,250500,2.7,2330,0,False
L002598,C01720,1,110000,70900,6.19,2920,0,False
L002599,C01721,3,959000,848600,4.01,4360,0,False
L002600,C01721,4,280000,237900,8.39,5070,1,False
L002601,C01722,3,2900000,2456800,3.53,12950,2,False
L002602,C01723,2,11000,1400,16.99,550,0,False
L002603,C01723,1,83000,51100,9.66,3060,1,False
L002604,C01723,4,32000,13700,9.02,400,0,False
L002605,C01724,2,26000,7900,19.93,1300,0,False
L002606,C01725,3,1183000,663000,3.48,4750,0,False
L002607,C01725,4,124000,85200,9.22,2720,0,False
L002608,C01725,2,36000,14100,19.12,1800,0,False
L002609,C01726,2,21000,14800,18.5,1050,0,False
L002610,C01727,3,2187000,1435200,2.78,8480,0,False
L002611,C01728,4,155000,103600,8.44,2800,0,False
L002612,C01728,3,525000,352100,3.02,1950,0,False
L002613,C01729,3,656000,614600,3.07,3410,0,False
L002614,C01729,2,16000,8700,15.09,800,0,False
L002615,C01729,1,117000,63100,6.38,2350,0,False
L002616,C01730,3,963000,795700,2.77,4880,0,False
L002617,C01730,2,55000,20100,19.19,2750,0,False
L002618,C01731,3,1869000,847600,2.92,7610,0,False
L002619,C01732,2,57000,19100,13.89,2850,0,False
L002620,C01732,3,2165000,1194900,3.16,8030,0,False
L002621,C01733,2,34000,19400,17.97,1700,0,False
L002622,C01734,3,2619000,1575200,2.67,11590,0,False
L002623,C01735,3,1478000,1190800,2.88,7590,0,False
L002624,C01735,2,16000,10000,13.73,800,0,False
L002625,C01736,2,13000,7000,16.71,650,0,False
L002626,C01737,3,1871000,1001100,3.07,7830,1,False
L002627,C01738,3,1239000,1074600,2.92,5450,0,False
L002628,C01739,4,171000,77900,9.48,2690,0,False
L002629,C01739,1,253000,69900,4.45,3820,1,False
L002630,C01740,1,76000,24300,5.41,2270,0,False
L002631,C01741,3,2261000,1426700,2.65,8080,0,False
L002632,C01742,3,1585000,936900,2.82,6420,0,False
L002633,C01742,2,61000,28700,16.61,3050,0,False
L002634,C01742,1,236000,172500,7.91,7790,0,False
L002635,C01743,4,271000,83500,7.21,4060,0,False
L002636,C01743,3,1207000,795800,3.87,6010,0,False
L002637,C01744,3,1464000,1033900,3.08,5740,0,False
L002638,C01745,2,15000,11800,15.83,750,0,False
L002639,C01746,2,22000,16000,20.68,1100,0,False
L002640,C01747,2,10000,2100,17.2,500,1,False
L002641,C01748,3,2034000,1368000,3.49,8290,0,False
L002642,C01749,3,1887000,1086100,2.72,7980,0,False
L002643,C01750,3,1231000,969300,2.79,5060,0,False
L002644,C01751,2,69000,33900,15.96,3450,0,False
L002645,C01751,1,145000,89600,5.47,3800,0,False
L002646,C01752,4,85000,19800,10.38,1510,0,False
L002647,C01752,1,95000,26400,8.1,1750,0,False
L002648,C01753,2,6000,4100,14.25,300,0,False
L002649,C01754,3,1884000,1196100,2.89,8020,0,False
L002650,C01755,4,105000,55100,6.49,1690,4,True
L002651,C01756,2,31000,7100,14.95,1550,0,False
L002652,C01757,3,1048000,793000,2.54,4130,0,False
L002653,C01757,1,99000,84700,7.05,1780,1,False
L002654,C01758,3,631000,554400,3.53,3140,0,False
L002655,C01759,3,2179000,1838100,3.09,9050,0,False
L002656,C01760,3,1815000,1451400,2.82,6940,0,False
L002657,C01760,1,180000,85600,6.44,2690,0,False
L002658,C01761,3,2196000,1362700,3.09,9040,2,False
L002659,C01762,4,135000,60300,13.39,1960,0,False
L002660,C01763,3,2180000,1944800,3.27,11390,0,False
L002661,C01763,2,35000,5800,12.56,1750,1,False
L002662,C01764,3,1791000,1350300,3.29,8240,0,False
L002663,C01765,2,16000,9500,16.36,800,0,False
L002664,C01766,4,107000,63100,11.99,1850,0,False
L002665,C01766,2,11000,4400,16.61,550,0,False
L002666,C01767,3,1338000,955800,3.35,5300,0,False
L002667,C01768,3,1021000,926000,3.22,4420,3,False
L002668,C01768,1,97000,36600,8.29,2290,0,False
L002669,C01769,4,182000,79100,4.5,1680,4,True
L002670,C01769,3,2438000,2177200,3.04,13190,1,False
L002671,C01769,1,322000,91000,5.74,4020,4,True
L002672,C01770,1,164000,50700,5.6,7380,0,False
L002673,C01770,4,182000,103300,7.28,2320,1,False
L002674,C01771,3,1465000,982200,3.33,5780,0,False
L002675,C01771,1,375000,102400,8.5,15050,1,False
L002676,C01772,2,39000,2200,15.65,1950,1,False
L002677,C01772,3,1386000,1120400,2.6,6090,0,False
L002678,C01773,2,24000,6800,15.98,1200,1,False
L002679,C01773,4,99000,83400,6.19,1690,0,False
L002680,C01773,1,167000,125500,10.36,4510,1,False
L002681,C01774,1,82000,56000,7.0,1370,0,False
L002682,C01775,4,119000,75900,13.59,1970,0,False
L002683,C01776,2,55000,43600,15.36,2750,0,False
L002684,C01777,3,1306000,1070400,2.9,5290,0,False
L002685,C01778,1,98000,65600,6.59,2070,0,False
L002686,C01779,3,1318000,1053100,2.2,4920,0,False
L002687,C01780,2,25000,20500,16.07,1250,0,False
L002688,C01781,2,8000,5300,22.23,400,0,False
L002689,C01782,2,17000,13500,20.99,850,0,False
L002690,C01783,4,198000,55500,9.02,3150,2,False
L002691,C01784,4,10000,4200,7.86,110,1,False
L002692,C01784,2,6000,3700,20.7,300,0,False
L002693,C01785,3,2071000,1830500,3.03,9480,0,False
L002694,C01786,3,1169000,665300,2.2,4430,0,False
L002695,C01786,4,90000,70100,8.6,1140,1,False
L002696,C01787,1,329000,214200,5.71,7930,0,False
L002697,C01788,3,1011000,544900,3.3,4020,0,False
L002698,C01789,2,30000,21600,12.88,1500,0,False
L002699,C01790,3,2237000,1881800,2.97,8910,0,False
L002700,C01791,4,97000,75600,9.14,2830,0,False
L002701,C01792,1,107000,31200,8.86,1860,0,False
L002702,C01793,3,2469000,1803300,3.08,11450,0,False
L002703,C01794,4,209000,106300,11.21,4790,0,False
L002704,C01794,3,1319000,848500,2.31,5200,2,False
L002705,C01794,1,360000,236200,7.37,6270,0,False
L002706,C01795,2,15000,2500,15.02,750,0,False
L002707,C01796,4,99000,20600,9.14,1170,0,False
L002708,C01796,2,23000,14100,15.97,1150,0,False
L002709,C01797,3,1406000,943000,3.02,5610,0,False
L002710,C01798,4,38000,32300,6.43,760,0,False
L002711,C01799,3,1057000,759200,3.81,4880,4,True
L002712,C01799,1,288000,213700,6.47,7980,1,False
L002713,C01800,4,31000,10400,8.02,1080,0,False
L002714,C01801,3,626000,522500,2.9,3100,0,False
L002715,C01801,2,12000,6600,16.85,600,0,False
L002716,C01802,3,1231000,934800,3.02,4850,0,False
L002717,C01803,3,1765000,1582800,2.2,6710,4,False
L002718,C01803,1,489000,316100,4.95,10560,0,False
L002719,C01804,2,12000,7700,22.5,600,0,False
L002720,C01805,3,1166000,544700,3.17,4100,0,False
L002721,C01806,2,26000,8100,18.54,1300,0,False
L002722,C01807,3,1441000,1169600,3.62,6510,1,False
L002723,C01807,4,79000,20700,9.33,1810,3,False
L002724,C01808,1,273000,231000,8.07,5370,1,False
L002725,C01809,3,2072000,1119000,2.77,8790,0,False
L002726,C01810,3,1365000,1006700,2.9,6810,0,False
L002727,C01810,4,121000,101400,10.69,1560,0,False
L002728,C01811,3,1875000,1586500,2.94,9500,1,False
L002729,C01811,2,34000,28300,17.2,1700,3,False
L002730,C01811,4,258000,57200,9.33,3420,0,False
L002731,C01812,1,136000,41300,6.88,2880,0,False
L002732,C01812,2,34000,8200,20.04,1700,0,False
L002733,C01813,4,284000,98500,8.19,3540,2,False
L002734,C01813,3,2515000,1722400,2.59,9950,2,False
L002735,C01814,4,25000,22300,11.63,450,0,False
L002736,C01815,2,7000,3300,22.59,350,0,False
L002737,C01815,4,102000,64100,9.1,1750,0,False
L002738,C01816,2,16000,3400,16.35,800,1,False
L002739,C01817,4,160000,91100,10.96,3300,0,False
L002740,C01817,3,2193000,1619500,3.08,9160,0,False
L002741,C01818,1,445000,222600,4.27,10540,0,False
L002742,C01819,3,1168000,880500,2.63,5280,0,False
L002743,C01820,2,27000,9300,22.0,1350,0,False
L002744,C01821,4,40000,25800,8.22,660,3,False
L002745,C01821,1,51000,42900,8.29,1180,0,False
L002746,C01821,2,24000,2400,17.29,1200,1,False
L002747,C01822,3,1665000,1393700,2.9,7090,0,False
L002748,C01822,1,357000,118600,7.57,5790,0,False
L002749,C01822,2,20000,10900,17.88,1000,1,False
L002750,C01823,1,314000,252800,4.08,13760,2,True
L002751,C01823,3,1806000,1632900,2.5,7400,0,False
L002752,C01824,4,102000,77200,10.48,1510,0,False
L002753,C01824,2,22000,4100,20.19,1100,0,False
L002754,C01825,4,174000,76300,7.19,1770,0,False
L002755,C01825,1,146000,75900,7.93,3720,0,False
L002756,C01826,4,346000,245200,12.26,4740,0,False
L002757,C01827,4,158000,74800,10.74,2700,0,False
L002758,C01828,2,25000,1300,17.2,1250,0,False
L002759,C01828,4,150000,118800,8.26,4530,0,False
L002760,C01829,2,7000,3500,15.68,350,0,False
L002761,C01830,4,183000,66100,8.02,2180,0,False
L002762,C01830,3,1349000,952500,3.37,5590,0,False
L002763,C01831,3,1317000,917800,2.87,5210,0,False
L002764,C01832,2,11000,1400,21.41,550,0,False
L002765,C01833,3,1159000,545700,3.09,5450,0,False
L002766,C01834,4,387000,206700,11.34,6800,1,False
L002767,C01834,3,1806000,850200,2.9,6690,0,False
L002768,C01835,2,44000,25100,16.28,2200,0,False
L002769,C01836,3,804000,744400,3.31,3750,0,False
L002770,C01836,2,16000,8200,16.49,800,0,False
L002771,C01836,1,179000,115200,8.11,2770,2,False
L002772,C01837,3,2958000,1766900,3.09,13090,0,False
L002773,C01838,1,88000,44400,9.69,3370,0,False
L002774,C01839,2,39000,13000,18.51,1950,0,False
L002775,C01840,3,1617000,1076400,2.79,7860,0,False
L002776,C01841,3,2136000,1980700,3.08,10560,0,False
L002777,C01842,2,74000,35000,19.21,3700,0,False
L002778,C01843,4,38000,21600,15.43,650,0,False
L002779,C01844,1,50000,39900,8.6,2150,1,False
L002780,C01845,3,907000,733500,2.38,4290,0,False
L002781,C01846,1,94000,54500,4.51,1580,0,False
L002782,C01847,2,9000,2400,20.87,450,0,False
L002783,C01847,3,802000,692800,4.11,4630,0,False
L002784,C01848,4,195000,111300,5.52,3120,1,False
L002785,C01848,1,351000,271100,6.74,9020,0,False
L002786,C01849,2,42000,5100,15.46,2100,0,False
L002787,C01850,3,1391000,917400,2.97,5800,0,False
L002788,C01850,2,54000,43900,11.8,2700,0,False
L002789,C01851,4,178000,125100,10.12,2670,1,False
L002790,C01851,3,654000,402900,2.5,2890,0,False
L002791,C01852,2,41000,22600,13.9,2050,0,False
L002792,C01853,3,1724000,1087900,3.36,8360,0,False
L002793,C01854,2,31000,24600,18.16,1550,0,False
L002794,C01854,3,761000,427900,2.84,3550,0,False
L002795,C01855,2,5000,2000,16.36,250,0,False
L002796,C01856,3,1089000,866200,3.4,4950,2,False
L002797,C01856,2,16000,7900,16.83,800,0,False
L002798,C01857,3,1912000,885800,2.69,8620,0,False
L002799,C01857,4,435000,189500,9.75,9850,0,False
L002800,C01858,1,498000,415700,6.57,16050,0,False
L002801,C01858,3,2399000,2260400,3.07,10710,0,False
L002802,C01858,2,93000,7300,18.37,4650,2,False
L002803,C01859,3,1571000,1488400,2.98,7670,0,False
L002804,C01860,1,190000,150200,7.01,2820,4,False
L002805,C01860,4,108000,95300,6.89,1990,1,False
L002806,C01860,3,1859000,1050200,3.02,6690,1,False
L002807,C01861,3,916000,498800,2.57,3330,0,False
L002808,C01862,4,215000,65900,8.41,3720,0,False
L002809,C01863,3,1323000,1194200,2.67,5800,0,False
L002810,C01864,1,88000,78300,6.82,3140,0,False
L002811,C01865,3,749000,556500,2.71,3070,0,False
L002812,C01866,2,10000,8200,18.42,500,1,False
L002813,C01867,2,5000,1200,21.42,250,1,False
L002814,C01868,3,1552000,1392700,2.45,6770,0,False
L002815,C01868,4,56000,44600,6.1,640,0,False
L002816,C01869,1,85000,72900,7.21,2100,0,False
L002817,C01869,3,1004000,876000,3.1,4300,0,False
L002818,C01870,1,136000,90700,8.89,2570,0,False
L002819,C01870,2,9000,6300,18.45,450,2,False
L002820,C01870,4,86000,52800,8.47,1350,4,False
L002821,C01870,3,524000,484100,3.47,2300,0,False
L002822,C01871,3,799000,732300,2.62,3670,0,False
L002823,C01872,3,1253000,592800,2.89,5500,0,False
L002824,C01873,4,82000,23100,8.73,1090,0,False
L002825,C01873,2,24000,14300,19.56,1200,0,False
L002826,C01874,3,964000,829100,2.74,4510,1,False
L002827,C01875,2,22000,9200,21.85,1100,0,False
L002828,C01875,4,162000,117400,5.91,2040,0,False
L002829,C01876,4,215000,123900,6.01,4080,0,False
L002830,C01876,3,1919000,1206800,3.08,9300,0,False
L002831,C01877,3,1543000,919700,2.89,6630,0,False
L002832,C01877,1,196000,57300,5.83,4930,0,False
L002833,C01878,1,248000,183000,7.85,5720,1,False
L002834,C01879,3,1758000,1047000,2.85,6970,0,False
L002835,C01880,2,10000,8000,13.35,500,0,True
L002836,C01880,3,1840000,1587300,3.47,8460,4,False
L002837,C01880,1,345000,250300,5.43,11980,0,False
L002838,C01881,4,15000,11700,7.95,390,0,False
L002839,C01881,2,14000,800,16.2,700,0,False
L002840,C01882,1,50000,12800,8.26,960,0,False
L002841,C01882,2,7000,2800,15.91,350,2,False
L002842,C01882,4,85000,28400,10.89,1560,0,False
L002843,C01883,4,374000,322800,4.5,4440,0,False
L002844,C01883,3,1656000,1396100,3.12,7170,3,False
L002845,C01883,1,320000,239200,6.15,5080,0,False
L002846,C01884,3,1411000,739400,3.05,6690,0,False
L002847,C01884,1,187000,50900,4.85,2940,0,False
L002848,C01885,4,82000,45400,13.52,3120,0,False
L002849,C01885,2,53000,31700,12.54,2650,0,False
L002850,C01886,3,781000,670800,3.69,3550,0,False
L002851,C01887,1,119000,81800,7.19,1720,1,False
L002852,C01888,4,15000,9500,11.49,270,0,False
L002853,C01888,1,50000,27700,9.27,770,1,False
L002854,C01889,3,2409000,1776100,4.02,10150,0,False
L002855,C01890,2,8000,6000,17.65,400,0,False
L002856,C01891,3,1017000,922200,2.76,4580,0,False
L002857,C01892,3,2283000,1480400,2.94,10090,0,False
L002858,C01892,4,88000,43500,7.96,1710,0,False
L002859,C01892,1,435000,331000,7.38,14880,0,False
L002860,C01893,2,7000,3900,12.47,350,0,False
L002861,C01894,1,61000,24000,7.8,880,0,False
L002862,C01894,2,10000,3200,17.02,500,0,False
L002863,C01894,4,64000,46500,9.56,800,1,False
L002864,C01895,3,2419000,1792000,3.67,11950,0,False
L002865,C01896,2,11000,4400,21.29,550,0,False
L002866,C01897,4,184000,112200,11.21,2450,0,False
L002867,C01898,2,45000,17600,13.24,2250,0,False
L002868,C01899,3,2157000,1246100,3.09,9710,1,False
L002869,C01900,2,57000,13500,18.97,2850,0,False
L002870,C01901,2,47000,33100,18.83,2350,3,False
L002871,C01901,3,1388000,1045000,2.42,5140,3,False
L002872,C01901,1,411000,297700,6.27,13230,0,False
L002873,C01902,1,157000,98600,6.86,3120,3,False
L002874,C01903,1,321000,166100,6.5,7700,0,False
L002875,C01904,2,17000,13600,20.73,850,1,False
L002876,C01905,1,428000,108900,8.06,18580,0,False
L002877,C01905,3,2482000,1548900,3.32,11930,2,False
L002878,C01906,3,2571000,2129300,3.13,11170,0,False
L002879,C01907,3,1039000,979400,2.9,5120,0,False
L002880,C01908,2,43000,22300,17.87,2150,0,False
L002881,C01908,3,1600000,986400,2.76,6610,1,False
L002882,C01908,4,151000,113700,9.21,4020,0,True
L002883,C01909,2,52000,15300,16.56,2600,0,False
L002884,C01909,3,1296000,775600,2.77,4740,0,False
L002885,C01910,4,122000,77600,8.47,1980,0,False
L002886,C01911,1,273000,75100,7.48,8610,0,False
L002887,C01911,2,37000,27800,18.78,1850,1,False
L002888,C01912,3,478000,325700,3.69,2030,0,False
L002889,C01913,2,10000,6100,16.37,500,0,False
L002890,C01913,3,486000,366000,3.57,1970,0,False
L002891,C01914,4,89000,72500,10.48,1120,0,False
L002892,C01915,3,1602000,791500,2.28,6030,0,False
L002893,C01916,4,51000,38900,9.28,750,1,False
L002894,C01916,1,340000,225100,4.09,4650,0,False
L002895,C01916,2,42000,28900,18.49,2100,0,False
L002896,C01917,2,13000,6500,14.88,650,0,False
L002897,C01918,4,224000,83300,6.89,5810,0,False
L002898,C01919,3,844000,580100,4.66,4340,0,True
L002899,C01919,4,38000,19000,6.59,1170,1,False
L002900,C01920,2,13000,8700,16.08,650,0,False
L002901,C01920,4,35000,19500,12.36,550,1,False
L002902,C01921,2,19000,12400,21.56,950,2,False
L002903,C01921,4,61000,12600,10.18,900,0,False
L002904,C01922,2,15000,900,18.07,750,0,True
L002905,C01923,4,130000,87300,9.64,2800,0,False
L002906,C01923,3,1335000,634000,3.17,4750,0,False
L002907,C01923,2,20000,7100,16.25,1000,0,False
L002908,C01924,3,1081000,656100,3.32,4140,0,False
L002909,C01925,3,2467000,1350700,2.41,9160,0,False
L002910,C01925,1,157000,62000,6.18,2380,0,False
L002911,C01925,2,32000,6800,16.42,1600,0,False
L002912,C01926,3,928000,879000,3.72,4660,0,False
L002913,C01926,1,112000,96600,7.38,3540,0,False
L002914,C01927,3,2639000,2181600,3.15,13880,0,False
L002915,C01928,2,51000,40400,17.76,2550,0,False
L002916,C01929,2,23000,16500,21.33,1150,0,False
L002917,C01930,2,49000,11900,16.26,2450,0,False
L002918,C01931,2,12000,700,15.66,600,0,False
L002919,C01931,1,197000,160500,4.52,2750,0,False
L002920,C01932,1,392000,322600,6.12,9830,0,False
L002921,C01932,3,2818000,1518700,3.11,10220,0,False
L002922,C01933,3,1451000,872000,2.2,5090,0,False
L002923,C01934,4,138000,43700,12.83,5730,2,False
L002924,C01934,3,1140000,780200,3.02,4560,3,False
L002925,C01934,1,125000,91200,6.4,4220,0,False
L002926,C01935,3,2361000,1757400,2.96,9860,0,False
L002927,C01936,4,161000,132300,11.6,2810,0,False
L002928,C01936,3,989000,458700,2.69,3890,0,False
L002929,C01937,3,1586000,839600,2.25,5950,0,False
L002930,C01938,2,17000,3500,19.14,850,0,False
L002931,C01939,3,1676000,1578700,3.59,8980,2,False
L002932,C01940,2,21000,13200,16.1,1050,0,False
L002933,C01941,2,8000,2600,19.92,400,0,False
L002934,C01942,2,29000,14500,14.57,1450,0,False
L002935,C01942,1,465000,193300,5.98,6550,0,False
L002936,C01943,3,2166000,1796000,3.01,8740,2,False
L002937,C01944,3,1973000,1007200,3.46,9020,0,False
L002938,C01945,1,245000,81800,6.13,7050,0,False
L002939,C01945,2,16000,900,16.62,800,0,False
L002940,C01946,2,21000,13600,19.74,1050,0,False
L002941,C01946,3,1086000,878200,2.85,5170,0,False
L002942,C01946,4,57000,47800,8.49,870,0,False
L002943,C01947,2,42000,16700,17.4,2100,0,False
L002944,C01948,1,163000,145800,7.0,2670,0,False
L002945,C01948,2,49000,21400,16.14,2450,1,False
L002946,C01949,2,32000,11100,16.44,1600,0,False
L002947,C01949,4,291000,126300,8.86,6820,0,False
L002948,C01950,4,376000,154500,8.91,4050,0,False
L002949,C01950,3,2156000,1447400,3.51,8820,0,False
L002950,C01951,2,42000,16400,13.71,2100,0,False
L002951,C01951,3,1353000,1217800,2.22,5170,0,False
L002952,C01952,2,43000,13300,22.0,2150,0,False
L002953,C01952,4,233000,91700,8.78,3760,1,False
L002954,C01953,3,1685000,908100,3.43,6130,0,False
L002955,C01954,3,2039000,1888700,3.63,10560,0,False
L002956,C01955,3,889000,742400,3.54,3760,1,False
L002957,C01956,2,24000,10400,13.94,1200,0,False
L002958,C01957,3,763000,383400,2.93,2940,0,False
L002959,C01958,2,10000,7800,19.03,500,0,False
L002960,C01958,1,115000,69100,7.86,2270,0,False
L002961,C01959,1,278000,108200,10.49,6520,0,False
L002962,C01960,4,36000,23900,10.98,760,2,False
L002963,C01961,2,25000,19000,13.3,1250,0,False
L002964,C01962,3,730000,615000,2.72,3370,0,False
L002965,C01962,2,11000,6600,15.94,550,0,False
L002966,C01963,3,1185000,723000,3.38,5620,0,False
L002967,C01964,4,195000,43900,7.18,1770,0,False
L002968,C01964,3,1147000,904100,3.21,5160,0,False
L002969,C01965,2,46000,37300,15.6,2300,0,False
L002970,C01965,3,2447000,2111000,2.92,10300,0,False
L002971,C01966,3,2333000,1792000,2.83,11520,0,False
L002972,C01967,4,95000,79400,11.25,1270,0,False
L002973,C01968,3,2477000,1705000,3.39,10660,0,False
L002974,C01969,1,158000,135100,9.1,2740,0,False
L002975,C01969,2,12000,3300,19.82,600,0,False
L002976,C01970,2,5000,500,20.55,250,0,False
L002977,C01971,2,8000,4100,20.72,400,0,False
L002978,C01972,1,68000,19400,4.29,960,2,False
L002979,C01973,3,1569000,957400,2.75,6220,0,False
L002980,C01973,2,50000,26400,19.67,2500,0,False
L002981,C01974,3,2108000,1747400,2.99,8410,0,False
L002982,C01974,2,63000,34800,18.83,3150,0,False
L002983,C01975,2,45000,20300,18.64,2250,0,False
L002984,C01975,1,330000,204000,6.74,4860,0,False
L002985,C01976,2,9000,7000,18.48,450,1,False
L002986,C01976,3,728000,662400,3.43,3360,0,False
L002987,C01977,3,1316000,984800,2.39,5790,0,False
L002988,C01978,3,2372000,1289600,2.65,8810,0,False
L002989,C01978,4,120000,70200,9.91,1380,1,False
L002990,C01978,2,96000,68700,19.02,4800,0,False
L002991,C01979,2,20000,1700,19.06,1000,0,False
L002992,C01979,3,1346000,973600,2.74,5650,0,False
L002993,C01980,3,846000,542900,2.67,3110,0,False
L002994,C01981,2,10000,6200,21.69,500,0,False
L002995,C01982,3,790000,723300,2.76,3990,0,False
L002996,C01982,1,174000,85300,7.24,3320,1,False
L002997,C01983,1,247000,155500,7.36,6990,0,False
L002998,C01983,2,33000,6400,18.82,1650,1,False
L002999,C01983,3,1893000,1640800,2.79,7400,0,False
L003000,C01984,3,1767000,1553900,2.62,8410,0,False
L003001,C01985,2,7000,5600,19.73,350,1,False
L003002,C01986,2,16000,5800,18.08,800,0,False
L003003,C01986,1,101000,39500,10.79,1470,3,False
L003004,C01987,3,1573000,772200,2.67,5930,0,False
L003005,C01987,2,59000,21600,17.34,2950,0,False
L003006,C01988,3,1309000,1088700,2.79,6160,0,False
L003007,C01988,2,13000,7900,18.42,650,0,False
L003008,C01989,3,1478000,704900,2.38,5500,0,False
L003009,C01989,4,177000,55600,11.11,4560,0,False
L003010,C01990,3,1952000,1159300,2.83,9130,0,False
L003011,C01991,4,115000,39700,7.16,3440,0,False
L003012,C01991,3,1175000,730800,2.87,4600,0,False
L003013,C01992,1,208000,104100,8.15,3740,0,False
L003014,C01992,4,264000,85100,8.03,5310,0,False
L003015,C01993,2,28000,13200,17.42,1400,0,False
L003016,C01993,1,238000,183800,7.91,3940,0,False
L003017,C01994,3,1556000,1184600,4.1,7580,0,False
L003018,C01995,3,1517000,990900,2.45,7300,0,False
L003019,C01996,4,72000,48400,7.31,1830,0,False
L003020,C01997,3,995000,842000,3.4,4620,1,False
L003021,C01998,4,25000,20200,9.83,430,0,False
L003022,C01999,1,161000,114200,8.4,4360,0,False
L003023,C01999,2,39000,15900,18.79,1950,0,False
L003024,C02000,3,954000,628000,3.04,3960,0,False
L003025,C02001,4,312000,157400,9.63,4340,1,False
L003026,C02001,3,1684000,788100,3.79,7450,1,False
L003027,C02001,1,315000,237300,7.85,4930,1,False
L003028,C02002,3,1120000,727300,3.04,5510,0,False
L003029,C02003,2,9000,7000,15.56,450,0,False
L003030,C02004,4,130000,100100,6.75,1480,0,False
L003031,C02005,3,1876000,924900,2.85,6880,0,False
L003032,C02006,3,1596000,1425600,3.23,8140,1,False
L003033,C02007,4,382000,95000,8.24,7660,0,False
L003034,C02007,3,1544000,825000,3.05,6480,0,False
L003035,C02008,4,265000,106300,7.88,3590,0,False
L003036,C02009,2,11000,8600,16.81,550,0,False
L003037,C02010,3,2209000,2070500,2.71,11480,4,False
L003038,C02010,2,54000,31500,22.0,2700,2,False
L003039,C02011,2,5000,3300,20.91,250,0,False
L003040,C02012,1,67000,50100,5.69,1380,3,False
L003041,C02013,1,83000,45000,8.86,1360,0,False
L003042,C02013,2,5000,3100,17.21,250,2,False
L003043,C02013,4,17000,3600,9.02,210,0,False
L003044,C02014,3,1135000,893800,2.73,5570,0,False
L003045,C02015,4,364000,242400,10.31,5060,0,False
L003046,C02016,2,25000,1800,14.88,1250,0,False
L003047,C02017,3,1202000,957200,3.31,5460,0,False
L003048,C02017,1,234000,62300,7.64,3040,0,False
L003049,C02018,4,178000,83900,8.58,3210,0,False
L003050,C02019,2,29000,5400,21.95,1450,0,False
L003051,C02020,3,2003000,1475900,2.95,7840,0,False
L003052,C02021,3,2219000,1794600,2.61,8590,0,False
L003053,C02021,4,57000,19300,9.81,1220,0,False
L003054,C02022,3,710000,504800,3.83,3770,0,False
L003055,C02023,3,1203000,866600,2.91,5210,0,False
L003056,C02024,1,291000,161700,5.07,4210,0,False
L003057,C02025,3,2258000,1825200,2.72,10620,0,False
L003058,C02026,3,1470000,909600,3.18,6910,0,False
L003059,C02027,2,25000,9300,15.69,1250,0,False
L003060,C02028,4,68000,59000,6.31,980,0,False
L003061,C02029,1,186000,74900,7.11,2650,2,False
L003062,C02029,3,1248000,598200,2.73,5220,0,False
L003063,C02029,4,75000,52300,7.34,1550,1,False
L003064,C02030,3,1805000,901200,3.42,7550,0,False
L003065,C02030,1,204000,77300,7.84,8010,0,False
L003066,C02031,4,41000,13200,6.73,980,0,False
L003067,C02032,3,1913000,1524800,3.03,9230,0,False
L003068,C02033,3,865000,418200,3.26,3100,0,False
L003069,C02033,1,169000,50800,7.29,2370,0,False
L003070,C02033,2,19000,13800,17.93,950,0,False
L003071,C02034,1,70000,20200,6.11,930,0,False
L003072,C02035,3,1412000,883500,2.8,6730,0,False
L003073,C02036,2,61000,20300,16.27,3050,0,False
L003074,C02036,1,274000,211500,6.32,10210,0,False
L003075,C02037,2,42000,26000,21.94,2100,0,False
L003076,C02038,3,1289000,587300,2.81,4840,0,False
L003077,C02038,1,308000,137500,7.55,5960,0,True
L003078,C02039,1,283000,237600,8.13,7460,0,False
L003079,C02040,1,294000,101900,8.07,5220,2,False
L003080,C02040,3,1306000,703700,2.78,4740,0,False
L003081,C02040,4,212000,110700,7.85,2790,1,False
L003082,C02041,3,1272000,815800,3.12,5400,0,False
L003083,C02042,4,318000,163000,7.98,3450,0,False
L003084,C02042,1,329000,82700,7.86,4640,0,False
L003085,C02042,3,1564000,882600,2.51,5380,0,False
L003086,C02043,3,2094000,1200500,2.62,9500,0,False
L003087,C02044,2,66000,49900,19.3,3300,0,False
L003088,C02044,3,2229000,1502700,3.66,8920,0,False
L003089,C02045,1,136000,94800,5.95,2400,1,False
L003090,C02046,3,873000,604600,2.75,3820,0,False
L003091,C02047,2,22000,14300,19.01,1100,0,False
L003092,C02048,2,5000,1200,21.16,250,3,False
L003093,C02048,1,135000,69300,9.75,3190,0,False
L003094,C02049,4,251000,139400,9.75,4960,1,False
L003095,C02049,2,73000,22800,15.7,3650,0,False
L003096,C02050,1,305000,233000,5.95,6290,0,False
L003097,C02051,1,345000,276500,6.51,5000,1,False
L003098,C02051,3,1936000,1657500,3.06,10170,0,False
L003099,C02051,4,261000,67600,9.06,11570,0,False
L003100,C02051,2,75000,41700,18.46,3750,1,False
L003101,C02052,4,131000,60800,8.58,1400,1,False
L003102,C02053,1,51000,16400,8.96,1090,0,False
L003103,C02054,1,201000,155900,5.38,8580,0,False
L003104,C02055,3,1191000,918100,2.95,5300,0,False
L003105,C02056,3,1594000,1371300,3.44,6890,0,False
L003106,C02056,2,22000,4300,17.79,1100,0,False
L003107,C02056,4,75000,45800,7.93,1230,0,False
L003108,C02057,3,2647000,2366300,3.02,12310,0,False
L003109,C02057,4,452000,277400,9.04,6910,1,False
L003110,C02058,2,31000,11900,20.42,1550,0,False
L003111,C02058,3,1396000,1237600,3.42,6480,0,False
L003112,C02059,3,1225000,759900,3.4,5660,0,False
L003113,C02060,3,1501000,1247000,2.91,6320,0,False
L003114,C02061,3,1071000,950600,2.79,5310,1,False
L003115,C02062,2,34000,5000,20.41,1700,1,True
L003116,C02063,2,41000,33000,18.8,2050,0,False
L003117,C02063,3,1073000,856700,2.46,4420,0,False
L003118,C02063,4,209000,139800,9.34,7940,1,False
L003119,C02064,3,1110000,665800,2.4,4370,0,False
L003120,C02064,2,15000,10200,13.49,750,0,False
L003121,C02064,4,109000,90300,4.5,1470,3,True
L003122,C02065,2,11000,2300,14.08,550,0,False
L003123,C02066,2,34000,27900,18.75,1700,0,False
L003124,C02067,2,8000,2300,23.24,400,3,True
L003125,C02068,3,1686000,1572500,2.33,6380,0,False
L003126,C02069,2,30000,15300,12.61,1500,0,False
L003127,C02069,4,284000,135700,8.38,3660,0,False
L003128,C02070,2,59000,41800,17.46,2950,1,False
L003129,C02071,3,1636000,907000,2.75,6780,0,False
L003130,C02072,3,1806000,1117300,2.63,7920,0,False
L003131,C02072,4,297000,69300,11.02,3640,0,False
L003132,C02073,4,287000,132900,7.66,4360,0,False
L003133,C02073,3,1248000,799500,3.23,6280,0,False
L003134,C02073,2,14000,1700,11.93,700,0,False
L003135,C02074,2,35000,24900,15.8,1750,0,False
L003136,C02075,4,115000,60800,8.19,1310,0,False
L003137,C02076,2,83000,43300,16.66,4150,0,False
L003138,C02077,3,1140000,987900,3.06,5950,3,False
L003139,C02077,2,41000,23800,17.7,2050,0,False
L003140,C02078,3,853000,478500,3.64,3330,0,False
L003141,C02079,2,30000,10600,17.56,1500,0,False
L003142,C02080,4,80000,46800,11.98,1870,1,False
L003143,C02080,1,111000,85100,8.17,4570,0,False
L003144,C02081,2,28000,6500,18.65,1400,0,False
L003145,C02082,4,20000,17200,12.68,320,2,False
L003146,C02083,2,53000,2900,18.72,2650,0,False
L003147,C02084,1,230000,198700,3.5,9340,0,False
L003148,C02085,3,2387000,2109500,2.62,9370,3,False
L003149,C02086,3,1243000,779300,3.03,5190,3,False
L003150,C02086,2,54000,9500,17.04,2700,0,False
L003151,C02086,4,196000,145200,8.07,3550,0,False
L003152,C02086,1,83000,36100,7.44,1150,0,False
L003153,C02087,2,40000,27700,14.22,2000,0,False
L003154,C02088,3,945000,705700,2.49,4000,0,False
L003155,C02089,3,1171000,744800,2.48,4250,0,False
L003156,C02090,1,104000,74800,7.17,3010,0,False
L003157,C02091,2,54000,6200,15.94,2700,0,False
L003158,C02091,3,1859000,1684800,3.08,7760,0,False
L003159,C02092,2,15000,2100,22.0,750,0,False
L003160,C02093,2,45000,8100,16.76,2250,0,False
L003161,C02093,1,257000,186300,6.44,6540,0,False
L003162,C02094,2,36000,19000,17.66,1800,0,False
L003163,C02094,4,148000,120000,8.42,2420,0,False
L003164,C02095,3,1555000,909000,2.69,7310,2,False
L003165,C02095,4,191000,104100,8.98,2280,0,False
L003166,C02096,3,877000,785800,2.95,4630,0,False
L003167,C02096,2,32000,15200,19.37,1600,0,False
L003168,C02097,4,163000,100400,8.83,3440,0,False
L003169,C02097,3,2292000,1534100,3.0,9870,1,False
L003170,C02097,1,326000,170800,6.0,9000,0,False
L003171,C02097,2,25000,18500,18.32,1250,1,False
L003172,C02098,4,157000,58100,8.5,4690,0,False
L003173,C02099,2,65000,42100,13.64,3250,0,False
L003174,C02099,3,2380000,1765100,3.1,12010,2,False
L003175,C02100,3,1150000,591400,3.44,4500,0,False
L003176,C02100,1,335000,131300,6.6,5070,1,False
L003177,C02101,4,296000,86100,7.48,4030,0,False
L003178,C02102,3,1293000,1079200,3.54,5950,0,False
L003179,C02103,3,1204000,1077700,2.93,5080,0,False
L003180,C02104,4,328000,71700,7.85,12230,0,False
L003181,C02104,3,1545000,882800,2.36,7000,4,False
L003182,C02105,3,972000,580200,2.61,4460,0,False
L003183,C02105,4,73000,60800,7.55,1500,0,False
L003184,C02106,4,67000,16200,6.73,950,0,False
L003185,C02107,2,11000,6500,22.5,550,0,False
L003186,C02108,3,1320000,829100,2.54,4860,0,False
L003187,C02109,2,58000,7600,15.35,2900,0,False
L003188,C02110,4,140000,40300,9.68,2010,1,False
L003189,C02110,3,1189000,874400,3.24,4910,0,False
L003190,C02110,1,170000,148200,6.66,3000,0,False
L003191,C02111,4,381000,329000,5.89,14020,3,False
L003192,C02111,3,2096000,1698400,2.33,8480,0,False
L003193,C02112,3,615000,334600,3.11,2870,0,False
L003194,C02112,1,121000,94000,9.36,3530,4,True
L003195,C02113,2,23000,19400,17.78,1150,0,False
L003196,C02114,2,23000,7900,23.5,1150,0,True
L003197,C02115,3,969000,635700,3.4,4180,0,False
L003198,C02116,1,127000,67400,5.74,1780,0,False
L003199,C02116,4,75000,44700,8.87,1020,0,False
L003200,C02117,3,1534000,1038600,3.31,6660,0,False
L003201,C02117,2,85000,4300,16.36,4250,0,False
L003202,C02117,1,509000,203800,7.43,6850,0,False
L003203,C02118,2,24000,4800,21.45,1200,0,False
L003204,C02119,3,2023000,1045900,2.98,8360,0,False
L003205,C02120,2,9000,7400,17.6,450,0,False
L003206,C02120,4,111000,84100,10.26,1360,0,False
L003207,C02121,2,23000,18200,16.89,1150,0,False
L003208,C02121,3,712000,399700,2.76,3040,0,False
L003209,C02122,2,26000,16900,15.47,1300,1,False
L003210,C02123,1,128000,75300,6.66,1900,0,False
L003211,C02124,3,1183000,608000,2.72,4760,0,False
L003212,C02124,4,193000,58600,7.54,2290,0,False
L003213,C02125,3,905000,442300,3.07,3530,0,False
L003214,C02126,4,76000,38500,11.61,870,0,False
L003215,C02127,3,1126000,716900,3.5,5100,0,False
L003216,C02128,3,1439000,837600,2.47,5090,0,False
L003217,C02128,1,139000,117900,4.7,2920,0,False
L003218,C02128,2,25000,10400,15.46,1250,0,False
L003219,C02129,4,105000,40500,4.5,1350,0,False
L003220,C02130,2,21000,4800,17.34,1050,0,False
L003221,C02130,3,1815000,1349700,2.7,7810,0,False
L003222,C02131,4,46000,16300,10.58,590,0,False
L003223,C02132,2,18000,14200,17.56,900,0,False
L003224,C02133,3,1531000,1139100,2.4,5720,3,False
L003225,C02134,3,935000,678700,2.79,4730,3,False
L003226,C02134,1,144000,93900,7.38,4060,0,False
L003227,C02134,4,173000,129000,10.18,2170,0,False
L003228,C02135,3,2606000,1445000,3.44,10030,0,False
L003229,C02135,4,273000,120200,11.83,7710,1,False
L003230,C02135,1,522000,250600,8.83,12380,1,False
L003231,C02135,2,43000,10800,20.1,2150,3,True
L003232,C02136,1,50000,29000,5.82,760,0,False
L003233,C02137,4,135000,45200,6.13,1930,1,False
L003234,C02138,3,895000,707400,2.34,3310,0,False
L003235,C02139,3,2337000,1330500,2.89,8460,0,False
L003236,C02140,4,199000,73800,9.16,2410,1,False
L003237,C02140,2,37000,3200,12.83,1850,0,False
L003238,C02141,3,505000,306000,3.36,2360,0,False
L003239,C02142,2,10000,1600,17.83,500,0,False
L003240,C02142,1,208000,101000,4.62,2670,0,False
L003241,C02143,3,1510000,846200,2.87,6040,0,False
L003242,C02144,2,9000,2400,23.77,450,0,False
L003243,C02145,3,2509000,2156700,3.54,13130,1,False
L003244,C02146,2,13000,7000,17.97,650,0,False
L003245,C02147,3,1679000,812000,3.76,7020,0,False
L003246,C02147,2,65000,55000,16.62,3250,0,False
L003247,C02147,1,224000,100600,6.24,3330,0,False
L003248,C02148,3,1213000,1140500,2.86,5020,0,False
L003249,C02148,2,17000,5200,18.17,850,0,False
L003250,C02148,4,141000,90300,9.17,2220,0,False
L003251,C02149,3,1512000,720300,3.25,5910,1,False
L003252,C02149,1,307000,230700,6.43,5900,1,False
L003253,C02149,4,221000,130800,12.08,5560,2,False
L003254,C02150,3,1136000,905900,3.17,5310,0,False
L003255,C02150,4,23000,14900,7.1,880,0,False
L003256,C02151,3,1532000,891300,3.1,5540,0,False
L003257,C02152,2,17000,3200,19.48,850,0,False
L003258,C02152,3,1810000,998600,3.05,6550,0,False
L003259,C02153,4,163000,77400,8.2,2130,3,False
L003260,C02153,3,1151000,981600,2.97,6090,0,False
L003261,C02154,1,203000,78100,4.84,2770,0,False
L003262,C02154,2,19000,10700,19.22,950,0,False
L003263,C02155,2,17000,12700,17.05,850,0,False
L003264,C02156,4,38000,22500,12.29,690,0,False
L003265,C02157,2,9000,4900,18.74,450,0,False
L003266,C02157,4,38000,25100,11.43,460,0,False
L003267,C02158,2,13000,1400,12.62,650,0,True
L003268,C02159,3,1516000,738400,3.01,6580,0,False
L003269,C02160,4,102000,48000,4.5,3530,0,False
L003270,C02160,3,1304000,601000,2.93,4640,0,False
L003271,C02161,2,12000,2100,18.57,600,0,False
L003272,C02161,3,1409000,729200,2.2,4970,0,False
L003273,C02162,4,99000,41800,9.9,1160,0,False
L003274,C02162,1,73000,62500,8.35,1620,2,False
L003275,C02163,3,1527000,1030100,3.02,6210,0,False
L003276,C02164,3,1607000,764200,2.64,6230,1,False
L003277,C02164,4,167000,118200,10.37,6770,0,True
L003278,C02165,3,1013000,745700,3.52,4650,0,False
L003279,C02165,2,24000,16400,20.29,1200,0,False
L003280,C02165,4,192000,39600,10.0,3010,0,False
L003281,C02166,3,960000,492700,2.55,3640,0,False
L003282,C02167,4,94000,69500,9.05,3590,0,False
L003283,C02167,3,1284000,986700,2.97,5250,1,False
L003284,C02167,1,83000,27100,6.32,1370,0,False
L003285,C02168,4,10000,6600,9.75,170,0,False
L003286,C02169,3,1004000,462600,3.09,3720,0,False
L003287,C02169,1,114000,84100,3.5,2760,0,False
L003288,C02170,4,55000,37700,10.31,1680,0,False
L003289,C02170,3,1265000,951700,3.26,5640,0,False
L003290,C02171,3,2347000,2173100,2.2,11280,0,False
L003291,C02172,2,17000,4300,21.54,850,0,False
L003292,C02173,4,239000,208400,5.28,3690,2,False
L003293,C02174,3,1000000,723300,2.73,4240,0,False
L003294,C02174,2,16000,4500,17.86,800,0,False
L003295,C02174,4,108000,78000,7.65,1300,0,False
L003296,C02175,4,136000,119000,6.89,3490,0,False
L003297,C02175,3,1725000,1464500,2.95,8810,0,False
L003298,C02176,2,7000,4300,19.31,350,0,False
L003299,C02177,2,45000,8000,20.15,2250,0,False
L003300,C02178,3,1606000,1411000,3.04,8150,0,False
L003301,C02179,3,1940000,1066400,2.86,7560,0,False
L003302,C02179,2,22000,5100,15.72,1100,0,False
L003303,C02180,4,188000,37600,9.78,1730,0,False
L003304,C02181,3,2623000,2449900,3.19,13540,0,False
L003305,C02182,3,2545000,2114100,3.26,12220,0,False
L003306,C02183,1,55000,33600,10.62,2260,4,False
L003307,C02183,2,5000,1300,15.85,250,1,False
L003308,C02184,2,44000,10100,16.65,2200,2,False
L003309,C02185,3,1985000,930900,2.39,7630,0,False
L003310,C02186,2,5000,3900,19.34,250,0,False
L003311,C02186,1,70000,37500,7.16,1370,0,False
L003312,C02187,2,6000,2500,19.38,300,1,False
L003313,C02188,4,137000,56700,4.5,3100,0,False
L003314,C02189,1,128000,49700,7.07,1810,0,False
L003315,C02190,1,176000,76600,7.02,3080,2,False
L003316,C02190,3,1443000,1046800,2.62,7010,1,False
L003317,C02191,2,36000,14300,18.0,1800,0,False
L003318,C02192,3,831000,575000,3.1,4110,0,False
L003319,C02193,2,7000,2700,17.88,350,0,False
L003320,C02193,4,104000,57500,8.95,1670,0,False
L003321,C02194,2,18000,15100,19.59,900,0,False
L003322,C02195,4,181000,52000,7.82,5970,0,False
L003323,C02196,3,2524000,1260900,2.94,10850,1,False
L003324,C02196,1,412000,111500,5.09,10400,3,False
L003325,C02197,3,764000,391500,2.85,3500,0,False
L003326,C02197,2,19000,14600,11.81,950,0,False
L003327,C02197,1,101000,90100,9.57,1670,0,False
L003328,C02198,2,12000,5800,14.09,600,0,False
L003329,C02198,3,867000,669000,2.7,3610,0,False
L003330,C02199,3,2399000,1943800,3.1,12700,0,False
L003331,C02199,1,148000,120900,8.32,4620,3,False
L003332,C02200,2,28000,18700,14.76,1400,0,False
L003333,C02200,4,268000,126200,8.35,3000,0,False
L003334,C02201,4,131000,79500,5.86,1580,0,False
L003335,C02202,2,5000,1800,19.1,250,1,False
L003336,C02203,3,2649000,1701300,2.7,9740,0,False
L003337,C02203,2,35000,4600,10.0,1750,0,False
L003338,C02204,2,6000,3800,16.96,300,0,False
L003339,C02204,4,47000,22500,7.91,690,0,False
L003340,C02205,2,23000,13500,14.37,1150,0,False
L003341,C02205,3,1198000,703000,2.94,4400,0,False
L003342,C02206,3,772000,400600,2.81,2930,0,False
L003343,C02207,4,140000,108200,6.8,2630,0,False
L003344,C02208,2,16000,11500,14.31,800,0,False
L003345,C02209,3,1265000,595400,3.0,4370,2,False
L003346,C02209,1,146000,107400,5.98,3270,0,False
L003347,C02209,4,79000,29600,8.15,2800,0,False
L003348,C02210,3,1586000,860800,3.62,6260,0,False
L003349,C02211,1,122000,83500,6.38,2010,0,False
L003350,C02212,3,1206000,633300,2.42,5070,0,False
L003351,C02213,2,41000,20300,17.27,2050,0,False
L003352,C02214,3,910000,778800,2.68,4470,0,False
L003353,C02215,2,21000,13800,20.48,1050,1,False
L003354,C02215,1,60000,18500,8.63,1000,0,False
L003355,C02215,4,44000,14800,11.72,780,0,True
L003356,C02216,2,13000,10600,16.36,650,0,False
L003357,C02216,3,1653000,811300,2.2,6880,0,False
L003358,C02217,3,1783000,1582700,3.26,7420,0,False
L003359,C02218,3,989000,801500,3.69,4800,0,False
L003360,C02219,4,18000,11100,11.1,310,0,False
L003361,C02220,3,1335000,1087200,2.77,6470,0,False
L003362,C02221,3,859000,553800,2.87,3470,0,False
L003363,C02222,3,1800000,1146900,2.73,7380,0,False
L003364,C02222,4,262000,145300,9.28,9690,0,False
L003365,C02223,3,1260000,601400,2.99,4610,0,False
L003366,C02224,3,1706000,1485000,3.03,7820,0,False
L003367,C02225,2,7000,4300,14.18,350,0,False
L003368,C02226,4,189000,147900,5.46,2100,2,False
L003369,C02227,4,73000,53700,8.65,1550,0,False
L003370,C02227,3,1122000,1015700,3.43,5680,0,False
L003371,C02228,2,22000,10000,18.86,1100,1,False
L003372,C02229,3,1015000,520400,3.07,4590,0,False
L003373,C02230,3,1717000,1129000,2.73,7360,0,False
L003374,C02231,1,415000,322100,7.86,11510,0,False
L003375,C02231,3,1045000,891900,3.25,5610,1,False
L003376,C02231,2,51000,13200,19.01,2550,0,False
L003377,C02232,2,36000,26500,19.76,1800,0,False
L003378,C02233,2,48000,7600,13.4,2400,0,False
L003379,C02234,3,948000,842100,2.94,4470,0,False
L003380,C02235,3,2553000,1423400,2.82,10630,0,False
L003381,C02236,3,1053000,774000,2.61,4720,0,False
L003382,C02237,2,50000,32400,14.45,2500,0,True
L003383,C02237,1,197000,50700,7.94,8650,4,False
L003384,C02238,4,125000,94600,9.07,1580,1,False
L003385,C02238,3,1269000,709600,2.2,4350,2,False
L003386,C02238,1,174000,78400,3.8,5730,0,False
L003387,C02239,2,17000,10600,17.38,850,0,False
L003388,C02240,4,40000,31400,12.19,1190,0,False
L003389,C02241,2,11000,6700,17.65,550,0,False
L003390,C02242,2,26000,9100,18.03,1300,1,False
L003391,C02242,4,117000,58700,7.43,1320,1,False
L003392,C02243,2,50000,19600,14.45,2500,0,False
L003393,C02243,4,257000,135500,5.94,5370,1,False
L003394,C02244,3,1002000,869000,3.35,5340,0,False
L003395,C02245,2,12000,5500,18.29,600,0,False
L003396,C02245,1,50000,42700,7.26,1260,0,False
L003397,C02246,2,48000,3500,12.99,2400,0,False
L003398,C02246,1,79000,34800,8.44,1190,0,False
L003399,C02247,2,23000,1900,17.7,1150,1,False
L003400,C02248,1,219000,157700,4.63,3470,0,False
L003401,C02249,3,1656000,1309700,2.97,6990,0,False
L003402,C02250,2,18000,14800,21.48,900,0,False
L003403,C02250,4,89000,29700,7.28,1000,0,False
L003404,C02251,4,38000,8600,8.65,650,0,False
L003405,C02252,2,32000,14100,17.52,1600,0,False
L003406,C02253,3,1674000,1067600,2.77,6190,1,False
L003407,C02254,1,135000,84100,5.57,2920,0,False
L003408,C02254,3,1180000,648200,2.9,4720,0,True
L003409,C02255,2,41000,25200,14.05,2050,0,False
L003410,C02255,3,1842000,1311400,2.36,7120,0,False
L003411,C02256,1,67000,49800,9.3,2120,1,False
L003412,C02256,2,12000,9100,14.72,600,0,False
L003413,C02256,4,56000,37300,11.6,1260,0,False
L003414,C02257,3,979000,866300,2.99,5000,0,False
L003415,C02258,4,116000,50000,10.53,1710,2,False
L003416,C02259,3,2050000,1834900,2.9,9700,0,False
L003417,C02260,3,1367000,1104100,3.07,6140,0,False
L003418,C02261,2,13000,3300,13.66,650,1,False
L003419,C02262,1,287000,199200,5.92,5260,0,False
L003420,C02263,4,74000,61000,7.9,1250,1,False
L003421,C02264,3,1673000,1396100,2.75,8290,2,False
L003422,C02264,2,52000,18400,14.69,2600,0,False
L003423,C02265,2,54000,21400,12.34,2700,0,False
L003424,C02265,3,951000,530600,3.2,4180,1,False
L003425,C02266,3,1163000,588000,2.65,3980,0,False
L003426,C02266,2,28000,12400,20.57,1400,0,False
L003427,C02267,4,272000,225000,5.87,3070,0,False
L003428,C02268,3,1964000,1056900,2.93,9500,0,False
L003429,C02269,3,2071000,1396800,3.11,8170,0,False
L003430,C02270,3,1669000,984300,2.55,6360,0,False
L003431,C02270,2,47000,9000,11.05,2350,0,False
L003432,C02271,1,684000,324600,7.49,10350,0,False
L003433,C02272,1,198000,70700,4.57,4300,0,False
L003434,C02272,4,141000,82800,5.04,2360,0,False
L003435,C02273,3,1234000,939900,2.42,5260,0,False
L003436,C02273,1,413000,363600,7.35,12200,0,False
L003437,C02274,1,256000,160200,5.85,3680,0,False
L003438,C02274,3,1025000,495300,3.27,3820,0,False
L003439,C02274,2,42000,23200,18.86,2100,0,False
L003440,C02275,3,557000,487800,2.64,2380,0,False
L003441,C02275,2,8000,6200,17.29,400,1,False
L003442,C02275,1,84000,29600,6.69,1940,0,False
L003443,C02276,3,2631000,1622000,3.28,12850,0,False
L003444,C02277,2,25000,10100,18.57,1250,0,False
L003445,C02278,3,1355000,628700,2.93,5100,0,False
L003446,C02279,3,2364000,1106500,2.93,10140,0,False
L003447,C02279,4,361000,126400,10.37,5640,0,False
L003448,C02280,2,5000,1200,14.19,250,2,False
L003449,C02281,2,53000,20700,15.68,2650,0,False
L003450,C02281,1,129000,64900,4.95,2380,1,False
L003451,C02281,4,293000,131100,9.35,7100,0,False
L003452,C02282,2,30000,23300,18.29,1500,0,False
L003453,C02283,3,1887000,953600,2.99,8030,0,False
L003454,C02283,2,50000,12600,13.22,2500,0,False
L003455,C02284,2,34000,28500,18.1,1700,0,False
L003456,C02284,1,77000,37000,7.31,2180,0,False
L003457,C02285,2,14000,1600,17.6,700,0,False
L003458,C02285,1,54000,28500,7.07,860,0,False
L003459,C02286,2,53000,10300,15.23,2650,0,False
L003460,C02287,3,587000,436600,3.56,2650,0,False
L003461,C02287,4,126000,92500,11.13,2040,2,False
L003462,C02288,2,44000,28300,15.75,2200,0,False
L003463,C02289,2,24000,7600,17.55,1200,0,False
L003464,C02289,4,183000,114600,9.96,5290,0,False
L003465,C02290,3,1207000,706900,3.59,5310,0,False
L003466,C02290,1,225000,79200,8.81,4270,2,False
L003467,C02291,3,2279000,1396200,2.76,9000,0,False
L003468,C02291,1,509000,411800,6.72,14090,0,True
L003469,C02292,3,1216000,836700,2.73,4840,0,False
L003470,C02292,2,23000,10800,18.62,1150,0,False
L003471,C02292,1,217000,87300,9.13,4950,0,False
L003472,C02293,3,1346000,623200,2.93,5830,0,False
L003473,C02293,4,174000,135700,10.74,5680,3,False
L003474,C02293,2,47000,31600,17.19,2350,0,False
L003475,C02294,3,1980000,1628500,2.64,7600,0,False
L003476,C02294,4,126000,67200,7.6,4180,0,False
L003477,C02295,2,30000,25300,14.3,1500,0,False
L003478,C02295,4,97000,41100,10.03,2760,0,False
L003479,C02296,4,10000,4500,10.43,160,2,False
L003480,C02297,2,23000,4900,17.46,1150,0,False
L003481,C02297,1,191000,112200,7.73,2680,0,False
L003482,C02298,4,52000,17300,7.54,1390,0,False
L003483,C02299,3,1423000,1348200,2.49,5760,0,False
L003484,C02299,1,268000,99000,6.73,4800,0,False
L003485,C02300,2,37000,11300,20.72,1850,0,False
L003486,C02301,3,1001000,764500,3.76,4890,1,False
L003487,C02302,1,405000,245600,7.76,6080,0,False
L003488,C02302,2,23000,11800,14.37,1150,0,False
L003489,C02302,4,127000,47000,9.51,1620,0,False
L003490,C02302,3,1410000,641200,2.74,5820,0,False
L003491,C02303,2,49000,17500,14.3,2450,0,False
L003492,C02304,3,1541000,1437800,3.02,8350,0,False
L003493,C02305,3,1217000,1012300,2.8,5810,0,False
L003494,C02306,3,2203000,1188600,3.37,8210,1,False
L003495,C02306,4,309000,134500,7.38,5610,1,False
L003496,C02306,2,99000,12800,17.78,4950,0,False
L003497,C02306,1,541000,385300,4.41,8010,1,False
L003498,C02307,3,1764000,1278300,3.3,7680,0,False
L003499,C02308,2,12000,7900,19.1,600,2,False
L003500,C02308,1,200000,97200,5.78,6730,0,True
L003501,C02308,3,2009000,1427500,2.86,8810,0,False
L003502,C02308,4,241000,195100,11.06,6550,0,False
L003503,C02309,2,13000,900,20.09,650,0,False
L003504,C02309,3,869000,439200,2.81,4110,0,False
L003505,C02310,4,148000,91400,9.85,2040,0,False
L003506,C02311,3,1503000,1240700,2.64,6270,0,False
L003507,C02311,1,289000,104100,7.26,4860,0,False
L003508,C02311,2,32000,22200,18.64,1600,0,False
L003509,C02312,2,11000,9100,16.53,550,0,False
L003510,C02313,4,75000,60400,9.42,1150,0,False
L003511,C02313,1,316000,134600,7.79,5850,1,False
L003512,C02314,1,320000,178500,7.32,6160,0,False
L003513,C02315,3,902000,454900,3.77,4240,0,False
L003514,C02315,2,13000,3900,17.06,650,0,False
L003515,C02316,2,13000,3800,19.42,650,0,True
L003516,C02317,2,35000,28800,17.49,1750,0,False
L003517,C02317,1,183000,88300,4.9,6080,1,False
L003518,C02318,3,2121000,1335800,2.57,9770,0,False
L003519,C02319,3,2941000,2490200,3.51,15670,0,False
L003520,C02320,3,2541000,1159100,2.85,9000,0,False
L003521,C02320,2,12000,7700,17.79,600,3,True
L003522,C02320,1,409000,147200,7.9,6650,0,False
L003523,C02321,2,21000,12200,19.68,1050,0,False
L003524,C02322,3,1012000,525800,2.42,3930,0,False
L003525,C02323,3,1633000,1175300,2.91,7480,0,False
L003526,C02323,2,55000,30500,17.71,2750,4,True
L003527,C02324,2,9000,5800,20.87,450,0,False
L003528,C02324,1,50000,22400,9.67,800,0,False
L003529,C02325,2,15000,11000,13.92,750,0,False
L003530,C02326,3,962000,606700,3.11,4100,1,False
L003531,C02327,2,47000,29000,11.0,2350,0,False
L003532,C02328,4,248000,137100,6.01,2650,0,False
L003533,C02329,2,70000,47400,12.06,3500,0,False
L003534,C02330,2,15000,1700,15.9,750,0,False
L003535,C02331,4,276000,79400,9.98,8310,4,False
L003536,C02331,3,1012000,717200,2.98,4040,0,False
L003537,C02331,2,30000,21900,15.98,1500,0,False
L003538,C02332,2,5000,4100,18.48,250,0,False
L003539,C02333,3,2026000,1186800,3.16,7640,0,False
L003540,C02334,3,1560000,938500,2.21,6930,0,False
L003541,C02334,2,62000,47800,13.2,3100,0,False
L003542,C02334,1,105000,92300,6.7,2240,0,False
L003543,C02334,4,241000,92400,9.76,5020,0,False
L003544,C02335,4,114000,56200,9.37,2170,0,False
L003545,C02336,3,1436000,1149000,2.3,6600,0,False
L003546,C02336,1,430000,341000,6.12,8670,0,False
L003547,C02336,2,25000,3800,20.32,1250,0,False
L003548,C02337,3,2201000,1616700,2.83,10150,1,False
L003549,C02337,2,56000,37500,21.63,2800,0,False
L003550,C02337,4,177000,59700,9.78,6910,1,False
L003551,C02338,3,1521000,1306300,2.6,6730,0,False
L003552,C02338,1,101000,38100,4.54,1980,0,False
L003553,C02339,4,100000,37200,7.99,1990,0,False
L003554,C02339,3,1222000,694800,3.2,4820,0,False
L003555,C02340,2,25000,4600,20.34,1250,0,False
L003556,C02340,1,97000,25500,5.33,1270,0,False
L003557,C02341,3,1264000,807400,2.77,4560,0,False
L003558,C02342,2,24000,5000,15.89,1200,1,False
L003559,C02343,2,24000,16900,21.81,1200,3,False
L003560,C02343,1,57000,18200,7.36,730,0,False
L003561,C02344,3,1916000,928200,2.75,7490,0,False
L003562,C02344,2,24000,20000,19.13,1200,3,False
L003563,C02345,3,1185000,922500,3.07,4710,0,False
L003564,C02345,2,37000,24300,17.43,1850,0,False
L003565,C02346,3,2409000,1620500,3.0,10910,0,False
L003566,C02347,3,1198000,958800,3.18,5560,1,False
L003567,C02348,3,806000,435000,2.74,3270,2,False
L003568,C02348,4,252000,225500,10.27,3370,0,False
L003569,C02348,1,298000,206000,7.2,7520,0,False
L003570,C02349,4,323000,264000,9.07,4150,0,False
L003571,C02350,1,88000,78100,8.87,2130,0,False
L003572,C02351,2,6000,4200,17.91,300,0,False
L003573,C02351,1,78000,35700,9.31,1140,0,False
L003574,C02352,2,11000,3800,15.95,550,0,False
L003575,C02353,3,1766000,1452600,2.66,7940,0,False
L003576,C02353,4,244000,160900,9.49,2770,0,False
L003577,C02354,4,30000,15700,8.47,320,0,False
L003578,C02355,2,51000,34100,19.57,2550,0,False
L003579,C02355,3,1173000,882400,2.93,4630,2,True
L003580,C02356,3,1899000,917600,2.6,6620,0,False
L003581,C02357,2,25000,7200,13.71,1250,2,False
L003582,C02357,3,1271000,742500,2.29,4530,0,False
L003583,C02357,4,215000,184300,7.43,2530,0,False
L003584,C02358,2,21000,5200,16.98,1050,0,False
L003585,C02359,3,1525000,1440500,3.24,7930,0,False
L003586,C02360,4,188000,78600,7.46,2090,0,False
L003587,C02360,2,42000,24400,11.42,2100,1,False
L003588,C02361,2,6000,3000,21.4,300,0,False
L003589,C02362,3,1480000,969300,3.09,6350,0,False
L003590,C02363,3,2453000,1395900,3.29,9180,0,False
L003591,C02363,2,17000,2200,16.86,850,3,False
L003592,C02364,3,1882000,1017900,2.45,7270,1,False
L003593,C02364,1,453000,269100,5.11,8290,0,False
L003594,C02365,3,1279000,730200,2.93,5460,0,False
L003595,C02365,2,21000,6300,15.77,1050,0,False
L003596,C02366,2,7000,1600,14.91,350,0,False
L003597,C02367,1,226000,131500,5.42,7620,0,False
L003598,C02367,3,1805000,1572600,3.49,9910,0,False
L003599,C02368,3,1658000,1088000,2.2,5740,0,False
L003600,C02369,3,2614000,1501300,2.74,10000,0,False
L003601,C02369,1,589000,351100,5.32,24250,0,False
L003602,C02370,3,1873000,1449300,3.4,8530,2,False
L003603,C02370,2,64000,10900,15.21,3200,0,False
L003604,C02371,1,284000,90200,6.56,5570,0,False
L003605,C02371,4,309000,94800,11.99,3900,0,False
L003606,C02372,2,11000,800,17.14,550,0,False
L003607,C02373,3,1135000,801800,2.78,4860,0,False
L003608,C02374,2,8000,800,18.64,400,0,False
L003609,C02374,4,80000,55700,10.23,990,0,False
L003610,C02375,4,37000,12700,9.57,1210,0,False
L003611,C02375,2,12000,8300,17.98,600,0,False
L003612,C02375,3,1468000,822600,2.31,5170,0,False
L003613,C02376,3,2140000,1942600,3.36,11030,1,False
L003614,C02376,1,212000,157600,3.76,8560,2,False
L003615,C02377,4,58000,41400,9.38,750,0,False
L003616,C02378,3,2153000,1312200,3.25,8380,1,False
L003617,C02378,4,161000,126000,8.26,2200,0,False
L003618,C02379,2,11000,2600,15.21,550,0,True
L003619,C02380,1,253000,119600,7.91,5400,0,False
L003620,C02381,2,29000,21200,13.89,1450,1,False
L003621,C02382,2,22000,4600,20.66,1100,3,False
L003622,C02383,3,1329000,835400,2.29,5250,0,False
L003623,C02384,1,139000,83200,7.81,4250,1,False
L003624,C02384,3,872000,721000,3.92,3830,0,False
L003625,C02385,3,869000,586000,3.01,3960,0,False
L003626,C02386,2,18000,12700,18.92,900,0,False
L003627,C02387,1,294000,140100,8.1,8750,2,False
L003628,C02387,3,1056000,602000,3.71,4920,1,False
L003629,C02388,2,25000,16100,21.83,1250,0,False
L003630,C02388,4,113000,95400,6.68,2860,0,False
L003631,C02389,4,111000,84600,6.57,4480,0,False
L003632,C02389,3,1199000,906100,2.92,5120,0,False
L003633,C02390,3,1124000,959600,3.06,4690,0,False
L003634,C02391,3,1580000,783400,2.88,5900,0,False
L003635,C02392,2,28000,21800,13.29,1400,2,False
L003636,C02393,3,2397000,1337900,3.43,9560,0,False
L003637,C02394,1,358000,230000,6.27,11590,0,False
L003638,C02395,3,874000,806000,2.93,4350,0,False
L003639,C02395,4,172000,153500,6.81,2220,4,False
L003640,C02396,2,9000,6700,22.23,450,0,False
L003641,C02396,4,96000,44700,10.7,1700,0,True
L003642,C02397,2,58000,44700,15.42,2900,0,False
L003643,C02397,1,384000,231700,5.69,9490,0,False
L003644,C02398,4,245000,73800,7.87,2430,0,False
L003645,C02399,3,3078000,2749000,3.21,13490,0,False
L003646,C02400,2,19000,8800,12.48,950,1,False
L003647,C02401,3,2774000,1804300,3.33,11950,0,False
L003648,C02402,2,34000,8600,14.97,1700,0,False
L003649,C02403,4,270000,83600,13.03,5140,0,False
L003650,C02404,2,47000,25900,17.1,2350,0,False
L003651,C02405,3,1753000,994200,3.58,6630,1,True
L003652,C02406,4,66000,44300,13.68,900,1,False
L003653,C02407,4,109000,53900,4.83,1570,0,False
L003654,C02407,3,1374000,1079700,3.51,6400,0,False
L003655,C02408,4,160000,136500,8.85,2080,1,False
L003656,C02409,2,15000,2100,14.89,750,0,False
L003657,C02410,3,1289000,757500,3.18,4960,0,False
L003658,C02411,3,1638000,1188000,3.12,7840,0,False
L003659,C02411,4,268000,54600,9.29,6300,2,False
L003660,C02412,2,18000,10600,17.98,900,0,False
L003661,C02413,4,98000,80900,7.31,1740,0,False
L003662,C02413,1,384000,328700,7.05,6910,0,False
L003663,C02414,2,21000,16200,18.27,1050,0,False
L003664,C02415,3,2033000,1478700,2.66,7850,0,False
L003665,C02415,4,337000,152000,6.43,4230,0,False
L003666,C02416,3,1127000,886000,3.15,5900,0,False
L003667,C02417,1,283000,211500,8.66,4240,2,False
L003668,C02417,2,15000,2100,13.59,750,0,False
L003669,C02418,2,51000,20500,21.28,2550,0,False
L003670,C02419,2,53000,44700,20.12,2650,0,False
L003671,C02420,2,50000,8900,19.19,2500,0,False
L003672,C02421,2,23000,3900,19.8,1150,0,False
L003673,C02421,3,1646000,1383600,2.85,8380,0,False
L003674,C02422,4,185000,103900,8.62,2030,0,False
L003675,C02423,1,236000,135300,7.06,4180,1,False
L003676,C02424,3,809000,560200,2.77,3010,0,False
L003677,C02425,4,75000,65600,9.35,1280,0,False
L003678,C02426,1,50000,22700,7.64,920,0,False
L003679,C02427,4,171000,72200,9.75,2890,3,False
L003680,C02428,4,72000,43200,9.52,2890,1,False
L003681,C02429,4,223000,157500,8.48,4100,0,False
L003682,C02430,2,29000,6200,18.76,1450,0,False
L003683,C02431,3,1089000,1021700,3.82,5020,0,False
L003684,C02432,3,599000,399600,3.28,2400,3,False
L003685,C02432,1,71000,53600,6.71,2840,0,False
L003686,C02433,4,26000,23000,8.15,400,0,False
L003687,C02433,2,31000,13100,18.21,1550,0,False
L003688,C02434,3,1316000,858700,2.69,4930,0,False
L003689,C02435,2,10000,8300,18.22,500,0,False
L003690,C02435,3,565000,361600,3.47,2370,0,False
L003691,C02436,1,336000,120700,5.64,5330,0,True
L003692,C02436,3,2236000,2102500,2.69,10530,0,False
L003693,C02437,3,1375000,688500,2.54,5240,0,False
L003694,C02437,2,44000,26400,13.0,2200,0,False
L003695,C02438,3,2350000,1318100,2.3,11020,0,False
L003696,C02438,2,32000,5100,15.52,1600,0,False
L003697,C02439,4,115000,74400,6.71,1550,0,False
L003698,C02440,3,1646000,955600,3.64,7780,0,False
L003699,C02441,3,2968000,1692800,2.67,12520,0,False
L003700,C02442,3,1191000,1087700,3.02,5500,0,False
L003701,C02442,2,45000,17600,16.25,2250,0,False
L003702,C02443,3,716000,644700,2.85,2980,0,False
L003703,C02444,2,26000,7900,18.85,1300,0,False
L003704,C02445,3,1155000,932700,2.63,4990,2,False
L003705,C02446,4,72000,38000,10.81,920,0,False
L003706,C02447,3,1552000,1243700,2.2,5760,0,False
L003707,C02447,4,78000,41100,6.2,860,0,False
L003708,C02448,4,67000,25600,7.99,970,0,False
L003709,C02449,2,5000,900,15.72,250,0,False
L003710,C02450,2,12000,2900,18.05,600,0,False
L003711,C02450,3,2155000,995700,2.61,7740,0,False
L003712,C02451,2,30000,11800,18.8,1500,0,False
L003713,C02452,2,52000,42200,16.92,2600,0,False
L003714,C02453,4,122000,93400,8.28,1880,0,False
L003715,C02454,2,40000,26000,11.84,2000,0,False
L003716,C02454,3,990000,477800,2.92,3810,0,False
L003717,C02454,4,193000,58900,6.22,2720,1,False
L003718,C02455,3,1252000,610100,2.91,4380,0,False
L003719,C02456,3,1338000,736300,3.24,5820,0,False
L003720,C02456,4,85000,44700,7.09,950,0,False
L003721,C02457,4,331000,258100,8.61,5040,0,False
L003722,C02458,3,1113000,914900,3.22,5590,3,False
L003723,C02459,2,21000,10500,18.05,1050,0,False
L003724,C02459,4,131000,54400,4.5,1290,0,False
L003725,C02459,3,1047000,678400,3.1,4600,1,False
L003726,C02460,3,1527000,801000,2.76,7040,0,False
L003727,C02460,2,39000,20300,15.44,1950,2,False
L003728,C02461,3,744000,614000,3.28,3290,0,False
L003729,C02462,3,751000,481500,3.33,2950,2,False
L003730,C02463,2,49000,16600,16.23,2450,0,False
L003731,C02464,2,50000,40500,16.07,2500,0,True
L003732,C02464,3,1424000,935600,3.64,6070,0,False
L003733,C02465,3,1685000,774400,3.68,7010,0,False
L003734,C02465,4,297000,146500,10.71,3430,0,False
L003735,C02466,1,220000,133300,6.38,3340,0,False
L003736,C02467,3,1009000,502900,2.64,3470,0,False
L003737,C02467,2,15000,7300,16.6,750,0,False
L003738,C02468,1,177000,114700,6.71,5330,0,False
L003739,C02468,4,76000,57600,5.68,1620,1,False
L003740,C02469,2,19000,1200,17.37,950,0,False
L003741,C02469,4,112000,78000,8.1,3670,1,True
L003742,C02469,3,419000,224500,4.68,2110,3,True
L003743,C02470,2,19000,8600,16.2,950,0,False
L003744,C02470,1,215000,168000,7.96,5690,0,False
L003745,C02471,2,6000,1500,19.71,300,1,False
L003746,C02471,4,44000,31100,11.52,1000,0,False
L003747,C02472,3,2312000,1983700,2.83,12080,3,False
L003748,C02473,3,1317000,728200,3.25,6330,0,False
L003749,C02474,1,276000,246900,6.73,4430,0,False
L003750,C02474,3,1649000,797500,3.73,8080,4,False
L003751,C02474,4,170000,88700,11.52,2310,1,False
L003752,C02475,1,86000,58600,6.61,1800,0,False
L003753,C02476,2,10000,1100,18.24,500,1,False
L003754,C02476,4,112000,63200,6.93,3200,0,False
L003755,C02477,3,1637000,1298100,2.82,8440,1,False
L003756,C02477,2,37000,9500,15.96,1850,0,False
L003757,C02478,3,2105000,1621900,3.07,8220,1,False
L003758,C02478,2,61000,22500,18.53,3050,0,False
L003759,C02478,1,169000,48800,5.6,3380,0,False
L003760,C02479,3,1606000,1466600,3.14,7930,0,True
L003761,C02479,2,45000,3200,18.9,2250,0,False
L003762,C02479,4,299000,222000,9.3,11500,1,False
L003763,C02479,1,419000,195400,5.93,5940,0,False
L003764,C02480,2,29000,18400,18.29,1450,4,False
L003765,C02481,3,1701000,1082800,3.35,8050,0,False
L003766,C02481,1,253000,174800,7.56,5730,0,False
L003767,C02482,3,1321000,1106500,3.2,5430,0,False
L003768,C02483,4,139000,119200,11.8,5600,0,False
L003769,C02484,1,50000,31500,10.7,2120,0,False
L003770,C02485,3,2522000,1868200,3.59,12610,0,False
L003771,C02485,4,179000,136300,8.08,2480,2,False
L003772,C02486,2,35000,9100,13.58,1750,0,False
L003773,C02487,3,3126000,2010500,2.42,10860,0,False
L003774,C02487,1,563000,292700,8.53,10260,0,False
L003775,C02487,2,48000,38800,13.25,2400,1,True
L003776,C02487,4,237000,133000,8.54,2980,0,True
L003777,C02488,3,1249000,635200,2.97,4540,0,False
L003778,C02489,2,24000,20400,14.36,1200,0,False
L003779,C02490,3,2288000,1863500,2.86,11630,0,False
L003780,C02491,3,2438000,2307400,3.06,12490,0,False
L003781,C02492,1,178000,65700,5.5,5220,0,False
L003782,C02492,3,1231000,759200,3.07,5410,0,False
L003783,C02493,2,22000,9900,14.94,1100,0,False
L003784,C02493,4,71000,59400,6.8,870,0,False
L003785,C02493,1,61000,40700,7.48,2400,0,False
L003786,C02494,2,46000,11700,18.82,2300,0,False
L003787,C02495,3,1862000,964300,2.97,7700,1,False
L003788,C02495,2,52000,26600,21.92,2600,0,False
L003789,C02495,4,93000,21500,9.41,3170,0,False
L003790,C02496,3,1545000,1125400,2.89,5830,1,False
L003791,C02496,2,45000,19900,18.86,2250,1,False
L003792,C02497,3,1329000,618400,2.54,5800,0,False
L003793,C02498,3,928000,440100,3.55,4010,0,False
L003794,C02499,2,13000,6800,17.75,650,0,False
L003795,C02500,3,1446000,992000,3.01,6020,0,False
L003796,C02501,3,1141000,681800,2.83,5230,3,False
L003797,C02502,3,1815000,1134300,3.0,6620,2,False
L003798,C02502,1,315000,183000,4.53,5450,0,False
L003799,C02502,4,106000,81500,7.18,1310,0,False
L003800,C02503,3,1842000,1039300,2.82,7320,1,False
L003801,C02504,4,159000,117600,8.4,1790,1,False
L003802,C02504,2,27000,7100,15.56,1350,1,False
L003803,C02505,3,972000,917400,3.18,5070,0,False
L003804,C02506,3,982000,560900,2.65,4100,1,False
L003805,C02506,2,9000,1300,12.34,450,3,False
L003806,C02506,1,263000,224800,4.12,6320,1,False
L003807,C02507,3,1290000,1016600,3.63,5820,0,False
L003808,C02508,3,1476000,900900,3.32,6810,0,False
L003809,C02508,1,274000,198000,8.09,12370,1,False
L003810,C02509,4,162000,40800,11.26,2060,0,False
L003811,C02509,3,1065000,542100,2.63,3860,0,False
L003812,C02510,1,182000,98400,7.56,3500,0,False
L003813,C02510,3,828000,632300,2.92,3920,0,False
L003814,C02511,4,130000,97800,6.9,5730,0,False
L003815,C02512,3,829000,443800,3.06,3300,1,False
L003816,C02512,2,9000,5800,19.03,450,0,False
L003817,C02513,3,1258000,954000,3.02,4920,0,False
L003818,C02514,3,1699000,966100,2.44,7190,0,False
L003819,C02515,2,29000,2500,15.61,1450,0,False
L003820,C02515,3,1202000,691300,3.28,4750,0,False
L003821,C02515,1,367000,217500,8.53,12920,0,True
L003822,C02516,3,1259000,1041200,3.73,5690,0,False
L003823,C02516,4,181000,123700,8.91,2670,1,False
L003824,C02517,2,8000,5400,18.35,400,0,False
L003825,C02517,1,50000,34900,6.38,970,0,False
L003826,C02518,4,240000,211400,9.87,7980,0,False
L003827,C02518,3,1456000,933600,2.66,5480,0,False
L003828,C02518,2,18000,15200,19.12,900,0,False
L003829,C02519,4,181000,52700,11.0,7810,2,False
L003830,C02520,3,1239000,881900,2.69,5830,0,False
L003831,C02521,2,21000,6000,14.39,1050,1,False
L003832,C02522,3,1243000,924100,2.8,4670,0,False
L003833,C02522,2,20000,13300,15.88,1000,1,False
L003834,C02523,3,1736000,1175300,2.55,6400,0,False
L003835,C02523,2,66000,15100,22.0,3300,0,False
L003836,C02523,4,180000,124300,7.06,5790,0,False
L003837,C02524,3,2108000,1827800,3.1,9740,0,False
L003838,C02524,4,76000,36800,7.51,780,0,False
L003839,C02525,3,2443000,2234800,3.32,13310,0,False
L003840,C02526,3,1795000,1548500,2.63,6950,2,False
L003841,C02527,1,311000,185500,6.28,8580,0,False
L003842,C02527,2,43000,3900,19.43,2150,0,False
L003843,C02528,3,1465000,858000,3.41,6820,1,False
L003844,C02529,1,50000,35800,8.27,880,0,True
L003845,C02530,3,1416000,1081700,2.72,5780,0,False
L003846,C02531,3,2430000,2163500,3.25,10300,0,False
L003847,C02532,4,60000,44000,10.63,740,0,False
L003848,C02532,2,11000,8400,21.23,550,0,False
L003849,C02532,1,50000,25500,8.21,1250,0,False
L003850,C02533,4,161000,72500,10.87,3510,3,False
L003851,C02534,2,18000,8400,19.05,900,0,False
L003852,C02535,3,2688000,1304000,3.39,9950,0,False
L003853,C02536,3,1507000,785800,2.66,6960,0,False
L003854,C02537,3,1770000,1634300,2.66,7550,0,False
L003855,C02537,1,142000,125900,5.96,2060,0,False
L003856,C02538,2,30000,20900,20.77,1500,2,False
L003857,C02538,1,105000,62400,4.7,3800,3,False
L003858,C02538,3,1867000,1254200,3.15,8950,0,False
L003859,C02539,2,13000,8900,18.34,650,0,False
L003860,C02539,3,1725000,1428300,2.72,7220,0,False
L003861,C02540,3,1579000,788400,2.49,5400,0,False
L003862,C02541,2,18000,13500,21.23,900,0,False
L003863,C02542,2,10000,4400,21.63,500,0,False
L003864,C02543,3,1653000,1209800,2.6,7040,1,False
L003865,C02543,2,43000,22100,21.67,2150,0,False
L003866,C02543,1,226000,200500,4.59,4670,2,False
L003867,C02544,1,192000,159400,6.44,5010,0,False
L003868,C02544,2,16000,1800,16.15,800,0,False
L003869,C02545,4,147000,84200,5.78,1620,0,False
L003870,C02546,3,1394000,1254300,2.33,6240,0,False
L003871,C02547,4,144000,119100,4.92,2350,0,False
L003872,C02548,4,106000,72200,14.5,1680,0,False
L003873,C02549,4,142000,91700,10.55,2520,4,False
L003874,C02549,3,1295000,851000,3.53,5210,0,False
L003875,C02549,1,220000,183500,6.73,7890,0,False
L003876,C02550,2,13000,6000,14.58,650,0,False
L003877,C02551,3,1584000,1129500,3.67,8450,1,False
L003878,C02551,4,184000,136000,8.49,3750,1,False
L003879,C02552,1,205000,141500,7.1,4170,0,False
L003880,C02553,2,18000,8000,18.31,900,0,False
L003881,C02553,3,1877000,1728800,2.9,8110,0,False
L003882,C02554,3,1182000,757900,2.27,4340,0,False
L003883,C02554,4,73000,55400,7.74,3110,0,False
L003884,C02554,1,206000,161000,6.88,3480,0,False
L003885,C02555,4,61000,29700,7.6,840,0,False
L003886,C02555,2,11000,8300,17.1,550,1,False
L003887,C02556,2,17000,8400,21.09,850,0,False
L003888,C02556,4,91000,50900,9.87,1190,0,False
L003889,C02556,1,64000,46200,8.37,1000,0,False
L003890,C02557,3,1507000,1379000,2.89,7330,0,False
L003891,C02557,4,52000,42100,10.97,690,0,False
L003892,C02557,1,198000,127900,7.9,4710,0,False
L003893,C02558,1,223000,169500,8.02,3490,0,False
L003894,C02558,4,92000,59200,5.63,4100,0,False
L003895,C02559,2,5000,2300,22.16,250,1,False
L003896,C02560,3,1526000,1325600,2.8,7410,0,False
L003897,C02560,1,188000,167900,8.14,4810,0,False
L003898,C02561,3,732000,554300,3.89,3140,0,False
L003899,C02561,2,19000,16100,19.97,950,0,False
L003900,C02561,4,82000,65600,6.81,2250,0,False
L003901,C02562,2,79000,5400,14.53,3950,0,False
L003902,C02563,2,14000,9600,20.04,700,0,False
L003903,C02564,2,13000,6000,13.17,650,3,True
L003904,C02565,3,2287000,1252200,3.02,11090,0,False
L003905,C02565,2,31000,12300,20.09,1550,0,False
L003906,C02566,4,100000,56000,9.31,1630,0,False
L003907,C02566,3,1489000,1164200,2.86,5790,0,False
L003908,C02567,4,103000,88300,13.41,2510,0,True
L003909,C02568,2,9000,500,20.6,450,0,False
L003910,C02569,3,623000,468500,3.52,2560,3,False
L003911,C02570,3,529000,358100,2.55,1880,0,False
L003912,C02570,2,30000,3800,15.74,1500,0,False
L003913,C02571,1,317000,80000,6.55,4440,0,False
L003914,C02571,2,45000,19600,16.13,2250,0,False
L003915,C02571,4,224000,65400,10.65,5350,3,False
L003916,C02572,4,98000,54000,8.93,1090,0,False
L003917,C02572,2,16000,5500,16.66,800,3,False
L003918,C02573,2,48000,11500,21.41,2400,0,False
L003919,C02574,3,2677000,1977200,3.01,11430,0,False
L003920,C02574,4,322000,178600,8.93,3800,1,False
L003921,C02575,2,28000,10900,17.23,1400,0,False
L003922,C02575,3,1064000,483500,2.84,3990,0,False
L003923,C02576,3,2051000,964700,3.32,8220,0,False
L003924,C02577,3,1435000,1323400,3.27,7040,0,False
L003925,C02578,3,2504000,1704700,3.29,10470,0,True
L003926,C02578,4,251000,118700,11.9,8560,0,False
L003927,C02578,1,183000,114300,5.0,2540,1,False
L003928,C02578,2,62000,16300,17.0,3100,2,False
L003929,C02579,4,243000,52900,10.22,4660,0,False
L003930,C02579,3,1515000,764700,2.92,5500,0,False
L003931,C02580,3,1173000,850700,3.11,4640,0,False
L003932,C02580,4,45000,32100,4.84,610,0,False
L003933,C02580,2,22000,16500,13.76,1100,3,False
L003934,C02581,2,9000,5300,15.58,450,0,False
L003935,C02582,4,192000,134600,4.5,4110,0,True
L003936,C02582,3,1591000,1075000,2.75,6730,0,False
L003937,C02583,3,2587000,1288900,2.98,9260,0,False
L003938,C02584,4,46000,16000,11.23,610,0,False
L003939,C02584,2,45000,6600,20.74,2250,0,False
L003940,C02585,3,2405000,1251000,2.9,9390,0,False
L003941,C02586,4,252000,150200,9.67,4820,0,False
L003942,C02587,4,152000,130100,9.58,6470,0,False
L003943,C02588,4,238000,189300,7.38,3950,4,False
L003944,C02588,3,1618000,1029800,3.19,7400,0,False
L003945,C02589,2,6000,600,16.31,300,0,False
L003946,C02590,3,1830000,1400700,2.84,8600,0,False
L003947,C02591,3,1415000,1107300,3.3,7050,0,False
L003948,C02592,3,1037000,682500,2.92,4420,0,False
L003949,C02593,3,2919000,1756100,2.97,10890,0,True
L003950,C02593,1,308000,225000,6.33,7450,0,False
L003951,C02594,3,1050000,634300,2.81,4020,0,False
L003952,C02594,1,329000,242200,6.63,9680,0,False
L003953,C02595,4,75000,55600,4.52,1010,1,False
L003954,C02596,3,1946000,949500,3.49,7220,0,False
L003955,C02596,1,87000,23500,4.26,1280,0,False
L003956,C02597,4,24000,14500,11.88,300,0,False
L003957,C02597,2,5000,4100,15.3,250,0,False
L003958,C02597,1,50000,18800,9.46,1120,0,False
L003959,C02598,4,239000,89200,6.27,2800,0,False
L003960,C02598,3,1159000,600600,2.88,5530,4,False
L003961,C02599,2,42000,9000,19.13,2100,0,False
L003962,C02600,1,293000,119900,6.28,6330,2,False
L003963,C02600,3,1799000,1064100,2.56,6410,3,False
L003964,C02600,4,154000,127600,8.27,2180,0,False
L003965,C02601,1,224000,113000,7.57,9810,0,False
L003966,C02602,4,40000,15200,9.62,960,0,False
L003967,C02603,3,2642000,1947700,3.24,10460,0,False
L003968,C02604,3,1408000,721600,3.18,5230,1,False
L003969,C02604,1,223000,146500,5.64,3240,3,False
L003970,C02604,4,149000,72800,7.97,1500,0,False
L003971,C02605,2,14000,5300,20.21,700,0,False
L003972,C02606,3,1760000,794500,3.13,6050,0,False
L003973,C02607,2,11000,4800,19.75,550,0,False
L003974,C02608,1,357000,161700,5.93,6410,0,False
L003975,C02609,3,2707000,1664700,2.47,12690,0,False
L003976,C02610,2,8000,5100,13.14,400,0,False
L003977,C02611,2,31000,2600,16.85,1550,0,False
L003978,C02612,4,37000,15100,9.89,720,0,False
L003979,C02613,3,960000,525900,3.0,3540,0,False
L003980,C02614,3,1652000,1398300,2.2,6890,0,False
L003981,C02615,3,883000,635400,3.29,3970,1,False
L003982,C02615,4,121000,59200,11.91,2290,0,False
L003983,C02616,2,38000,23000,13.86,1900,3,False
L003984,C02617,2,62000,6900,20.09,3100,0,False
L003985,C02617,3,2139000,2027600,2.83,10160,0,False
L003986,C02618,1,147000,88100,7.7,4710,0,False
L003987,C02619,3,829000,415200,2.95,3010,0,False
L003988,C02620,1,256000,102800,5.52,6680,0,False
L003989,C02620,2,41000,12100,15.63,2050,0,False
L003990,C02621,3,851000,385200,3.04,3250,1,False
L003991,C02621,1,128000,47600,7.45,3330,0,False
L003992,C02622,1,201000,66600,7.12,2590,0,False
L003993,C02623,2,41000,24100,17.0,2050,0,False
L003994,C02624,3,503000,269200,3.77,2250,0,False
L003995,C02624,4,99000,20000,11.04,1010,0,False
L003996,C02625,3,1702000,1415500,2.83,6660,0,False
L003997,C02626,2,40000,25500,18.22,2000,0,False
L003998,C02627,2,9000,5000,13.48,450,0,False
L003999,C02627,4,134000,76400,5.8,4440,0,False
L004000,C02628,3,969000,724700,3.53,4350,0,False
L004001,C02629,4,203000,167900,8.08,3090,0,False
L004002,C02630,3,1626000,1012600,2.63,6190,0,False
L004003,C02630,1,372000,198200,7.81,8620,0,False
L004004,C02631,4,272000,67200,8.26,2650,0,False
L004005,C02631,1,221000,111800,7.27,3550,0,False
L004006,C02631,3,1281000,1161400,2.6,4970,0,False
L004007,C02632,3,1181000,1066300,3.7,6090,2,False
L004008,C02632,1,140000,84700,4.28,2980,1,False
L004009,C02633,4,87000,61200,6.9,990,0,False
L004010,C02634,2,16000,12700,19.63,800,0,False
L004011,C02635,3,1638000,823200,3.07,6470,0,False
L004012,C02636,2,50000,38400,13.84,2500,0,False
L004013,C02637,4,163000,65900,8.41,3540,3,False
L004014,C02637,3,822000,767200,2.41,3940,0,False
L004015,C02638,2,31000,17600,22.3,1550,0,False
L004016,C02639,3,737000,603700,3.39,3840,0,False
L004017,C02640,3,1925000,1398000,3.11,9330,0,False
L004018,C02641,3,2138000,1253400,2.89,8990,0,False
L004019,C02642,2,26000,9100,16.34,1300,0,False
L004020,C02643,3,1705000,1317300,2.8,6860,0,False
L004021,C02643,4,434000,115800,9.0,8190,0,False
L004022,C02644,3,2327000,2141900,3.19,12580,0,False
L004023,C02645,4,63000,30700,10.53,710,0,False
L004024,C02646,1,296000,251400,5.38,7040,1,False
L004025,C02647,1,188000,154300,6.35,2780,0,False
L004026,C02648,2,43000,20300,18.01,2150,0,False
L004027,C02649,4,306000,272000,10.21,6490,0,False
L004028,C02649,3,2205000,1728600,3.08,9250,0,False
L004029,C02650,1,413000,232000,3.85,5330,0,False
L004030,C02651,3,1723000,1452000,2.54,7210,0,False
L004031,C02652,4,390000,297900,8.69,6140,0,False
L004032,C02653,3,1118000,936300,3.04,5200,0,False
L004033,C02653,2,48000,22400,14.95,2400,0,False
L004034,C02654,2,21000,1900,22.12,1050,0,False
L004035,C02654,4,30000,11800,6.84,730,0,False
L004036,C02655,3,1186000,1060100,2.92,5680,0,False
L004037,C02655,4,107000,33000,10.35,1120,0,False
L004038,C02656,1,394000,248000,6.21,5640,0,False
L004039,C02656,2,24000,14000,18.32,1200,0,False
L004040,C02657,3,1079000,646200,2.92,4710,0,False
L004041,C02658,3,486000,392800,3.27,2610,0,False
L004042,C02659,1,275000,140600,6.09,7080,0,False
L004043,C02659,4,84000,55200,12.19,2600,0,False
L004044,C02660,2,44000,35900,13.93,2200,0,False
L004045,C02661,3,1172000,830300,2.92,5680,0,False
L004046,C02662,2,7000,3800,20.16,350,0,False
L004047,C02663,2,17000,1900,18.71,850,2,True
L004048,C02664,3,947000,844700,3.27,4610,0,False
L004049,C02665,1,279000,173500,8.1,6050,0,False
L004050,C02666,1,193000,155800,7.47,3760,0,False
L004051,C02667,3,1983000,904700,3.77,8440,0,False
L004052,C02667,4,372000,243300,11.72,11420,3,False
L004053,C02668,4,84000,53600,7.29,3750,0,False
L004054,C02669,2,17000,8200,22.0,850,0,False
L004055,C02670,4,241000,199200,8.23,6770,2,False
L004056,C02670,3,1468000,701900,3.46,6030,0,False
L004057,C02671,3,559000,371300,4.11,2470,0,False
L004058,C02672,4,117000,54800,9.63,1610,0,False
L004059,C02672,3,930000,782600,3.9,4950,1,False
L004060,C02673,1,75000,44700,7.79,1070,0,False
L004061,C02673,2,12000,8800,17.53,600,0,True
L004062,C02673,4,26000,18200,9.27,730,1,False
L004063,C02674,1,82000,47700,6.8,1980,0,False
L004064,C02675,3,905000,760700,2.6,3500,0,False
L004065,C02676,3,1857000,1319100,2.41,8290,0,False
L004066,C02676,4,354000,308800,8.47,6600,0,False
L004067,C02677,3,1486000,1087300,3.38,7580,0,False
L004068,C02678,2,5000,1200,20.16,250,0,True
L004069,C02679,2,46000,9300,17.44,2300,0,False
L004070,C02679,1,233000,163900,7.83,8770,0,False
L004071,C02680,3,1743000,1549600,2.59,7060,0,False
L004072,C02681,3,1797000,1246500,2.95,6880,0,False
L004073,C02682,3,1278000,627900,3.45,4880,0,False
L004074,C02683,4,169000,52200,8.93,2380,0,False
L004075,C02684,3,1960000,1549800,2.7,7370,0,False
L004076,C02685,3,1767000,1108100,2.9,8270,0,False
L004077,C02685,2,48000,29400,16.76,2400,0,False
L004078,C02686,4,91000,46500,12.15,1860,0,False
L004079,C02687,1,50000,38400,9.78,1110,1,False
L004080,C02688,2,15000,4600,18.2,750,0,False
L004081,C02688,3,1227000,1005400,2.29,5930,1,False
L004082,C02688,4,275000,199300,8.41,9050,0,False
L004083,C02689,4,45000,23900,6.31,730,0,False
L004084,C02689,3,1694000,1086700,2.88,7040,0,False
L004085,C02689,2,21000,17100,19.45,1050,4,False
L004086,C02689,1,140000,121700,7.07,3210,0,False
L004087,C02690,3,1483000,1090000,2.34,5430,0,False
L004088,C02691,3,1919000,1122600,2.96,7980,0,False
L004089,C02692,2,73000,51700,18.14,3650,0,False
L004090,C02693,2,22000,4500,22.13,1100,0,False
L004091,C02694,2,58000,27700,13.58,2900,0,False
L004092,C02695,3,1432000,1016600,2.83,6940,0,False
L004093,C02695,1,166000,107300,7.45,5470,0,False
L004094,C02696,3,1282000,670000,2.2,4840,0,False
L004095,C02696,2,20000,4100,16.93,1000,0,False
L004096,C02697,3,852000,402400,3.34,3360,2,True
L004097,C02698,1,150000,115300,3.5,2530,1,False
L004098,C02699,2,29000,4800,13.32,1450,0,False
L004099,C02700,3,2170000,1082700,3.05,8500,1,False
L004100,C02700,4,229000,131500,9.09,6010,1,False
L004101,C02701,2,40000,20200,15.35,2000,1,False
L004102,C02702,3,692000,326200,3.23,2440,2,False
L004103,C02703,1,149000,91500,6.66,5360,1,True
L004104,C02703,3,1380000,844700,2.92,5010,3,False
L004105,C02704,2,21000,12300,18.13,1050,0,False
L004106,C02705,1,104000,37000,7.22,2970,0,False
L004107,C02705,2,18000,11700,21.21,900,0,False
L004108,C02706,3,1143000,556000,3.63,4170,0,False
L004109,C02707,3,1515000,1251300,2.76,6550,1,False
L004110,C02707,2,18000,7900,13.62,900,1,False
L004111,C02708,1,241000,181000,4.93,3310,0,False
L004112,C02709,1,50000,43400,7.18,1060,0,False
L004113,C02710,3,1325000,1042300,2.41,4940,1,False
L004114,C02710,1,280000,147200,5.38,5100,3,False
L004115,C02710,4,255000,195300,8.49,4990,0,False
L004116,C02710,2,29000,9400,15.57,1450,1,False
L004117,C02711,1,103000,91700,5.31,1670,0,False
L004118,C02711,4,45000,31000,6.43,580,0,False
L004119,C02712,2,14000,2000,20.84,700,0,False
L004120,C02713,2,25000,10700,17.43,1250,0,False
L004121,C02713,1,164000,130600,9.8,2730,0,False
L004122,C02714,3,1221000,1035600,3.41,6510,0,False
L004123,C02714,4,168000,115600,4.91,3140,1,False
L004124,C02715,2,10000,4600,14.46,500,0,False
L004125,C02716,2,31000,8300,20.29,1550,0,False
L004126,C02717,1,202000,59000,7.56,3890,2,False
L004127,C02717,4,207000,62900,8.27,2400,0,False
L004128,C02717,3,1930000,1775200,2.97,10030,1,False
L004129,C02718,3,1012000,857600,2.59,4240,0,False
L004130,C02719,2,5000,1900,14.57,250,0,False
L004131,C02720,2,30000,15500,15.18,1500,0,False
L004132,C02721,1,314000,197700,7.1,6610,0,False
L004133,C02722,1,493000,177000,5.64,20130,0,False
L004134,C02723,3,1863000,1194300,2.86,8900,0,False
L004135,C02724,1,302000,205400,8.3,5040,1,False
L004136,C02724,3,2240000,1889000,2.46,8800,0,False
L004137,C02725,2,24000,7900,20.01,1200,1,False
L004138,C02725,3,1072000,683800,3.46,4900,0,False
L004139,C02726,2,38000,30800,20.66,1900,0,False
L004140,C02727,2,16000,800,19.3,800,0,False
L004141,C02728,4,159000,100000,5.9,2700,0,False
L004142,C02729,1,143000,110900,6.2,2150,0,False
L004143,C02730,2,13000,800,20.49,650,0,False
L004144,C02731,3,1849000,1380400,3.75,8120,1,False
L004145,C02732,4,87000,66400,10.77,1060,0,False
L004146,C02732,3,1484000,970500,2.84,7260,0,False
L004147,C02733,2,5000,4000,20.8,250,0,False
L004148,C02734,3,920000,795200,3.2,4640,0,False
L004149,C02735,4,258000,185100,7.3,3220,0,False
L004150,C02736,3,2639000,1792600,2.81,10860,1,False
L004151,C02737,3,575000,349500,2.98,2120,0,False
L004152,C02738,3,1978000,1713500,3.04,9510,1,False
L004153,C02738,2,15000,10400,16.87,750,0,False
L004154,C02739,2,66000,10900,10.0,3300,0,False
L004155,C02740,2,5000,2800,19.33,250,1,False
L004156,C02741,1,50000,24900,8.24,980,1,False
L004157,C02741,3,422000,289400,5.31,1950,0,False
L004158,C02742,4,117000,100500,8.95,2060,1,False
L004159,C02743,3,1808000,1226900,3.05,7660,4,False
L004160,C02744,1,305000,271500,6.51,6690,0,False
L004161,C02745,3,1346000,1266600,2.49,5520,0,False
L004162,C02746,3,1515000,820900,2.78,5580,0,False
L004163,C02746,4,136000,93500,8.3,1560,0,False
L004164,C02747,3,1219000,771500,2.38,4390,2,False
L004165,C02747,2,64000,50300,16.79,3200,0,False
L004166,C02747,1,122000,67400,6.69,2700,0,False
L004167,C02747,4,294000,154200,11.74,5100,0,False
L004168,C02748,2,30000,8000,21.45,1500,0,False
L004169,C02748,3,1131000,855300,2.81,4340,0,False
L004170,C02749,3,1171000,1102400,2.22,4530,0,False
L004171,C02750,3,1272000,1176200,2.98,5280,0,False
L004172,C02750,1,272000,71300,4.96,7290,1,False
L004173,C02751,3,1892000,1788000,2.62,7700,0,False
L004174,C02752,4,320000,93700,10.4,5370,0,False
L004175,C02753,3,2023000,1614600,2.81,8420,0,False
L004176,C02753,2,50000,25700,15.55,2500,0,False
L004177,C02754,3,1746000,848600,2.58,6270,0,False
L004178,C02754,2,15000,10300,14.54,750,0,False
L004179,C02755,3,1606000,1409500,3.24,8340,0,False
L004180,C02756,2,27000,2100,14.48,1350,0,False
L004181,C02757,3,1353000,709600,3.46,6640,0,False
L004182,C02757,2,31000,4800,15.56,1550,0,False
L004183,C02758,4,62000,29800,7.66,1860,0,False
L004184,C02758,2,20000,1700,15.79,1000,0,False
L004185,C02759,2,5000,3900,23.09,250,1,False
L004186,C02759,1,50000,33800,7.07,830,1,True
L004187,C02760,2,12000,2800,14.05,600,0,False
L004188,C02761,3,1611000,787400,3.34,5690,3,False
L004189,C02761,1,320000,141900,5.89,12210,1,False
L004190,C02762,2,43000,33600,15.86,2150,0,False
L004191,C02762,3,2344000,1582500,2.45,9970,0,False
L004192,C02763,3,1394000,1135900,3.71,6850,0,False
L004193,C02764,4,347000,265400,8.61,6130,0,False
L004194,C02764,3,2542000,1376800,3.49,9410,1,False
L004195,C02765,3,1690000,804600,2.32,6260,0,False
L004196,C02766,3,704000,561400,3.39,3550,1,False
L004197,C02767,4,338000,178200,7.66,4480,0,False
L004198,C02768,4,78000,56000,9.44,1220,0,False
L004199,C02769,3,2683000,2478100,3.32,11610,0,False
L004200,C02770,2,30000,18500,17.69,1500,2,False
L004201,C02771,4,12000,7200,9.54,510,0,False
L004202,C02772,3,1621000,1141300,2.52,6440,0,False
L004203,C02772,2,22000,8300,17.96,1100,0,False
L004204,C02773,4,68000,31200,10.38,1260,0,False
L004205,C02774,4,46000,36700,12.4,670,0,False
L004206,C02774,2,7000,4100,19.41,350,0,False
L004207,C02775,1,179000,84100,7.28,6280,0,False
L004208,C02776,3,1821000,1336200,2.54,7150,0,False
L004209,C02777,2,9000,500,22.22,450,0,False
L004210,C02778,3,1062000,512000,3.56,4400,1,True
L004211,C02778,4,172000,143700,8.68,4340,0,False
L004212,C02779,1,119000,54700,6.55,1980,2,False
L004213,C02779,3,1433000,743300,2.44,6380,0,False
L004214,C02779,2,71000,19600,17.76,3550,0,False
L004215,C02779,4,367000,115300,7.48,4100,1,False
L004216,C02780,1,115000,102800,8.14,2470,0,False
L004217,C02780,2,15000,3800,15.92,750,0,False
L004218,C02781,2,17000,6300,13.51,850,0,False
L004219,C02782,3,719000,466500,3.49,3070,2,False
L004220,C02783,3,1071000,981900,2.86,5020,2,True
L004221,C02783,4,129000,82500,8.99,4670,1,False
L004222,C02784,3,1669000,1369300,2.67,6340,0,False
L004223,C02785,3,1719000,943300,2.2,7550,0,False
L004224,C02786,1,104000,41500,7.79,2120,0,False
L004225,C02787,3,2316000,1597900,3.18,10150,1,False
L004226,C02788,1,51000,25700,4.98,890,0,False
L004227,C02788,3,1074000,746000,3.11,4090,0,False
L004228,C02789,2,13000,7300,14.55,650,0,False
L004229,C02790,4,129000,40100,6.28,2120,0,False
L004230,C02791,2,23000,18300,17.18,1150,0,False
L004231,C02792,4,44000,26600,8.78,1430,0,False
L004232,C02793,2,36000,2800,15.58,1800,0,False
L004233,C02794,1,214000,103800,5.8,4110,0,False
L004234,C02795,2,47000,18100,12.52,2350,0,False
L004235,C02796,1,392000,297400,6.06,6750,0,False
L004236,C02797,2,5000,3500,11.65,250,0,False
L004237,C02798,1,303000,241700,8.23,6930,0,True
L004238,C02799,2,17000,2100,18.61,850,1,False
L004239,C02800,1,403000,186400,7.12,9910,0,False
L004240,C02800,2,43000,31900,14.06,2150,2,False
L004241,C02801,3,1069000,822200,3.53,4730,0,False
L004242,C02802,2,23000,8200,15.33,1150,0,False
L004243,C02803,2,8000,5500,18.05,400,0,False
L004244,C02804,2,39000,9500,14.05,1950,0,False
L004245,C02805,1,316000,274800,5.91,9880,0,False
L004246,C02806,3,640000,373700,3.46,2890,3,False
L004247,C02806,2,22000,8800,17.81,1100,0,False
L004248,C02807,4,179000,44100,5.11,3250,0,False
L004249,C02808,4,168000,70600,10.19,1890,0,False
L004250,C02808,1,133000,103300,7.49,5040,1,False
L004251,C02809,2,13000,5600,22.16,650,4,False
L004252,C02810,2,5000,2200,17.45,250,1,False
L004253,C02810,1,143000,73600,9.6,5980,0,False
L004254,C02811,1,96000,28200,6.1,1740,0,False
L004255,C02811,2,18000,14300,18.45,900,0,False
L004256,C02812,2,52000,13300,18.76,2600,0,False
L004257,C02812,3,1611000,1423700,2.77,6740,0,False
L004258,C02813,4,302000,82100,9.92,3790,0,False
L004259,C02813,2,37000,12000,14.34,1850,0,False
L004260,C02813,3,1687000,1465500,2.77,7740,0,False
L004261,C02814,2,43000,31000,16.72,2150,1,False
L004262,C02815,3,1459000,973700,2.89,5850,1,False
L004263,C02815,2,35000,11900,15.46,1750,0,False
L004264,C02815,4,342000,175200,9.53,3680,1,False
L004265,C02816,4,179000,116300,11.91,3400,4,False
L004266,C02817,3,1742000,1641400,3.29,8880,2,False
L004267,C02818,2,26000,15500,14.8,1300,0,False
L004268,C02819,4,54000,15700,12.04,590,0,False
L004269,C02820,4,124000,27400,6.01,1900,0,False
L004270,C02820,3,1645000,1485400,2.42,6290,0,False
L004271,C02821,3,2306000,2067500,3.47,12250,0,False
L004272,C02821,1,377000,175000,9.18,6190,1,False
L004273,C02821,2,60000,20200,17.54,3000,4,True
L004274,C02822,4,151000,111500,6.84,2170,0,False
L004275,C02823,3,845000,439200,2.92,3600,0,False
L004276,C02824,2,8000,2700,16.47,400,2,False
L004277,C02825,2,11000,8100,15.88,550,1,True
L004278,C02826,3,737000,333400,2.53,2640,0,False
L004279,C02826,2,14000,6800,19.84,700,0,False
L004280,C02826,4,140000,90700,9.61,1750,0,False
L004281,C02827,1,114000,45400,7.03,3390,0,False
L004282,C02827,2,13000,9900,22.05,650,0,True
L004283,C02828,4,221000,162300,7.97,2870,0,False
L004284,C02828,3,1882000,923500,2.91,7650,0,False
L004285,C02828,1,288000,116700,7.82,9390,0,False
L004286,C02829,4,314000,222400,10.59,5270,0,False
L004287,C02830,2,5000,3200,17.03,250,0,False
L004288,C02831,3,978000,789600,3.55,4460,0,False
L004289,C02832,4,136000,117000,8.14,2130,0,False
L004290,C02833,3,1177000,955700,3.1,5680,0,False
L004291,C02834,3,900000,569600,2.47,3840,1,False
L004292,C02835,4,211000,141700,6.75,3500,0,False
L004293,C02836,1,255000,115500,6.62,4960,1,False
L004294,C02837,3,319000,265400,3.94,1460,1,False
L004295,C02838,2,6000,4100,16.61,300,1,False
L004296,C02839,2,15000,9400,17.39,750,0,False
L004297,C02839,4,165000,114400,6.84,4920,1,False
L004298,C02840,2,28000,18300,15.85,1400,3,False
L004299,C02840,1,157000,76000,10.62,2900,2,False
L004300,C02840,4,144000,121800,16.82,3790,4,True
L004301,C02841,3,734000,676300,3.68,3780,0,False
L004302,C02842,2,49000,15000,20.19,2450,0,False
L004303,C02843,2,8000,6700,15.84,400,0,False
L004304,C02844,3,1236000,1052800,3.29,5290,0,False
L004305,C02845,2,10000,3300,22.51,500,0,False
L004306,C02846,3,2133000,1846800,2.58,8360,1,True
L004307,C02846,2,61000,8500,18.53,3050,0,False
L004308,C02846,1,247000,163100,4.87,6170,2,False
L004309,C02846,4,159000,123900,4.59,3200,4,False
L004310,C02847,2,44000,25400,17.87,2200,0,False
L004311,C02848,3,813000,387300,3.2,3360,0,False
L004312,C02848,1,127000,39800,6.47,1770,0,False
L004313,C02849,2,10000,4800,20.56,500,0,False
L004314,C02850,3,1508000,1327800,3.18,7330,0,False
L004315,C02850,4,168000,126500,9.07,4870,2,False
L004316,C02851,4,68000,18600,9.87,700,0,False
L004317,C02851,3,1181000,609700,2.64,5580,0,False
L004318,C02852,1,196000,155100,5.59,2740,0,False
L004319,C02853,4,256000,149200,10.05,3790,0,False
L004320,C02854,3,1397000,1228100,2.93,6230,1,False
L004321,C02855,2,12000,9700,21.52,600,0,False
L004322,C02856,4,211000,83300,6.84,2190,0,False
L004323,C02857,4,100000,50900,12.26,1230,0,False
L004324,C02858,2,10000,4200,17.41,500,0,False
L004325,C02859,4,147000,79600,8.3,5610,0,False
L004326,C02860,3,1227000,770600,2.2,5080,0,False
L004327,C02860,2,23000,15600,14.49,1150,0,False
L004328,C02861,4,119000,65300,10.44,1350,2,False
L004329,C02862,3,1386000,1041300,2.7,5920,0,False
L004330,C02863,1,97000,34600,9.28,1420,0,False
L004331,C02864,1,318000,205000,5.87,8730,0,False
L004332,C02865,3,2411000,1479700,3.55,10230,0,False
L004333,C02866,1,364000,109800,8.76,12650,1,False
L004334,C02866,3,1824000,1156500,3.31,9130,2,False
L004335,C02867,2,21000,3600,16.8,1050,1,False
L004336,C02868,4,247000,121800,8.93,3080,0,False
L004337,C02869,1,359000,202800,6.48,5300,0,False
L004338,C02869,3,3667000,2351100,3.21,16470,0,False
L004339,C02870,2,38000,28800,13.12,1900,0,False
L004340,C02871,3,861000,810000,2.78,3850,0,False
L004341,C02872,3,1569000,1046900,2.95,6300,0,False
L004342,C02873,3,948000,830400,3.43,5190,1,False
L004343,C02874,1,145000,100200,7.58,3120,1,False
L004344,C02875,2,28000,12900,17.15,1400,2,False
L004345,C02876,3,1310000,630300,2.95,6300,0,False
L004346,C02877,3,1975000,1833900,2.65,8950,0,False
L004347,C02878,2,17000,10600,20.12,850,0,False
L004348,C02879,1,311000,197900,7.38,6830,0,False
L004349,C02879,3,1710000,1483800,2.9,7240,0,False
L004350,C02880,2,19000,1100,19.97,950,0,False
L004351,C02880,4,159000,70700,6.58,1810,0,False
L004352,C02881,2,19000,6100,21.32,950,1,False
L004353,C02881,4,239000,215100,6.23,4070,0,False
L004354,C02882,1,124000,61000,8.75,4050,0,False
L004355,C02882,3,1264000,1087800,3.49,6790,0,False
L004356,C02883,1,156000,62100,5.23,2080,1,False
L004357,C02884,4,295000,61400,6.2,4560,0,False
L004358,C02885,2,11000,5800,17.88,550,0,False
L004359,C02886,3,595000,525600,3.15,2670,0,False
L004360,C02887,3,1873000,1143200,2.64,7700,0,False
L004361,C02888,3,1168000,725200,2.93,4310,0,False
L004362,C02889,1,50000,39900,8.59,1150,0,False
L004363,C02889,3,804000,761600,3.72,4530,1,False
L004364,C02890,2,25000,13700,17.61,1250,0,False
L004365,C02891,2,8000,2200,19.25,400,0,False
L004366,C02892,1,391000,197300,7.75,14780,0,False
L004367,C02893,3,1803000,1178400,2.28,6370,0,False
L004368,C02894,3,1888000,1447800,3.76,9240,2,False
L004369,C02894,1,279000,210100,5.23,4520,3,True
L004370,C02894,4,245000,130100,12.46,10030,0,False
L004371,C02895,2,49000,24500,22.27,2450,0,False
L004372,C02895,1,144000,122400,6.12,2480,0,False
L004373,C02896,4,168000,102700,6.11,6320,0,False
L004374,C02896,2,62000,35100,16.07,3100,0,False
L004375,C02897,2,44000,10200,17.71,2200,0,False
L004376,C02897,1,258000,173400,6.03,4590,0,False
L004377,C02897,3,1589000,1138900,3.51,6290,0,False
L004378,C02898,2,26000,11300,18.78,1300,0,False
L004379,C02898,4,63000,49500,9.92,1000,0,False
L004380,C02899,3,2522000,2118100,2.85,10500,3,False
L004381,C02900,2,22000,8800,20.53,1100,0,False
L004382,C02901,2,11000,2700,18.5,550,0,False
L004383,C02902,3,1206000,1045100,3.94,6580,0,False
L004384,C02903,2,9000,2500,21.54,450,1,False
L004385,C02904,2,62000,14900,15.73,3100,0,False
L004386,C02904,3,2459000,1614800,3.43,10900,0,False
L004387,C02905,2,49000,11200,22.3,2450,0,False
L004388,C02906,1,73000,39400,7.97,1060,0,False
L004389,C02906,2,21000,16000,16.26,1050,0,False
L004390,C02907,2,21000,9900,10.87,1050,0,False
L004391,C02908,3,1298000,799000,3.35,5240,0,True
L004392,C02909,1,232000,134000,4.33,3780,0,False
L004393,C02910,2,6000,3500,21.87,300,2,False
L004394,C02910,1,61000,30300,7.43,2270,0,False
L004395,C02911,2,12000,6700,21.79,600,0,False
L004396,C02912,2,18000,8300,18.72,900,0,False
L004397,C02913,4,111000,33900,12.99,3030,0,False
L004398,C02914,2,28000,3800,21.25,1400,2,False
L004399,C02915,1,307000,136400,9.96,7100,0,False
L004400,C02916,2,48000,16700,15.03,2400,0,False
L004401,C02916,3,1401000,701800,2.67,5840,1,False
L004402,C02917,4,93000,70600,9.99,1920,1,False
L004403,C02918,3,1053000,816000,3.41,4610,4,False
L004404,C02918,1,192000,90600,5.28,5880,0,False
L004405,C02919,4,155000,36700,6.89,1520,0,False
L004406,C02920,3,1898000,1626400,3.34,8390,1,False
L004407,C02920,1,402000,217400,8.51,6550,0,False
L004408,C02920,2,75000,50300,18.55,3750,0,False
L004409,C02921,3,2041000,1395000,2.4,7600,0,False
L004410,C02921,1,253000,182500,7.85,4440,0,False
L004411,C02922,1,278000,216900,5.22,4920,0,False
L004412,C02922,3,1984000,1279500,2.47,8320,0,False
L004413,C02923,3,1913000,1630100,2.96,7630,0,False
L004414,C02923,4,283000,146700,4.5,3870,0,False
L004415,C02924,4,225000,150300,12.3,3110,2,False
L004416,C02924,3,1367000,1169100,3.34,6980,0,False
L004417,C02924,2,17000,3200,13.16,850,0,False
L004418,C02925,3,1494000,776100,2.83,6890,0,False
L004419,C02925,2,11000,1700,17.27,550,0,False
L004420,C02926,4,48000,12700,7.55,470,0,False
L004421,C02927,2,28000,2600,18.01,1400,0,False
L004422,C02928,2,23000,1600,17.45,1150,0,False
L004423,C02929,2,28000,23200,15.94,1400,0,False
L004424,C02930,2,53000,43000,13.19,2650,0,False
L004425,C02930,3,1217000,764500,2.7,5720,0,False
L004426,C02931,4,66000,28000,8.6,810,1,False
L004427,C02932,2,22000,6400,13.45,1100,0,False
L004428,C02932,3,2402000,1830300,3.21,9600,0,False
L004429,C02933,2,7000,5400,17.5,350,0,False
L004430,C02934,3,1600000,1391200,2.53,7670,0,False
L004431,C02935,3,1561000,893500,3.3,6330,0,False
L004432,C02936,1,50000,24000,8.45,920,0,False
L004433,C02937,3,1975000,1562500,2.95,9430,0,False
L004434,C02937,4,289000,206700,5.46,6240,3,False
L004435,C02938,3,1653000,973000,2.52,5730,0,False
L004436,C02939,1,299000,231900,6.44,9250,0,False
L004437,C02940,2,42000,10400,17.51,2100,0,False
L004438,C02941,3,2054000,1594700,2.82,8390,0,False
L004439,C02941,2,36000,10600,18.14,1800,0,False
L004440,C02942,3,1950000,1713200,3.1,8210,0,False
L004441,C02943,3,2526000,1585400,3.37,11230,2,False
L004442,C02943,2,64000,13400,15.41,3200,1,False
L004443,C02943,1,516000,449600,6.99,9730,0,True
L004444,C02944,3,1253000,831800,2.73,4990,0,False
L004445,C02945,3,1795000,1575000,3.01,8540,0,False
L004446,C02945,2,35000,15500,18.9,1750,0,False
L004447,C02945,1,358000,275100,7.94,6710,0,False
L004448,C02946,4,17000,9200,8.07,400,0,False
L004449,C02946,2,5000,2300,19.92,250,0,False
L004450,C02947,3,1874000,1771000,3.03,10130,0,False
L004451,C02948,4,209000,147700,7.8,2310,0,False
L004452,C02948,1,157000,41500,7.06,3910,0,False
L004453,C02949,3,1532000,1250200,3.58,8020,0,False
L004454,C02949,4,64000,50900,5.41,1940,0,False
L004455,C02950,1,207000,122200,8.34,3170,0,False
L004456,C02950,2,31000,13700,17.65,1550,0,False
L004457,C02951,1,160000,124900,7.8,2450,0,False
L004458,C02952,1,156000,41800,7.82,2930,0,False
L004459,C02952,3,1269000,797000,2.28,6010,0,False
L004460,C02953,3,1845000,1581900,2.49,7640,0,False
L004461,C02954,4,114000,76200,9.12,1410,0,False
L004462,C02954,2,54000,29500,18.53,2700,0,False
L004463,C02955,3,472000,227200,3.75,1820,0,False
L004464,C02956,4,63000,52800,7.66,1380,0,True
L004465,C02957,3,1976000,942200,3.19,7460,0,False
L004466,C02958,3,832000,781200,2.48,3240,0,False
L004467,C02958,2,18000,4200,16.65,900,0,False
L004468,C02959,1,320000,202400,4.77,7650,0,False
L004469,C02960,3,1025000,692600,3.42,4670,0,False
L004470,C02961,3,669000,621400,4.73,4110,0,False
L004471,C02962,3,2335000,1426400,3.24,11390,0,False
L004472,C02963,3,1028000,763700,2.9,4290,0,False
L004473,C02963,2,46000,22500,16.33,2300,0,False
L004474,C02964,2,12000,2400,18.29,600,0,False
L004475,C02964,4,43000,36700,11.53,1300,0,False
L004476,C02965,4,267000,130800,5.23,4970,1,False
L004477,C02965,2,51000,32100,14.18,2550,2,False
L004478,C02966,4,192000,73200,5.43,5410,0,False
L004479,C02966,3,1925000,1253300,3.29,7700,1,False
L004480,C02966,1,287000,112100,4.87,8870,1,False
L004481,C02967,2,12000,3200,20.12,600,0,False
L004482,C02967,4,50000,25200,10.99,560,0,True
L004483,C02967,1,105000,76600,10.02,2170,0,True
L004484,C02968,1,175000,79500,4.17,4560,0,False
L004485,C02968,3,830000,609900,3.35,3790,0,False
L004486,C02969,2,20000,10800,18.25,1000,0,False
L004487,C02970,3,2154000,1523300,2.64,10170,1,False
L004488,C02971,3,1120000,816000,2.62,4780,0,False
L004489,C02972,2,18000,14400,17.32,900,0,False
L004490,C02972,1,79000,69500,8.78,1850,0,False
L004491,C02972,4,65000,13100,9.6,830,0,False
L004492,C02973,2,8000,1100,18.26,400,0,False
L004493,C02973,4,20000,7200,6.95,350,0,False
L004494,C02974,2,10000,3300,20.13,500,0,False
L004495,C02975,2,55000,36200,16.39,2750,0,False
L004496,C02975,1,345000,101900,6.07,9550,2,False
L004497,C02976,2,5000,800,14.85,250,0,False
L004498,C02977,4,125000,53000,9.48,1780,0,False
L004499,C02977,3,2494000,1474400,2.51,11400,0,False
L004500,C02978,2,31000,13100,21.58,1550,0,False
L004501,C02979,4,280000,97600,9.42,3460,0,False
L004502,C02980,3,495000,259500,2.5,2170,0,False
L004503,C02981,1,401000,159100,6.42,5270,0,False
L004504,C02981,2,40000,31200,17.81,2000,0,False
L004505,C02981,4,207000,63400,8.51,5120,1,False
L004506,C02981,3,2740000,1444600,3.1,9870,0,False
L004507,C02982,3,977000,706300,3.16,3890,1,False
L004508,C02983,4,209000,73600,7.11,6370,1,False
L004509,C02983,3,977000,825300,2.95,4380,0,False
L004510,C02984,3,919000,575000,3.45,4630,0,False
L004511,C02984,1,132000,85800,9.5,2890,1,False
L004512,C02985,3,2036000,1758400,2.99,9350,0,False
L004513,C02985,2,19000,11200,17.68,950,1,False
L004514,C02986,4,189000,95000,9.54,2050,0,False
L004515,C02986,2,40000,30400,17.87,2000,4,False
L004516,C02986,3,1387000,950000,3.04,5400,1,False
L004517,C02987,2,13000,3900,14.11,650,0,False
L004518,C02988,3,1440000,1085400,3.18,7160,0,False
L004519,C02988,2,12000,9400,19.01,600,0,False
L004520,C02989,4,147000,35700,9.13,1380,0,False
L004521,C02990,1,378000,113500,8.59,5840,0,False
L004522,C02990,4,104000,49900,10.44,2020,1,False
L004523,C02991,3,1213000,636300,3.29,5900,0,False
L004524,C02992,2,23000,19100,18.93,1150,0,False
L004525,C02993,1,314000,232300,8.6,4910,0,False
L004526,C02993,3,1729000,940800,2.2,6260,0,False
L004527,C02994,3,1090000,640200,3.11,4360,0,False
L004528,C02995,4,190000,73800,9.5,2770,0,False
L004529,C02996,3,857000,482500,3.23,3560,0,False
L004530,C02997,3,1581000,1442400,2.63,8020,2,False
L004531,C02998,2,16000,11100,18.6,800,4,True
L004532,C02998,1,133000,108800,9.07,4190,2,False
L004533,C02998,4,91000,77500,10.59,3040,0,False
L004534,C02999,3,1665000,1163400,2.93,8070,0,False
L004535,C03000,4,106000,58100,13.35,1440,1,False
L004536,C03000,2,10000,6500,18.15,500,0,False
L004537,C03001,2,31000,14000,22.0,1550,0,False
L004538,C03001,3,1138000,953700,2.81,4460,0,False
L004539,C03001,4,39000,8700,7.8,900,3,False
L004540,C03001,1,230000,129600,4.96,4090,0,False
L004541,C03002,3,1259000,858400,2.62,4820,0,False
L004542,C03003,3,1524000,1028600,2.58,5560,0,False
L004543,C03003,2,52000,23200,12.51,2600,0,False
L004544,C03004,3,2513000,1329300,2.85,9250,1,False
L004545,C03005,2,6000,600,24.0,300,0,False
L004546,C03006,1,180000,150400,5.28,6890,0,False
L004547,C03007,3,808000,719800,3.23,3450,0,False
L004548,C03008,1,126000,107100,6.83,3070,0,False
L004549,C03009,4,192000,135000,11.46,3460,0,False
L004550,C03009,2,45000,3700,18.26,2250,0,False
L004551,C03010,1,50000,40200,7.03,980,1,False
L004552,C03011,4,139000,95600,11.64,1850,0,False
L004553,C03012,4,238000,136300,6.83,3250,1,False
L004554,C03013,2,5000,3600,17.63,250,0,False
L004555,C03014,3,1930000,939900,3.02,8830,0,False
L004556,C03014,4,242000,168400,7.0,3160,0,False
L004557,C03015,2,15000,10900,22.11,750,1,False
L004558,C03016,3,1678000,1446700,3.73,9360,0,False
L004559,C03017,2,5000,1700,20.16,250,0,False
L004560,C03018,3,1829000,872800,2.94,8400,0,False
L004561,C03019,1,75000,26600,6.48,1640,0,False
L004562,C03020,3,1995000,1371300,3.49,8890,0,False
L004563,C03021,1,171000,82700,7.8,4050,0,False
L004564,C03021,3,1089000,958700,3.34,5230,0,False
L004565,C03021,2,17000,7400,16.11,850,0,False
L004566,C03021,4,99000,22400,11.06,1610,0,False
L004567,C03022,2,5000,4000,15.12,250,0,False
L004568,C03023,3,2271000,1303300,2.8,9210,0,False
L004569,C03024,4,10000,3200,9.5,160,0,False
L004570,C03025,2,28000,16500,13.31,1400,0,False
L004571,C03026,2,44000,11800,16.93,2200,0,False
L004572,C03026,4,209000,108200,5.0,2540,0,False
L004573,C03027,2,16000,8100,19.48,800,1,False
L004574,C03028,3,1687000,1524200,3.24,7390,0,False
L004575,C03029,1,150000,69100,6.71,2590,0,False
L004576,C03030,1,379000,131300,6.0,5820,1,False
L004577,C03031,4,136000,97900,5.27,2400,0,False
L004578,C03032,1,310000,145800,5.7,8040,3,False
L004579,C03033,3,2188000,1041100,2.7,9370,0,False
L004580,C03034,3,1322000,731200,3.0,5140,0,False
L004581,C03034,2,17000,1500,14.46,850,4,False
L004582,C03034,4,176000,75400,7.01,5620,1,False
L004583,C03035,3,987000,572600,3.13,4920,2,False
L004584,C03035,4,271000,122000,10.48,3630,0,False
L004585,C03036,3,2031000,1843400,2.63,8390,0,False
L004586,C03037,4,140000,84000,11.34,2640,0,False
L004587,C03037,1,59000,30900,6.71,860,0,False
L004588,C03038,3,1147000,701600,2.59,5300,1,False
L004589,C03039,2,11000,2200,15.44,550,0,False
L004590,C03039,4,41000,21600,9.99,440,0,False
L004591,C03040,3,1219000,647400,2.86,4370,0,False
L004592,C03041,2,17000,3100,16.31,850,1,False
L004593,C03042,1,181000,63700,4.73,2260,0,False
L004594,C03043,2,63000,41400,14.94,3150,0,False
L004595,C03043,4,121000,93600,8.66,2240,0,False
L004596,C03044,4,152000,74900,10.38,1650,0,False
L004597,C03044,1,138000,51200,6.03,2980,0,False
L004598,C03045,3,1027000,655000,3.42,4300,0,False
L004599,C03045,2,9000,3700,20.78,450,0,False
L004600,C03045,1,100000,78000,6.01,2810,1,False
L004601,C03046,3,1213000,1011100,2.33,4620,1,False
L004602,C03046,1,204000,90900,5.62,5910,0,False
L004603,C03046,4,136000,73100,6.73,2430,2,False
L004604,C03046,2,60000,46200,16.35,3000,0,False
L004605,C03047,3,2324000,1246400,2.85,10170,0,False
L004606,C03048,3,2099000,1595100,3.05,8750,0,False
L004607,C03048,4,366000,251100,8.98,4520,0,False
L004608,C03049,3,1252000,696800,2.81,5420,2,False
L004609,C03049,4,144000,32300,10.12,1680,0,False
L004610,C03049,1,197000,74100,6.45,5920,0,False
L004611,C03050,3,1811000,1579200,2.55,7230,0,False
L004612,C03051,2,17000,3800,18.86,850,0,False
L004613,C03052,3,1851000,1091200,2.88,7820,0,False
L004614,C03053,4,210000,118400,12.05,3540,2,False
L004615,C03053,2,50000,41200,16.12,2500,0,False
L004616,C03054,3,1946000,1661600,2.69,9130,2,False
L004617,C03055,3,2578000,1220800,2.5,8890,2,False
L004618,C03055,2,28000,6800,17.96,1400,2,False
L004619,C03055,4,207000,90000,7.05,2850,0,False
L004620,C03056,2,19000,6600,19.58,950,0,False
L004621,C03057,4,184000,149300,8.62,2440,0,False
L004622,C03058,1,136000,120300,5.85,2720,0,False
L004623,C03059,2,29000,1900,21.66,1450,0,False
L004624,C03060,3,876000,455400,2.99,3230,0,False
L004625,C03061,3,1200000,963000,2.98,6000,0,False
L004626,C03062,1,345000,142200,8.18,5600,0,False
L004627,C03062,4,121000,39900,6.06,2100,0,False
L004628,C03063,3,2414000,1870700,2.52,11610,0,False
L004629,C03063,2,37000,30700,15.48,1850,1,False
L004630,C03063,1,422000,196000,7.99,6140,0,False
L004631,C03064,2,9000,2400,19.8,450,0,False
L004632,C03064,3,772000,569000,3.2,3950,0,False
L004633,C03065,3,2030000,1655800,3.0,8550,0,False
L004634,C03065,1,563000,341600,7.26,8370,0,False
L004635,C03066,2,84000,68000,16.08,4200,0,False
L004636,C03066,3,2361000,1834900,3.17,9950,0,False
L004637,C03067,1,318000,272800,7.63,6610,0,False
L004638,C03068,1,66000,29800,6.65,1280,0,False
L004639,C03068,3,1463000,1291700,3.13,6190,0,False
L004640,C03069,2,38000,3300,17.22,1900,0,False
L004641,C03070,4,66000,23600,6.41,2210,0,False
L004642,C03070,3,1537000,993000,2.8,7370,0,False
L004643,C03070,2,31000,5400,19.75,1550,0,False
L004644,C03071,2,11000,3600,12.33,550,1,False
L004645,C03071,1,50000,16800,8.72,670,0,False
L004646,C03071,4,93000,27600,5.0,1900,4,False
L004647,C03072,2,12000,7200,19.53,600,0,False
L004648,C03073,2,16000,8200,16.42,800,0,True
L004649,C03074,3,1799000,967100,2.61,8020,0,False
L004650,C03074,4,318000,166200,10.61,4000,1,False
L004651,C03074,1,212000,158000,9.28,5300,0,False
L004652,C03075,4,259000,213800,8.53,4780,0,False
L004653,C03076,3,1405000,632600,2.87,5290,0,False
L004654,C03077,3,1218000,1077300,2.88,5510,0,False
L004655,C03078,3,977000,724500,3.62,4120,0,False
L004656,C03079,3,1523000,829400,3.6,5820,0,False
L004657,C03080,4,102000,75100,6.58,1330,0,False
L004658,C03080,3,701000,562200,2.55,3140,0,False
L004659,C03081,3,979000,915900,3.41,4620,0,False
L004660,C03081,1,134000,89600,7.56,2030,0,False
L004661,C03082,2,23000,11200,17.58,1150,0,False
L004662,C03083,3,1386000,1294200,2.83,5800,3,False
L004663,C03083,1,346000,245800,5.46,6050,1,False
L004664,C03084,1,189000,150600,3.71,3090,0,False
L004665,C03084,2,44000,8300,13.84,2200,0,False
L004666,C03085,3,1934000,1493700,2.61,7280,0,False
L004667,C03085,1,306000,254900,5.95,7380,0,False
L004668,C03086,2,25000,4900,20.12,1250,1,False
L004669,C03086,3,1060000,992100,2.86,4910,0,False
L004670,C03087,3,2114000,1075400,3.66,10030,0,False
L004671,C03087,1,261000,182700,6.74,5110,0,False
L004672,C03088,4,229000,134300,9.08,4740,0,False
L004673,C03089,3,1882000,1172200,2.66,7210,4,False
L004674,C03089,1,372000,283700,6.79,8520,1,False
L004675,C03090,3,1866000,1660900,2.22,7290,0,False
L004676,C03091,3,2607000,1581100,2.65,9910,0,False
L004677,C03091,4,189000,45800,10.37,2500,0,False
L004678,C03091,2,38000,29300,20.91,1900,0,False
L004679,C03092,4,192000,77100,6.57,2630,0,False
L004680,C03093,2,36000,25800,14.57,1800,0,False
L004681,C03094,1,176000,95700,3.71,2610,0,False
L004682,C03094,3,1784000,1629900,2.59,9220,0,False
L004683,C03095,3,1904000,1376300,2.61,7060,0,False
L004684,C03095,4,121000,107100,8.54,1460,0,False
L004685,C03096,1,504000,126800,3.8,8140,0,False
L004686,C03097,3,1125000,694300,2.66,4430,0,False
L004687,C03098,3,2019000,1093500,2.99,7480,0,False
L004688,C03099,2,50000,6800,16.39,2500,0,False
L004689,C03099,4,115000,75700,10.19,1660,0,False
L004690,C03100,3,1910000,1772200,3.26,10540,0,False
L004691,C03100,4,209000,123300,6.95,2280,0,False
L004692,C03100,2,54000,41000,19.91,2700,0,False
L004693,C03100,1,124000,85400,6.03,3940,2,False
L004694,C03101,3,1462000,1173800,2.34,5500,0,False
L004695,C03102,3,1538000,1357700,3.11,8050,0,False
L004696,C03102,4,296000,135500,7.65,6620,1,False
L004697,C03103,3,1086000,722600,3.0,5380,0,False
L004698,C03104,3,2134000,1551500,2.47,7970,0,False
L004699,C03105,3,1351000,1238400,4.07,7180,0,False
L004700,C03105,1,61000,46600,6.03,1060,3,False
L004701,C03106,2,59000,13300,16.1,2950,0,False
L004702,C03107,3,2381000,1186900,2.58,9110,0,False
L004703,C03108,2,39000,26900,16.43,1950,0,False
L004704,C03108,1,107000,54300,5.2,1390,1,False
L004705,C03109,4,208000,138800,8.27,2660,2,False
L004706,C03109,3,1731000,1214700,3.2,7870,1,False
L004707,C03110,2,66000,8200,19.12,3300,0,False
L004708,C03110,1,226000,98700,7.2,3600,0,False
L004709,C03111,4,344000,298800,7.74,4940,0,False
L004710,C03111,3,1170000,915400,3.09,6020,0,False
L004711,C03112,2,6000,3200,17.5,300,0,False
L004712,C03113,3,2053000,934100,2.51,7430,0,False
L004713,C03113,2,46000,29700,21.07,2300,0,False
L004714,C03114,3,1371000,637800,2.28,6280,0,False
L004715,C03115,3,2644000,1927300,3.06,11660,0,False
L004716,C03116,2,26000,21000,16.43,1300,1,False
L004717,C03117,4,76000,29700,10.5,1630,0,False
L004718,C03118,2,27000,14300,20.2,1350,0,False
L004719,C03119,2,11000,8800,21.2,550,0,False
L004720,C03120,1,81000,40100,6.16,2620,0,False
L004721,C03121,3,1338000,962800,2.8,5430,0,False
L004722,C03122,2,20000,2700,17.46,1000,0,False
L004723,C03123,2,5000,4100,21.9,250,1,False
L004724,C03124,3,1900000,1486900,2.2,8920,0,False
L004725,C03125,4,115000,78800,8.06,3200,0,False
L004726,C03125,3,2070000,1598000,2.99,8080,0,False
L004727,C03125,1,500000,392800,8.51,9860,1,False
L004728,C03125,2,56000,31400,17.6,2800,0,False
L004729,C03126,4,14000,2900,10.25,380,2,False
L004730,C03127,3,1387000,643700,2.93,6190,0,False
L004731,C03127,1,116000,85000,5.77,3490,0,False
L004732,C03128,3,1661000,1413600,3.06,7210,0,False
L004733,C03129,2,15000,10500,16.22,750,0,False
L004734,C03130,2,9000,2200,19.15,450,0,False
L004735,C03131,1,92000,37200,6.35,2170,0,False
L004736,C03132,4,93000,76500,10.45,1660,0,False
L004737,C03133,2,15000,5000,16.86,750,0,False
L004738,C03134,3,1942000,874300,2.92,6540,0,False
L004739,C03135,2,37000,9100,17.35,1850,0,False
L004740,C03135,3,1750000,965000,3.86,8380,1,False
L004741,C03135,4,119000,45900,8.29,1480,0,False
L004742,C03136,1,353000,96100,6.65,5340,2,False
L004743,C03137,3,2172000,1843300,2.98,10530,0,False
L004744,C03137,2,28000,21200,15.87,1400,1,False
L004745,C03138,4,161000,123300,9.95,2800,0,False
L004746,C03139,1,197000,116700,6.2,3030,0,False
L004747,C03139,3,1088000,752500,2.63,5210,1,False
L004748,C03140,2,31000,24500,16.58,1550,2,False
L004749,C03141,1,367000,203600,3.5,5970,0,False
L004750,C03141,3,1267000,902400,3.13,5220,0,False
L004751,C03142,4,235000,200300,4.5,5160,0,False
L004752,C03143,4,128000,82700,9.24,1620,0,False
L004753,C03144,3,953000,615900,3.12,4530,4,False
L004754,C03145,3,2425000,1900400,3.22,11810,0,False
L004755,C03146,3,1281000,947500,2.45,5900,0,False
L004756,C03147,4,186000,78600,7.18,2500,1,False
L004757,C03147,3,1587000,1502700,2.79,6450,0,False
L004758,C03148,4,150000,94000,10.9,1750,3,False
L004759,C03148,1,194000,144200,8.13,3150,0,False
L004760,C03148,2,7000,4100,18.07,350,0,False
L004761,C03149,3,3373000,2316800,2.5,12050,0,False
L004762,C03149,4,416000,128400,5.62,12000,4,False
L004763,C03150,4,119000,36200,8.23,1300,0,False
L004764,C03151,2,23000,12100,18.15,1150,0,False
L004765,C03152,3,1153000,676300,2.57,5370,0,False
L004766,C03152,4,138000,109600,6.71,1720,1,False
L004767,C03153,3,928000,664100,2.27,3860,1,False
L004768,C03154,3,1569000,1368200,3.41,8110,0,False
L004769,C03155,3,1684000,1349400,3.06,7330,0,False
L004770,C03156,1,50000,24200,9.88,710,1,False
L004771,C03156,2,19000,9300,15.67,950,0,False
L004772,C03157,2,39000,13900,17.89,1950,0,False
L004773,C03157,4,236000,92500,10.52,3010,0,False
L004774,C03157,1,100000,70000,7.13,2630,0,False
L004775,C03158,1,151000,108500,6.58,2630,0,False
L004776,C03159,3,669000,321100,2.68,2310,2,False
L004777,C03159,1,196000,62500,4.83,3110,0,False
L004778,C03160,3,1169000,961700,2.61,4440,1,False
L004779,C03160,1,380000,258900,5.4,8010,0,False
L004780,C03161,3,2193000,1412700,2.87,8470,0,False
L004781,C03161,1,185000,148200,6.59,3400,0,False
L004782,C03162,2,8000,1400,19.87,400,0,False
L004783,C03163,2,38000,12400,15.02,1900,0,False
L004784,C03163,1,115000,97600,3.55,4590,0,False
L004785,C03164,3,1787000,846200,2.84,6170,0,False
L004786,C03165,4,77000,18300,10.24,2120,0,False
L004787,C03166,4,85000,54700,9.65,1100,0,False
L004788,C03166,3,1443000,1107500,3.3,7000,0,False
L004789,C03166,2,26000,15100,16.52,1300,1,False
L004790,C03167,2,27000,20000,17.28,1350,2,False
L004791,C03167,1,136000,57500,8.58,1910,0,False
L004792,C03168,1,106000,53100,7.21,2480,0,False
L004793,C03169,3,1284000,807200,3.13,4980,0,False
L004794,C03170,3,2240000,1586600,3.14,10160,0,False
L004795,C03170,2,25000,16300,16.58,1250,0,False
L004796,C03170,4,285000,96900,12.5,3320,0,False
L004797,C03171,2,5000,600,18.45,250,0,False
L004798,C03171,4,64000,21300,13.28,2260,0,False
L004799,C03171,1,50000,30300,9.25,760,3,False
L004800,C03172,2,22000,16600,20.28,1100,0,False
L004801,C03173,3,1617000,821200,2.2,5630,0,False
L004802,C03174,1,107000,59300,9.1,1990,0,False
L004803,C03175,2,23000,8100,17.59,1150,0,False
L004804,C03175,1,128000,91100,7.53,2640,0,False
L004805,C03176,2,21000,17300,18.06,1050,1,False
L004806,C03176,1,97000,71000,6.45,3750,0,False
L004807,C03177,1,187000,50900,6.17,4060,0,False
L004808,C03178,2,36000,30500,16.5,1800,0,False
L004809,C03179,3,813000,486800,2.88,3230,0,False
L004810,C03180,4,302000,235200,8.19,8700,2,False
L004811,C03181,3,2004000,1694900,3.09,10460,0,False
L004812,C03182,2,12000,7900,14.26,600,0,False
L004813,C03182,3,1482000,1078800,3.02,6010,0,False
L004814,C03183,3,2340000,1876200,3.25,12160,0,False
L004815,C03184,4,175000,127300,9.12,6050,0,False
L004816,C03184,2,53000,3000,16.7,2650,0,False
L004817,C03185,4,31000,19300,5.83,440,0,False
L004818,C03186,2,8000,2300,19.02,400,0,False
L004819,C03186,4,60000,35800,10.88,720,2,False
L004820,C03186,1,50000,29600,8.99,720,1,False
L004821,C03187,3,1401000,674100,3.83,5340,0,False
L004822,C03188,3,1383000,919000,3.17,6110,0,False
L004823,C03189,3,1532000,882500,3.25,6510,0,False
L004824,C03190,3,1506000,908600,2.56,6470,1,False
L004825,C03191,4,280000,69100,9.84,2690,0,False
L004826,C03192,4,124000,42300,7.99,1210,0,False
L004827,C03192,3,1183000,669900,2.9,5050,0,False
L004828,C03193,3,819000,443900,2.59,3140,0,False
L004829,C03193,2,11000,9100,11.74,550,2,False
L004830,C03194,3,2337000,1949000,3.15,9460,0,False
L004831,C03195,3,1438000,1014700,3.21,5540,0,False
L004832,C03195,1,206000,168500,5.16,8810,1,False
L004833,C03195,4,63000,38200,12.85,790,0,False
L004834,C03196,3,1169000,854300,2.49,4630,1,False
L004835,C03197,4,214000,135500,9.38,7340,0,False
L004836,C03198,4,214000,181300,8.67,3550,0,False
L004837,C03199,1,58000,16600,8.17,820,0,False
L004838,C03200,3,1648000,1555700,3.17,7150,0,False
L004839,C03201,2,42000,5300,14.35,2100,0,False
L004840,C03201,3,1857000,1597500,2.73,7900,0,False
L004841,C03202,2,58000,20800,15.9,2900,0,False
L004842,C03203,2,12000,5100,23.17,600,0,False
L004843,C03204,2,6000,2000,16.67,300,0,False
L004844,C03205,3,1990000,1646300,2.82,9240,0,False
L004845,C03205,4,156000,61600,7.77,4070,2,False
L004846,C03206,3,579000,381100,2.89,2310,0,False
L004847,C03206,2,28000,15900,16.02,1400,0,False
L004848,C03207,1,225000,195700,7.28,3750,0,False
L004849,C03208,4,39000,23600,7.09,610,0,False
L004850,C03208,1,115000,102400,8.32,3390,0,False
L004851,C03209,4,414000,283400,9.4,5160,0,False
L004852,C03210,3,1211000,961300,2.74,5410,0,False
L004853,C03211,3,1783000,1095700,3.11,8010,0,False
L004854,C03212,1,183000,116300,7.39,4130,0,False
L004855,C03212,3,866000,594000,3.11,3980,0,False
L004856,C03212,2,26000,6600,13.51,1300,0,False
L004857,C03212,4,80000,18800,5.33,800,4,False
L004858,C03213,2,40000,26900,17.8,2000,0,False
L004859,C03214,2,34000,13900,20.91,1700,1,False
L004860,C03214,3,1551000,731800,3.03,5800,0,False
L004861,C03215,3,1383000,1119900,3.58,6580,0,False
L004862,C03215,2,11000,3900,21.16,550,1,False
L004863,C03216,3,1013000,878100,3.43,4490,0,False
L004864,C03217,2,45000,11600,20.72,2250,0,False
L004865,C03217,1,283000,158700,7.2,4470,0,False
L004866,C03218,2,5000,2900,19.69,250,0,False
L004867,C03219,3,1395000,1153400,3.23,6330,0,False
L004868,C03220,3,1367000,1265700,2.44,5520,2,False
L004869,C03221,4,106000,70900,10.78,1920,1,False
L004870,C03221,3,1771000,1016000,3.05,8430,0,False
L004871,C03221,2,60000,43100,13.77,3000,0,False
L004872,C03222,3,1884000,1108700,2.58,8800,0,False
L004873,C03223,4,86000,27800,8.21,1170,0,False
L004874,C03224,2,5000,3500,15.66,250,0,False
L004875,C03225,3,790000,455600,4.09,3540,1,False
L004876,C03225,1,163000,116200,7.6,6200,2,False
L004877,C03226,3,2392000,2133700,2.73,10420,0,False
L004878,C03226,1,397000,233500,6.91,7390,0,False
L004879,C03226,4,163000,92900,4.5,3180,0,False
L004880,C03227,2,34000,20700,15.18,1700,0,False
L004881,C03228,2,23000,2800,20.28,1150,0,True
L004882,C03228,1,50000,38400,6.53,740,0,False
L004883,C03229,4,161000,60400,4.5,3140,0,False
L004884,C03229,3,1064000,892700,3.19,4600,3,False
L004885,C03230,1,193000,92900,5.0,4240,0,False
L004886,C03230,3,1411000,988100,2.83,6150,0,False
L004887,C03231,4,160000,107900,4.5,1820,0,False
L004888,C03231,3,1369000,726300,3.03,5050,1,False
L004889,C03231,2,24000,16800,20.05,1200,3,False
L004890,C03231,1,144000,69600,7.76,2920,0,False
L004891,C03232,3,2384000,1245100,2.82,8490,0,False
L004892,C03232,4,354000,219800,10.91,5030,0,False
L004893,C03232,2,48000,29900,10.0,2400,2,False
L004894,C03233,4,98000,55900,10.05,1550,0,False
L004895,C03234,1,128000,81600,7.92,1890,0,False
L004896,C03235,1,429000,145300,7.63,6550,0,False
L004897,C03236,3,1714000,919000,3.07,6490,0,False
L004898,C03236,2,63000,39300,13.34,3150,2,False
L004899,C03236,4,344000,168200,7.47,4380,0,False
L004900,C03237,3,1031000,934500,3.07,4330,0,False
L004901,C03238,1,189000,105600,6.78,3420,0,False
L004902,C03239,2,33000,14500,14.73,1650,0,False
L004903,C03240,1,174000,151700,5.79,6460,2,False
L004904,C03240,3,1391000,958400,2.56,5990,1,False
L004905,C03241,3,1341000,1129200,3.19,7000,0,False
L004906,C03241,2,51000,8700,18.3,2550,0,False
L004907,C03242,2,61000,22900,21.41,3050,0,False
L004908,C03242,3,2015000,1358500,2.79,7440,0,False
L004909,C03243,3,1900000,1574100,2.42,7120,1,False
L004910,C03243,2,54000,22600,21.13,2700,4,True
L004911,C03243,4,380000,289900,10.83,15910,2,False
L004912,C03244,4,46000,28100,10.18,620,1,False
L004913,C03244,1,145000,109000,9.33,4350,1,False
L004914,C03244,2,21000,12000,16.3,1050,0,False
L004915,C03245,1,251000,67900,3.99,3510,0,False
L004916,C03246,3,2103000,1827800,2.74,8930,0,False
L004917,C03246,2,59000,45500,19.1,2950,0,False
L004918,C03247,3,2782000,2577600,3.13,13850,0,False
L004919,C03247,2,64000,27300,15.16,3200,1,False
L004920,C03247,4,251000,162600,6.19,3160,0,False
L004921,C03248,3,1554000,1376500,2.69,7620,0,False
L004922,C03249,3,2164000,1146600,2.88,8380,0,False
L004923,C03250,2,17000,1100,18.36,850,0,False
L004924,C03251,3,1416000,1206500,3.58,6240,0,False
L004925,C03252,2,19000,15000,18.06,950,0,False
L004926,C03252,3,1656000,1088000,2.76,6080,0,False
L004927,C03253,2,27000,12800,14.5,1350,0,False
L004928,C03254,3,2056000,1697900,2.78,9380,0,False
L004929,C03254,4,177000,78300,6.05,5110,2,True
L004930,C03254,2,36000,19800,16.55,1800,0,False
L004931,C03255,3,2407000,1702900,2.88,10730,0,False
L004932,C03255,4,265000,60200,8.48,6260,0,False
L004933,C03256,1,134000,51600,7.58,4480,0,False
L004934,C03257,2,45000,7800,15.4,2250,0,False
L004935,C03257,4,69000,50200,12.54,960,0,False
L004936,C03257,3,2326000,2011300,2.34,10170,0,False
L004937,C03257,1,328000,211500,6.19,9040,2,False
L004938,C03258,2,13000,5200,20.09,650,0,False
L004939,C03259,1,166000,86000,6.54,3830,0,False
L004940,C03259,2,42000,21300,16.27,2100,0,False
L004941,C03260,2,12000,6400,20.08,600,0,False
L004942,C03260,3,366000,221100,2.98,1430,0,False
L004943,C03261,4,150000,99000,9.47,3420,0,False
L004944,C03261,3,911000,578400,3.88,4000,1,False
L004945,C03262,1,255000,143100,9.6,4110,2,False
L004946,C03262,2,65000,29900,15.63,3250,2,False
L004947,C03262,3,1978000,978800,3.05,8420,0,False
L004948,C03263,2,11000,2900,16.8,550,0,False
L004949,C03263,3,1249000,880800,3.11,5330,0,False
L004950,C03263,4,206000,89800,5.53,2650,0,False
L004951,C03264,2,24000,4900,13.1,1200,0,False
L004952,C03265,3,2641000,1622700,3.75,11130,0,False
L004953,C03265,2,99000,38400,16.99,4950,0,False
L004954,C03265,4,500000,251300,12.57,8050,0,False
L004955,C03266,1,104000,90400,5.0,1810,0,False
L004956,C03267,4,163000,96600,7.65,2260,1,False
L004957,C03268,3,1482000,1068900,2.86,5850,0,False
L004958,C03269,2,5000,2300,14.74,250,0,False
L004959,C03270,2,10000,7100,19.77,500,0,False
L004960,C03271,3,1049000,754200,3.04,4690,1,False
L004961,C03271,2,24000,6800,16.59,1200,0,False
L004962,C03272,3,477000,436800,3.2,2410,0,False
L004963,C03273,4,28000,12300,11.2,340,0,False
L004964,C03273,1,54000,23500,7.16,980,0,False
L004965,C03274,4,283000,240000,6.35,3250,1,False
L004966,C03274,3,1626000,1154000,2.5,8030,0,False
L004967,C03275,4,255000,84600,10.38,2680,0,False
L004968,C03276,3,1018000,854800,3.12,4290,0,False
L004969,C03276,2,32000,14000,13.67,1600,0,False
L004970,C03277,2,33000,25000,16.28,1650,0,False
L004971,C03278,3,1197000,850700,2.31,4520,0,False
L004972,C03279,3,925000,785800,3.45,4940,0,False
L004973,C03280,3,2045000,1590500,2.6,9260,0,False
L004974,C03280,2,35000,24900,16.85,1750,0,False
L004975,C03281,2,43000,32200,17.01,2150,1,False
L004976,C03281,1,434000,375100,7.0,12190,2,False
L004977,C03281,3,2229000,1205100,3.1,8810,0,True
L004978,C03282,2,13000,2500,17.77,650,2,False
L004979,C03282,1,150000,126000,8.37,6770,1,False
L004980,C03283,3,2214000,1030000,2.65,7850,0,False
L004981,C03284,3,664000,308300,2.96,2890,3,False
L004982,C03284,1,59000,22200,7.85,1090,0,False
L004983,C03285,1,100000,61700,10.9,2360,1,False
L004984,C03285,2,26000,11300,24.0,1300,0,False
L004985,C03286,4,127000,107700,8.59,1580,0,False
L004986,C03287,2,40000,15400,22.3,2000,0,False
L004987,C03288,2,6000,2700,22.46,300,0,False
L004988,C03288,4,103000,25900,13.9,3410,1,False
L004989,C03289,2,23000,15200,13.97,1150,0,False
L004990,C03290,4,77000,43100,6.87,1670,1,False
L004991,C03291,2,7000,400,16.71,350,0,False
L004992,C03292,3,359000,285300,3.71,1520,0,False
L004993,C03293,4,338000,109800,7.73,5370,1,False
L004994,C03293,3,1312000,1035400,3.26,6930,0,False
L004995,C03294,3,2560000,2270300,2.94,11720,0,False
L004996,C03295,4,174000,119500,6.74,3680,0,False
L004997,C03296,2,5000,3100,18.3,250,0,True
L004998,C03297,1,157000,69900,6.89,3710,2,False
L004999,C03298,2,7000,4800,21.61,350,0,False
L005000,C03299,2,6000,4600,19.64,300,0,False
L005001,C03299,1,127000,35000,5.68,3010,0,False
L005002,C03300,3,493000,271000,3.61,1850,0,False
L005003,C03301,3,1889000,1434800,2.91,8370,1,False
L005004,C03302,3,1166000,871900,2.92,4770,0,False
L005005,C03303,3,1828000,831800,3.45,6490,1,False
L005006,C03304,3,1814000,1052100,3.14,8680,0,False
L005007,C03305,2,25000,8200,17.14,1250,0,False
L005008,C03306,3,2296000,1422600,2.73,8260,1,False
L005009,C03306,1,271000,154700,6.5,4520,0,False
L005010,C03307,3,1155000,1009100,2.83,4970,0,False
L005011,C03308,2,5000,3400,23.3,250,1,True
L005012,C03309,4,407000,164400,7.62,17020,0,False
L005013,C03309,3,2672000,1997100,3.41,11700,0,False
L005014,C03310,3,1776000,1677300,3.4,8690,4,False
L005015,C03310,4,178000,121100,9.24,3190,0,False
L005016,C03311,3,1553000,1132700,2.85,6880,0,False
L005017,C03312,3,2499000,1325500,2.67,9610,0,False
L005018,C03312,2,30000,6600,13.36,1500,0,False
L005019,C03313,1,168000,115800,4.63,4690,1,False
L005020,C03313,2,21000,11900,14.38,1050,0,False
L005021,C03314,2,5000,1700,23.5,250,0,False
L005022,C03315,1,66000,22600,5.13,1030,0,False
L005023,C03316,3,1820000,1633000,2.98,8200,0,False
L005024,C03317,2,14000,4700,17.74,700,0,False
L005025,C03318,2,6000,3400,15.22,300,2,False
L005026,C03319,2,11000,5800,14.93,550,1,False
L005027,C03320,2,6000,2900,16.83,300,1,False
L005028,C03321,4,127000,35700,10.38,3140,0,False
L005029,C03321,3,1448000,1347000,2.89,6510,1,False
L005030,C03322,4,103000,22200,6.58,1300,0,False
L005031,C03323,3,2200000,1642300,2.28,7920,0,False
L005032,C03323,4,276000,202900,8.59,3510,0,False
L005033,C03324,2,26000,15700,15.88,1300,0,False
L005034,C03325,3,966000,649200,2.81,4370,0,False
L005035,C03326,3,2107000,1389400,2.95,10200,0,False
L005036,C03327,4,16000,4400,8.67,380,0,False
L005037,C03328,4,311000,100000,6.62,7440,0,False
L005038,C03329,2,66000,42200,22.0,3300,0,False
L005039,C03329,3,1501000,1007700,3.02,7160,0,False
L005040,C03330,4,178000,92200,11.35,2720,0,False
L005041,C03331,2,46000,29400,14.04,2300,1,False
L005042,C03331,1,342000,138500,6.92,4750,0,False
L005043,C03331,3,2463000,1886100,2.65,12270,1,False
L005044,C03332,2,17000,11400,16.77,850,4,False
L005045,C03333,3,1619000,1496000,3.16,7010,0,False
L005046,C03334,3,1066000,514400,3.34,4270,4,False
L005047,C03335,2,5000,1800,16.34,250,2,False
L005048,C03335,4,16000,12200,9.3,490,0,False
L005049,C03336,4,212000,59400,7.28,2390,0,False
L005050,C03337,2,20000,14900,18.87,1000,0,False
L005051,C03337,4,80000,64700,10.57,2330,0,False
L005052,C03338,4,215000,86500,6.06,2450,0,False
L005053,C03339,3,1887000,1044000,2.63,6840,0,False
L005054,C03340,1,217000,121800,4.04,6310,0,False
L005055,C03340,3,1755000,1582500,2.74,7490,0,False
L005056,C03341,1,142000,99000,6.01,3560,0,False
L005057,C03341,4,143000,104900,11.56,2830,0,False
L005058,C03342,4,97000,38900,10.31,990,0,True
L005059,C03343,3,1713000,904300,3.4,7570,0,False
L005060,C03344,2,22000,3200,16.64,1100,1,False
L005061,C03344,1,169000,90400,4.6,3800,0,False
L005062,C03345,3,1912000,1750900,3.0,8050,2,False
L005063,C03345,1,311000,244300,9.13,10770,0,False
L005064,C03345,4,105000,64800,8.23,1250,1,False
L005065,C03346,3,1340000,862900,2.78,5600,0,False
L005066,C03346,2,39000,31000,16.27,1950,0,False
L005067,C03347,4,121000,38400,5.84,1700,1,False
L005068,C03348,4,204000,175700,14.52,4180,0,False
L005069,C03349,3,873000,453700,3.44,3940,0,False
L005070,C03349,2,13000,2800,17.78,650,2,False
L005071,C03350,4,59000,48800,6.67,760,0,False
L005072,C03350,3,1562000,1114300,2.87,6660,0,False
L005073,C03351,3,1904000,1718600,3.23,8180,2,False
L005074,C03351,1,231000,201700,6.3,4950,0,False
L005075,C03352,2,27000,15700,16.82,1350,0,False
L005076,C03352,1,321000,209900,6.47,5600,0,False
L005077,C03352,3,1195000,979800,2.61,4970,0,False
L005078,C03353,3,776000,433100,3.26,3560,3,False
L005079,C03353,2,19000,12000,19.03,950,0,False
L005080,C03354,2,15000,7200,16.63,750,0,False
L005081,C03355,3,709000,561200,3.01,3030,0,False
L005082,C03355,2,12000,1900,18.36,600,0,False
L005083,C03356,2,5000,4100,16.56,250,0,False
L005084,C03356,1,50000,18200,8.81,800,0,True
L005085,C03357,3,1823000,875200,2.84,7100,0,False
L005086,C03358,3,2042000,1326100,2.92,10170,0,False
L005087,C03359,3,531000,360100,3.13,2640,3,False
L005088,C03360,2,48000,17000,16.3,2400,0,False
L005089,C03361,3,1224000,759200,3.44,4960,0,False
L005090,C03362,3,2334000,1561300,2.82,9500,1,False
L005091,C03363,1,385000,225200,6.72,10460,0,False
L005092,C03363,3,1642000,780300,2.76,5900,0,False
L005093,C03364,3,1239000,846200,2.2,4960,0,False
L005094,C03364,4,111000,58400,4.54,2200,0,False
L005095,C03364,1,238000,66100,5.96,3180,0,False
L005096,C03365,3,1104000,1019500,3.83,5200,0,False
L005097,C03365,2,17000,9600,18.33,850,0,False
L005098,C03366,2,44000,20300,20.2,2200,0,False
L005099,C03367,1,66000,31300,6.5,1210,1,False
L005100,C03368,3,2473000,2176900,3.69,11330,0,False
L005101,C03369,2,5000,1200,14.83,250,0,False
L005102,C03370,3,873000,506300,3.12,3570,0,False
L005103,C03371,3,1209000,884100,3.09,5730,0,False
L005104,C03372,4,44000,12000,11.53,1570,1,False
L005105,C03372,2,14000,1200,23.03,700,0,False
L005106,C03373,3,1640000,1014800,3.01,6090,1,False
L005107,C03373,4,260000,218000,10.77,5910,0,False
L005108,C03374,4,203000,72200,8.58,2850,0,False
L005109,C03374,3,1823000,1667200,2.74,9330,0,False
L005110,C03375,4,57000,23000,7.01,1280,1,False
L005111,C03376,1,312000,171600,6.38,7630,0,False
L005112,C03377,3,1468000,1081700,2.37,5280,0,False
L005113,C03377,4,305000,187800,8.24,13220,4,False
L005114,C03378,4,35000,24000,8.95,780,0,False
L005115,C03379,2,7000,4700,17.89,350,0,False
L005116,C03380,3,1748000,1513500,2.57,8990,0,False
L005117,C03381,3,1985000,1014900,3.37,8040,0,False
L005118,C03381,4,256000,129200,7.17,2900,1,False
L005119,C03382,4,252000,74800,8.61,4440,0,False
L005120,C03383,2,35000,24900,17.15,1750,0,False
L005121,C03384,3,2066000,1277500,2.82,7770,0,False
L005122,C03385,4,63000,47400,10.65,1540,0,False
L005123,C03386,3,570000,309200,2.88,2350,2,True
L005124,C03387,4,234000,150300,7.05,5840,0,False
L005125,C03387,3,1621000,903100,3.19,6270,0,False
L005126,C03388,4,236000,130400,9.53,3170,1,False
L005127,C03388,1,248000,108900,6.98,9420,1,True
L005128,C03389,2,18000,4200,13.89,900,2,False
L005129,C03390,3,1435000,1006000,2.2,5170,0,False
L005130,C03390,4,348000,142600,6.66,4080,1,False
L005131,C03390,2,14000,1300,14.39,700,0,False
L005132,C03391,2,63000,29400,16.46,3150,2,False
L005133,C03392,2,58000,42200,17.62,2900,0,False
L005134,C03393,2,11000,8100,17.86,550,0,False
L005135,C03394,4,171000,41600,5.88,2420,0,False
L005136,C03394,3,1233000,1046000,2.59,5550,0,False
L005137,C03395,4,70000,24200,9.86,800,1,False
L005138,C03396,4,77000,42100,9.54,980,0,False
L005139,C03397,4,34000,21800,9.88,690,1,False
L005140,C03397,1,65000,48600,8.35,1750,0,False
L005141,C03398,3,1220000,965500,2.87,5150,0,False
L005142,C03399,2,14000,8500,15.6,700,0,False
L005143,C03400,2,49000,39700,11.98,2450,0,False
L005144,C03401,3,667000,370500,2.61,2360,0,False
L005145,C03402,2,27000,19400,22.0,1350,0,False
L005146,C03402,3,836000,729400,2.89,3450,1,False
L005147,C03403,3,2038000,1021200,2.46,9200,0,False
L005148,C03404,3,994000,626900,3.16,4910,0,False
L005149,C03404,4,79000,62300,11.53,1080,0,False
L005150,C03405,2,29000,7000,18.57,1450,0,False
L005151,C03406,1,213000,73600,10.5,7050,0,False
L005152,C03407,4,60000,18000,9.73,700,0,False
L005153,C03408,3,2254000,2037300,3.05,9390,0,False
L005154,C03409,3,2148000,1998500,2.91,9820,0,False
L005155,C03410,2,30000,9200,15.89,1500,0,False
L005156,C03410,3,991000,800300,2.57,4770,0,False
L005157,C03411,2,8000,3900,20.66,400,0,False
L005158,C03411,4,41000,32400,8.05,1020,0,False
L005159,C03412,2,30000,19100,19.38,1500,3,False
L005160,C03412,3,1753000,1505600,2.36,8170,0,False
L005161,C03413,2,5000,3100,18.79,250,0,False
L005162,C03414,3,1442000,901300,2.58,6920,0,False
L005163,C03415,2,5000,500,16.06,250,1,False
L005164,C03415,1,50000,22500,8.3,1490,0,False
L005165,C03416,2,39000,11700,15.0,1950,0,False
L005166,C03417,1,147000,94100,6.24,2350,0,False
L005167,C03418,1,208000,131000,8.2,4220,0,False
L005168,C03419,3,825000,409700,2.84,2940,0,False
L005169,C03419,2,13000,1700,15.04,650,0,False
L005170,C03420,2,30000,20100,19.81,1500,2,False
L005171,C03421,3,1457000,1140000,3.62,6350,0,False
L005172,C03422,3,684000,646800,2.77,3400,0,False
L005173,C03423,3,2087000,1199900,3.18,8320,0,False
L005174,C03424,1,182000,133600,5.51,2800,0,False
L005175,C03425,3,941000,858000,2.39,4400,0,False
L005176,C03426,3,1374000,658200,3.28,5910,1,False
L005177,C03426,2,28000,12600,20.71,1400,0,False
L005178,C03426,1,242000,89200,7.7,3180,0,False
L005179,C03427,3,1470000,744600,3.54,6860,0,False
L005180,C03427,2,43000,7800,19.02,2150,0,False
L005181,C03427,4,258000,132400,9.3,6310,1,False
L005182,C03428,3,2184000,1252500,2.52,9040,0,False
L005183,C03429,3,1403000,703400,3.19,5820,0,False
L005184,C03430,2,35000,14200,15.5,1750,0,False
L005185,C03431,3,1797000,949300,3.33,6890,0,False
L005186,C03432,2,13000,6000,14.2,650,0,False
L005187,C03433,3,2445000,1297700,2.87,8540,0,False
L005188,C03433,2,58000,32800,14.22,2900,0,False
L005189,C03434,1,315000,259900,6.71,6550,0,False
L005190,C03435,3,1577000,1208200,3.5,6640,0,False
L005191,C03436,3,2103000,1765700,2.62,8070,0,False
L005192,C03437,2,36000,8600,18.81,1800,1,False
L005193,C03438,3,1577000,1267900,3.33,7730,0,False
L005194,C03439,3,1747000,1004000,2.73,6570,0,False
L005195,C03440,2,31000,20700,17.47,1550,0,False
L005196,C03441,2,41000,7100,16.37,2050,0,False
L005197,C03441,3,1209000,1038500,3.1,5730,0,False
L005198,C03442,3,1264000,924100,3.01,5040,0,False
L005199,C03442,4,85000,65700,10.43,2080,0,False
L005200,C03443,4,177000,147900,7.62,2510,0,False
L005201,C03444,3,1042000,517600,2.87,4520,0,False
L005202,C03445,1,197000,104600,5.15,4260,0,False
L005203,C03445,3,609000,537600,3.24,2730,1,False
L005204,C03446,2,39000,9100,17.23,1950,0,False
L005205,C03447,2,6000,1000,17.56,300,0,False
L005206,C03448,3,1009000,589800,3.35,4260,0,False
L005207,C03449,2,20000,8800,17.39,1000,1,False
L005208,C03450,2,30000,10300,14.89,1500,0,False
L005209,C03451,3,2228000,1931300,3.45,10270,0,False
L005210,C03452,2,66000,25100,15.42,3300,0,False
L005211,C03453,3,1459000,659400,3.26,5810,3,False
L005212,C03454,3,1523000,1355700,3.43,6650,0,False
L005213,C03454,2,23000,10200,17.87,1150,0,False
L005214,C03455,3,1364000,979900,2.53,6160,3,False
L005215,C03455,4,45000,19200,9.73,480,0,False
L005216,C03456,1,203000,65300,5.75,3010,0,False
L005217,C03456,3,1545000,727400,3.44,5440,0,False
L005218,C03457,2,55000,10600,15.54,2750,0,False
L005219,C03457,4,331000,165800,8.83,3470,1,False
L005220,C03457,3,2378000,1176000,2.81,9100,2,False
L005221,C03458,1,148000,67100,5.24,4630,0,False
L005222,C03459,3,1894000,1279200,3.12,8870,0,False
L005223,C03460,1,329000,247800,5.93,5610,0,False
L005224,C03460,2,29000,11800,18.62,1450,0,False
L005225,C03460,3,933000,600700,2.78,4430,3,False
L005226,C03461,3,1727000,1123700,2.68,6950,0,False
L005227,C03462,1,211000,75100,3.64,3010,0,False
L005228,C03463,2,14000,1500,20.22,700,1,False
L005229,C03464,4,152000,56500,7.96,1650,0,False
L005230,C03464,1,289000,257500,8.92,11320,0,False
L005231,C03465,3,1566000,946000,2.37,6720,0,False
L005232,C03466,3,1462000,1255400,2.92,7640,0,False
L005233,C03466,2,85000,12700,15.01,4250,0,False
L005234,C03467,3,1820000,1119400,2.5,7360,0,False
L005235,C03467,4,308000,98800,10.2,3360,0,False
L005236,C03468,3,2255000,2140100,2.55,11010,0,False
L005237,C03469,3,1212000,950500,3.66,6500,0,False
L005238,C03470,4,172000,90600,8.83,2170,0,False
L005239,C03470,3,1420000,1039400,2.9,5460,0,False
L005240,C03471,2,10000,800,14.85,500,0,False
L005241,C03472,4,34000,24600,9.41,450,0,False
L005242,C03473,3,2207000,1336200,2.95,10320,0,False
L005243,C03474,2,79000,20200,17.72,3950,0,False
L005244,C03475,3,502000,347700,3.41,2440,0,False
L005245,C03475,2,12000,6000,22.5,600,0,False
L005246,C03476,3,1166000,660100,3.3,4540,0,False
L005247,C03477,3,810000,582200,2.91,3150,0,False
L005248,C03477,1,155000,67900,6.85,4450,0,False
L005249,C03477,2,24000,8700,17.35,1200,0,False
L005250,C03478,3,1241000,617600,2.99,4890,0,False
L005251,C03479,3,1507000,789700,3.09,6850,2,False
L005252,C03479,2,55000,26600,17.68,2750,0,False
L005253,C03480,2,15000,3600,14.58,750,0,False
L005254,C03481,3,1202000,579900,3.5,4750,0,False
L005255,C03482,3,2491000,1989800,3.4,12810,0,False
L005256,C03483,1,171000,139800,7.7,4590,1,False
L005257,C03483,2,15000,3200,13.25,750,0,False
L005258,C03483,3,1636000,1172900,3.23,7170,0,False
L005259,C03484,3,854000,709200,3.5,4120,0,False
L005260,C03485,1,101000,39100,6.22,4020,0,False
L005261,C03485,2,46000,16500,14.05,2300,0,False
L005262,C03486,4,169000,75400,10.09,2280,0,False
L005263,C03487,3,2163000,1894900,2.68,8650,0,False
L005264,C03488,2,29000,9600,16.76,1450,0,False
L005265,C03489,2,22000,12400,23.5,1100,0,False
L005266,C03489,1,75000,44300,10.8,1410,0,False
L005267,C03490,2,22000,4400,21.18,1100,2,False
L005268,C03490,1,151000,135700,7.82,5150,0,False
L005269,C03490,4,131000,84900,8.34,1490,2,False
L005270,C03491,3,1854000,1460900,3.04,9210,0,False
L005271,C03492,3,2082000,1176000,3.33,9300,0,False
L005272,C03492,2,44000,17500,16.55,2200,0,False
L005273,C03493,4,173000,41800,8.86,2630,0,False
L005274,C03494,1,144000,47000,6.54,2610,0,False
L005275,C03495,4,168000,113600,7.55,2660,0,False
L005276,C03495,2,7000,1000,16.72,350,2,False
L005277,C03496,2,32000,16100,15.87,1600,0,False
L005278,C03496,3,1115000,1028700,3.03,5510,0,False
L005279,C03497,2,7000,4700,14.74,350,0,False
L005280,C03498,3,1859000,1486000,2.91,7300,1,False
L005281,C03498,4,316000,257400,6.87,6260,0,False
L005282,C03498,2,20000,15700,15.23,1000,0,False
L005283,C03499,4,221000,168000,7.74,2550,1,False
L005284,C03500,3,2241000,1536200,3.54,9210,0,False
L005285,C03500,1,167000,91700,7.14,2420,1,False
L005286,C03501,4,208000,119800,10.22,2500,0,False
L005287,C03502,2,23000,5000,18.17,1150,0,False
L005288,C03502,4,184000,140300,8.65,3530,0,False
L005289,C03503,3,1945000,1022000,2.95,9320,0,False
L005290,C03504,1,200000,70800,4.06,2850,1,False
L005291,C03505,2,11000,6000,16.84,550,0,False
L005292,C03505,3,1249000,1132000,2.23,6210,0,False
L005293,C03506,4,167000,88200,12.03,2580,0,False
L005294,C03507,1,54000,22000,6.48,1440,0,False
L005295,C03508,3,1428000,949000,3.09,6350,2,False
L005296,C03509,3,971000,635800,3.17,3670,0,False
L005297,C03510,2,5000,300,16.6,250,0,False
L005298,C03511,3,1121000,851100,2.86,4580,0,False
L005299,C03512,2,17000,14100,17.51,850,0,False
L005300,C03513,2,5000,500,15.89,250,0,False
L005301,C03514,2,17000,6000,17.39,850,0,False
L005302,C03515,3,1046000,899200,3.38,4910,0,False
L005303,C03516,3,958000,483800,3.7,4210,0,False
L005304,C03517,3,883000,632700,3.17,3430,0,False
L005305,C03517,4,151000,73800,8.04,1980,0,False
L005306,C03518,3,1726000,1021200,2.99,8170,0,False
L005307,C03518,4,55000,15700,10.51,1500,0,False
L005308,C03518,2,42000,17400,12.91,2100,0,False
L005309,C03519,2,15000,6400,16.48,750,0,False
L005310,C03520,1,256000,220300,4.65,10470,0,False
L005311,C03520,2,56000,15700,13.63,2800,0,False
L005312,C03521,4,150000,107100,5.33,5120,0,False
L005313,C03522,3,1169000,616100,2.47,4100,0,False
L005314,C03522,1,386000,253600,7.33,5800,0,False
L005315,C03522,2,40000,32800,15.37,2000,0,False
L005316,C03522,4,285000,167500,7.62,3150,0,False
L005317,C03523,3,2180000,1720100,3.4,9360,0,False
L005318,C03523,1,117000,64100,6.72,2750,0,False
L005319,C03524,1,258000,189300,6.43,4570,1,False
L005320,C03524,4,215000,88600,11.1,5660,4,False
L005321,C03524,3,2130000,1234100,2.9,7790,4,False
L005322,C03525,2,21000,9800,19.87,1050,0,False
L005323,C03526,3,1544000,1155100,2.84,7340,0,False
L005324,C03526,4,194000,170700,6.19,2720,0,False
L005325,C03527,2,12000,9500,19.32,600,0,False
L005326,C03528,2,8000,3000,18.61,400,2,False
L005327,C03529,1,204000,130200,3.59,4400,0,False
L005328,C03530,1,64000,45600,8.59,940,0,False
L005329,C03531,4,198000,114100,6.89,2430,0,False
L005330,C03532,4,157000,90900,9.77,1900,0,False
L005331,C03533,2,42000,31600,12.68,2100,0,False
L005332,C03534,3,2765000,1979700,3.44,14470,0,False
L005333,C03534,2,57000,18200,19.13,2850,0,False
L005334,C03534,1,363000,149100,7.45,7270,1,False
L005335,C03535,3,2256000,2125400,3.4,12510,2,False
L005336,C03536,2,7000,5500,24.0,350,0,False
L005337,C03536,4,25000,5500,14.5,310,0,False
L005338,C03537,4,297000,68900,8.67,4320,0,False
L005339,C03538,2,33000,15800,15.17,1650,0,False
L005340,C03538,3,1894000,1408500,3.16,7390,0,False
L005341,C03539,2,24000,15900,18.76,1200,0,False
L005342,C03540,4,34000,21400,9.76,890,1,False
L005343,C03541,2,5000,800,19.2,250,0,False
L005344,C03542,2,7000,2800,19.01,350,0,False
L005345,C03543,1,272000,212400,5.66,4130,0,False
L005346,C03543,4,175000,95700,4.74,1880,0,False
L005347,C03544,3,1478000,1290100,2.6,7180,0,False
L005348,C03545,1,143000,125700,4.7,4190,1,False
L005349,C03545,2,14000,7200,19.11,700,0,False
L005350,C03546,3,1796000,868300,3.21,7110,1,False
L005351,C03546,1,317000,195000,6.28,9410,1,False
L005352,C03547,1,155000,60800,6.78,4860,0,False
L005353,C03547,4,120000,40000,8.56,4160,0,False
L005354,C03548,2,36000,17300,21.01,1800,0,False
L005355,C03548,3,1441000,688800,2.56,6240,0,False
L005356,C03548,1,119000,42500,6.12,4370,0,False
L005357,C03549,2,20000,11400,17.52,1000,3,False
L005358,C03549,3,2382000,1305500,3.12,8750,0,False
L005359,C03550,4,33000,15900,6.58,510,0,False
L005360,C03550,3,1585000,1468800,3.5,8350,0,False
L005361,C03551,4,62000,36500,7.71,680,0,False
L005362,C03552,4,247000,198300,9.16,6640,0,False
L005363,C03552,3,1970000,1635400,2.94,7980,0,False
L005364,C03553,1,83000,32900,8.81,1190,0,False
L005365,C03553,2,5000,1100,15.41,250,1,False
L005366,C03554,1,387000,220000,9.13,6140,1,False
L005367,C03554,3,2578000,1690300,3.19,12980,0,False
L005368,C03555,3,1414000,1284700,3.42,7130,0,True
L005369,C03556,4,226000,111400,8.6,6000,0,False
L005370,C03557,3,1568000,861900,3.15,7110,0,False
L005371,C03557,4,327000,249400,6.7,9980,2,False
L005372,C03557,2,21000,9500,17.48,1050,3,False
L005373,C03558,2,13000,4700,19.78,650,0,False
L005374,C03558,3,1448000,1240200,2.49,6180,4,False
L005375,C03558,1,319000,80500,6.19,4690,4,False
L005376,C03559,3,1153000,843200,3.3,5850,0,False
L005377,C03559,4,202000,145700,9.01,3980,0,False
L005378,C03560,3,1876000,1692200,2.86,8970,0,False
L005379,C03561,4,263000,131800,9.65,9360,2,True
L005380,C03561,3,2269000,1794200,2.96,10040,0,False
L005381,C03561,1,146000,121500,8.07,2210,1,False
L005382,C03561,2,40000,21800,20.03,2000,0,False
L005383,C03562,3,1306000,1061400,2.86,6530,0,False
L005384,C03563,4,102000,32500,7.46,2020,0,False
L005385,C03564,2,34000,1900,22.0,1700,0,False
L005386,C03565,2,11000,7600,17.79,550,0,False
L005387,C03565,3,840000,399200,3.6,3460,2,False
L005388,C03566,2,23000,2400,19.88,1150,2,False
L005389,C03567,3,2516000,2092300,2.58,10450,0,False
L005390,C03568,3,376000,299700,3.78,1970,0,False
L005391,C03569,2,39000,9600,16.22,1950,0,False
L005392,C03570,1,56000,35800,6.1,1720,0,False
L005393,C03571,3,1956000,1029400,2.82,9380,0,False
L005394,C03571,2,45000,11500,18.39,2250,0,False
L005395,C03571,1,261000,213800,6.65,4910,4,True
L005396,C03572,3,966000,695000,3.32,4870,0,False
L005397,C03572,4,70000,32600,11.1,820,0,False
L005398,C03573,3,1661000,785600,3.29,6130,0,False
L005399,C03573,4,89000,34100,11.77,1540,0,False
L005400,C03574,3,920000,570400,2.69,4200,0,False
L005401,C03575,4,129000,96400,7.51,1990,0,False
L005402,C03576,2,65000,18900,15.5,3250,0,False
L005403,C03576,3,1391000,1086200,2.58,5570,0,False
L005404,C03577,2,9000,7600,16.91,450,0,False
L005405,C03577,1,50000,19300,6.57,930,1,False
L005406,C03578,2,58000,17800,14.68,2900,4,False
L005407,C03578,3,1736000,1648500,2.83,9090,0,False
L005408,C03578,4,438000,92200,8.11,15730,0,False
L005409,C03579,3,1090000,1008700,3.0,5790,0,False
L005410,C03580,4,268000,70800,10.28,10460,0,False
L005411,C03581,3,954000,854800,2.96,4040,0,False
L005412,C03582,2,44000,8300,16.96,2200,0,False
L005413,C03583,2,15000,6300,15.45,750,1,False
L005414,C03584,3,1609000,1129200,3.08,6210,0,False
L005415,C03585,3,1362000,712700,3.26,5990,0,False
L005416,C03585,1,82000,47500,7.84,1270,0,False
L005417,C03586,4,42000,29600,8.96,1350,0,False
L005418,C03587,1,288000,144700,6.54,4940,0,False
L005419,C03588,2,42000,29900,20.19,2100,0,False
L005420,C03589,1,316000,152400,4.34,6920,0,False
L005421,C03590,3,1881000,1179900,3.0,8150,3,False
L005422,C03591,3,578000,284100,3.19,2590,0,False
L005423,C03592,2,29000,19000,14.9,1450,0,False
L005424,C03593,2,24000,17100,15.06,1200,0,False
L005425,C03594,4,363000,271500,6.86,11270,0,False
L005426,C03594,2,18000,5500,14.69,900,0,False
L005427,C03595,2,23000,11200,18.9,1150,0,False
L005428,C03595,1,360000,153600,7.27,7170,1,False
L005429,C03595,3,1966000,1278700,2.46,8830,0,True
L005430,C03596,3,1763000,816500,3.5,6800,1,False
L005431,C03596,1,155000,51600,5.11,5860,0,False
L005432,C03597,1,102000,68000,6.72,1650,0,False
L005433,C03598,3,1744000,1397700,3.51,9520,0,False
L005434,C03598,1,143000,58800,7.91,3300,0,False
L005435,C03599,2,68000,4900,14.32,3400,0,False
L005436,C03599,3,1545000,749300,2.66,5540,0,False
L005437,C03600,3,1411000,1124000,3.03,6190,0,False
L005438,C03601,4,348000,273300,5.99,9540,0,False
L005439,C03602,1,92000,74300,7.8,1460,0,False
L005440,C03602,4,131000,95800,9.7,2420,0,False
L005441,C03603,1,357000,177300,4.63,15150,0,False
L005442,C03604,3,2331000,1063800,2.68,10500,4,False
L005443,C03604,4,323000,187200,11.59,11380,4,True
L005444,C03605,1,105000,45700,5.29,2510,0,False
L005445,C03605,4,99000,85200,9.36,1600,0,False
L005446,C03605,3,2286000,1254200,2.81,8780,1,False
L005447,C03606,2,57000,24500,18.33,2850,0,False
L005448,C03607,4,212000,165600,10.84,2760,0,False
L005449,C03607,1,358000,299900,6.1,6930,0,False
L005450,C03607,2,36000,8700,18.75,1800,1,False
L005451,C03608,2,59000,23600,17.38,2950,0,False
L005452,C03608,4,53000,37900,10.98,2180,0,False
L005453,C03609,3,1551000,1171800,2.2,7580,0,False
L005454,C03610,2,22000,9500,11.78,1100,0,False
L005455,C03611,4,256000,141900,10.28,8120,0,False
L005456,C03612,3,1956000,1761800,3.63,10910,0,False
L005457,C03612,2,30000,7500,17.06,1500,0,False
L005458,C03613,2,41000,23600,15.72,2050,0,False
L005459,C03613,1,229000,195800,4.82,4860,1,False
L005460,C03614,3,1533000,1277300,3.76,6970,1,False
L005461,C03615,2,40000,7000,17.58,2000,0,False
L005462,C03615,4,222000,187000,8.48,10060,0,False
L005463,C03616,4,189000,43900,8.96,1860,0,False
L005464,C03617,4,229000,186000,9.9,8910,0,False
L005465,C03618,2,13000,9600,20.72,650,0,False
L005466,C03619,4,48000,15500,4.67,610,0,False
L005467,C03619,3,541000,271200,3.18,2270,0,False
L005468,C03619,1,169000,147600,6.16,3540,0,False
L005469,C03620,2,57000,27400,17.31,2850,2,False
L005470,C03621,2,39000,30100,13.35,1950,0,False
L005471,C03621,4,69000,58200,8.26,2640,0,False
L005472,C03622,1,151000,97400,7.31,2810,0,False
L005473,C03622,2,14000,10600,18.12,700,0,False
L005474,C03623,3,1164000,1078500,2.92,5620,0,False
L005475,C03624,4,222000,187200,11.45,3030,0,False
L005476,C03625,4,39000,18200,6.0,420,0,False
L005477,C03626,3,1250000,794100,2.54,4910,0,False
L005478,C03627,4,67000,48200,9.91,1080,0,False
L005479,C03628,1,143000,47000,6.5,2020,0,False
L005480,C03629,3,1196000,972300,2.78,5000,0,False
L005481,C03630,3,1933000,1778700,2.73,9510,0,False
L005482,C03631,3,1315000,683900,3.16,5240,2,False
L005483,C03631,2,65000,26900,16.95,3250,0,False
L005484,C03632,2,11000,7400,20.15,550,1,False
L005485,C03633,3,2540000,1235600,2.92,9630,0,False
L005486,C03634,4,75000,39500,8.02,2120,0,False
L005487,C03634,2,13000,1500,18.0,650,0,False
L005488,C03635,1,264000,130200,8.87,4580,0,False
L005489,C03636,1,103000,53800,10.02,2930,0,False
L005490,C03636,2,6000,3300,23.59,300,0,False
L005491,C03637,4,90000,28900,7.79,1000,0,False
L005492,C03638,4,45000,27300,5.8,590,0,False
L005493,C03639,3,1069000,504600,2.47,3810,0,False
L005494,C03640,3,1072000,518300,3.22,4090,0,False
L005495,C03641,3,1146000,1079000,3.57,6500,0,False
L005496,C03642,4,131000,54000,12.31,3140,1,False
L005497,C03643,2,30000,17300,18.54,1500,0,False
L005498,C03644,3,1368000,1018400,3.23,5410,1,False
L005499,C03645,1,89000,56700,7.6,1650,0,False
L005500,C03646,4,251000,157400,10.07,4210,0,False
L005501,C03647,1,125000,58300,5.37,2080,0,False
L005502,C03647,3,1334000,719600,3.29,5680,0,False
L005503,C03648,1,386000,114800,4.25,5430,0,False
L005504,C03648,3,1567000,1204100,2.66,6060,0,False
L005505,C03649,1,200000,84900,6.14,2880,0,False
L005506,C03649,3,1797000,912500,2.92,6240,2,False
L005507,C03650,2,17000,11300,22.0,850,0,False
L005508,C03650,3,883000,411200,3.02,3470,0,False
L005509,C03651,2,40000,14200,15.74,2000,0,False
L005510,C03651,3,1753000,1635800,2.94,7470,1,False
L005511,C03651,1,242000,111700,7.67,3480,0,False
L005512,C03651,4,50000,38300,7.67,910,0,False
L005513,C03652,1,224000,178400,7.14,4360,0,False
L005514,C03652,3,1357000,712600,3.17,5210,0,False
L005515,C03653,4,90000,49000,6.57,1960,1,False
L005516,C03653,3,681000,479200,2.89,2720,3,False
L005517,C03654,2,23000,13900,18.65,1150,0,True
L005518,C03655,2,19000,4700,15.45,950,0,False
L005519,C03655,1,206000,128600,6.05,2970,1,False
L005520,C03656,4,119000,38000,7.96,1130,0,False
L005521,C03656,3,989000,756700,3.65,4460,0,False
L005522,C03657,3,1144000,969600,2.2,4820,0,False
L005523,C03658,3,3870000,2254500,3.27,16140,0,False
L005524,C03658,1,427000,280600,7.11,9650,0,False
L005525,C03659,4,321000,98200,8.9,12690,0,False
L005526,C03660,2,16000,7300,15.46,800,0,False
L005527,C03661,3,970000,515300,3.71,4370,0,False
L005528,C03662,2,75000,48100,15.27,3750,0,False
L005529,C03663,2,11000,3300,18.01,550,0,False
L005530,C03664,1,199000,149200,9.44,4890,0,False
L005531,C03665,3,2278000,2053400,2.31,11540,0,False
L005532,C03666,1,302000,101100,7.75,4390,0,False
L005533,C03667,4,50000,36700,14.21,1550,0,False
L005534,C03668,1,395000,239900,7.89,11270,0,False
L005535,C03668,3,1633000,1348800,2.46,6350,1,False
L005536,C03668,2,48000,12300,12.97,2400,1,False
L005537,C03669,2,8000,5200,15.39,400,0,False
L005538,C03670,3,1430000,970000,2.75,5910,0,False
L005539,C03670,4,54000,24600,11.07,1070,0,False
L005540,C03670,1,264000,194500,6.49,3920,0,False
L005541,C03670,2,54000,25700,16.36,2700,0,False
L005542,C03671,1,176000,52400,7.77,2360,0,False
L005543,C03671,3,1097000,780000,2.51,5090,0,False
L005544,C03672,4,55000,44700,8.21,2400,0,False
L005545,C03673,3,2019000,1075200,3.21,7700,0,False
L005546,C03674,1,370000,256700,8.26,5380,0,True
L005547,C03674,3,1804000,1282000,2.72,8760,0,False
L005548,C03675,3,2484000,1211600,2.34,9840,0,False
L005549,C03675,1,243000,103300,7.14,4300,0,False
L005550,C03676,3,1177000,712800,2.64,4200,0,False
L005551,C03677,3,2109000,1036600,2.57,9080,3,False
L005552,C03678,4,99000,78700,6.19,2930,0,False
L005553,C03678,2,11000,7600,22.8,550,0,False
L005554,C03679,3,1134000,915700,2.87,4450,1,False
L005555,C03680,2,28000,22400,20.47,1400,1,False
L005556,C03681,3,1022000,689900,2.96,4010,0,False
L005557,C03682,2,18000,9300,17.27,900,2,False
L005558,C03682,3,1659000,1498600,3.45,7870,1,False
L005559,C03682,1,236000,62000,6.76,7080,0,False
L005560,C03682,4,186000,88900,4.5,1820,2,False
L005561,C03683,2,6000,1900,23.12,300,0,False
L005562,C03684,1,201000,172000,6.22,5530,0,False
L005563,C03685,2,20000,13800,18.84,1000,0,False
L005564,C03685,4,122000,46700,11.65,2470,0,False
L005565,C03686,3,1045000,532400,3.06,4730,0,False
L005566,C03687,4,137000,95900,6.34,2050,0,False
L005567,C03688,3,1807000,848100,2.83,7160,2,False
L005568,C03688,2,23000,10900,14.79,1150,2,False
L005569,C03688,4,294000,126400,8.23,11010,1,False
L005570,C03688,1,175000,91000,9.14,5730,0,False
L005571,C03689,2,25000,5200,19.32,1250,0,False
L005572,C03690,2,5000,1900,18.62,250,0,True
L005573,C03691,1,213000,161600,6.46,4130,2,False
L005574,C03692,4,157000,97900,8.52,6130,0,False
L005575,C03692,3,1434000,1188700,3.68,6620,0,False
L005576,C03693,3,2257000,1455000,3.08,10780,1,False
L005577,C03694,3,1315000,957900,2.92,5500,0,False
L005578,C03694,2,27000,8900,17.91,1350,0,False
L005579,C03695,3,1801000,1516200,2.63,7210,0,False
L005580,C03696,4,207000,125500,10.76,2400,0,False
L005581,C03697,3,839000,779400,2.77,3550,0,False
L005582,C03698,2,28000,3600,15.86,1400,3,False
L005583,C03698,3,4022000,3354000,2.5,15160,0,False
L005584,C03699,4,101000,46200,5.37,2830,0,False
L005585,C03700,4,92000,70600,9.07,2720,0,False
L005586,C03700,3,1663000,1195800,2.5,6030,0,False
L005587,C03701,2,12000,8800,19.14,600,0,False
L005588,C03702,2,48000,28300,21.3,2400,0,False
L005589,C03703,3,1716000,985500,3.15,6290,0,False
L005590,C03703,4,301000,162700,7.86,3700,0,False
L005591,C03704,2,30000,3800,16.04,1500,0,False
L005592,C03705,3,1270000,638600,3.11,5230,0,False
L005593,C03706,3,1527000,1368900,2.71,7150,0,False
L005594,C03707,1,324000,102400,8.77,8940,0,False
L005595,C03707,2,37000,26900,16.68,1850,0,False
L005596,C03708,4,109000,58100,6.41,1730,0,False
L005597,C03709,4,213000,53200,10.07,2770,0,False
L005598,C03710,2,27000,19400,15.56,1350,0,False
L005599,C03711,1,50000,17200,6.2,710,0,False
L005600,C03712,2,25000,6100,13.97,1250,0,False
L005601,C03713,3,1418000,1142100,3.11,6340,0,False
L005602,C03714,3,1032000,838000,2.49,4510,0,False
L005603,C03715,3,1272000,1021800,2.59,5460,0,False
L005604,C03716,3,1799000,1643200,2.92,8180,0,False
L005605,C03716,2,39000,14600,18.92,1950,0,False
L005606,C03717,3,1165000,680100,3.82,4640,0,False
L005607,C03717,1,294000,156900,8.06,6170,0,False
L005608,C03718,2,43000,25900,14.76,2150,0,False
L005609,C03719,2,55000,5800,15.98,2750,3,False
L005610,C03720,3,1211000,811600,2.87,4960,0,False
L005611,C03720,2,23000,16200,21.02,1150,0,False
L005612,C03720,4,262000,57200,6.12,5880,0,False
L005613,C03721,4,205000,177100,8.94,4000,0,False
L005614,C03721,3,2275000,1803200,2.85,11000,0,False
L005615,C03721,1,170000,131800,6.11,4230,0,False
L005616,C03721,2,48000,29300,20.05,2400,0,False
L005617,C03722,3,1081000,551200,2.25,3790,0,False
L005618,C03722,1,111000,62200,4.72,3590,0,False
L005619,C03723,3,931000,556200,2.55,3230,0,False
L005620,C03723,4,178000,74100,9.71,2180,0,False
L005621,C03724,1,207000,77500,5.08,2760,0,False
L005622,C03725,3,1686000,1379900,3.59,8360,0,False
L005623,C03726,2,10000,5800,18.73,500,0,False
L005624,C03726,1,210000,137700,7.3,4620,0,False
L005625,C03727,2,7000,4700,19.57,350,0,False
L005626,C03728,3,879000,508800,2.96,3500,0,False
L005627,C03729,4,59000,22100,11.44,850,0,False
L005628,C03729,3,691000,325800,2.86,3040,1,False
L005629,C03730,2,5000,3900,17.8,250,0,False
L005630,C03731,1,210000,73600,6.19,5110,0,False
L005631,C03732,4,22000,13500,8.86,270,3,False
L005632,C03733,2,43000,14700,13.47,2150,0,False
L005633,C03734,3,1699000,1413900,2.95,7270,0,False
L005634,C03734,2,47000,17100,14.39,2350,1,False
L005635,C03734,1,177000,52200,7.03,4520,0,False
L005636,C03735,2,39000,20800,18.55,1950,0,False
L005637,C03736,4,144000,63400,7.92,3110,0,False
L005638,C03737,2,21000,2700,13.55,1050,0,False
L005639,C03737,3,1160000,821800,3.12,5800,4,False
L005640,C03738,3,1696000,1476200,3.09,8080,0,False
L005641,C03739,2,7000,5600,16.84,350,0,False
L005642,C03740,3,1649000,1387500,3.85,7440,0,False
L005643,C03741,4,136000,110400,7.47,1620,0,False
L005644,C03742,3,517000,294800,2.98,2510,2,False
L005645,C03743,1,203000,114900,8.29,3620,0,False
L005646,C03743,3,1234000,774300,2.69,5430,0,False
L005647,C03744,2,80000,65100,20.59,4000,1,False
L005648,C03745,2,5000,4100,15.61,250,1,False
L005649,C03746,1,341000,293200,8.8,12880,2,False
L005650,C03746,2,51000,21800,14.31,2550,0,False
L005651,C03747,4,272000,161200,9.88,6680,0,False
L005652,C03748,3,1192000,755100,3.32,5570,0,False
L005653,C03749,2,22000,2700,21.92,1100,0,False
L005654,C03749,4,53000,45800,9.55,1240,0,False
L005655,C03750,2,21000,16900,18.68,1050,0,False
L005656,C03751,3,1851000,906800,2.45,7550,0,False
L005657,C03752,2,7000,4400,15.27,350,3,False
L005658,C03752,4,67000,58600,11.18,1570,0,False
L005659,C03753,4,304000,216600,8.81,4100,0,False
L005660,C03753,3,1437000,1102000,3.42,6840,0,False
L005661,C03754,4,125000,82600,7.0,4850,1,False
L005662,C03755,2,48000,30200,18.7,2400,0,False
L005663,C03755,4,85000,35000,5.38,3270,0,False
L005664,C03756,1,152000,62000,5.1,2140,0,False
L005665,C03756,3,1292000,750600,3.07,4660,0,True
L005666,C03757,1,537000,307400,6.29,10770,0,False
L005667,C03758,4,275000,195500,6.77,2960,0,False
L005668,C03759,3,1565000,921700,2.29,6800,0,False
L005669,C03759,2,75000,35800,17.74,3750,0,False
L005670,C03759,4,72000,32700,7.34,3080,0,False
L005671,C03760,1,262000,177500,7.25,6490,0,False
L005672,C03761,2,9000,7200,19.42,450,2,False
L005673,C03762,2,29000,6500,15.62,1450,1,False
L005674,C03762,4,160000,77600,9.01,2300,2,False
L005675,C03763,3,2147000,1324200,3.03,10280,1,False
L005676,C03763,1,246000,120000,6.93,3530,0,False
L005677,C03764,2,65000,36200,14.74,3250,0,False
L005678,C03764,4,169000,110100,7.69,1980,0,False
L005679,C03764,1,403000,272200,7.99,8530,0,False
L005680,C03765,2,61000,28000,19.18,3050,1,False
L005681,C03766,2,12000,3700,14.62,600,0,False
L005682,C03766,4,90000,67200,8.3,1520,1,False
L005683,C03767,2,50000,9600,21.27,2500,0,False
L005684,C03767,1,99000,34000,6.77,1460,0,False
L005685,C03768,3,1150000,1052600,3.15,5310,0,False
L005686,C03768,4,255000,178300,10.03,6050,0,False
L005687,C03768,2,50000,5100,19.56,2500,0,False
L005688,C03769,2,5000,2400,20.83,250,1,False
L005689,C03770,4,125000,39500,8.15,4540,3,False
L005690,C03771,3,1213000,1129400,2.22,4950,0,False
L005691,C03771,2,24000,14900,15.15,1200,0,False
L005692,C03772,3,528000,382900,3.43,2650,0,False
L005693,C03772,4,57000,38400,9.39,930,0,False
L005694,C03773,4,311000,195100,6.88,12800,0,False
L005695,C03774,2,28000,23600,17.04,1400,1,False
L005696,C03774,1,114000,89000,4.12,1910,0,False
L005697,C03774,3,2311000,1625500,2.47,8510,1,False
L005698,C03775,2,52000,15500,14.66,2600,0,False
L005699,C03775,3,2179000,2007400,3.04,9380,0,False
L005700,C03776,3,1363000,635800,3.31,6510,1,False
L005701,C03777,3,1177000,756400,2.94,4680,0,False
L005702,C03778,3,1512000,834600,2.9,6830,0,False
L005703,C03779,1,125000,61500,7.52,1870,0,False
L005704,C03780,3,927000,576900,2.31,3370,0,False
L005705,C03781,3,1490000,1375900,3.04,7730,0,False
L005706,C03782,2,14000,10200,21.8,700,0,False
L005707,C03782,1,109000,66100,8.77,1800,0,False
L005708,C03783,2,7000,3400,14.63,350,0,False
L005709,C03783,4,96000,75400,10.92,1330,0,False
L005710,C03783,1,50000,33800,6.8,1350,0,False
L005711,C03784,1,292000,196100,6.81,10920,1,False
L005712,C03784,3,2928000,1738500,3.59,14180,1,True
L005713,C03785,2,42000,28400,16.49,2100,0,False
L005714,C03786,2,23000,3000,20.34,1150,1,False
L005715,C03786,4,85000,68400,8.08,2380,0,False
L005716,C03787,3,1083000,494800,2.62,3940,0,False
L005717,C03788,3,1529000,1224200,3.35,6790,0,False
L005718,C03789,2,26000,18000,17.06,1300,0,False
L005719,C03790,4,248000,156700,10.98,3740,0,False
L005720,C03791,3,1778000,976400,3.48,8300,0,False
L005721,C03792,2,26000,14500,18.24,1300,0,False
L005722,C03793,2,17000,6700,20.46,850,0,False
L005723,C03793,1,381000,166900,7.95,7270,0,False
L005724,C03794,2,15000,1200,20.39,750,1,False
L005725,C03795,2,28000,5400,15.32,1400,0,False
L005726,C03796,1,244000,79300,6.48,3400,0,False
L005727,C03797,3,1788000,994900,2.49,6630,1,True
L005728,C03797,2,69000,43300,19.89,3450,1,False
L005729,C03797,1,419000,164900,6.46,15480,2,False
L005730,C03797,4,361000,205100,8.49,4210,1,False
L005731,C03798,2,28000,10300,16.23,1400,0,True
L005732,C03799,3,2822000,2163100,3.15,11430,0,False
L005733,C03800,3,1868000,1295500,2.62,8130,0,False
L005734,C03800,4,138000,76900,5.2,2050,0,False
L005735,C03801,3,1322000,994800,2.7,5390,0,False
L005736,C03802,3,1461000,1288200,3.42,7810,2,False
L005737,C03803,4,31000,13300,9.41,630,0,False
L005738,C03804,3,1908000,1178100,3.35,9050,0,False
L005739,C03804,2,47000,4900,18.33,2350,0,False
L005740,C03805,3,1669000,1109800,2.36,7610,0,False
L005741,C03805,2,51000,5300,18.71,2550,0,False
L005742,C03805,4,40000,28700,8.4,500,1,False
L005743,C03805,1,262000,182900,6.04,7520,0,False
L005744,C03806,3,1448000,838000,2.96,6880,1,False
L005745,C03807,4,97000,33700,9.02,1740,0,False
L005746,C03808,1,295000,153300,7.16,10070,1,False
L005747,C03809,4,99000,49100,10.2,2560,0,False
L005748,C03810,2,11000,7500,18.05,550,0,False
L005749,C03811,3,1032000,522600,2.78,3760,0,False
L005750,C03812,3,824000,476800,2.2,3140,0,False
L005751,C03813,3,1662000,824200,2.54,5590,0,False
L005752,C03813,4,202000,123700,7.21,4520,3,False
L005753,C03813,2,37000,6200,15.78,1850,1,False
L005754,C03814,2,34000,6900,18.37,1700,0,False
L005755,C03815,3,891000,569400,3.14,3470,0,False
L005756,C03816,3,1692000,1575800,3.61,7540,2,False
L005757,C03817,3,1799000,1077300,2.84,7860,0,False
L005758,C03817,2,50000,8100,16.28,2500,0,False
L005759,C03818,2,11000,4700,23.4,550,0,False
L005760,C03818,1,86000,30200,10.77,1400,0,False
L005761,C03818,4,27000,22800,9.5,750,1,False
L005762,C03819,2,12000,9300,23.38,600,0,False
L005763,C03820,2,9000,6900,22.0,450,0,False
L005764,C03821,1,419000,180400,7.63,8460,1,False
L005765,C03822,1,476000,160400,6.35,6620,0,False
L005766,C03822,4,342000,301500,6.75,7750,0,False
L005767,C03823,2,5000,900,14.85,250,0,False
L005768,C03824,2,28000,19700,17.19,1400,1,False
L005769,C03825,3,1376000,1262300,2.47,6100,1,False
L005770,C03825,2,44000,15400,18.02,2200,0,False
L005771,C03825,4,145000,124400,6.76,1740,0,False
L005772,C03826,1,473000,138800,7.52,7410,0,False
L005773,C03827,2,13000,8900,23.5,650,0,False
L005774,C03828,3,2883000,1534400,3.37,10430,0,False
L005775,C03829,1,210000,105100,8.48,5650,0,False
L005776,C03830,3,1040000,754900,2.84,5180,0,False
L005777,C03831,3,1454000,937200,3.43,6250,3,False
L005778,C03832,4,96000,41000,8.01,1430,3,False
L005779,C03832,1,101000,85500,7.52,3140,0,False
L005780,C03833,1,154000,55800,6.24,2300,0,False
L005781,C03834,3,1985000,1660900,3.34,8890,0,False
L005782,C03835,2,8000,2000,22.93,400,0,False
L005783,C03835,4,16000,12600,10.22,230,0,False
L005784,C03836,2,38000,14900,15.58,1900,0,False
L005785,C03836,3,1074000,572200,3.27,4270,0,False
L005786,C03837,2,60000,49500,16.73,3000,0,False
L005787,C03838,3,1803000,966400,2.83,8530,0,False
L005788,C03838,4,204000,141100,9.61,3610,0,False
L005789,C03839,3,1568000,1077800,3.17,6160,0,False
L005790,C03840,2,21000,3900,16.57,1050,0,False
L005791,C03841,2,100000,5400,15.55,5000,0,False
L005792,C03842,2,51000,12800,14.83,2550,0,False
L005793,C03843,3,916000,832700,2.2,3540,0,False
L005794,C03844,4,179000,122200,9.87,2210,1,False
L005795,C03844,3,2248000,1773100,3.17,11790,0,False
L005796,C03845,2,19000,8600,15.86,950,0,False
L005797,C03845,3,1240000,712300,2.88,4990,0,False
L005798,C03846,4,161000,47000,10.37,2570,0,False
L005799,C03847,1,99000,63600,6.84,1440,0,False
L005800,C03848,3,1568000,1183800,2.55,6970,1,False
L005801,C03848,4,249000,75100,10.23,2490,0,False
L005802,C03849,3,1409000,956400,3.37,5890,0,False
L005803,C03850,2,20000,16500,16.61,1000,0,False
L005804,C03851,3,1526000,1396700,2.71,7670,0,False
L005805,C03851,1,108000,73100,5.01,2250,0,False
L005806,C03852,2,11000,4200,14.66,550,0,False
L005807,C03853,3,2069000,1457900,2.91,8770,1,False
L005808,C03854,2,16000,7700,18.79,800,0,False
L005809,C03855,3,3266000,2658300,3.09,14350,0,False
L005810,C03856,2,30000,10600,14.59,1500,0,False
L005811,C03857,4,337000,79600,8.61,4990,0,False
L005812,C03858,4,104000,66200,10.86,3630,0,False
L005813,C03859,3,1285000,982400,3.19,5460,0,False
L005814,C03860,4,19000,13800,9.05,390,0,False
L005815,C03861,4,136000,44500,9.45,2970,0,False
L005816,C03861,2,5000,800,16.54,250,2,False
L005817,C03862,1,239000,90600,7.46,8550,0,False
L005818,C03863,2,43000,6000,14.01,2150,0,False
L005819,C03863,3,1847000,1163000,3.3,8000,0,False
L005820,C03863,4,255000,194800,9.01,3010,1,False
L005821,C03864,3,1033000,709300,3.59,4190,1,False
L005822,C03864,4,93000,43900,9.04,1470,0,False
L005823,C03864,2,10000,3000,18.89,500,0,False
L005824,C03865,3,1232000,835100,2.7,5520,0,False
L005825,C03866,4,245000,95000,9.43,4050,0,False
L005826,C03866,2,40000,13800,20.06,2000,1,False
L005827,C03867,3,1044000,852000,3.37,4330,0,False
L005828,C03867,2,48000,28100,11.55,2400,1,False
L005829,C03867,1,214000,157400,7.68,6370,0,False
L005830,C03868,2,19000,11200,19.83,950,0,True
L005831,C03868,3,1467000,831100,2.7,5230,0,True
L005832,C03869,4,173000,151100,8.89,2140,0,False
L005833,C03869,1,491000,438400,6.74,7340,0,False
L005834,C03869,3,2032000,1701500,3.07,9380,0,False
L005835,C03869,2,31000,23300,19.56,1550,4,False
L005836,C03870,3,639000,547200,2.2,3190,0,False
L005837,C03871,1,337000,204800,6.38,5570,0,False
L005838,C03871,2,48000,30300,21.94,2400,0,False
L005839,C03872,3,927000,633500,2.2,3250,0,False
L005840,C03873,4,69000,59500,6.39,1060,0,False
L005841,C03874,2,12000,5900,17.55,600,2,False
L005842,C03874,1,156000,59600,7.99,2600,0,False
L005843,C03875,3,1017000,714600,2.77,4560,0,False
L005844,C03876,3,1399000,652500,2.61,5160,1,False
L005845,C03877,1,382000,198500,7.84,14880,0,False
L005846,C03878,4,63000,25700,8.21,1520,1,False
L005847,C03879,4,115000,63100,12.2,1700,3,False
L005848,C03879,3,2749000,2347600,2.58,13260,0,False
L005849,C03879,1,166000,140300,7.3,2690,0,False
L005850,C03880,1,249000,135700,4.2,5470,0,False
L005851,C03880,4,289000,60000,11.38,2920,0,False
L005852,C03880,3,1115000,948200,3.1,5180,0,False
L005853,C03881,3,984000,490000,3.07,3830,1,False
L005854,C03881,2,30000,5500,15.14,1500,0,False
L005855,C03881,4,151000,114800,12.4,2780,0,False
L005856,C03882,2,25000,18400,21.12,1250,3,False
L005857,C03882,1,553000,138400,7.95,10380,0,False
L005858,C03883,3,622000,586800,2.66,2570,0,False
L005859,C03884,3,825000,582300,3.28,3210,0,False
L005860,C03884,2,18000,3400,16.85,900,1,False
L005861,C03884,1,165000,111100,5.44,7210,0,False
L005862,C03885,3,1718000,906400,2.42,6700,0,False
L005863,C03885,4,214000,160200,7.27,6240,0,False
L005864,C03886,2,24000,4200,12.45,1200,1,False
L005865,C03887,4,137000,79600,11.02,5080,0,False
L005866,C03888,3,1569000,1230600,3.95,8380,0,False
L005867,C03889,3,1376000,1116800,2.99,6250,0,False
L005868,C03889,4,205000,42000,9.59,6190,0,False
L005869,C03889,2,34000,15800,16.5,1700,0,False
L005870,C03889,1,267000,119700,6.42,5550,0,False
L005871,C03890,2,49000,29500,16.46,2450,0,False
L005872,C03891,2,19000,12500,22.21,950,0,False
L005873,C03891,1,198000,85600,7.77,2670,2,False
L005874,C03891,4,190000,131100,6.37,6930,1,False
L005875,C03891,3,1162000,1065900,4.13,6550,4,False
L005876,C03892,2,24000,12700,17.4,1200,0,False
L005877,C03892,1,324000,238800,3.99,5500,0,False
L005878,C03893,3,1237000,787400,2.21,4810,0,False
L005879,C03894,1,276000,116900,5.78,6450,0,False
L005880,C03894,3,1971000,1292900,2.31,7990,0,False
L005881,C03895,3,1295000,1183400,2.28,6140,0,False
L005882,C03895,1,426000,379100,4.98,6580,0,False
L005883,C03896,3,372000,246700,3.52,1450,1,False
L005884,C03897,3,1670000,1352300,3.08,8460,0,False
L005885,C03897,2,46000,17700,19.1,2300,0,False
L005886,C03898,3,1058000,544700,3.34,4820,0,False
L005887,C03899,3,1484000,878000,2.89,5430,0,False
L005888,C03899,1,76000,67100,4.48,1900,0,False
L005889,C03900,3,1299000,923600,2.43,6130,1,False
L005890,C03900,4,114000,23200,9.87,1210,0,False
L005891,C03901,3,1183000,985200,3.08,5020,0,False
L005892,C03902,4,216000,180700,7.87,6110,1,False
L005893,C03903,4,56000,44300,11.29,750,0,False
L005894,C03904,3,2104000,1755200,2.23,9100,0,False
L005895,C03905,3,1013000,470900,2.7,3770,0,False
L005896,C03906,2,36000,4600,14.9,1800,0,False
L005897,C03906,4,74000,34600,10.29,850,1,False
L005898,C03907,2,58000,18000,14.29,2900,1,False
L005899,C03908,4,70000,59000,7.76,1090,0,False
L005900,C03909,2,9000,3800,21.48,450,0,False
L005901,C03909,4,55000,25500,10.13,1530,2,False
L005902,C03910,3,1995000,997100,2.91,8890,0,False
L005903,C03910,2,66000,29600,17.68,3300,0,False
L005904,C03911,3,1268000,725400,3.43,5140,0,False
L005905,C03912,3,1568000,1009600,3.35,7430,0,False
L005906,C03913,3,1710000,1273400,3.33,6860,0,False
L005907,C03914,4,56000,26600,9.34,850,1,False
L005908,C03915,1,320000,116500,4.99,6390,0,False
L005909,C03916,3,1679000,1046600,3.23,7790,0,False
L005910,C03917,1,94000,53100,6.4,1760,0,False
L005911,C03918,3,1426000,1144900,3.11,6430,0,False
L005912,C03919,3,2424000,1300600,2.52,9430,0,False
L005913,C03919,4,59000,21600,7.27,810,0,False
L005914,C03920,1,176000,103800,9.5,5910,0,False
L005915,C03921,3,1461000,976700,2.39,6020,0,False
L005916,C03922,2,11000,8800,16.7,550,0,False
L005917,C03922,4,290000,201800,8.52,3520,1,False
L005918,C03923,1,98000,53300,4.96,1270,0,False
L005919,C03923,3,591000,544500,3.49,2890,0,False
L005920,C03924,3,1873000,1700800,2.56,9010,0,False
L005921,C03925,3,1097000,702800,2.86,4270,0,False
L005922,C03925,2,13000,8600,18.37,650,0,False
L005923,C03926,2,17000,1400,17.94,850,0,False
L005924,C03927,2,36000,29500,20.3,1800,0,False
L005925,C03927,3,1222000,1144600,3.14,6530,0,False
L005926,C03928,1,106000,46300,10.52,1710,0,False
L005927,C03928,2,7000,3100,16.25,350,0,False
L005928,C03929,1,306000,79500,8.5,9150,0,False
L005929,C03930,4,90000,39700,10.15,1230,1,False
L005930,C03931,2,28000,19300,17.88,1400,0,False
L005931,C03932,3,1085000,712700,2.87,4490,0,False
L005932,C03933,1,114000,60300,5.61,1920,1,False
L005933,C03933,3,1484000,692300,3.69,5380,0,False
L005934,C03933,2,26000,15900,14.79,1300,0,False
L005935,C03934,3,2108000,1373400,3.29,10070,1,False
L005936,C03935,2,73000,43000,18.61,3650,2,True
L005937,C03935,4,403000,258200,7.82,14490,0,False
L005938,C03935,1,370000,175100,7.28,7050,0,False
L005939,C03936,1,356000,231700,7.38,6280,0,False
L005940,C03937,4,165000,65600,9.49,2270,0,False
L005941,C03937,3,2505000,2174500,2.6,10560,1,False
L005942,C03937,2,33000,25400,12.92,1650,0,False
L005943,C03938,2,43000,6700,13.59,2150,0,False
L005944,C03938,3,1178000,905200,2.7,5410,0,False
L005945,C03939,2,51000,21800,12.33,2550,0,False
L005946,C03939,4,256000,120200,11.11,3340,0,False
L005947,C03940,4,58000,31400,8.58,990,0,False
L005948,C03940,3,919000,444300,2.77,3860,0,False
L005949,C03940,1,72000,24800,7.82,1640,2,False
L005950,C03941,4,153000,83000,6.66,3320,0,False
L005951,C03942,4,244000,131200,11.09,2890,0,False
L005952,C03943,2,5000,2800,23.18,250,0,False
L005953,C03944,3,2066000,1880600,2.67,9300,2,False
L005954,C03945,3,1536000,845200,2.79,6680,0,False
L005955,C03946,4,208000,147400,9.99,5130,0,False
L005956,C03947,2,13000,4000,21.28,650,0,False
L005957,C03947,3,1412000,1290400,2.2,5250,0,False
L005958,C03948,4,251000,200400,9.08,3910,0,False
L005959,C03949,2,66000,23700,14.99,3300,0,False
L005960,C03950,4,121000,102200,7.2,1950,0,False
L005961,C03951,2,19000,11400,18.7,950,0,False
L005962,C03952,4,79000,19200,9.74,2490,0,False
L005963,C03953,3,1074000,509000,2.65,3760,0,False
L005964,C03954,2,20000,2000,16.39,1000,0,False
L005965,C03954,3,1014000,624800,2.9,3660,0,False
L005966,C03955,3,1846000,1171400,2.75,7200,0,False
L005967,C03955,2,28000,7000,21.61,1400,0,False
L005968,C03956,3,814000,757500,2.81,3530,0,False
L005969,C03957,3,3341000,2044300,3.37,16900,0,False
L005970,C03957,2,18000,7000,15.18,900,0,False
L005971,C03958,1,177000,104700,5.42,6070,2,False
L005972,C03959,2,22000,7000,20.66,1100,1,False
L005973,C03960,2,8000,5500,23.5,400,0,False
L005974,C03961,4,64000,13400,8.21,1170,0,False
L005975,C03961,3,1555000,759700,3.71,6340,0,False
L005976,C03961,1,209000,77400,6.51,3910,0,False
L005977,C03962,3,1634000,877700,2.2,7390,0,False
L005978,C03963,1,105000,82800,8.01,2420,0,False
L005979,C03964,1,94000,23600,6.47,2690,0,False
L005980,C03964,2,54000,8600,15.67,2700,0,False
L005981,C03964,3,1866000,870400,2.91,8370,0,False
L005982,C03965,2,5000,1000,16.37,250,0,False
L005983,C03966,3,2306000,1828800,2.74,9810,2,True
L005984,C03966,1,135000,74600,6.69,2240,0,False
L005985,C03967,2,39000,19100,17.66,1950,0,False
L005986,C03967,3,1780000,1302700,2.47,8590,2,False
L005987,C03968,2,16000,8700,19.67,800,1,True
L005988,C03969,3,2459000,1374400,3.26,12100,0,False
L005989,C03970,1,522000,376600,6.99,7670,0,False
L005990,C03970,4,370000,321600,11.81,5480,0,False
L005991,C03970,3,1412000,756500,3.07,6890,1,False
L005992,C03971,3,2162000,1777200,2.99,9150,0,False
L005993,C03971,2,64000,54000,22.0,3200,0,False
L005994,C03972,2,21000,4700,16.05,1050,0,False
L005995,C03973,2,45000,31800,13.92,2250,1,False
L005996,C03974,3,2072000,1918900,3.0,8560,0,False
L005997,C03974,2,66000,12000,15.06,3300,0,False
L005998,C03975,3,1166000,812700,3.22,4490,0,False
L005999,C03976,3,1071000,630400,3.09,5020,0,False
L006000,C03977,2,13000,1600,23.01,650,3,False
L006001,C03978,3,2997000,2728100,3.19,13480,0,False
L006002,C03979,2,5000,3000,19.17,250,0,False
L006003,C03980,3,2299000,1231000,2.61,10210,1,False
L006004,C03980,4,155000,120200,7.29,2360,0,False
L006005,C03981,3,987000,800000,3.21,4460,0,False
L006006,C03982,3,1079000,715400,3.41,4730,0,False
L006007,C03983,3,1002000,619900,2.7,3740,0,False
L006008,C03984,2,31000,23500,18.08,1550,1,False
L006009,C03985,3,818000,513200,3.47,3150,0,False
L006010,C03986,4,98000,27100,8.68,3980,0,False
L006011,C03987,3,2153000,1263800,3.1,9370,0,False
L006012,C03988,3,1679000,1403000,3.17,7050,1,False
L006013,C03988,1,224000,137800,6.29,3830,0,False
L006014,C03989,2,12000,8400,19.83,600,0,False
L006015,C03990,3,870000,542700,2.97,3770,3,False
L006016,C03991,3,1547000,1198500,3.29,8170,0,False
L006017,C03991,4,150000,87300,10.74,1800,0,False
L006018,C03992,2,15000,5900,14.89,750,3,False
L006019,C03993,1,280000,189100,4.92,7410,0,False
L006020,C03994,1,74000,57200,7.9,1600,0,False
L006021,C03995,4,139000,62800,8.67,1530,0,False
L006022,C03996,2,18000,14400,17.4,900,0,False
L006023,C03996,4,244000,167100,11.42,3670,1,False
L006024,C03997,2,21000,2200,22.8,1050,1,False
L006025,C03997,4,39000,19800,6.51,560,0,False
L006026,C03998,3,2659000,1222200,3.09,11000,0,False
L006027,C03999,2,36000,8900,17.68,1800,0,False
L006028,C03999,1,98000,50300,8.9,2720,0,False
L006029,C03999,3,826000,621900,2.57,3140,0,False
L006030,C04000,3,943000,639200,2.82,4070,0,False
L006031,C04001,3,2144000,1263900,3.07,8810,0,False
L006032,C04002,1,76000,42100,5.75,2210,0,False
L006033,C04003,3,1790000,1606500,3.51,9610,0,False
L006034,C04003,2,48000,23100,13.09,2400,0,False
L006035,C04004,2,13000,1500,13.74,650,0,False
L006036,C04005,2,27000,16700,11.85,1350,0,False
L006037,C04006,3,2487000,2001200,2.82,11460,0,False
L006038,C04007,4,236000,82800,6.8,3100,0,False
L006039,C04008,3,1381000,941000,2.85,5520,0,False
L006040,C04008,4,97000,34700,8.2,2610,0,False
L006041,C04009,1,63000,31300,5.52,880,0,False
L006042,C04009,2,12000,8600,17.27,600,0,False
L006043,C04009,4,24000,11100,6.67,250,0,False
L006044,C04010,4,148000,61400,8.67,2510,0,False
L006045,C04011,2,7000,5600,20.17,350,0,False
L006046,C04012,3,2186000,1786300,3.21,10540,4,True
L006047,C04012,1,256000,128500,3.5,10090,1,False
L006048,C04013,4,398000,270400,6.39,4290,1,False
L006049,C04013,3,2602000,1332500,2.3,10060,0,False
L006050,C04013,2,35000,9100,15.43,1750,0,False
L006051,C04013,1,323000,137800,6.58,11900,0,False
L006052,C04014,2,25000,7400,15.22,1250,0,False
L006053,C04015,3,1575000,907600,2.87,7730,0,False
L006054,C04016,2,20000,8800,13.23,1000,0,False
L006055,C04016,1,162000,55600,6.73,2810,0,False
L006056,C04017,2,7000,1100,16.97,350,0,False
L006057,C04018,1,314000,158900,5.23,7930,2,False
L006058,C04018,2,13000,10100,16.29,650,0,False
L006059,C04019,1,338000,225500,5.72,4990,0,False
L006060,C04020,3,2078000,967700,3.21,8200,1,False
L006061,C04020,2,39000,23000,15.07,1950,0,False
L006062,C04021,2,6000,1100,18.67,300,4,False
L006063,C04022,3,1406000,740200,2.75,5290,0,False
L006064,C04023,3,1693000,1132300,3.61,8370,0,False
L006065,C04023,4,154000,91100,5.41,3860,0,False
L006066,C04024,3,1285000,1141000,2.77,6260,0,False
L006067,C04024,1,147000,108200,5.6,2910,0,False
L006068,C04025,3,1498000,1237900,2.67,6210,0,False
L006069,C04025,4,226000,138200,7.75,3770,0,False
L006070,C04026,4,69000,53400,5.86,1980,3,False
L006071,C04027,3,1303000,988200,2.84,5580,0,False
L006072,C04028,1,274000,192600,6.34,5480,0,False
L006073,C04028,3,1512000,1233300,2.71,6120,0,False
L006074,C04029,2,20000,16100,19.0,1000,0,False
L006075,C04029,4,30000,15300,10.95,490,0,False
L006076,C04030,4,144000,33900,5.76,2910,0,False
L006077,C04031,2,21000,4500,17.43,1050,0,False
L006078,C04032,4,169000,82600,11.06,2770,0,False
L006079,C04032,3,1382000,1164400,3.32,6340,0,False
L006080,C04033,3,1190000,817100,3.08,4690,0,False
L006081,C04034,2,43000,11400,18.93,2150,0,False
L006082,C04035,4,40000,21300,9.78,1430,0,False
L006083,C04035,2,13000,10600,19.3,650,1,False
L006084,C04035,1,50000,24200,10.61,740,1,False
L006085,C04036,2,17000,1200,15.34,850,0,False
L006086,C04037,2,52000,18400,21.33,2600,0,False
L006087,C04038,3,1118000,952700,2.76,4730,0,False
L006088,C04039,3,1869000,1711500,3.35,8660,4,False
L006089,C04040,1,346000,184200,6.92,9340,0,False
L006090,C04041,2,18000,9400,11.7,900,0,False
L006091,C04042,1,355000,281300,6.3,6770,0,False
L006092,C04043,2,16000,7900,16.94,800,0,False
L006093,C04043,3,2040000,1358100,2.27,8100,1,False
L006094,C04044,3,1410000,1172300,2.94,6330,0,False
L006095,C04044,2,63000,40800,15.77,3150,4,True
L006096,C04044,4,330000,195000,9.18,4060,0,False
L006097,C04045,1,266000,163300,4.22,5570,1,False
L006098,C04045,3,2046000,926300,2.85,9580,0,False
L006099,C04045,4,238000,92900,7.58,2380,0,False
L006100,C04046,4,316000,206700,11.42,11400,0,False
L006101,C04046,3,1658000,1503000,2.54,7350,1,False
L006102,C04046,2,19000,13700,17.4,950,0,False
L006103,C04047,4,463000,104400,6.01,9780,0,False
L006104,C04048,4,216000,72000,6.35,2100,0,False
L006105,C04049,3,1082000,601100,3.21,4580,0,False
L006106,C04050,2,29000,7500,11.69,1450,0,False
L006107,C04051,3,586000,412900,2.77,2940,0,False
L006108,C04051,2,35000,26700,14.76,1750,0,False
L006109,C04052,1,263000,171600,5.29,5600,0,False
L006110,C04053,2,15000,8800,16.14,750,0,False
L006111,C04054,2,27000,7700,16.26,1350,0,False
L006112,C04055,1,384000,100200,7.36,6590,0,False
L006113,C04056,2,47000,36500,14.89,2350,0,False
L006114,C04057,2,7000,600,15.11,350,0,False
L006115,C04058,2,10000,4900,19.51,500,2,False
L006116,C04059,3,2251000,1266600,2.93,8080,0,False
L006117,C04060,1,431000,172700,6.85,10120,0,False
L006118,C04061,3,1915000,1812200,2.96,8160,0,False
L006119,C04061,2,60000,6500,17.74,3000,0,False
L006120,C04062,4,77000,29600,8.28,1010,0,False
L006121,C04063,1,164000,140700,5.03,6430,0,False
L006122,C04063,3,1438000,977700,3.46,6090,0,False
L006123,C04064,3,1581000,1348700,3.21,8090,0,False
L006124,C04065,3,1116000,1024200,3.0,4710,0,False
L006125,C04066,2,17000,5000,16.05,850,0,False
L006126,C04067,3,1871000,995500,3.01,7100,1,False
L006127,C04068,1,152000,67500,8.93,3820,1,False
L006128,C04069,2,48000,9400,18.46,2400,0,False
L006129,C04070,3,1505000,744300,2.6,5510,0,False
L006130,C04071,1,57000,14500,5.8,730,0,False
L006131,C04071,3,765000,631700,4.05,3790,0,False
L006132,C04072,1,322000,213500,4.34,8310,0,False
L006133,C04073,1,151000,125700,4.37,2240,2,False
L006134,C04073,2,25000,20900,20.41,1250,3,False
L006135,C04073,4,199000,87400,5.79,2260,0,False
L006136,C04073,3,1403000,648600,3.13,6350,1,False
L006137,C04074,2,19000,11100,19.37,950,2,False
L006138,C04074,3,1254000,1005400,2.93,5680,0,False
L006139,C04075,3,949000,546300,3.27,3810,0,False
L006140,C04075,2,8000,3300,17.84,400,2,False
L006141,C04076,2,12000,1200,19.59,600,0,False
L006142,C04077,3,2096000,1606700,2.84,9720,0,False
L006143,C04078,3,2487000,1615000,3.18,10530,0,False
L006144,C04078,1,174000,147900,6.79,6360,1,False
L006145,C04079,4,140000,67700,8.83,1920,0,False
L006146,C04080,2,24000,5600,16.73,1200,0,False
L006147,C04081,2,5000,2500,20.93,250,0,False
L006148,C04082,3,2234000,1566500,2.86,9030,0,False
L006149,C04083,3,1207000,701900,2.39,4280,0,False
L006150,C04084,3,2711000,1574500,2.54,11730,0,False
L006151,C04085,3,1940000,1436900,3.03,8110,0,False
L006152,C04086,2,15000,7600,20.5,750,0,False
L006153,C04086,4,106000,27300,13.58,3590,1,False
L006154,C04087,4,97000,24200,8.1,980,0,False
L006155,C04088,3,1668000,1102400,2.84,7850,0,False
L006156,C04088,2,20000,2600,15.65,1000,0,False
L006157,C04089,2,19000,12700,12.42,950,2,False
L006158,C04090,1,81000,50700,6.17,2670,0,False
L006159,C04091,1,205000,112500,7.66,5740,0,False
L006160,C04092,3,1157000,874900,3.48,4940,0,False
L006161,C04092,4,76000,44000,5.0,900,0,False
L006162,C04093,4,60000,32800,8.31,1250,2,False
L006163,C04093,2,56000,27100,18.42,2800,1,False
L006164,C04093,3,1933000,1601200,2.2,8170,0,False
L006165,C04094,1,133000,61000,4.26,2660,0,False
L006166,C04094,3,981000,632900,3.15,3940,0,False
L006167,C04095,3,1546000,1034700,2.41,6140,2,False
L006168,C04095,2,37000,19400,17.9,1850,0,False
L006169,C04096,1,524000,131500,8.08,9870,0,False
L006170,C04097,2,7000,5500,18.68,350,0,False
L006171,C04098,2,70000,49500,16.73,3500,1,False
L006172,C04099,3,1406000,801100,2.37,5470,0,False
L006173,C04100,2,5000,2700,14.91,250,0,True
L006174,C04101,4,302000,78400,6.81,3500,2,False
L006175,C04101,3,2131000,1190800,3.21,8100,0,False
L006176,C04102,2,35000,11100,21.42,1750,0,False
L006177,C04102,1,97000,80000,6.95,1730,0,False
L006178,C04102,3,1208000,677100,2.54,4450,0,False
L006179,C04103,3,1644000,1141500,3.56,6600,0,False
L006180,C04104,2,21000,2700,17.38,1050,0,False
L006181,C04104,1,51000,33500,6.83,770,0,False
L006182,C04105,3,1315000,652300,3.74,6000,0,False
L006183,C04106,3,1718000,1210600,3.08,7310,0,False
L006184,C04107,1,172000,83700,7.26,4920,0,False
L006185,C04108,4,271000,145800,8.26,3100,0,False
L006186,C04109,3,825000,540300,3.11,4030,0,False
L006187,C04110,3,1196000,831200,2.81,5380,0,False
L006188,C04111,3,1294000,844500,2.57,5320,0,False
L006189,C04112,3,1723000,777100,2.89,6880,0,False
L006190,C04112,2,55000,42600,20.7,2750,0,False
L006191,C04113,2,5000,4100,21.34,250,0,False
L006192,C04114,3,1660000,851500,2.8,6930,0,False
L006193,C04114,2,41000,23400,17.7,2050,1,False
L006194,C04114,4,122000,96300,8.99,2240,0,False
L006195,C04115,1,50000,44100,8.69,1430,1,False
L006196,C04115,2,5000,2300,18.29,250,1,False
L006197,C04116,2,43000,13600,16.38,2150,0,False
L006198,C04117,4,103000,76900,11.52,2660,0,False
L006199,C04118,2,19000,9900,15.85,950,0,False
L006200,C04118,1,161000,110100,7.95,3630,0,False
L006201,C04119,1,144000,47700,8.78,2360,4,False
L006202,C04120,3,1319000,924200,3.35,5260,0,False
L006203,C04121,3,1225000,889100,3.02,5180,0,False
L006204,C04122,3,1052000,562900,3.24,4040,0,False
L006205,C04122,4,113000,71700,7.75,1260,0,False
L006206,C04122,1,211000,134600,6.07,3050,0,False
L006207,C04123,4,105000,46000,6.29,1770,0,False
L006208,C04124,2,26000,20300,14.56,1300,0,False
L006209,C04125,4,149000,89100,9.12,1910,2,False
L006210,C04126,4,241000,87600,10.26,2840,0,False
L006211,C04127,3,1855000,1739700,2.95,8300,0,False
L006212,C04128,3,688000,455500,3.02,2720,0,False
L006213,C04128,2,32000,19900,20.66,1600,0,True
L006214,C04129,3,1856000,1358100,2.2,7990,0,False
L006215,C04129,2,28000,2700,15.56,1400,0,False
L006216,C04130,2,5000,2800,20.99,250,0,False
L006217,C04131,3,1526000,792900,3.32,7220,0,False
L006218,C04132,2,8000,900,22.7,400,0,False
L006219,C04132,4,96000,64600,7.81,2070,0,True
L006220,C04133,3,1797000,1465000,2.69,7320,0,False
L006221,C04134,3,1831000,1370200,3.61,7980,0,False
L006222,C04135,2,18000,15000,15.52,900,0,False
L006223,C04135,3,1673000,1135800,2.28,7640,0,False
L006224,C04136,2,13000,5400,19.29,650,0,False
L006225,C04137,3,697000,314100,3.25,3070,0,False
L006226,C04138,3,1764000,968000,2.26,6150,0,False
L006227,C04138,1,347000,145600,6.04,6210,0,False
L006228,C04139,4,192000,83200,4.5,2140,0,False
L006229,C04140,2,13000,700,19.34,650,3,False
L006230,C04140,4,112000,27000,6.94,1500,0,False
L006231,C04141,3,2023000,1095600,2.69,7760,1,False
L006232,C04142,2,15000,10300,20.2,750,0,False
L006233,C04143,2,18000,5800,21.7,900,1,False
L006234,C04144,4,177000,137900,11.55,6460,0,False
L006235,C04145,3,749000,428800,3.58,3670,0,False
L006236,C04146,1,191000,150800,4.6,3200,0,False
L006237,C04147,4,242000,81400,9.65,3740,0,False
L006238,C04148,4,157000,97200,9.56,2020,1,False
L006239,C04149,3,527000,258700,2.7,2360,0,False
L006240,C04149,2,13000,3000,19.86,650,0,False
L006241,C04150,3,2060000,1411900,3.14,10020,1,False
L006242,C04151,2,20000,1200,20.85,1000,0,False
L006243,C04152,2,41000,34000,21.31,2050,0,False
L006244,C04152,4,228000,147200,8.29,3820,0,False
L006245,C04153,4,273000,242400,11.21,6000,0,False
L006246,C04154,1,437000,295200,6.57,6140,0,False
L006247,C04154,2,55000,17500,18.07,2750,1,False
L006248,C04155,3,1135000,671700,2.84,4830,0,False
L006249,C04156,2,11000,5100,21.12,550,0,False
L006250,C04157,1,242000,75800,7.03,9730,0,False
L006251,C04158,3,1342000,704900,3.13,5070,0,False
L006252,C04159,4,147000,128400,6.36,4500,0,False
L006253,C04160,2,52000,24900,16.23,2600,2,False
L006254,C04160,3,2236000,1325900,2.72,9360,3,False
L006255,C04160,1,250000,188800,3.5,5530,1,True
L006256,C04161,1,242000,213800,8.1,4290,0,False
L006257,C04162,2,7000,1300,23.5,350,0,False
L006258,C04162,1,54000,14100,9.18,890,0,False
L006259,C04163,3,2221000,1035100,2.62,7590,2,False
L006260,C04164,3,1955000,1377400,2.65,8430,0,False
L006261,C04165,3,1399000,1044800,2.61,6400,0,False
L006262,C04166,3,2858000,2243000,2.72,12090,0,False
L006263,C04166,2,87000,44600,15.08,4350,0,False
L006264,C04167,4,192000,51600,6.81,3190,1,False
L006265,C04167,2,22000,15500,18.98,1100,2,False
L006266,C04167,3,980000,892500,3.92,5710,0,False
L006267,C04168,2,6000,2500,15.22,300,0,False
L006268,C04169,3,894000,656700,2.9,3410,0,False
L006269,C04169,2,31000,24600,17.64,1550,0,False
L006270,C04170,1,252000,99300,5.8,4230,0,False
L006271,C04170,2,37000,31200,16.11,1850,0,False
L006272,C04171,3,1778000,1256700,2.78,6650,0,False
L006273,C04171,4,301000,90700,10.52,3260,2,False
L006274,C04172,2,71000,25800,15.58,3550,0,False
L006275,C04172,3,2637000,1210300,3.17,12400,0,False
L006276,C04173,3,1646000,832900,3.22,7600,0,False
L006277,C04174,3,2177000,1098800,3.02,8570,2,False
L006278,C04174,1,352000,252600,8.52,7790,3,False
L006279,C04174,2,63000,21900,13.61,3150,2,True
L006280,C04174,4,215000,149300,8.4,2440,1,False
L006281,C04175,2,23000,16100,16.79,1150,1,False
L006282,C04176,2,28000,7700,15.19,1400,1,False
L006283,C04176,3,1457000,1270100,4.11,8030,0,False
L006284,C04177,2,65000,54300,19.72,3250,0,False
L006285,C04178,4,75000,66200,8.26,2130,0,False
L006286,C04179,3,1707000,909900,2.2,7200,0,False
L006287,C04180,3,1136000,667100,2.85,4800,0,False
L006288,C04181,4,285000,80700,10.94,4430,0,False
L006289,C04182,1,273000,149500,6.31,3980,2,True
L006290,C04183,3,956000,754900,3.0,4710,2,False
L006291,C04184,3,1767000,1628600,3.8,8220,0,False
L006292,C04185,4,68000,43100,6.48,1610,0,False
L006293,C04185,3,1121000,679200,3.1,5240,0,False
L006294,C04186,3,1350000,655000,2.67,5290,0,False
L006295,C04187,2,8000,2500,14.95,400,0,False
L006296,C04188,3,1847000,1568000,2.63,9190,0,False
L006297,C04188,2,53000,21000,13.95,2650,2,False
L006298,C04188,1,487000,417800,5.7,9240,0,False
L006299,C04189,2,21000,12400,18.3,1050,0,False
L006300,C04190,3,1076000,627400,2.43,4030,0,False
L006301,C04191,3,2428000,1263600,3.06,9680,0,False
L006302,C04191,4,105000,93700,5.39,1150,0,False
L006303,C04192,2,29000,13400,16.09,1450,0,False
L006304,C04193,2,17000,6600,24.0,850,0,False
L006305,C04193,1,80000,49000,8.53,2320,0,False
L006306,C04194,3,909000,445200,2.67,3660,1,False
L006307,C04194,4,119000,105900,10.46,1660,0,False
L006308,C04194,2,52000,22400,19.77,2600,1,False
L006309,C04194,1,99000,34600,8.01,1850,0,False
L006310,C04195,3,2450000,1150700,3.32,11870,0,False
L006311,C04196,4,211000,183500,8.36,2500,0,False
L006312,C04196,3,1219000,1030500,3.03,5410,0,False
L006313,C04197,2,17000,5000,15.4,850,0,False
L006314,C04198,4,196000,94500,8.74,3630,0,False
L006315,C04198,2,66000,17300,20.2,3300,0,False
L006316,C04199,3,2499000,1508500,3.27,11360,0,False
L006317,C04199,2,50000,36400,16.94,2500,0,False
L006318,C04200,2,47000,22300,22.0,2350,0,False
L006319,C04201,4,23000,14000,6.89,410,0,False
L006320,C04202,1,129000,81700,8.14,2000,0,False
L006321,C04202,2,57000,42800,15.48,2850,0,False
L006322,C04203,2,35000,27300,19.47,1750,0,False
L006323,C04204,2,52000,19400,19.77,2600,0,False
L006324,C04204,4,44000,35300,10.6,840,0,False
L006325,C04205,3,1083000,510400,2.87,4930,0,False
L006326,C04206,2,32000,22700,15.01,1600,0,False
L006327,C04207,4,266000,133000,8.93,2960,0,False
L006328,C04208,4,96000,72300,12.79,1740,0,False
L006329,C04208,3,1970000,1368700,3.44,10230,1,False
L006330,C04209,4,67000,53600,8.91,930,0,False
L006331,C04210,2,10000,1600,18.35,500,0,False
L006332,C04211,2,14000,7000,12.85,700,2,False
L006333,C04212,2,21000,16000,17.61,1050,0,False
L006334,C04213,3,2395000,1380600,3.25,11460,0,False
L006335,C04213,4,240000,55700,6.94,8140,0,False
L006336,C04214,2,11000,3600,18.05,550,0,False
L006337,C04215,3,2558000,1892800,2.99,12320,0,False
L006338,C04215,2,15000,7700,18.24,750,1,False
L006339,C04215,4,141000,42100,7.79,1460,3,False
L006340,C04215,1,383000,231600,5.33,14170,2,False
L006341,C04216,2,5000,2700,19.07,250,0,False
L006342,C04217,4,14000,12000,8.15,410,1,False
L006343,C04218,2,30000,24400,19.07,1500,0,False
L006344,C04218,3,1651000,1303700,2.31,6230,0,False
L006345,C04219,2,30000,6000,15.4,1500,0,False
L006346,C04220,3,3456000,3161700,3.04,17820,0,False
L006347,C04221,1,377000,317500,7.11,5690,0,False
L006348,C04221,3,3025000,1980100,3.48,12690,4,False
L006349,C04221,2,44000,2600,15.56,2200,0,False
L006350,C04222,4,190000,45500,7.03,3390,0,False
L006351,C04222,3,2431000,1335300,2.33,8760,0,False
L006352,C04223,1,133000,105700,7.48,2210,0,False
L006353,C04224,3,715000,624300,2.46,2950,0,False
L006354,C04225,3,1773000,1079900,2.61,8210,0,False
L006355,C04226,1,127000,57300,7.88,2320,0,False
L006356,C04227,2,56000,21100,17.54,2800,0,False
L006357,C04227,3,2477000,1900000,2.87,10350,0,False
L006358,C04228,1,81000,21600,6.96,1420,0,False
L006359,C04229,4,188000,115000,7.33,3970,1,False
L006360,C04230,2,5000,2400,22.68,250,0,False
L006361,C04231,2,15000,12600,17.73,750,0,False
L006362,C04231,3,1153000,961900,2.87,5750,4,False
L006363,C04232,2,18000,4200,15.51,900,0,False
L006364,C04232,4,75000,23000,13.87,1920,1,False
L006365,C04233,2,36000,19000,16.8,1800,0,False
L006366,C04233,3,1743000,1347900,2.23,6460,0,False
L006367,C04234,3,774000,491500,2.57,3150,1,False
L006368,C04235,2,42000,31300,14.9,2100,0,False
L006369,C04236,2,56000,27800,16.23,2800,0,False
L006370,C04236,3,1896000,1514400,3.34,9740,1,False
L006371,C04237,2,6000,3400,16.63,300,0,False
L006372,C04238,4,72000,43800,6.38,940,0,False
L006373,C04239,3,1427000,1296700,3.21,7180,0,False
L006374,C04239,2,21000,11000,14.77,1050,0,False
L006375,C04240,2,14000,9000,19.09,700,0,False
L006376,C04241,3,1038000,585100,3.0,3970,0,False
L006377,C04242,1,226000,57200,7.62,2920,0,False
L006378,C04242,2,19000,10900,16.16,950,0,False
L006379,C04242,3,1783000,831000,2.82,6650,0,False
L006380,C04242,4,49000,17200,7.92,880,0,False
L006381,C04243,3,2486000,2285900,2.59,9730,0,False
L006382,C04244,3,748000,465400,3.26,3000,0,False
L006383,C04245,2,11000,5200,17.08,550,2,True
L006384,C04245,1,130000,32600,7.08,3370,0,False
L006385,C04246,1,62000,19300,8.87,880,0,False
L006386,C04247,3,748000,384700,2.9,2700,0,False
L006387,C04248,3,919000,468800,2.7,3570,0,False
L006388,C04248,1,296000,243200,7.95,4400,0,False
L006389,C04248,4,55000,33000,9.0,1310,0,False
L006390,C04249,4,223000,53600,9.36,4350,0,False
L006391,C04249,2,43000,6700,20.06,2150,1,False
L006392,C04250,3,779000,426500,2.74,3270,0,False
L006393,C04250,4,113000,68800,7.19,1900,0,False
L006394,C04251,3,1613000,922400,2.7,7090,0,False
L006395,C04252,2,18000,5600,16.82,900,0,False
L006396,C04253,3,1239000,951100,2.81,5480,0,False
L006397,C04254,3,1794000,1319600,3.14,8550,0,False
L006398,C04254,4,136000,31200,6.26,1650,0,False
L006399,C04255,1,234000,144500,7.03,3740,0,False
L006400,C04256,4,128000,89000,11.93,1660,0,False
L006401,C04256,2,28000,6000,15.02,1400,0,False
L006402,C04257,1,151000,87900,7.44,2730,0,False
L006403,C04257,3,469000,214300,3.18,1850,0,False
L006404,C04258,2,8000,4800,16.21,400,4,False
L006405,C04258,1,94000,56000,5.0,2790,0,False
L006406,C04259,1,95000,76400,11.06,4020,0,False
L006407,C04260,2,22000,6100,15.92,1100,0,False
L006408,C04260,4,22000,15600,11.34,300,0,True
L006409,C04260,1,96000,69000,8.65,1520,0,False
L006410,C04261,1,121000,67400,7.1,3760,0,False
L006411,C04262,2,29000,22700,21.22,1450,0,False
L006412,C04262,4,107000,21400,10.31,1880,0,False
L006413,C04262,1,160000,114700,6.55,2670,0,False
L006414,C04263,4,59000,50600,8.44,1220,0,False
L006415,C04264,2,17000,4800,12.57,850,0,False
L006416,C04264,3,870000,638200,3.01,3720,0,False
L006417,C04265,3,1515000,934900,2.65,5430,1,False
L006418,C04266,3,1365000,710900,2.32,6230,0,False
L006419,C04267,3,1653000,1543600,3.1,8250,0,False
L006420,C04268,2,43000,11200,17.28,2150,0,False
L006421,C04269,2,14000,9200,12.77,700,0,False
L006422,C04270,2,13000,8300,16.39,650,0,False
L006423,C04271,2,20000,4200,18.74,1000,0,False
L006424,C04272,2,43000,19700,17.63,2150,0,False
L006425,C04273,3,1687000,1123500,2.5,6930,0,False
L006426,C04274,3,1737000,1150800,2.5,8170,1,False
L006427,C04275,2,54000,23000,18.28,2700,2,False
L006428,C04276,1,173000,65100,8.84,2290,3,False
L006429,C04277,3,2273000,1671800,3.11,11060,1,False
L006430,C04278,1,142000,116000,5.97,4310,2,False
L006431,C04279,3,902000,623700,2.4,4290,0,False
L006432,C04279,1,115000,61800,7.44,2890,0,False
L006433,C04280,3,1302000,997800,2.75,5080,0,False
L006434,C04280,1,203000,145700,7.27,3450,0,False
L006435,C04280,4,330000,285300,7.67,10810,1,False
L006436,C04281,2,45000,9700,17.94,2250,1,False
L006437,C04282,1,318000,215800,6.14,5080,0,False
L006438,C04283,3,1269000,1072800,2.63,6220,0,False
L006439,C04283,2,10000,8300,18.59,500,0,False
L006440,C04284,1,286000,104200,7.29,3810,0,False
L006441,C04285,2,17000,6500,21.71,850,0,False
L006442,C04286,3,895000,657300,3.0,3750,0,False
L006443,C04286,1,279000,166000,9.78,4270,0,False
L006444,C04287,1,205000,96000,7.62,8330,0,False
L006445,C04288,4,66000,56700,11.09,1670,0,False
L006446,C04289,3,1351000,736100,2.33,5110,0,False
L006447,C04290,4,40000,22400,10.13,1500,0,False
L006448,C04291,1,299000,230500,5.72,4240,0,False
L006449,C04292,2,9000,1600,20.89,450,0,True
L006450,C04293,3,1624000,930500,3.97,6510,1,False
L006451,C04294,3,512000,298700,3.08,2220,0,False
L006452,C04295,4,313000,195600,8.82,4210,0,False
L006453,C04296,4,319000,246900,12.42,12610,0,False
L006454,C04297,4,67000,39100,9.58,2340,0,False
L006455,C04298,1,251000,214200,6.57,5090,0,False
L006456,C04299,3,1867000,872000,3.33,6970,3,True
L006457,C04299,2,43000,26700,19.59,2150,0,False
L006458,C04299,1,205000,113500,6.4,4860,1,False
L006459,C04299,4,69000,43000,7.45,1490,0,False
L006460,C04300,2,17000,4800,17.48,850,0,False
L006461,C04301,1,84000,58200,6.81,1340,0,False
L006462,C04302,3,1250000,976700,2.92,5390,0,False
L006463,C04302,4,110000,26300,6.36,980,0,False
L006464,C04303,4,311000,146000,8.29,3650,0,False
L006465,C04304,2,13000,7800,14.33,650,0,False
L006466,C04305,3,1066000,831900,2.92,4740,0,False
L006467,C04306,1,202000,122400,4.9,3760,0,False
L006468,C04306,3,1215000,553300,2.68,4610,3,False
L006469,C04307,4,52000,31200,4.8,1070,0,False
L006470,C04308,2,15000,3400,16.76,750,0,False
L006471,C04309,4,152000,136500,4.99,2170,0,False
L006472,C04310,1,81000,41700,12.5,2050,0,False
L006473,C04311,3,2457000,2287600,3.19,12720,0,False
L006474,C04312,2,22000,18300,10.0,1100,0,False
L006475,C04312,3,1269000,666500,3.49,4700,0,False
L006476,C04313,3,2758000,1847000,2.66,10190,1,False
L006477,C04314,1,208000,64600,5.37,4190,0,False
L006478,C04315,3,911000,710200,3.64,4660,0,False
L006479,C04315,4,161000,137900,6.74,4040,1,False
L006480,C04315,2,16000,5400,16.22,800,0,False
L006481,C04316,4,219000,188700,6.78,3000,0,False
L006482,C04316,3,1011000,581900,3.25,4220,0,False
L006483,C04317,2,38000,30500,22.0,1900,0,False
L006484,C04318,4,10000,3800,11.0,110,0,False
L006485,C04319,1,87000,44000,9.92,1890,0,False
L006486,C04320,3,1694000,1345500,2.89,7630,0,False
L006487,C04321,2,30000,21800,16.13,1500,2,False
L006488,C04321,3,1603000,1177500,3.19,6550,0,False
L006489,C04321,1,326000,246700,6.77,6610,0,False
L006490,C04322,1,162000,93200,7.56,3320,2,False
L006491,C04322,4,151000,79500,6.94,1670,0,False
L006492,C04323,4,97000,51500,7.46,1060,0,False
L006493,C04324,2,50000,37200,19.25,2500,0,False
L006494,C04324,3,1702000,1496100,2.91,8910,0,False
L006495,C04325,4,92000,42600,10.89,2060,0,False
L006496,C04326,3,570000,456700,3.78,2420,0,False
L006497,C04327,2,23000,7300,15.4,1150,0,False
L006498,C04328,2,24000,6300,18.67,1200,1,False
L006499,C04329,4,197000,90900,6.81,2870,0,False
L006500,C04330,2,14000,11000,16.53,700,0,False
L006501,C04330,4,55000,28500,9.07,1620,0,False
L006502,C04331,4,383000,324900,8.11,5270,3,True
L006503,C04331,2,51000,19000,20.02,2550,0,False
L006504,C04332,2,39000,10200,12.08,1950,0,False
L006505,C04333,4,198000,98400,9.02,2860,0,False
L006506,C04334,1,50000,42200,6.27,870,3,False
L006507,C04335,3,2046000,1406200,2.68,7500,0,False
L006508,C04336,1,50000,32100,5.8,1190,0,False
L006509,C04337,2,54000,34400,15.29,2700,2,False
L006510,C04338,4,132000,44300,7.41,3310,0,False
L006511,C04339,2,67000,54700,16.51,3350,0,False
L006512,C04340,3,1172000,688900,2.32,4090,0,False
L006513,C04341,3,2047000,1342600,2.98,8910,2,False
L006514,C04341,4,271000,221000,7.97,3870,2,False
L006515,C04341,1,261000,148600,8.84,8410,1,False
L006516,C04342,2,20000,1200,23.28,1000,0,False
L006517,C04343,3,903000,474600,3.27,3510,0,False
L006518,C04344,3,1066000,937900,2.51,4710,0,False
L006519,C04345,3,1349000,1119400,2.66,6080,2,False
L006520,C04345,1,237000,117800,5.46,3380,0,False
L006521,C04345,4,280000,199800,7.2,3540,0,False
L006522,C04346,3,1893000,954100,2.96,7190,0,False
L006523,C04346,1,453000,404100,4.17,9150,0,False
L006524,C04347,1,198000,159900,5.74,5560,0,False
L006525,C04348,4,136000,110400,8.27,1740,0,False
L006526,C04349,3,959000,582400,2.88,4730,0,False
L006527,C04349,2,22000,14900,22.0,1100,1,False
L006528,C04350,4,115000,33200,9.84,1290,0,False
L006529,C04350,2,33000,18900,15.59,1650,0,False
L006530,C04351,2,37000,10000,16.93,1850,0,False
L006531,C04352,1,700000,472500,5.17,11130,0,False
L006532,C04353,3,1344000,1161700,3.17,5850,0,False
L006533,C04353,4,66000,14200,5.66,1330,2,False
L006534,C04354,3,927000,814900,3.25,4640,3,False
L006535,C04354,4,47000,16500,9.72,1450,0,False
L006536,C04355,2,28000,8800,18.07,1400,0,False
L006537,C04356,3,1583000,1312900,2.79,8120,0,False
L006538,C04357,4,46000,21200,9.16,600,0,False
L006539,C04358,3,1182000,1106000,3.34,5950,0,False
L006540,C04358,2,32000,10900,16.79,1600,0,False
L006541,C04359,2,18000,1400,21.91,900,0,True
L006542,C04360,4,48000,41600,9.76,2160,0,False
L006543,C04360,2,22000,14100,18.36,1100,2,False
L006544,C04361,2,5000,3300,18.86,250,0,False
L006545,C04362,4,68000,34400,7.17,1180,0,False
L006546,C04363,4,50000,29500,6.16,1210,0,False
L006547,C04364,1,229000,141100,6.19,4000,1,False
L006548,C04365,4,36000,29100,8.62,470,1,False
L006549,C04365,3,1067000,569500,3.08,4280,0,False
L006550,C04366,3,2871000,2184900,2.71,11030,0,False
L006551,C04366,4,279000,176700,10.88,4800,0,False
L006552,C04367,2,45000,17500,20.13,2250,0,False
L006553,C04368,1,168000,150400,7.11,3070,0,False
L006554,C04369,4,88000,68000,9.93,3390,1,False
L006555,C04369,2,87000,42900,17.4,4350,0,False
L006556,C04370,3,1335000,1107600,2.64,5470,0,False
L006557,C04370,1,243000,148400,6.32,3640,0,False
L006558,C04371,2,13000,4300,20.21,650,0,False
L006559,C04371,1,73000,55900,5.32,2930,0,False
L006560,C04372,2,15000,5000,21.84,750,0,False
L006561,C04373,4,39000,28400,9.38,1790,0,False
L006562,C04374,3,1385000,1097200,2.82,5640,0,False
L006563,C04375,3,1167000,990100,3.1,5400,0,False
L006564,C04375,4,187000,72000,6.01,3070,0,False
L006565,C04376,1,75000,47200,10.82,2280,0,False
L006566,C04376,2,8000,6000,19.98,400,0,False
L006567,C04377,4,211000,184000,9.49,7600,1,False
L006568,C04377,3,1260000,1154400,2.59,5570,4,False
L006569,C04377,1,136000,35400,5.55,6000,2,False
L006570,C04378,4,208000,120900,7.72,2440,0,False
L006571,C04378,3,970000,438300,3.29,3530,0,False
L006572,C04379,4,193000,55600,8.68,3310,0,False
L006573,C04380,2,27000,10900,16.62,1350,0,False
L006574,C04381,4,74000,65600,10.16,2730,0,False
L006575,C04382,2,9000,2900,15.6,450,1,False
L006576,C04383,4,295000,152100,11.38,7120,0,False
L006577,C04384,3,1772000,882400,2.75,6630,0,False
L006578,C04384,2,16000,8200,18.22,800,0,False
L006579,C04384,4,278000,160200,9.79,3630,0,False
L006580,C04385,3,1615000,1062900,3.15,6660,0,False
L006581,C04385,2,59000,11600,17.73,2950,0,False
L006582,C04385,4,194000,64800,13.17,2790,0,False
L006583,C04386,1,169000,48300,9.07,2880,0,False
L006584,C04386,4,130000,41300,8.87,1500,1,False
L006585,C04387,3,1338000,1117300,3.41,7070,4,True
L006586,C04387,4,164000,107200,8.42,3150,0,False
L006587,C04388,4,172000,104900,5.69,1720,0,False
L006588,C04389,2,15000,4900,14.15,750,0,False
L006589,C04389,3,1392000,1000400,3.65,6660,0,False
L006590,C04390,2,55000,14400,16.67,2750,0,False
L006591,C04391,2,16000,11400,19.42,800,0,False
L006592,C04392,3,1899000,1626600,3.21,9030,0,False
L006593,C04393,3,1656000,1048500,3.82,6590,0,False
L006594,C04393,2,32000,23900,17.6,1600,0,False
L006595,C04393,1,200000,174700,6.95,4420,2,False
L006596,C04394,2,12000,9900,21.37,600,2,False
L006597,C04394,1,95000,36300,7.36,4160,0,False
L006598,C04395,3,990000,722500,3.0,4700,0,False
L006599,C04396,3,2261000,1104000,3.16,10310,1,False
L006600,C04397,3,1064000,931300,2.72,4840,0,False
L006601,C04397,4,210000,68100,11.39,2480,0,False
L006602,C04398,2,6000,1800,17.7,300,2,False
L006603,C04399,4,231000,47200,8.54,2960,0,False
L006604,C04400,4,52000,20600,7.43,540,0,False
L006605,C04400,2,38000,23700,14.3,1900,0,False
L006606,C04401,2,46000,2500,18.58,2300,0,False
L006607,C04401,3,2057000,1204700,3.32,8190,0,False
L006608,C04402,1,117000,70900,5.65,2150,0,False
L006609,C04402,4,217000,192900,12.32,6440,0,False
L006610,C04402,3,1489000,736700,2.67,5880,2,False
L006611,C04403,3,1442000,1026900,3.46,6350,3,False
L006612,C04404,1,419000,367700,6.93,7950,0,False
L006613,C04404,2,39000,28200,12.73,1950,0,False
L006614,C04405,2,19000,7400,18.71,950,0,False
L006615,C04406,3,1409000,673200,3.32,6060,0,False
L006616,C04406,2,26000,12100,22.0,1300,0,False
L006617,C04407,2,18000,5300,12.34,900,0,False
L006618,C04407,4,73000,35300,11.27,870,0,False
L006619,C04408,2,11000,2300,18.44,550,0,False
L006620,C04408,3,1237000,698300,2.88,5910,0,False
L006621,C04409,2,45000,4100,21.5,2250,2,False
L006622,C04409,3,1096000,778300,2.6,4190,1,False
L006623,C04409,4,284000,57200,7.29,5390,0,False
L006624,C04410,3,1249000,846600,2.86,5590,0,False
L006625,C04411,2,5000,1500,17.62,250,0,False
L006626,C04412,2,5000,3700,15.49,250,0,False
L006627,C04413,1,230000,112000,6.42,4320,0,False
L006628,C04413,3,1441000,1133900,2.89,6740,0,False
L006629,C04413,4,281000,244100,6.39,4240,0,True
L006630,C04414,2,77000,60300,14.75,3850,0,False
L006631,C04415,2,45000,2300,15.78,2250,0,False
L006632,C04416,4,74000,16000,10.26,2360,0,False
L006633,C04416,3,1556000,705600,3.23,6060,1,False
L006634,C04417,4,377000,82900,12.16,4400,0,False
L006635,C04418,2,41000,13700,13.46,2050,0,False
L006636,C04419,3,953000,464000,2.59,3360,0,False
L006637,C04420,3,1818000,833000,2.66,6220,1,False
L006638,C04421,2,41000,20000,14.65,2050,0,False
L006639,C04421,4,106000,72000,5.89,1550,0,False
L006640,C04422,3,1472000,1392200,2.2,6210,0,False
L006641,C04423,3,1659000,1306900,2.91,8350,0,False
L006642,C04423,2,54000,11100,19.01,2700,0,False
L006643,C04424,2,36000,23800,22.0,1800,0,False
L006644,C04425,3,1217000,1090500,3.49,5750,0,False
L006645,C04425,4,145000,128300,7.06,1630,0,False
L006646,C04426,3,1354000,1069000,2.66,5400,0,False
L006647,C04426,4,238000,110200,8.5,2720,1,False
L006648,C04426,2,21000,13800,18.54,1050,0,False
L006649,C04427,1,307000,247200,5.9,5790,0,False
L006650,C04428,3,1764000,837300,3.61,6540,0,False
L006651,C04429,3,1512000,1144300,2.95,7010,0,False
L006652,C04429,2,17000,9400,14.65,850,0,False
L006653,C04430,3,979000,873700,3.44,4760,0,False
L006654,C04431,4,186000,98600,6.61,2580,0,False
L006655,C04432,3,3478000,3054100,3.18,17590,0,False
L006656,C04433,2,44000,17400,20.23,2200,0,False
L006657,C04434,3,1201000,958100,2.85,5620,0,False
L006658,C04435,4,26000,17300,13.46,680,0,False
L006659,C04436,3,1306000,713800,3.89,5330,0,False
L006660,C04437,3,2013000,1053400,3.32,9480,0,False
L006661,C04438,3,640000,581200,2.75,2990,1,False
L006662,C04438,1,232000,146800,6.27,7750,0,False
L006663,C04438,4,59000,46300,4.5,790,1,False
L006664,C04439,2,20000,11900,14.75,1000,0,False
L006665,C04439,1,302000,184300,9.31,6350,0,False
L006666,C04440,2,14000,3400,19.75,700,1,False
L006667,C04440,4,178000,115300,7.31,2100,0,False
L006668,C04440,3,1983000,1733500,2.99,10540,0,False
L006669,C04441,3,1171000,687900,2.91,4500,0,False
L006670,C04442,3,781000,715800,2.87,3220,3,False
L006671,C04443,1,233000,65300,6.42,6130,0,True
L006672,C04443,3,1458000,942400,3.15,7290,0,False
L006673,C04444,3,1096000,546000,2.96,4030,0,False
L006674,C04444,2,21000,6500,17.21,1050,0,False
L006675,C04444,4,243000,141300,10.39,4110,0,False
L006676,C04445,2,60000,6300,16.44,3000,0,False
L006677,C04445,3,1944000,1094700,2.92,8100,0,False
L006678,C04446,3,723000,594400,2.86,3190,2,False
L006679,C04446,4,33000,7300,8.23,1070,1,False
L006680,C04447,3,959000,825000,2.76,4060,0,False
L006681,C04448,1,184000,116100,8.51,2970,0,False
L006682,C04449,4,226000,111700,5.45,5860,0,False
L006683,C04450,3,1942000,1350300,2.23,8300,0,False
L006684,C04451,3,1796000,1147600,2.84,8810,0,True
L006685,C04451,2,28000,2100,19.75,1400,0,False
L006686,C04451,1,230000,201600,6.16,3280,0,False
L006687,C04452,1,372000,111300,6.67,11470,0,False
L006688,C04452,4,169000,48500,8.99,1620,0,False
L006689,C04453,3,1820000,1110200,3.08,7580,0,False
L006690,C04453,4,277000,248600,10.89,5680,3,True
L006691,C04453,2,38000,22500,17.98,1900,3,False
L006692,C04454,3,711000,534300,3.36,2970,0,False
L006693,C04455,1,393000,212300,6.33,5770,0,False
L006694,C04456,2,9000,7200,19.18,450,1,False
L006695,C04456,1,76000,66400,5.74,2310,0,False
L006696,C04457,2,21000,5200,16.13,1050,0,False
L006697,C04457,1,263000,118700,6.24,9470,1,False
L006698,C04457,3,2065000,1730800,3.07,8620,2,True
L006699,C04458,2,27000,8700,20.06,1350,0,False
L006700,C04459,2,61000,20000,18.6,3050,0,False
L006701,C04460,3,2407000,1813800,3.09,10230,0,False
L006702,C04461,3,1747000,1362300,3.12,8170,2,False
L006703,C04461,4,69000,14300,4.5,620,0,False
L006704,C04462,3,2459000,1713200,3.07,10230,1,False
L006705,C04463,2,8000,1000,22.5,400,0,False
L006706,C04464,1,100000,82500,5.63,2560,0,False
L006707,C04464,3,1683000,1570200,3.32,9270,0,False
L006708,C04465,3,960000,695400,3.04,3890,0,False
L006709,C04465,1,127000,87800,5.48,1970,0,False
L006710,C04466,3,1344000,904900,3.12,5320,0,False
L006711,C04467,2,39000,25500,14.4,1950,0,False
L006712,C04467,4,266000,217200,10.71,4230,1,False
L006713,C04467,1,92000,70700,6.99,2080,0,False
L006714,C04468,3,1248000,704100,2.53,5610,0,False
L006715,C04469,1,158000,127300,6.89,2410,0,False
L006716,C04470,3,1609000,735700,3.0,6350,0,False
L006717,C04471,3,1627000,941600,2.62,5980,1,False
L006718,C04472,2,6000,1700,18.76,300,0,False
L006719,C04473,4,281000,198300,8.1,3520,1,False
L006720,C04474,3,1328000,1079400,3.25,6940,0,False
L006721,C04475,1,203000,87400,5.16,2770,0,False
L006722,C04476,3,2131000,1467900,2.98,8640,0,False
L006723,C04476,2,67000,46300,10.22,3350,0,False
L006724,C04477,2,26000,3900,20.2,1300,0,False
L006725,C04478,4,73000,35000,9.01,970,1,False
L006726,C04479,2,43000,23200,18.35,2150,1,False
L006727,C04480,3,959000,466200,2.2,4010,0,False
L006728,C04480,1,307000,120200,7.3,4270,0,False
L006729,C04481,3,1593000,849100,3.11,5810,0,False
L006730,C04482,2,42000,31400,18.71,2100,0,False
L006731,C04483,4,246000,55900,8.42,3710,0,False
L006732,C04484,4,244000,130300,9.54,9870,0,False
L006733,C04485,3,2659000,1612600,3.78,11560,0,False
L006734,C04486,3,954000,825100,2.78,4180,0,False
L006735,C04487,2,39000,23800,15.64,1950,1,False
L006736,C04488,3,709000,441800,2.57,2620,0,False
L006737,C04489,2,17000,6000,19.16,850,0,False
L006738,C04490,2,30000,3700,16.79,1500,0,False
L006739,C04490,3,1242000,1023800,2.94,6360,0,False
L006740,C04490,4,229000,174900,5.75,3360,0,False
L006741,C04491,3,1401000,1219000,3.04,6440,0,False
L006742,C04491,2,12000,7800,16.73,600,0,False
L006743,C04492,3,1850000,1699200,2.69,7290,0,True
L006744,C04492,4,267000,185100,4.72,2620,2,False
L006745,C04492,2,58000,10500,20.84,2900,4,True
L006746,C04493,3,2183000,1414400,3.13,8660,0,False
L006747,C04494,3,1264000,1081100,3.04,5460,0,False
L006748,C04495,3,1830000,1572100,2.48,8680,0,False
L006749,C04495,1,174000,125900,9.3,3320,0,False
L006750,C04496,3,2046000,1522300,2.79,7640,0,False
L006751,C04496,1,296000,104400,6.63,6840,0,False
L006752,C04497,3,1008000,891800,3.06,4730,0,False
L006753,C04498,3,1706000,1221600,3.11,6700,4,True
L006754,C04498,2,16000,13400,16.6,800,0,False
L006755,C04499,3,2354000,1060700,2.6,9700,3,False
L006756,C04499,2,63000,10100,18.52,3150,3,False
L006757,C04500,1,117000,53800,6.01,3510,1,False
L006758,C04501,4,97000,55500,11.61,1180,0,False
L006759,C04501,2,23000,5400,18.17,1150,0,False
L006760,C04502,2,36000,28000,19.79,1800,0,False
L006761,C04502,3,2371000,1371500,2.93,10930,0,False
L006762,C04503,2,26000,16900,15.72,1300,3,False
L006763,C04504,2,6000,2000,18.21,300,0,False
L006764,C04505,4,144000,79400,6.24,1570,1,False
L006765,C04506,1,340000,183200,6.88,10200,0,False
L006766,C04507,4,137000,111600,6.32,4600,0,False
L006767,C04508,1,78000,57200,7.67,1260,0,False
L006768,C04509,1,351000,119300,4.37,6860,1,False
L006769,C04510,4,62000,17600,7.24,1520,0,False
L006770,C04511,3,1800000,1248500,2.95,7910,2,False
L006771,C04511,2,31000,2300,14.61,1550,3,False
L006772,C04511,4,177000,86600,12.59,2270,0,False
L006773,C04511,1,297000,177100,4.93,10230,1,False
L006774,C04512,3,1930000,1472400,2.73,8430,0,False
L006775,C04513,1,312000,256500,6.13,4840,2,False
L006776,C04513,2,46000,5500,20.08,2300,0,False
L006777,C04514,1,58000,18700,6.51,1090,1,False
L006778,C04515,2,31000,16000,16.2,1550,0,False
L006779,C04515,1,166000,54900,7.37,2290,0,False
L006780,C04516,4,323000,132600,8.88,3930,0,False
L006781,C04517,2,20000,4500,20.63,1000,2,False
L006782,C04517,4,38000,31400,8.91,1110,0,False
L006783,C04518,2,23000,6600,17.96,1150,1,False
L006784,C04519,4,54000,47200,10.0,1560,0,False
L006785,C04520,2,41000,16700,15.77,2050,0,False
L006786,C04521,3,1116000,833900,2.95,4630,0,False
L006787,C04522,3,2268000,1363300,3.38,9310,0,False
L006788,C04522,2,61000,22900,17.91,3050,0,False
L006789,C04522,4,123000,79500,9.12,2730,1,False
L006790,C04523,3,792000,700800,4.42,4270,0,False
L006791,C04523,4,88000,42200,9.17,1490,0,False
L006792,C04524,3,1532000,778300,3.35,5510,0,False
L006793,C04525,2,42000,7600,17.79,2100,0,False
L006794,C04526,4,158000,62100,11.34,3020,0,False
L006795,C04526,1,68000,55000,6.86,1210,0,False
L006796,C04527,1,225000,180700,5.16,5890,0,False
L006797,C04528,2,17000,9600,17.08,850,0,False
L006798,C04529,2,26000,1800,15.72,1300,0,False
L006799,C04530,2,25000,3800,17.3,1250,0,False
L006800,C04530,3,1135000,588500,2.33,4630,0,False
L006801,C04531,4,89000,25500,10.09,990,0,False
L006802,C04532,2,24000,13000,14.78,1200,0,False
L006803,C04533,2,29000,14900,15.0,1450,0,False
L006804,C04533,4,207000,160600,9.0,5110,0,False
L006805,C04534,2,24000,15900,16.11,1200,0,False
L006806,C04534,4,90000,45900,7.36,2450,0,False
L006807,C04535,2,19000,11900,22.45,950,1,False
L006808,C04536,3,1772000,1063800,2.97,6550,0,False
L006809,C04536,2,54000,38100,16.57,2700,0,False
L006810,C04537,3,1325000,744100,3.08,6410,2,False
L006811,C04537,1,165000,143200,6.85,6660,0,False
L006812,C04537,2,46000,24500,18.15,2300,1,False
L006813,C04538,4,76000,58100,11.17,1000,0,False
L006814,C04538,3,2387000,2229900,2.4,9360,0,False
L006815,C04539,2,27000,15400,15.14,1350,0,False
L006816,C04540,4,115000,73700,6.0,1800,1,False
L006817,C04541,2,28000,3400,20.67,1400,0,False
L006818,C04542,3,1305000,1034900,3.3,6540,0,False
L006819,C04543,4,128000,96700,4.74,2890,0,False
L006820,C04543,3,1403000,882900,2.82,5470,2,True
L006821,C04544,2,14000,9700,14.45,700,0,False
L006822,C04545,4,160000,43800,7.6,3280,0,False
L006823,C04545,3,1294000,768700,2.95,5590,0,False
L006824,C04546,3,913000,678800,2.86,3600,0,False
L006825,C04547,2,25000,13400,19.08,1250,0,False
L006826,C04548,1,150000,120900,4.31,2120,0,False
L006827,C04548,2,20000,12900,17.62,1000,1,False
L006828,C04548,4,76000,56100,8.5,1360,0,False
L006829,C04549,2,11000,1000,14.8,550,0,False
L006830,C04550,2,41000,9600,16.92,2050,1,False
L006831,C04550,4,176000,117400,8.9,6060,0,False
L006832,C04551,2,31000,21800,15.94,1550,0,False
L006833,C04551,3,1323000,795800,3.11,5080,0,False
L006834,C04552,2,35000,21100,16.58,1750,0,False
L006835,C04552,4,173000,76000,9.08,3470,0,False
L006836,C04553,2,9000,500,19.17,450,1,True
L006837,C04554,2,7000,1100,16.4,350,1,False
L006838,C04555,3,2065000,1189200,2.45,7590,0,False
L006839,C04555,2,25000,18600,18.99,1250,0,False
L006840,C04556,3,2379000,1592800,2.55,9010,0,False
L006841,C04557,2,12000,5800,17.32,600,0,False
L006842,C04558,2,20000,9200,20.89,1000,0,False
L006843,C04559,2,31000,10900,18.75,1550,0,False
L006844,C04560,2,11000,3600,20.1,550,0,False
L006845,C04561,3,925000,583600,3.32,4120,0,False
L006846,C04561,4,247000,133000,6.2,3690,0,False
L006847,C04562,3,1840000,1320600,3.34,9070,0,False
L006848,C04562,4,145000,66500,6.66,1990,0,False
L006849,C04562,2,49000,31600,16.17,2450,1,False
L006850,C04563,4,35000,18000,5.27,420,1,False
L006851,C04564,2,28000,13600,19.88,1400,0,False
L006852,C04565,3,2196000,1241700,2.59,10040,0,False
L006853,C04566,3,939000,746900,2.82,4670,3,True
L006854,C04566,4,151000,56500,7.14,2130,0,False
L006855,C04567,2,36000,2000,19.45,1800,1,False
L006856,C04567,3,706000,384000,2.69,3030,0,False
L006857,C04568,1,156000,138400,5.65,5670,0,False
L006858,C04569,2,34000,27900,16.92,1700,0,False
L006859,C04570,3,1100000,747400,2.33,4550,0,False
L006860,C04571,2,55000,24900,13.99,2750,1,False
L006861,C04571,3,2141000,1977500,2.63,8500,0,False
L006862,C04572,2,73000,52300,15.82,3650,1,False
L006863,C04573,3,923000,685100,3.07,4180,0,False
L006864,C04574,2,26000,20200,18.1,1300,0,False
L006865,C04575,4,80000,43100,9.0,890,1,False
L006866,C04576,1,122000,45200,4.57,2600,0,False
L006867,C04577,4,266000,76600,10.6,3310,0,False
L006868,C04578,3,1715000,1188300,2.96,8570,0,False
L006869,C04578,4,252000,87000,12.23,3380,0,False
L006870,C04579,1,476000,290400,7.23,7110,2,False
L006871,C04579,3,2160000,1087800,2.65,7830,0,False
L006872,C04579,4,61000,44200,9.82,910,1,False
L006873,C04580,3,1065000,910000,2.99,5420,0,False
L006874,C04581,3,934000,624800,2.66,4190,1,False
L006875,C04582,2,22000,4300,19.48,1100,0,False
L006876,C04583,1,243000,189300,6.56,6460,0,False
L006877,C04583,3,1657000,1414400,3.53,7640,0,False
L006878,C04584,2,53000,41300,16.45,2650,0,False
L006879,C04584,3,2421000,1576200,2.64,10960,1,False
L006880,C04584,4,319000,66800,9.15,4450,0,False
L006881,C04585,4,82000,55000,8.92,1300,0,False
L006882,C04585,1,218000,122800,5.73,4270,0,False
L006883,C04586,3,867000,713000,3.35,3550,0,False
L006884,C04587,3,1427000,912300,2.73,6810,0,False
L006885,C04588,2,61000,42600,18.13,3050,0,False
L006886,C04589,3,2056000,1369400,3.68,8360,0,False
L006887,C04589,1,439000,368600,7.42,12730,0,True
L006888,C04590,1,213000,63700,7.07,6580,0,False
L006889,C04591,4,103000,27600,5.14,980,0,False
L006890,C04592,2,55000,19800,17.09,2750,0,False
L006891,C04592,4,175000,60800,7.51,2970,0,False
L006892,C04592,1,454000,290900,6.26,14030,0,False
L006893,C04593,4,186000,42900,6.97,1660,0,False
L006894,C04594,2,22000,2900,14.96,1100,0,False
L006895,C04594,1,57000,30600,6.6,2280,0,False
L006896,C04595,3,1725000,830200,2.93,6970,0,False
L006897,C04596,3,1451000,1320500,2.92,6140,0,False
L006898,C04597,3,1968000,900600,3.33,7910,0,False
L006899,C04598,4,168000,72500,7.95,3550,0,False
L006900,C04599,4,307000,115300,6.76,10840,0,False
L006901,C04600,2,11000,8700,15.98,550,0,False
L006902,C04600,3,1220000,975600,3.18,5600,1,False
L006903,C04601,2,10000,1300,18.99,500,0,False
L006904,C04602,1,254000,99800,7.65,8020,1,False
L006905,C04603,2,9000,2200,14.92,450,0,False
L006906,C04603,4,17000,5100,11.29,230,0,False
L006907,C04604,2,24000,9600,17.99,1200,0,False
L006908,C04605,3,1229000,877000,3.33,5090,0,False
L006909,C04606,3,1593000,798300,2.83,6620,0,False
L006910,C04607,3,1764000,1098500,3.19,7430,0,False
L006911,C04608,3,1259000,958600,2.67,5060,0,False
L006912,C04609,2,31000,17900,19.09,1550,0,False
L006913,C04610,4,365000,236800,8.08,6120,0,False
L006914,C04610,3,2673000,1387300,2.93,11640,0,False
L006915,C04610,2,22000,14200,15.23,1100,0,False
L006916,C04611,2,8000,6800,19.71,400,0,False
L006917,C04611,1,118000,48200,6.13,2810,0,False
L006918,C04611,4,55000,15700,5.5,1160,0,False
L006919,C04612,2,22000,2000,19.87,1100,2,False
L006920,C04613,3,2400000,1727800,2.2,10040,0,False
L006921,C04614,1,218000,129200,6.41,3770,0,False
L006922,C04614,2,41000,23500,14.72,2050,0,False
L006923,C04615,3,2265000,1818000,2.95,10820,0,False
L006924,C04616,1,73000,58800,7.34,1560,0,False
L006925,C04616,4,113000,48400,7.5,1400,0,False
L006926,C04617,2,16000,6400,15.95,800,0,False
L006927,C04618,3,872000,510600,2.21,3630,1,False
L006928,C04619,4,294000,88200,8.91,4760,0,False
L006929,C04619,2,66000,28300,17.93,3300,1,False
L006930,C04620,2,16000,9200,20.93,800,2,True
L006931,C04621,3,1238000,788400,2.79,4860,0,False
L006932,C04622,3,1302000,816300,3.04,5890,0,False
L006933,C04623,4,285000,115100,5.95,9160,0,False
L006934,C04624,3,1987000,1580300,2.67,7940,0,False
L006935,C04625,2,21000,10400,14.6,1050,0,False
L006936,C04626,2,18000,10500,22.03,900,1,True
L006937,C04627,3,1849000,1607100,2.68,9290,0,False
L006938,C04627,2,25000,16900,14.24,1250,0,False
L006939,C04628,3,2232000,1592000,2.6,10140,0,False
L006940,C04628,2,11000,1600,17.79,550,0,False
L006941,C04629,1,230000,139700,7.1,3550,0,False
L006942,C04630,3,1467000,1116600,2.76,5930,0,False
L006943,C04631,3,1320000,821000,3.04,5980,0,False
L006944,C04632,4,149000,126200,6.61,1640,4,False
L006945,C04633,1,163000,51500,7.3,3850,0,False
L006946,C04634,4,103000,72400,9.39,1600,1,False
L006947,C04634,3,842000,674300,3.08,3780,0,False
L006948,C04635,4,311000,70500,6.81,3570,0,False
L006949,C04636,3,1124000,719300,2.95,4610,2,False
L006950,C04637,3,1499000,1229200,2.57,5980,0,False
L006951,C04638,1,144000,65900,7.94,2870,0,False
L006952,C04639,3,649000,293800,3.85,2460,1,False
L006953,C04639,2,7000,2300,16.98,350,0,False
L006954,C04640,2,40000,33100,18.88,2000,0,False
L006955,C04641,4,144000,107400,4.77,2670,0,False
L006956,C04641,2,28000,15600,16.33,1400,2,False
L006957,C04642,3,2019000,1747200,2.28,7550,0,False
L006958,C04643,4,84000,29500,11.33,1040,0,False
L006959,C04643,1,109000,30900,7.77,1510,0,False
L006960,C04643,3,993000,727200,2.51,3680,2,False
L006961,C04643,2,17000,9700,13.5,850,0,False
L006962,C04644,2,38000,26500,12.2,1900,1,False
L006963,C04644,3,1864000,1711400,2.2,8280,2,False
L006964,C04644,4,270000,239800,9.8,6510,4,False
L006965,C04644,1,120000,88800,8.42,2220,2,False
L006966,C04645,2,53000,32200,13.03,2650,0,False
L006967,C04645,3,1472000,684600,2.69,5770,0,False
L006968,C04646,4,317000,235100,8.56,4140,0,False
L006969,C04647,1,77000,47600,8.46,1470,0,False
L006970,C04647,2,10000,5400,16.93,500,0,False
L006971,C04648,2,16000,8700,17.58,800,3,False
L006972,C04649,3,1626000,968800,2.49,7520,0,False
L006973,C04649,1,199000,93600,8.96,3600,0,False
L006974,C04649,2,45000,31800,15.87,2250,0,False
L006975,C04650,3,1604000,1464100,2.54,7480,2,False
L006976,C04650,2,27000,9400,14.17,1350,0,False
L006977,C04651,2,46000,22900,20.2,2300,0,False
L006978,C04652,1,281000,103600,6.43,5480,0,False
L006979,C04653,3,1677000,1134700,3.36,8600,0,False
L006980,C04653,2,14000,1700,18.31,700,1,False
L006981,C04654,3,1315000,1201700,2.66,5400,0,False
L006982,C04654,1,64000,23500,3.5,1060,0,False
L006983,C04655,3,2632000,2417700,2.95,11280,0,False
L006984,C04655,2,43000,4900,16.15,2150,0,False
L006985,C04656,1,190000,75300,6.25,2640,0,False
L006986,C04657,2,9000,3900,19.93,450,0,False
L006987,C04658,3,2341000,1678600,2.84,11410,0,False
L006988,C04659,1,380000,163700,7.58,5230,0,False
L006989,C04660,2,16000,1500,19.92,800,0,False
L006990,C04661,1,450000,283300,7.54,11070,0,False
L006991,C04662,3,930000,778900,3.03,3720,0,False
L006992,C04663,1,455000,292500,6.98,16310,0,False
L006993,C04664,3,1658000,1166800,3.15,8250,0,False
L006994,C04665,4,125000,70500,10.06,4030,0,False
L006995,C04665,2,17000,13100,18.79,850,3,True
L006996,C04666,3,1602000,1453900,2.99,6570,0,False
L006997,C04667,3,1375000,1226100,3.35,6420,0,False
L006998,C04668,3,839000,446100,2.56,3280,0,False
L006999,C04669,1,93000,32400,7.12,1450,0,False
L007000,C04669,4,42000,22200,9.18,860,0,False
L007001,C04670,2,38000,11400,22.08,1900,0,False
L007002,C04670,3,1933000,1242500,2.75,7380,0,False
L007003,C04671,4,211000,150700,8.06,5740,0,False
L007004,C04672,3,1125000,1025700,2.78,4680,0,False
L007005,C04673,2,14000,8600,19.64,700,0,False
L007006,C04674,3,1139000,1081600,3.16,5030,0,False
L007007,C04675,3,1772000,1128300,2.4,7300,0,False
L007008,C04676,4,116000,61600,6.76,1900,0,False
L007009,C04677,2,13000,7900,23.5,650,2,False
L007010,C04678,3,1994000,1322200,3.5,8900,1,False
L007011,C04679,4,170000,46700,9.08,4440,2,False
L007012,C04680,1,164000,84900,6.57,6780,1,False
L007013,C04680,3,2458000,1306100,2.45,11450,0,False
L007014,C04681,3,1328000,926800,2.36,6210,0,False
L007015,C04682,3,1444000,976700,3.1,6590,0,False
L007016,C04682,4,164000,68400,9.1,3250,0,False
L007017,C04683,3,732000,448100,2.78,3120,0,False
L007018,C04683,1,216000,183000,5.52,6160,0,False
L007019,C04684,3,1636000,1123200,2.59,7500,0,False
L007020,C04685,2,15000,1800,14.52,750,0,False
L007021,C04685,3,1400000,702200,3.15,6510,0,False
L007022,C04686,2,66000,43500,15.3,3300,0,False
L007023,C04686,3,1652000,997300,2.59,6720,1,False
L007024,C04687,3,842000,700200,2.85,4160,0,False
L007025,C04688,2,19000,12100,18.76,950,0,False
L007026,C04689,2,49000,4600,20.81,2450,0,False
L007027,C04689,4,50000,25100,4.78,660,0,False
L007028,C04689,3,1540000,1009900,2.8,5740,1,False
L007029,C04690,4,91000,42700,7.98,1220,0,True
L007030,C04691,3,2189000,1032000,2.65,10020,0,False
L007031,C04692,2,58000,26400,19.24,2900,0,False
L007032,C04692,3,1203000,882300,3.36,5860,1,False
L007033,C04692,1,115000,31600,8.55,4640,0,False
L007034,C04693,3,1783000,1286100,3.67,7990,0,False
L007035,C04694,3,1402000,669800,3.33,4900,0,False
L007036,C04695,1,172000,73700,6.62,2520,0,False
L007037,C04695,2,30000,8300,17.66,1500,0,False
L007038,C04696,2,38000,20900,15.64,1900,0,False
L007039,C04697,3,1864000,1562900,3.14,10010,0,False
L007040,C04698,4,91000,34600,10.54,1050,0,False
L007041,C04699,2,30000,14400,18.71,1500,0,False
L007042,C04699,3,1621000,1174300,3.28,7360,0,False
L007043,C04700,2,43000,28800,20.38,2150,0,False
L007044,C04700,3,1415000,878300,3.38,5770,0,False
L007045,C04701,3,1794000,1423700,2.2,8080,0,False
L007046,C04702,2,19000,12200,22.0,950,1,False
L007047,C04703,1,254000,226800,5.7,9290,0,True
L007048,C04703,3,1606000,792300,2.94,6810,0,False
L007049,C04704,4,216000,132600,8.63,5080,0,False
L007050,C04705,2,42000,16100,22.0,2100,0,False
L007051,C04705,3,2323000,1201200,2.72,7960,0,False
L007052,C04706,3,2257000,1411600,2.98,9110,0,False
L007053,C04706,2,100000,6900,15.51,5000,2,False
L007054,C04707,3,1265000,1130300,2.55,5400,2,False
L007055,C04708,4,290000,196000,9.15,8970,0,False
L007056,C04708,2,20000,13000,15.02,1000,0,False
L007057,C04709,3,561000,288000,3.37,2480,0,False
L007058,C04709,2,6000,1200,17.48,300,0,False
L007059,C04709,1,193000,81500,5.98,5650,0,False
L007060,C04710,2,29000,16100,11.4,1450,0,False
L007061,C04710,3,1471000,1131400,2.85,7530,0,False
L007062,C04711,2,48000,16000,17.64,2400,0,False
L007063,C04712,3,1419000,1039900,3.15,5900,0,False
L007064,C04712,2,61000,25700,19.7,3050,1,False
L007065,C04713,4,81000,22900,6.7,830,0,False
L007066,C04714,4,49000,30200,8.61,820,0,False
L007067,C04714,1,50000,36300,8.53,1390,2,False
L007068,C04714,2,9000,3400,18.41,450,1,False
L007069,C04715,3,2078000,1340500,3.1,9200,0,False
L007070,C04716,2,26000,20100,16.66,1300,0,False
L007071,C04717,3,2301000,1691500,2.69,9680,0,False
L007072,C04717,2,60000,17300,15.67,3000,0,False
L007073,C04717,4,314000,94000,5.49,2910,2,False
L007074,C04718,1,197000,149300,4.08,8130,1,False
L007075,C04719,4,213000,115500,6.61,8590,2,False
L007076,C04719,3,1830000,955300,3.04,7160,0,False
L007077,C04719,1,261000,97200,6.18,8370,0,True
L007078,C04720,3,1722000,1380900,2.35,6280,0,False
L007079,C04720,4,60000,31000,9.17,1950,0,False
L007080,C04720,2,13000,8100,17.03,650,0,False
L007081,C04721,3,1590000,1148400,2.9,6620,0,False
L007082,C04722,2,5000,4200,18.09,250,1,False
L007083,C04723,1,380000,183300,7.21,5540,0,False
L007084,C04724,2,13000,7600,17.21,650,0,False
L007085,C04724,3,1874000,981100,3.04,7540,0,False
L007086,C04724,1,214000,57100,9.43,4050,0,False
L007087,C04725,1,50000,40900,8.23,1930,0,False
L007088,C04726,2,10000,3400,20.51,500,0,True
L007089,C04727,2,25000,4100,17.54,1250,1,False
L007090,C04728,3,1328000,744200,3.07,6530,0,False
L007091,C04729,2,52000,4000,21.13,2600,0,False
L007092,C04729,3,2580000,2423900,3.2,12270,0,False
L007093,C04730,4,254000,171900,11.4,4980,0,False
L007094,C04731,1,391000,248500,5.95,6430,0,False
L007095,C04731,2,40000,7700,15.55,2000,0,False
L007096,C04731,4,65000,39100,6.62,1020,0,False
L007097,C04732,1,153000,95500,7.75,3620,0,False
L007098,C04733,3,901000,642500,2.83,3730,3,True
L007099,C04733,1,93000,70600,6.65,3930,0,True
L007100,C04733,4,208000,85200,8.01,2330,0,False
L007101,C04734,3,1145000,749800,2.56,5630,0,False
L007102,C04735,2,100000,66100,16.62,5000,0,False
L007103,C04736,3,1124000,1059100,2.42,5300,0,False
L007104,C04737,2,19000,2100,18.77,950,2,False
L007105,C04738,2,9000,1400,19.8,450,2,False
L007106,C04738,1,148000,71800,6.98,5750,0,False
L007107,C04738,4,27000,10800,10.95,410,0,False
L007108,C04739,3,2290000,1212900,3.15,8320,0,False
L007109,C04739,1,306000,119300,7.1,4350,0,False
L007110,C04739,2,22000,2200,12.69,1100,0,False
L007111,C04740,3,1509000,882100,2.92,7140,0,False
L007112,C04740,2,43000,16500,16.99,2150,0,False
L007113,C04740,4,106000,33200,8.21,1870,0,False
L007114,C04741,1,280000,199400,5.22,4220,0,True
L007115,C04742,3,1264000,1135800,2.8,6650,0,False
L007116,C04742,4,184000,61000,8.44,3280,3,False
L007117,C04743,2,12000,7500,12.06,600,0,False
L007118,C04744,2,5000,4200,14.07,250,2,False
L007119,C04745,4,113000,44000,8.83,1870,0,False
L007120,C04746,2,7000,1000,19.99,350,1,False
L007121,C04747,3,1563000,1054700,3.21,7330,1,False
L007122,C04748,2,9000,4100,18.78,450,0,False
L007123,C04749,2,17000,7000,16.68,850,1,False
L007124,C04750,3,1924000,1809900,2.93,9540,0,False
L007125,C04751,3,1296000,904100,2.89,5190,0,False
L007126,C04751,2,52000,40200,16.17,2600,0,False
L007127,C04752,3,1687000,766100,2.86,6950,0,False
L007128,C04753,3,1251000,716400,2.57,4820,0,False
L007129,C04754,4,335000,200400,7.55,5230,1,False
L007130,C04754,1,470000,206700,3.67,7990,0,False
L007131,C04755,4,46000,28800,10.26,760,0,False
L007132,C04756,2,45000,7300,15.23,2250,0,False
L007133,C04757,2,8000,6200,19.76,400,2,False
L007134,C04758,1,148000,114100,5.61,5040,1,False
L007135,C04758,3,2396000,1171700,2.78,8960,0,False
L007136,C04758,2,33000,21000,12.41,1650,2,False
L007137,C04759,2,26000,10700,17.69,1300,0,False
L007138,C04760,2,20000,2500,19.95,1000,0,False
L007139,C04760,3,729000,629400,3.43,3670,0,False
L007140,C04761,3,1928000,1446200,3.24,9620,0,False
L007141,C04762,4,122000,101300,9.29,1840,0,False
L007142,C04762,2,36000,27400,18.24,1800,0,False
L007143,C04762,3,1505000,824200,2.57,6470,0,False
L007144,C04763,2,69000,12600,18.69,3450,0,False
L007145,C04764,4,261000,201600,8.11,10330,0,False
L007146,C04765,3,1446000,1198000,3.2,6210,0,False
L007147,C04765,2,24000,17000,22.0,1200,0,False
L007148,C04765,4,226000,182100,7.75,2840,0,False
L007149,C04766,4,43000,31100,8.24,1000,0,False
L007150,C04767,3,1587000,1086500,3.03,6250,0,False
L007151,C04768,2,24000,1700,15.73,1200,0,False
L007152,C04769,4,220000,166500,7.9,2520,2,False
L007153,C04769,3,1987000,1651300,3.27,10450,1,False
L007154,C04769,1,420000,184900,6.71,12890,0,False
L007155,C04770,3,2380000,1791700,2.94,9850,0,False
L007156,C04771,2,47000,18800,13.68,2350,0,False
L007157,C04772,3,1958000,1293300,3.35,8090,0,False
L007158,C04772,1,272000,207600,9.66,4980,0,False
L007159,C04773,3,1005000,591200,3.51,4030,0,False
L007160,C04774,3,691000,360000,3.51,2720,0,False
L007161,C04775,3,2316000,2034700,3.01,9550,0,False
L007162,C04775,2,62000,7300,21.25,3100,0,False
L007163,C04775,1,124000,84500,7.42,2080,0,False
L007164,C04776,2,8000,2000,15.79,400,0,False
L007165,C04777,3,793000,727600,2.96,3860,0,False
L007166,C04778,3,1821000,1170200,2.93,7290,0,False
L007167,C04778,4,197000,72200,8.55,3050,0,False
L007168,C04779,3,1009000,817400,2.2,4440,1,False
L007169,C04779,1,220000,136900,8.03,9050,0,False
L007170,C04779,4,200000,60300,8.22,2100,2,False
L007171,C04780,4,145000,69400,8.56,1630,0,False
L007172,C04781,1,175000,44700,7.3,2630,0,False
L007173,C04782,3,605000,504200,3.68,2650,0,False
L007174,C04783,2,7000,2800,20.86,350,0,False
L007175,C04783,4,59000,37900,11.19,1090,0,False
L007176,C04784,3,1519000,1179800,3.21,7960,0,False
L007177,C04785,1,50000,17900,10.18,1020,0,False
L007178,C04786,4,72000,48500,7.3,1260,0,False
L007179,C04786,3,1651000,1456000,2.93,8050,0,False
L007180,C04787,4,72000,41400,11.8,3180,1,True
L007181,C04787,2,15000,5800,17.64,750,0,False
L007182,C04787,1,50000,31600,7.44,710,0,True
L007183,C04788,3,1485000,1323100,2.24,5720,0,False
L007184,C04788,1,275000,212600,4.45,4210,0,False
L007185,C04789,2,24000,3100,19.69,1200,0,False
L007186,C04790,2,11000,900,16.41,550,0,False
L007187,C04790,3,2091000,1707800,3.05,8390,0,False
L007188,C04791,3,1024000,905500,3.31,5270,0,False
L007189,C04791,4,76000,49900,7.66,3290,0,False
L007190,C04792,2,10000,1900,16.0,500,0,False
L007191,C04793,2,7000,4200,17.55,350,0,False
L007192,C04794,1,180000,152300,5.41,2510,0,False
L007193,C04795,3,1882000,1283400,2.24,7730,1,False
L007194,C04795,2,51000,12600,11.48,2550,3,False
L007195,C04795,4,177000,95600,9.38,5430,2,True
L007196,C04795,1,258000,144700,6.61,3950,0,False
L007197,C04796,2,74000,54700,20.85,3700,0,False
L007198,C04796,3,1263000,1053300,2.86,5880,0,False
L007199,C04797,3,1347000,640000,2.71,5240,0,False
L007200,C04798,2,12000,7600,20.14,600,0,False
L007201,C04799,3,1359000,1145900,2.67,6590,0,False
L007202,C04800,2,6000,1300,19.92,300,0,False
L007203,C04800,1,107000,31600,9.52,1990,0,False
L007204,C04801,2,9000,5300,17.71,450,1,False
L007205,C04801,3,978000,764300,2.7,4110,0,False
L007206,C04802,2,7000,4300,13.87,350,0,False
L007207,C04803,3,2146000,1224500,3.28,8140,0,False
L007208,C04803,2,18000,6700,16.47,900,0,False
L007209,C04803,4,195000,129400,7.44,2100,0,False
L007210,C04804,3,2195000,1284100,3.41,10200,1,False
L007211,C04804,4,166000,46600,6.77,5320,0,False
L007212,C04805,3,604000,365700,3.37,2400,0,False
L007213,C04805,1,50000,14400,7.66,1650,0,False
L007214,C04806,3,931000,652900,2.25,3430,0,False
L007215,C04806,4,155000,38800,10.14,1610,0,False
L007216,C04806,2,9000,3400,21.41,450,0,False
L007217,C04807,4,126000,44900,8.55,1290,0,False
L007218,C04808,1,101000,83900,7.72,2910,0,False
L007219,C04809,2,39000,31300,16.97,1950,0,False
L007220,C04810,3,1173000,1061800,3.61,5120,0,False
L007221,C04811,3,1374000,1193900,2.98,6570,0,False
L007222,C04811,4,235000,106400,6.96,5650,0,False
L007223,C04812,4,250000,138200,8.14,3270,0,False
L007224,C04813,4,12000,5200,12.65,280,0,False
L007225,C04814,1,199000,97300,9.6,6500,4,False
L007226,C04814,3,999000,943000,3.46,4820,2,False
L007227,C04815,4,239000,50600,6.98,6490,0,False
L007228,C04816,2,10000,5700,19.31,500,0,False
L007229,C04817,2,15000,11400,18.66,750,0,False
L007230,C04818,3,1486000,1215800,3.03,6110,0,False
L007231,C04819,1,142000,120600,7.31,2220,0,False
L007232,C04819,4,128000,53900,10.98,4420,0,False
L007233,C04819,2,18000,5100,17.45,900,2,False
L007234,C04820,2,28000,3700,14.83,1400,1,False
L007235,C04821,3,1713000,1025000,3.57,6880,0,False
L007236,C04822,3,2960000,1515400,3.3,13060,0,False
L007237,C04823,1,355000,293100,8.06,5650,3,False
L007238,C04823,3,2020000,1349700,3.44,8280,1,False
L007239,C04823,4,216000,73700,8.94,2400,0,False
L007240,C04824,2,32000,5600,19.78,1600,0,False
L007241,C04824,3,1302000,1040500,2.46,4840,0,False
L007242,C04825,2,22000,9600,16.95,1100,0,False
L007243,C04825,3,2672000,1232600,2.77,10250,0,False
L007244,C04826,3,1847000,1208000,2.5,6710,0,False
L007245,C04826,4,205000,107300,9.42,4740,0,False
L007246,C04827,3,967000,884700,2.78,5100,0,False
L007247,C04828,2,41000,10900,11.83,2050,1,False
L007248,C04829,2,22000,9400,16.67,1100,1,False
L007249,C04830,3,2487000,2071900,3.34,10440,0,False
L007250,C04830,4,221000,89600,9.73,3480,2,False
L007251,C04830,1,245000,172300,8.98,7070,0,True
L007252,C04831,2,16000,5500,19.87,800,0,False
L007253,C04832,2,5000,2400,23.23,250,0,False
L007254,C04832,1,98000,52200,9.33,1410,0,False
L007255,C04833,3,2882000,1862000,2.65,13830,0,False
L007256,C04834,1,198000,96300,7.96,3170,0,False
L007257,C04835,2,21000,9700,19.93,1050,2,False
L007258,C04835,1,97000,48300,6.02,3850,0,False
L007259,C04835,4,93000,58400,10.56,1230,0,False
L007260,C04836,3,2713000,2453700,3.35,12580,0,False
L007261,C04837,3,2125000,1143100,3.49,9460,0,False
L007262,C04837,1,272000,93600,5.72,3980,0,False
L007263,C04838,3,1979000,1014400,2.85,8090,0,False
L007264,C04839,2,5000,400,20.58,250,0,False
L007265,C04840,2,45000,20400,20.04,2250,2,False
L007266,C04841,1,324000,265200,6.53,5050,0,False
L007267,C04842,4,12000,6400,11.11,150,0,False
L007268,C04843,3,1292000,1001700,3.92,5490,1,False
L007269,C04844,2,11000,8800,17.46,550,0,False
L007270,C04845,2,17000,8900,15.98,850,3,False
L007271,C04846,3,2402000,1806100,2.7,11690,0,False
L007272,C04847,3,1544000,1156700,3.15,7560,0,False
L007273,C04848,2,11000,2000,14.63,550,0,False
L007274,C04849,4,233000,49000,8.85,4280,0,False
L007275,C04849,3,1017000,568500,2.47,4510,0,False
L007276,C04850,4,332000,69200,6.1,3480,0,False
L007277,C04850,1,112000,30600,5.7,4450,0,False
L007278,C04851,2,44000,19500,17.73,2200,0,False
L007279,C04852,4,329000,104600,9.89,3840,1,False
L007280,C04853,4,229000,166600,6.2,2750,0,False
L007281,C04854,1,136000,95100,4.61,2170,0,False
L007282,C04854,2,76000,34000,19.8,3800,0,False
L007283,C04855,4,186000,149400,11.1,3750,0,False
L007284,C04856,4,207000,52500,9.27,2400,0,False
L007285,C04857,4,222000,50200,14.39,3920,0,False
L007286,C04857,1,250000,202800,4.33,5330,0,False
L007287,C04857,3,1106000,775100,3.13,5700,0,False
L007288,C04858,3,1348000,821600,2.89,5950,0,False
L007289,C04859,3,2047000,1319800,2.86,9320,1,False
L007290,C04860,3,1087000,828800,2.74,5150,1,False
L007291,C04861,1,139000,97800,8.15,3150,0,False
L007292,C04862,2,13000,3400,15.63,650,0,False
L007293,C04862,3,2030000,1822300,3.38,10840,1,False
L007294,C04863,2,9000,3900,19.48,450,0,False
L007295,C04864,3,1764000,1197900,3.3,8670,0,False
L007296,C04865,3,1929000,998100,3.06,8910,2,False
L007297,C04865,4,281000,228200,11.03,4970,0,False
L007298,C04866,2,12000,6600,15.68,600,0,False
L007299,C04867,1,359000,151700,7.09,9410,0,False
L007300,C04868,1,200000,158500,6.09,8770,0,False
L007301,C04869,4,257000,227200,10.56,4110,0,False
L007302,C04870,3,1565000,1347300,3.41,7910,0,False
L007303,C04871,3,1553000,759600,2.83,5480,0,False
L007304,C04872,2,20000,10800,17.45,1000,0,False
L007305,C04872,1,96000,71000,7.61,1610,0,False
L007306,C04872,3,608000,553400,2.67,3200,2,False
L007307,C04873,2,58000,27200,17.78,2900,0,False
L007308,C04874,2,15000,2000,15.88,750,1,False
L007309,C04874,3,791000,437000,3.4,3000,0,False
L007310,C04875,2,13000,7200,22.0,650,0,False
L007311,C04876,2,5000,3900,14.8,250,0,True
L007312,C04876,4,70000,48800,6.99,990,0,False
L007313,C04877,3,2546000,1235400,3.26,9530,2,False
L007314,C04877,1,441000,372500,8.0,13340,2,False
L007315,C04877,2,16000,4600,17.1,800,3,True
L007316,C04878,1,188000,96200,5.98,4260,0,False
L007317,C04879,3,1499000,793400,2.99,6050,0,False
L007318,C04880,4,71000,63200,6.47,810,0,False
L007319,C04880,2,21000,4100,18.15,1050,0,False
L007320,C04881,3,1744000,1002400,2.68,6150,0,False
L007321,C04881,2,15000,7100,19.11,750,0,False
L007322,C04881,1,230000,116300,6.98,3880,0,False
L007323,C04882,2,32000,13800,20.18,1600,0,True
L007324,C04882,3,1158000,553200,3.2,4530,1,False
L007325,C04882,4,177000,66500,8.45,6910,1,False
L007326,C04883,2,20000,8900,17.4,1000,0,False
L007327,C04884,4,242000,107500,8.49,3870,0,False
L007328,C04884,1,165000,142700,5.13,3800,0,False
L007329,C04885,4,81000,69800,5.94,920,0,False
L007330,C04886,2,22000,16400,17.98,1100,0,False
L007331,C04887,3,2451000,1513000,3.52,9530,0,False
L007332,C04887,2,43000,4600,16.97,2150,0,False
L007333,C04888,2,58000,33400,17.85,2900,1,False
L007334,C04889,3,1188000,668000,3.38,5750,1,False
L007335,C04890,3,915000,509400,2.2,3820,0,False
L007336,C04890,1,158000,121700,5.06,3390,2,False
L007337,C04891,3,1115000,663200,2.36,4420,0,False
L007338,C04892,4,102000,81400,8.79,3030,0,False
L007339,C04892,2,6000,1700,15.77,300,0,False
L007340,C04893,4,81000,65700,7.17,1040,0,False
L007341,C04893,3,2061000,1210100,2.77,7750,0,False
L007342,C04893,2,56000,35500,18.01,2800,0,False
L007343,C04894,3,3313000,2618200,2.67,13020,0,False
L007344,C04895,2,16000,3800,24.0,800,2,False
L007345,C04895,4,63000,15300,9.74,1600,0,False
L007346,C04896,3,1074000,802600,3.03,4760,0,False
L007347,C04897,2,44000,11300,15.68,2200,0,False
L007348,C04898,2,25000,12100,12.8,1250,0,False
L007349,C04898,3,1063000,575800,2.51,3690,0,False
L007350,C04899,4,158000,138200,9.56,2340,0,False
L007351,C04899,3,1035000,902900,2.64,4550,0,False
L007352,C04900,3,1684000,1424200,3.1,7900,0,False
L007353,C04901,2,18000,2500,11.0,900,0,False
L007354,C04902,3,2025000,973700,4.01,8770,1,False
L007355,C04902,4,329000,217000,8.39,8560,0,False
L007356,C04903,4,86000,62200,13.27,1900,2,False
L007357,C04904,3,1631000,1052100,3.73,7800,0,False
L007358,C04904,4,276000,166200,11.21,5460,0,False
L007359,C04904,1,240000,158700,6.84,5150,0,False
L007360,C04905,2,38000,30500,18.52,1900,0,False
L007361,C04906,3,1976000,1823300,3.05,10480,0,False
L007362,C04907,3,720000,413200,4.4,2990,0,False
L007363,C04907,2,11000,5900,18.12,550,0,False
L007364,C04908,4,193000,80200,8.22,5310,1,False
L007365,C04909,4,340000,103200,4.63,3650,0,False
L007366,C04910,3,1437000,1345300,3.19,6740,0,False
L007367,C04911,3,1080000,551600,2.2,3580,0,False
L007368,C04912,1,252000,99200,8.06,9390,0,False
L007369,C04912,4,283000,191000,8.38,3220,0,False
L007370,C04913,3,1663000,1237500,3.24,7440,1,False
L007371,C04914,2,20000,15100,18.11,1000,0,False
L007372,C04915,3,1452000,1330600,2.65,6300,0,False
L007373,C04916,1,171000,78400,5.36,3750,0,False
L007374,C04917,2,46000,28500,15.46,2300,0,False
L007375,C04918,4,197000,163300,6.01,4730,0,False
L007376,C04918,2,43000,13800,13.68,2150,2,False
L007377,C04919,3,1144000,936000,3.47,5630,0,False
L007378,C04920,1,299000,179500,6.85,5030,3,False
L007379,C04920,3,1051000,715200,3.09,4780,0,False
L007380,C04921,3,2224000,1699400,3.39,11180,0,False
L007381,C04922,3,1825000,1697900,3.21,8480,0,False
L007382,C04922,4,400000,101200,7.86,13030,0,False
L007383,C04923,3,1581000,1249200,2.99,7790,0,False
L007384,C04923,1,374000,227600,5.88,5330,0,False
L007385,C04923,4,306000,61400,6.54,7010,0,False
L007386,C04924,3,833000,436800,2.62,2940,0,False
L007387,C04925,1,176000,44300,7.5,2260,0,False
L007388,C04925,2,34000,12300,20.1,1700,0,False
L007389,C04926,3,1643000,1046400,2.83,7860,0,False
L007390,C04927,3,2279000,1211300,2.78,8890,0,False
L007391,C04927,4,369000,199600,9.1,4660,0,False
L007392,C04928,4,39000,20900,10.66,940,0,False
L007393,C04928,1,56000,45900,8.81,1460,3,False
L007394,C04928,2,13000,1800,16.15,650,1,False
L007395,C04929,2,13000,6500,15.33,650,4,False
L007396,C04930,2,27000,3600,19.92,1350,1,False
L007397,C04931,2,27000,19000,18.48,1350,2,False
L007398,C04932,2,38000,9100,16.15,1900,1,False
L007399,C04932,4,39000,17100,11.23,1640,0,False
L007400,C04932,1,205000,182700,5.22,5360,3,False
L007401,C04933,3,1020000,794100,3.78,4350,1,False
L007402,C04934,2,43000,5700,22.0,2150,0,False
L007403,C04934,4,187000,135900,10.76,3330,0,False
L007404,C04935,2,6000,1800,17.01,300,1,False
L007405,C04936,3,2337000,1077300,3.16,9860,0,False
L007406,C04937,2,50000,39400,19.88,2500,0,False
L007407,C04937,3,1119000,1012700,2.98,5130,1,False
L007408,C04938,4,77000,68300,8.3,2980,1,False
L007409,C04938,2,17000,8400,16.76,850,0,False
L007410,C04939,2,20000,16700,14.97,1000,0,False
L007411,C04940,1,129000,98800,6.2,4070,0,False
L007412,C04940,3,820000,450900,3.17,3050,0,False
L007413,C04941,2,44000,37000,12.21,2200,0,False
L007414,C04942,1,83000,30100,5.08,1140,0,False
L007415,C04942,3,1312000,751200,3.56,5760,0,False
L007416,C04943,3,1600000,856600,3.45,7310,0,False
L007417,C04944,4,116000,63000,6.04,1510,0,False
L007418,C04944,2,25000,8400,19.08,1250,0,False
L007419,C04944,1,83000,59500,8.05,2260,1,False
L007420,C04945,3,1834000,1181100,3.65,9520,0,False
L007421,C04946,3,982000,916800,3.07,4770,0,False
L007422,C04947,3,1450000,702500,2.7,6040,0,False
L007423,C04948,2,5000,1700,15.61,250,0,False
L007424,C04949,3,675000,537300,3.11,2890,0,False
L007425,C04950,4,48000,16300,6.79,530,0,False
L007426,C04950,2,9000,1600,17.5,450,0,False
L007427,C04951,2,8000,2500,16.59,400,0,False
L007428,C04952,2,15000,9600,19.83,750,0,False
L007429,C04952,1,162000,103100,6.64,4430,0,False
L007430,C04953,1,331000,173100,5.4,9070,1,False
L007431,C04953,3,2019000,1264000,2.98,9000,2,False
L007432,C04954,3,1709000,864900,3.16,7100,0,False
L007433,C04954,1,87000,63900,8.11,2290,0,False
L007434,C04954,2,51000,4000,17.19,2550,0,False
L007435,C04955,2,34000,28700,19.78,1700,2,False
L007436,C04955,1,361000,102500,4.46,7040,0,False
L007437,C04955,4,193000,103300,11.14,4340,0,False
L007438,C04956,2,54000,7800,16.98,2700,1,False
L007439,C04957,3,1687000,958100,2.74,7120,0,False
L007440,C04957,4,187000,43900,4.5,4480,0,False
L007441,C04958,2,35000,26600,18.34,1750,3,False
L007442,C04958,4,113000,29000,8.38,1370,0,False
L007443,C04959,1,336000,206400,7.77,12860,0,False
L007444,C04960,2,11000,3000,22.32,550,0,False
L007445,C04961,3,1996000,1851700,3.6,10620,0,False
L007446,C04961,4,60000,33600,6.95,1970,0,False
L007447,C04962,2,6000,2400,13.21,300,0,False
L007448,C04963,2,40000,33400,16.1,2000,0,False
L007449,C04964,3,2050000,1398000,2.86,8170,2,False
L007450,C04964,4,284000,216900,11.64,4160,0,False
L007451,C04965,4,259000,146600,6.29,6520,0,False
L007452,C04965,1,236000,210500,8.37,7570,4,False
L007453,C04966,2,29000,4400,19.1,1450,0,False
L007454,C04967,3,1041000,720900,2.2,3960,0,False
L007455,C04968,1,405000,199700,6.93,10130,0,False
L007456,C04969,3,811000,433500,2.7,2970,0,False
L007457,C04969,2,23000,5000,18.47,1150,0,False
L007458,C04970,2,15000,11200,15.44,750,0,False
L007459,C04970,4,34000,12300,14.38,670,0,False
L007460,C04971,1,163000,109000,7.43,2840,0,False
L007461,C04972,4,195000,63600,5.41,3330,0,False
L007462,C04973,3,1540000,991300,3.33,7680,0,False
L007463,C04973,2,48000,23000,16.14,2400,0,False
L007464,C04974,3,1313000,1133900,3.31,6640,2,False
L007465,C04975,4,122000,42600,8.68,2670,0,False
L007466,C04976,4,409000,221900,6.54,5930,0,False
L007467,C04977,4,127000,36100,8.45,2920,0,False
L007468,C04978,3,1231000,939000,2.77,4690,0,False
L007469,C04979,2,5000,2600,19.69,250,1,False
L007470,C04979,4,30000,7400,11.41,660,0,False
L007471,C04980,2,24000,14800,16.44,1200,0,False
L007472,C04981,3,1264000,877900,3.22,4940,1,False
L007473,C04982,3,2197000,1338600,3.25,9980,0,False
L007474,C04983,1,57000,40600,10.76,1080,0,False
L007475,C04983,3,526000,340400,4.33,2170,0,False
L007476,C04984,2,19000,14000,17.05,950,2,False
L007477,C04985,4,38000,18800,10.44,1340,0,False
L007478,C04985,2,34000,21000,14.35,1700,0,False
L007479,C04986,4,87000,27300,9.52,1300,1,False
L007480,C04987,3,953000,470600,3.46,3710,0,False
L007481,C04988,4,154000,30900,8.13,5270,0,False
L007482,C04989,3,1720000,819900,2.73,7340,0,False
L007483,C04990,4,145000,53300,9.34,1750,0,False
L007484,C04990,3,3188000,1821700,3.07,12170,0,False
L007485,C04991,4,174000,140600,5.45,1830,0,False
L007486,C04992,2,43000,3200,18.41,2150,0,False
L007487,C04993,3,1474000,1145600,2.85,6810,0,False
L007488,C04994,2,22000,6000,18.95,1100,0,False
L007489,C04995,4,103000,37600,10.17,1510,0,False
L007490,C04996,4,18000,7400,10.84,610,3,True
L007491,C04997,3,2527000,1579400,3.46,10070,0,False
L007492,C04998,2,15000,12300,14.67,750,0,False
L007493,C04999,2,36000,4200,17.02,1800,1,False
L007494,C04999,1,367000,319500,5.77,11830,0,False
L007495,C05000,3,1664000,1526500,2.87,6690,1,False
L007496,C05000,4,258000,148200,7.43,2650,1,False
L007497,C05001,2,42000,9800,15.38,2100,0,False
L007498,C05001,4,261000,174800,11.6,8200,0,False
L007499,C05002,3,2353000,1689100,2.82,9740,0,False
L007500,C05003,2,20000,16500,19.72,1000,0,False
L007501,C05004,3,1091000,740800,3.18,4850,0,False
L007502,C05004,2,29000,5600,18.2,1450,0,False
L007503,C05005,2,30000,9900,14.98,1500,0,False
L007504,C05006,3,1264000,760300,3.59,6300,0,False
L007505,C05007,2,48000,26700,20.65,2400,2,False
L007506,C05007,1,308000,109700,7.47,10350,0,False
L007507,C05007,4,216000,80400,8.18,3790,3,False
L007508,C05008,2,9000,5400,17.51,450,0,False
L007509,C05008,3,790000,714500,3.45,3620,0,False
L007510,C05009,1,353000,129900,7.8,5860,0,False
L007511,C05009,2,40000,14500,17.11,2000,0,False
L007512,C05010,1,180000,103700,10.76,5960,0,False
L007513,C05010,2,26000,11800,13.1,1300,1,False
L007514,C05011,3,1863000,1100200,2.98,7590,0,False
L007515,C05012,2,56000,8400,13.04,2800,0,False
L007516,C05012,3,2071000,1837600,3.09,10530,0,False
L007517,C05013,1,439000,161100,6.93,6690,0,False
L007518,C05013,3,1564000,1446100,3.07,7560,0,False
L007519,C05014,3,1465000,1004500,2.33,6780,0,False
L007520,C05014,1,338000,140300,5.68,4880,0,False
L007521,C05015,2,7000,4400,19.04,350,1,False
L007522,C05015,1,50000,16400,7.95,1700,3,False
L007523,C05015,4,36000,11400,13.52,420,3,False
L007524,C05015,3,310000,255300,5.28,1610,2,False
L007525,C05016,2,14000,2100,16.13,700,0,False
L007526,C05016,1,130000,79000,5.52,2270,0,False
L007527,C05016,3,1232000,1073400,2.91,5110,1,False
L007528,C05017,2,54000,31700,20.05,2700,0,False
L007529,C05018,3,2209000,1287400,2.88,8590,0,False
L007530,C05019,2,55000,42200,20.44,2750,2,False
L007531,C05019,3,1738000,1292800,2.85,7180,0,False
L007532,C05019,1,196000,120800,5.41,2750,0,False
L007533,C05020,1,215000,88600,8.72,8410,0,False
L007534,C05021,4,26000,17000,9.5,380,1,False
L007535,C05021,2,8000,2100,19.99,400,2,False
L007536,C05022,2,44000,12700,14.21,2200,1,False
L007537,C05022,3,1700000,903100,3.06,8070,0,False
L007538,C05023,3,1374000,719200,3.63,5620,0,False
L007539,C05024,2,58000,27000,16.28,2900,1,False
L007540,C05025,4,126000,89900,11.35,3360,0,False
L007541,C05026,3,1488000,837600,2.5,5610,0,False
L007542,C05026,4,131000,106800,8.18,1630,0,False
L007543,C05027,3,809000,442600,2.82,3430,2,False
L007544,C05028,2,11000,4900,20.93,550,0,False
L007545,C05028,4,55000,46300,9.19,1050,0,False
L007546,C05029,4,57000,35500,11.06,790,0,False
L007547,C05029,1,310000,218500,6.81,7490,0,False
L007548,C05030,3,2036000,1227200,2.8,8390,0,False
L007549,C05031,2,24000,9400,20.4,1200,0,False
L007550,C05031,4,23000,19500,6.72,650,0,False
L007551,C05032,4,312000,225900,8.31,4550,0,False
L007552,C05032,3,2395000,1170700,3.25,8410,1,False
L007553,C05032,2,31000,17000,21.2,1550,0,False
L007554,C05032,1,371000,179100,5.56,13240,0,False
L007555,C05033,1,168000,55300,5.66,2770,0,False
L007556,C05034,3,1176000,882300,3.07,4940,1,False
L007557,C05034,1,429000,261300,6.44,5870,0,False
L007558,C05035,3,1471000,905800,2.78,5830,0,False
L007559,C05035,2,13000,6900,21.92,650,0,False
L007560,C05036,2,34000,11000,11.55,1700,0,False
L007561,C05037,4,260000,156600,8.06,10360,3,False
L007562,C05037,3,2325000,2157900,2.72,11250,0,False
L007563,C05038,3,638000,323900,2.7,2620,3,False
L007564,C05039,2,37000,3100,15.64,1850,0,False
L007565,C05039,4,119000,60000,7.08,2330,0,False
L007566,C05040,3,1000000,599700,2.81,4280,0,False
L007567,C05040,4,123000,61300,10.26,1380,0,False
L007568,C05041,3,1516000,904000,2.84,6690,0,False
L007569,C05042,3,1469000,1077300,2.9,6500,0,False
L007570,C05043,2,57000,7200,21.55,2850,0,False
L007571,C05043,3,1984000,1541000,2.93,8740,3,False
L007572,C05044,2,43000,28000,17.76,2150,2,False
L007573,C05044,4,180000,37400,9.13,2230,0,False
L007574,C05044,3,1345000,812700,3.08,5240,2,False
L007575,C05045,3,3064000,2007800,2.61,14570,1,False
L007576,C05046,3,1850000,1525900,3.18,7960,0,False
L007577,C05047,3,2719000,1916100,2.98,10210,1,False
L007578,C05048,3,1476000,713100,2.99,5410,0,False
L007579,C05048,2,71000,35100,14.71,3550,0,False
L007580,C05049,4,205000,58000,8.95,4380,0,False
L007581,C05050,2,33000,25300,15.86,1650,0,False
L007582,C05051,3,1787000,1603900,2.2,6770,0,False
L007583,C05052,3,1135000,644200,2.88,4470,0,False
L007584,C05053,4,237000,209900,9.26,6870,0,False
L007585,C05054,3,1401000,787000,2.35,4720,0,False
L007586,C05054,4,141000,99200,7.11,3230,0,False
L007587,C05054,2,9000,1000,15.16,450,0,False
L007588,C05054,1,225000,186200,6.72,7720,0,False
L007589,C05055,1,133000,67700,5.33,2270,2,False
L007590,C05055,2,13000,3000,19.63,650,0,False
L007591,C05055,3,831000,603300,3.71,3770,0,False
L007592,C05056,1,185000,114500,5.08,5980,1,False
L007593,C05057,4,290000,215300,10.19,4480,1,False
L007594,C05058,4,71000,22900,10.6,1200,1,False
L007595,C05059,1,449000,288300,9.48,7000,1,False
L007596,C05060,1,240000,183800,8.58,6110,0,False
L007597,C05060,3,2086000,1051400,3.28,9270,0,False
L007598,C05061,2,10000,7000,16.85,500,0,False
L007599,C05061,3,1453000,686500,2.92,5690,0,False
L007600,C05062,2,40000,25900,15.24,2000,1,False
L007601,C05063,2,42000,2500,18.85,2100,0,False
L007602,C05064,1,151000,79100,5.98,2850,0,False
L007603,C05064,3,1258000,853300,3.65,5810,0,True
L007604,C05064,4,208000,76200,5.73,4000,0,False
L007605,C05064,2,9000,6000,15.94,450,0,False
L007606,C05065,3,1616000,964100,2.94,6690,0,False
L007607,C05065,1,175000,154600,6.27,4720,0,False
L007608,C05066,4,10000,5800,10.15,330,1,False
L007609,C05067,3,2411000,1307600,2.49,9140,0,False
L007610,C05068,1,78000,58100,7.73,1810,0,False
L007611,C05069,2,8000,1100,16.23,400,0,False
L007612,C05070,2,15000,2100,17.01,750,0,False
L007613,C05071,4,257000,210700,8.05,6020,0,False
L007614,C05072,2,18000,1800,14.41,900,0,False
L007615,C05073,2,49000,40100,17.7,2450,0,False
L007616,C05074,1,81000,46600,5.64,1780,0,False
L007617,C05074,2,37000,16800,18.54,1850,0,False
L007618,C05075,4,148000,125800,7.94,1740,0,False
L007619,C05075,3,1516000,986400,2.73,5640,0,False
L007620,C05075,1,262000,219300,6.19,4380,3,False
L007621,C05076,2,21000,8900,20.05,1050,0,False
L007622,C05076,3,837000,755600,3.25,4110,0,False
L007623,C05077,4,168000,70500,7.93,1690,3,False
L007624,C05077,3,1818000,1119600,2.8,6980,0,False
L007625,C05078,2,54000,3300,17.37,2700,0,False
L007626,C05078,3,2251000,1892800,3.24,11270,2,False
L007627,C05078,4,88000,76200,8.08,1400,4,False
L007628,C05079,3,1841000,947600,2.65,7230,0,False
L007629,C05080,3,2283000,1753400,3.16,10240,0,False
L007630,C05080,1,246000,112600,5.53,5170,0,False
L007631,C05081,4,101000,77000,11.2,2100,0,False
L007632,C05082,3,2091000,1404800,2.88,8400,0,False
L007633,C05082,4,100000,57900,6.49,1260,0,False
L007634,C05083,4,50000,34100,4.77,1620,0,False
L007635,C05083,3,1463000,968200,2.82,6050,0,False
L007636,C05084,3,1697000,1258300,3.49,7780,0,False
L007637,C05085,3,1655000,1033000,3.38,6590,0,False
L007638,C05086,2,34000,11300,21.14,1700,0,False
L007639,C05086,1,133000,111300,6.75,5390,0,False
L007640,C05086,4,76000,60000,6.68,1080,2,False
L007641,C05087,1,153000,122700,6.64,3970,0,False
L007642,C05088,1,81000,68600,6.13,1370,0,False
L007643,C05089,2,31000,1900,18.49,1550,0,False
L007644,C05089,3,1087000,577900,3.48,4350,0,False
L007645,C05090,3,1063000,683900,3.38,4630,1,False
L007646,C05091,2,12000,4200,22.82,600,0,False
L007647,C05092,2,16000,4100,16.59,800,1,False
L007648,C05093,3,1558000,1443200,3.47,6830,0,False
L007649,C05094,2,42000,23600,18.6,2100,0,False
L007650,C05095,2,23000,14000,17.9,1150,0,False
L007651,C05096,2,10000,4300,17.09,500,0,False
L007652,C05096,1,181000,100800,5.52,2830,0,False
L007653,C05096,3,1775000,1311100,3.28,7110,0,False
L007654,C05096,4,208000,145500,7.24,3700,3,False
L007655,C05097,2,13000,3800,16.3,650,0,False
L007656,C05098,3,2470000,2309200,3.0,12930,0,False
L007657,C05098,2,56000,8700,14.5,2800,0,False
L007658,C05099,3,1557000,1117400,3.19,6740,0,False
L007659,C05099,4,59000,44400,8.08,750,0,False
L007660,C05099,1,268000,93900,5.86,4160,0,False
L007661,C05099,2,37000,29400,15.66,1850,0,False
L007662,C05100,4,16000,6500,12.41,210,0,False
L007663,C05101,3,2103000,1936700,2.85,9530,0,False
L007664,C05102,4,194000,98100,6.91,6850,0,False
L007665,C05103,3,2225000,1979800,3.23,9440,0,False
L007666,C05103,4,266000,108700,10.18,4240,0,False
L007667,C05104,3,2971000,1542600,3.18,12610,1,False
L007668,C05105,1,408000,270000,7.08,6040,0,False
L007669,C05106,3,910000,803000,3.0,4450,2,False
L007670,C05106,2,45000,4200,16.46,2250,0,False
L007671,C05107,4,383000,273600,7.93,8780,0,False
L007672,C05108,3,1255000,686400,2.69,5520,0,False
L007673,C05109,2,17000,14300,16.85,850,0,True
L007674,C05110,4,189000,54400,9.8,2510,0,False
L007675,C05111,2,14000,2700,19.27,700,0,False
L007676,C05112,3,991000,892900,2.83,3940,0,False
L007677,C05113,4,225000,87200,8.22,4110,0,False
L007678,C05113,3,1768000,1583400,2.71,7500,0,False
L007679,C05113,2,54000,36000,15.94,2700,1,False
L007680,C05114,3,1232000,710200,2.28,4240,0,False
L007681,C05115,3,921000,620900,2.88,4200,0,False
L007682,C05116,3,1267000,604200,3.4,4950,0,False
L007683,C05117,3,1199000,994800,3.34,4940,0,False
L007684,C05118,3,1291000,835800,2.45,5820,0,False
L007685,C05119,3,1722000,1218700,3.08,7110,0,False
L007686,C05120,3,1273000,875400,3.16,5200,0,False
L007687,C05120,4,128000,88900,6.04,3300,0,False
L007688,C05121,3,1970000,1338100,4.42,8300,3,False
L007689,C05121,2,61000,39400,16.54,3050,0,False
L007690,C05121,4,261000,216800,9.08,3500,2,False
L007691,C05122,3,599000,522800,3.41,2710,0,False
L007692,C05123,4,113000,52600,8.21,1230,0,False
L007693,C05124,4,107000,47400,10.95,3880,0,False
L007694,C05125,2,11000,2400,15.66,550,3,True
L007695,C05126,3,1073000,597600,3.01,4450,0,False
L007696,C05126,4,54000,39600,9.7,1340,0,False
L007697,C05126,1,131000,80900,5.75,1760,0,False
L007698,C05127,1,369000,113000,5.56,5660,0,False
L007699,C05128,2,36000,24400,17.2,1800,0,False
L007700,C05129,2,59000,5200,19.17,2950,0,False
L007701,C05130,4,83000,58900,7.66,1670,0,False
L007702,C05130,2,10000,7500,16.09,500,0,False
L007703,C05131,1,316000,82000,5.53,13890,0,False
L007704,C05132,2,15000,4900,16.22,750,1,True
L007705,C05132,3,1461000,1076900,2.86,6570,0,False
L007706,C05133,1,77000,52300,7.58,3080,0,False
L007707,C05133,2,11000,6400,17.01,550,0,False
L007708,C05134,2,33000,9700,19.01,1650,0,False
L007709,C05135,3,1231000,721600,3.0,4960,0,False
L007710,C05135,2,6000,3400,17.81,300,0,False
L007711,C05136,1,126000,112700,9.66,2620,0,False
L007712,C05137,2,5000,4100,20.19,250,0,False
L007713,C05138,2,12000,10100,16.91,600,0,False
L007714,C05139,3,1685000,1572100,3.12,8540,0,False
L007715,C05140,3,771000,470200,3.35,3050,0,False
L007716,C05140,2,22000,10400,15.65,1100,3,False
L007717,C05141,1,219000,165500,6.02,3070,0,False
L007718,C05142,1,262000,190900,4.76,3810,0,False
L007719,C05143,2,10000,4200,15.42,500,0,False
L007720,C05144,3,1596000,783000,2.69,6730,0,False
L007721,C05145,3,1895000,1523900,2.92,8550,0,False
L007722,C05146,2,31000,3800,17.79,1550,0,False
L007723,C05147,4,80000,27600,10.61,940,0,False
L007724,C05148,2,17000,5700,20.38,850,1,False
L007725,C05148,3,1066000,644500,2.43,4040,0,False
L007726,C05149,3,1975000,1760800,3.68,10680,0,False
L007727,C05150,3,1572000,1172800,2.82,6760,0,False
L007728,C05151,3,1806000,1670700,2.7,7770,0,False
L007729,C05152,1,303000,185500,6.45,8600,1,False
L007730,C05153,3,933000,862800,2.29,4050,0,False
L007731,C05153,2,17000,10600,10.0,850,0,False
L007732,C05154,3,2043000,1081100,2.49,7240,0,True
L007733,C05155,4,182000,148800,5.97,2110,0,False
L007734,C05156,3,2432000,1332300,3.44,11700,0,False
L007735,C05156,1,154000,136300,6.52,3290,2,False
L007736,C05156,4,309000,147700,7.31,11040,1,False
L007737,C05157,3,1053000,568800,2.99,3760,0,False
L007738,C05157,2,14000,4900,18.44,700,0,False
L007739,C05158,3,1611000,1221100,2.64,7680,0,False
L007740,C05159,2,41000,5000,17.55,2050,0,False
L007741,C05159,3,1163000,700800,2.88,5000,2,True
L007742,C05159,1,292000,242100,5.32,12100,0,False
L007743,C05159,4,116000,64400,6.14,1250,2,False
L007744,C05160,2,51000,37600,15.02,2550,0,False
L007745,C05161,2,20000,8800,16.81,1000,0,False
L007746,C05161,1,232000,131000,4.38,3610,2,False
L007747,C05162,2,21000,11000,16.13,1050,0,False
L007748,C05163,3,1443000,1161900,3.11,6820,0,False
L007749,C05163,2,16000,7200,20.23,800,4,False
L007750,C05164,4,216000,167000,8.61,2590,0,False
L007751,C05164,3,1184000,746800,3.2,4510,0,False
L007752,C05164,2,17000,5300,19.0,850,0,False
L007753,C05165,3,1319000,1193900,3.37,6020,0,False
L007754,C05165,4,209000,81900,10.7,5210,0,False
L007755,C05166,1,155000,65000,6.58,2360,0,False
L007756,C05167,3,828000,724900,3.12,3960,0,False
L007757,C05168,3,2234000,1588200,2.84,8760,0,False
L007758,C05169,3,2425000,1779600,2.65,10850,0,False
L007759,C05169,1,105000,39300,5.13,1540,0,False
L007760,C05170,3,2034000,1113500,2.2,7670,1,False
L007761,C05171,3,2730000,2140500,3.16,14450,0,False
L007762,C05172,1,211000,84500,8.52,4000,0,False
L007763,C05172,2,28000,3500,15.23,1400,0,True
L007764,C05173,2,5000,1600,19.13,250,0,False
L007765,C05174,2,5000,1100,20.15,250,0,False
L007766,C05175,2,15000,11600,17.23,750,0,True
L007767,C05175,4,35000,16400,9.43,570,0,False
L007768,C05176,2,11000,2900,14.49,550,0,False
L007769,C05177,2,22000,3800,15.76,1100,0,False
L007770,C05178,3,1911000,1033600,2.97,8960,1,False
L007771,C05179,1,174000,113500,8.21,3000,0,False
L007772,C05180,3,757000,616800,3.36,3710,1,False
L007773,C05181,3,2115000,1720300,3.0,8910,1,False
L007774,C05181,2,41000,22700,17.76,2050,1,False
L007775,C05182,1,127000,111400,7.1,5420,0,False
L007776,C05183,1,240000,205200,7.21,4760,0,False
L007777,C05184,2,24000,19000,19.0,1200,0,False
L007778,C05184,3,731000,445500,2.75,3080,0,False
L007779,C05185,3,1467000,874600,2.37,5730,0,False
L007780,C05185,2,40000,33600,14.19,2000,0,False
L007781,C05186,3,975000,650000,3.05,4250,0,False
L007782,C05186,2,11000,6000,16.24,550,0,False
L007783,C05187,3,1537000,1310100,2.91,7100,0,False
L007784,C05188,3,1143000,550200,3.15,4050,0,False
L007785,C05189,4,180000,61100,7.39,3600,0,False
L007786,C05190,3,1638000,1318800,3.51,7140,0,False
L007787,C05190,4,94000,48600,8.48,1020,0,False
L007788,C05191,1,70000,52400,6.81,1020,0,False
L007789,C05191,3,859000,635000,3.44,3950,1,False
L007790,C05192,1,195000,140700,5.35,5540,0,False
L007791,C05192,3,2448000,1103300,3.37,9710,0,False
L007792,C05192,2,65000,49700,18.63,3250,0,False
L007793,C05193,1,154000,59700,6.66,4440,0,False
L007794,C05194,4,100000,53700,10.63,1670,1,False
L007795,C05195,1,143000,89800,7.77,3300,3,True
L007796,C05196,3,956000,622500,2.4,4430,0,False
L007797,C05197,2,28000,14700,18.3,1400,0,False
L007798,C05197,3,2129000,1304100,2.82,9060,0,False
L007799,C05198,2,5000,2600,18.35,250,0,False
L007800,C05199,3,1408000,753500,2.92,6070,0,False
L007801,C05200,3,2072000,1229900,3.37,10280,0,False
L007802,C05200,2,28000,4500,17.08,1400,0,False
L007803,C05200,4,56000,41400,7.22,640,0,False
L007804,C05201,2,80000,56700,16.62,4000,0,False
L007805,C05201,4,106000,58200,4.6,1440,0,False
L007806,C05201,3,2921000,2626700,3.27,12340,0,False
L007807,C05202,2,50000,13400,14.57,2500,0,False
L007808,C05203,3,1934000,1110500,3.04,6980,0,False
L007809,C05203,1,258000,72300,5.38,8210,0,False
L007810,C05204,4,215000,100000,8.8,6650,0,False
L007811,C05204,2,40000,24500,19.47,2000,3,False
L007812,C05204,3,1101000,551600,3.06,4220,0,False
L007813,C05205,3,1902000,1442200,3.51,8790,0,False
L007814,C05206,3,863000,674500,3.78,4670,0,False
L007815,C05206,2,30000,9800,19.39,1500,0,False
L007816,C05207,3,953000,883500,3.44,4530,0,False
L007817,C05208,3,1825000,1325600,2.78,7810,0,False
L007818,C05209,2,22000,10100,13.48,1100,0,False
L007819,C05210,3,1984000,1631500,3.67,9400,0,False
L007820,C05211,4,39000,17800,7.14,630,0,False
L007821,C05212,1,166000,103900,4.43,2240,0,False
L007822,C05212,3,923000,504800,3.31,3970,0,False
L007823,C05213,3,1415000,640300,2.92,4990,0,False
L007824,C05213,4,175000,123900,9.43,2670,1,False
L007825,C05214,2,5000,3200,19.92,250,2,False
L007826,C05215,4,190000,147000,8.54,2670,0,False
L007827,C05216,1,204000,115200,8.4,6500,0,False
L007828,C05217,2,25000,19800,14.47,1250,0,False
L007829,C05217,3,1210000,645700,2.45,5480,1,False
L007830,C05217,4,220000,91200,7.9,3460,0,False
L007831,C05218,1,229000,150500,5.76,5760,0,False
L007832,C05219,4,86000,21500,9.98,3170,0,False
L007833,C05219,3,913000,830200,3.88,4270,0,False
L007834,C05220,2,5000,2200,20.84,250,0,False
L007835,C05221,2,40000,29800,21.9,2000,0,False
L007836,C05222,3,1712000,1111800,2.74,6530,0,False
L007837,C05222,2,16000,4100,16.84,800,0,False
L007838,C05222,4,212000,65000,10.66,2340,0,False
L007839,C05223,1,365000,266400,6.39,6080,1,False
L007840,C05223,3,1830000,1630800,3.4,8760,3,True
L007841,C05223,2,38000,3400,15.62,1900,0,False
L007842,C05224,2,39000,23500,18.63,1950,0,False
L007843,C05224,4,69000,28100,10.5,1790,0,False
L007844,C05224,1,105000,33200,7.06,2060,0,False
L007845,C05225,2,54000,42700,19.85,2700,0,False
L007846,C05226,2,14000,1100,15.52,700,2,False
L007847,C05227,2,44000,17700,19.51,2200,0,False
L007848,C05227,3,2309000,1104500,2.95,8530,1,False
L007849,C05227,4,179000,60300,8.35,2110,1,False
L007850,C05227,1,99000,53400,5.62,1850,3,False
L007851,C05228,2,9000,900,13.32,450,0,False
L007852,C05229,2,16000,9800,20.33,800,1,False
L007853,C05229,1,156000,110100,10.05,4050,0,False
L007854,C05230,1,165000,143900,7.02,4680,0,False
L007855,C05230,3,1582000,1004100,2.54,5820,0,False
L007856,C05231,4,57000,50500,9.26,1080,0,False
L007857,C05232,4,58000,21600,8.54,680,0,False
L007858,C05232,2,13000,4800,19.96,650,0,False
L007859,C05232,1,105000,91900,8.34,3880,3,False
L007860,C05233,3,1211000,989300,3.2,6120,0,False
L007861,C05234,2,49000,35000,17.58,2450,0,False
L007862,C05235,3,1573000,840800,3.32,6010,0,False
L007863,C05235,1,248000,106600,5.63,4710,0,False
L007864,C05236,2,6000,3400,17.28,300,0,False
L007865,C05236,4,19000,10300,7.01,390,0,False
L007866,C05237,2,26000,20700,20.67,1300,0,False
L007867,C05237,3,1917000,1118200,2.72,7640,0,False
L007868,C05238,3,2135000,987400,2.76,7970,0,False
L007869,C05238,2,47000,37400,17.81,2350,0,False
L007870,C05239,2,11000,7800,20.84,550,0,False
L007871,C05240,2,42000,21200,17.86,2100,0,False
L007872,C05241,4,166000,64700,9.58,2130,0,False
L007873,C05242,3,2569000,1538700,2.92,10570,0,False
L007874,C05242,4,328000,133700,9.92,6670,4,False
L007875,C05243,3,1603000,739800,2.55,5900,0,False
L007876,C05244,2,30000,4400,19.16,1500,0,False
L007877,C05245,1,111000,97600,8.66,1720,0,False
L007878,C05245,2,13000,2200,13.2,650,0,False
L007879,C05246,2,20000,10400,18.28,1000,0,False
L007880,C05247,3,909000,535200,3.42,4510,0,False
L007881,C05247,2,23000,8800,15.0,1150,0,False
L007882,C05248,3,838000,503600,2.39,3480,0,False
L007883,C05249,3,950000,568700,2.63,4090,0,False
L007884,C05249,4,259000,177500,10.87,3750,0,False
L007885,C05250,3,1445000,1188900,3.06,6610,0,False
L007886,C05251,3,1329000,1111900,3.67,6070,0,False
L007887,C05252,3,922000,526700,3.29,4110,0,False
L007888,C05253,3,1114000,696800,2.59,5320,2,True
L007889,C05253,1,249000,64300,6.64,7340,0,False
L007890,C05254,2,13000,7100,18.62,650,0,False
L007891,C05255,3,399000,334200,3.23,1790,0,False
L007892,C05256,2,37000,25100,15.75,1850,0,False
L007893,C05256,3,2526000,2000800,2.69,11740,0,False
L007894,C05257,1,156000,60700,8.18,4020,0,False
L007895,C05258,1,462000,160100,6.47,7740,0,False
L007896,C05258,3,2424000,1162200,3.21,9270,0,False
L007897,C05258,2,59000,47900,17.67,2950,0,False
L007898,C05259,3,1461000,1030500,2.86,7180,1,False
L007899,C05260,4,27000,19300,10.73,370,0,False
L007900,C05261,2,15000,12200,18.44,750,4,False
L007901,C05261,3,1083000,757400,2.78,4130,0,False
L007902,C05261,1,158000,65900,5.35,4550,1,False
L007903,C05262,2,19000,10300,13.92,950,0,False
L007904,C05263,3,1931000,1110500,3.17,7380,0,False
L007905,C05264,2,5000,3700,21.02,250,1,False
L007906,C05265,3,1182000,866200,2.36,5720,0,False
L007907,C05266,3,840000,521100,3.08,3480,0,False
L007908,C05267,1,527000,252600,6.58,17590,0,False
L007909,C05268,3,1244000,658900,2.64,5130,0,False
L007910,C05268,2,31000,22300,13.31,1550,0,False
L007911,C05269,2,16000,7100,17.01,800,0,False
L007912,C05270,3,1984000,1328400,2.2,9150,1,False
L007913,C05271,2,26000,19900,16.15,1300,0,False
L007914,C05271,3,2235000,1935800,2.45,10110,0,False
L007915,C05272,1,100000,61700,9.05,1790,0,False
L007916,C05273,3,1305000,865500,2.89,5290,0,False
L007917,C05273,4,166000,61100,5.78,5720,0,False
L007918,C05274,3,1272000,927400,2.84,5180,1,False
L007919,C05275,3,959000,728600,2.72,3640,2,False
L007920,C05275,4,223000,140300,10.39,3470,0,False
L007921,C05276,3,1137000,592100,2.66,3870,0,False
L007922,C05277,2,26000,17300,16.2,1300,1,False
L007923,C05278,1,258000,201000,5.35,4580,0,False
L007924,C05279,2,12000,6000,13.65,600,0,False
L007925,C05279,3,338000,202000,3.65,1480,0,False
L007926,C05280,4,162000,57800,9.49,2870,0,False
L007927,C05281,3,1104000,754100,2.62,4810,0,False
L007928,C05282,3,1171000,581400,2.87,4890,0,False
L007929,C05283,3,1748000,1549400,2.51,6890,0,False
L007930,C05283,1,373000,274500,7.1,7250,1,False
L007931,C05283,4,152000,85900,10.7,3370,0,False
L007932,C05284,2,36000,9700,13.81,1800,0,False
L007933,C05285,3,1187000,759000,3.08,5880,0,False
L007934,C05286,4,71000,39000,10.27,1160,1,False
L007935,C05287,3,846000,585000,3.04,4300,0,False
L007936,C05288,2,20000,6800,15.51,1000,1,False
L007937,C05289,4,249000,72300,5.4,2300,1,False
L007938,C05290,4,253000,106500,12.86,3100,0,False
L007939,C05291,2,40000,26500,16.04,2000,0,False
L007940,C05291,4,52000,36900,10.31,990,0,False
L007941,C05292,3,1494000,1330600,2.61,6910,0,False
L007942,C05293,2,26000,19900,17.11,1300,0,False
L007943,C05294,2,15000,9500,18.55,750,0,False
L007944,C05295,3,2147000,1288700,2.94,10570,0,False
L007945,C05296,2,14000,7900,13.48,700,0,True
L007946,C05296,4,21000,14100,8.34,240,0,False
L007947,C05296,1,140000,66500,8.47,2210,0,False
L007948,C05297,3,2435000,2188800,3.57,12880,0,False
L007949,C05298,2,31000,9400,13.59,1550,0,False
L007950,C05298,4,162000,57000,8.52,2690,0,False
L007951,C05299,4,40000,8100,10.72,1390,0,False
L007952,C05300,2,33000,19500,19.15,1650,0,False
L007953,C05301,2,6000,2700,18.71,300,2,False
L007954,C05302,2,27000,13800,16.72,1350,1,False
L007955,C05302,3,856000,476500,2.35,3470,0,False
L007956,C05302,4,132000,78200,9.29,3880,0,False
L007957,C05303,3,1281000,1189900,3.51,6290,2,False
L007958,C05304,4,86000,28000,7.88,1500,0,False
L007959,C05304,3,1435000,1099400,2.43,5510,1,False
L007960,C05304,2,53000,32400,15.01,2650,1,False
L007961,C05305,1,158000,55800,5.1,2120,0,False
L007962,C05306,3,1808000,1204400,2.94,7260,0,False
L007963,C05307,2,34000,4400,19.76,1700,0,False
L007964,C05307,4,206000,61400,9.01,2000,0,False
L007965,C05308,2,56000,11600,15.95,2800,0,False
L007966,C05309,3,553000,479900,3.15,2390,0,False
L007967,C05310,4,95000,45000,7.43,980,0,False
L007968,C05311,1,221000,148600,3.82,4620,0,False
L007969,C05312,4,359000,204800,6.72,15250,0,True
L007970,C05313,3,1227000,949100,3.12,5510,0,False
L007971,C05313,2,8000,6800,14.94,400,0,False
L007972,C05314,2,10000,6200,19.77,500,1,False
L007973,C05315,2,6000,1300,18.4,300,0,False
L007974,C05315,1,58000,32700,8.25,1030,0,False
L007975,C05316,4,261000,111600,9.6,4460,2,False
L007976,C05316,3,2162000,1618000,2.69,10290,0,False
L007977,C05316,2,64000,42800,18.21,3200,3,True
L007978,C05316,1,412000,288300,4.1,6920,0,False
L007979,C05317,3,1622000,842700,3.0,7500,0,False
L007980,C05318,2,10000,3700,19.08,500,0,False
L007981,C05319,2,65000,23500,13.06,3250,0,False
L007982,C05319,3,2003000,1309100,2.74,9350,0,False
L007983,C05320,3,1653000,1126700,3.28,6430,0,False
L007984,C05320,4,197000,144600,6.66,2360,0,False
L007985,C05321,2,30000,5800,10.46,1500,0,False
L007986,C05321,4,271000,97700,9.52,3470,0,False
L007987,C05322,3,2328000,1268700,2.65,8220,1,False
L007988,C05322,2,70000,32500,16.6,3500,2,False
L007989,C05322,1,284000,117500,4.31,4740,0,False
L007990,C05323,1,169000,151900,8.59,4480,0,False
L007991,C05324,1,61000,44000,6.42,1500,0,False
L007992,C05324,2,20000,4200,18.75,1000,0,False
L007993,C05325,2,5000,2100,13.19,250,3,False
L007994,C05326,4,155000,136300,5.32,1720,1,False
L007995,C05326,2,59000,28400,17.71,2950,0,False
L007996,C05327,2,38000,18500,18.82,1900,0,False
L007997,C05328,1,86000,54400,7.78,2360,0,False
L007998,C05328,2,18000,1500,19.83,900,0,True
L007999,C05329,3,1129000,921300,2.4,5660,0,False
L008000,C05329,4,93000,37100,12.24,1440,0,False
L008001,C05329,1,180000,100400,6.39,2930,0,False
L008002,C05329,2,23000,10900,18.25,1150,0,False
L008003,C05330,1,247000,134200,7.07,4890,0,False
L008004,C05331,2,53000,23500,19.43,2650,0,False
L008005,C05331,3,1664000,1035400,2.77,6350,0,False
L008006,C05332,2,57000,42900,14.01,2850,0,False
L008007,C05332,4,232000,161700,6.25,4040,0,False
L008008,C05333,3,1586000,898600,2.57,6500,0,False
L008009,C05333,4,46000,21600,8.5,570,0,False
L008010,C05333,1,292000,149700,9.15,6160,0,False
L008011,C05334,4,250000,163200,4.5,5950,0,False
L008012,C05335,2,5000,900,20.11,250,0,False
L008013,C05336,2,22000,15400,18.87,1100,3,False
L008014,C05337,1,269000,172100,5.34,7020,0,False
L008015,C05338,3,1544000,1315700,2.69,6000,0,False
L008016,C05338,2,41000,22100,21.32,2050,0,False
L008017,C05339,4,122000,89800,8.47,2340,0,False
L008018,C05340,4,149000,88700,8.19,2540,0,False
L008019,C05341,3,1268000,957500,2.56,6060,0,False
L008020,C05341,2,32000,10000,11.83,1600,2,False
L008021,C05342,4,72000,51000,6.35,870,0,False
L008022,C05343,2,18000,13400,15.82,900,0,False
L008023,C05343,4,163000,106100,4.8,2810,0,False
L008024,C05343,3,2043000,1381600,3.41,9200,1,False
L008025,C05344,2,60000,28600,19.81,3000,0,False
L008026,C05345,3,850000,623200,2.94,3350,0,False
L008027,C05346,3,2250000,1564000,3.03,10680,1,False
L008028,C05346,2,17000,11200,15.24,850,0,False
L008029,C05347,2,22000,5700,14.9,1100,0,False
L008030,C05348,3,1313000,1058300,2.48,4920,0,False
L008031,C05349,2,62000,49200,17.36,3100,0,False
L008032,C05350,3,1487000,745200,2.77,6780,0,False
L008033,C05351,3,2088000,1633100,3.03,8920,2,False
L008034,C05351,2,57000,43400,16.58,2850,0,False
L008035,C05352,2,38000,10800,14.6,1900,0,False
L008036,C05353,2,40000,23600,16.3,2000,0,False
L008037,C05353,3,1961000,1670700,3.55,9930,0,False
L008038,C05353,1,159000,61600,7.02,5330,0,False
L008039,C05353,4,206000,97900,12.11,3260,1,False
L008040,C05354,3,2132000,967100,3.27,7470,0,False
L008041,C05355,4,142000,32400,5.97,2400,0,False
L008042,C05356,4,382000,160100,10.18,4070,0,False
L008043,C05356,3,1666000,1430200,2.27,7620,0,False
L008044,C05356,2,55000,42400,14.0,2750,0,False
L008045,C05357,1,105000,55100,7.59,4430,0,False
L008046,C05358,3,1799000,1603800,3.1,7460,0,False
L008047,C05358,2,66000,16500,17.06,3300,0,False
L008048,C05359,4,49000,42100,10.06,1020,0,False
L008049,C05360,2,62000,19400,17.32,3100,0,False
L008050,C05361,3,2976000,2727700,2.82,12350,2,False
L008051,C05361,4,382000,273700,6.97,10980,1,False
L008052,C05362,2,48000,13700,16.09,2400,0,False
L008053,C05363,2,25000,3100,17.67,1250,0,False
L008054,C05363,3,3061000,2483000,3.3,12640,0,False
L008055,C05364,3,1027000,468400,2.83,3520,1,False
L008056,C05364,4,104000,54500,6.48,1320,0,False
L008057,C05365,2,11000,1100,18.23,550,0,False
L008058,C05366,2,7000,5400,14.61,350,0,False
L008059,C05366,3,888000,803400,2.85,4660,0,False
L008060,C05367,3,1119000,827900,2.24,5010,3,False
L008061,C05368,3,1240000,609100,2.92,5470,0,False
L008062,C05369,2,5000,700,18.32,250,0,False
L008063,C05370,3,1050000,567900,3.45,4270,0,False
L008064,C05371,3,1502000,811500,2.78,5310,0,False
L008065,C05372,3,1818000,1140000,2.74,8980,0,False
L008066,C05373,3,1418000,1027900,2.83,5560,0,False
L008067,C05373,2,21000,6000,20.2,1050,0,False
L008068,C05373,1,365000,300300,5.72,8080,0,False
L008069,C05374,3,2307000,1082900,3.33,9870,0,False
L008070,C05375,3,2539000,2167300,2.89,11190,0,False
L008071,C05376,4,258000,152300,8.43,7190,0,False
L008072,C05377,4,140000,75800,5.74,4410,1,False
L008073,C05378,3,2886000,2015500,3.83,13270,0,False
L008074,C05378,4,65000,32600,7.94,970,0,False
L008075,C05379,2,27000,14300,16.94,1350,0,False
L008076,C05380,1,163000,100200,9.58,2820,0,False
L008077,C05381,3,1916000,870400,2.95,6490,0,False
L008078,C05382,4,129000,57600,7.71,1640,0,False
L008079,C05383,1,491000,210500,7.6,13100,0,False
L008080,C05384,4,167000,109700,9.95,3620,0,False
L008081,C05384,2,16000,8300,17.27,800,0,False
L008082,C05385,1,72000,49400,6.8,1910,0,False
L008083,C05386,4,133000,96400,6.0,1510,0,False
L008084,C05386,2,20000,5000,15.62,1000,0,False
L008085,C05387,3,1671000,982400,3.37,6450,3,False
L008086,C05387,4,233000,169800,8.31,5220,0,False
L008087,C05388,2,25000,6500,15.5,1250,0,False
L008088,C05389,1,314000,271700,7.52,4980,0,False
L008089,C05390,1,126000,44100,5.25,2420,0,False
L008090,C05391,4,156000,57500,9.93,3280,0,False
L008091,C05392,4,98000,74700,5.8,1070,1,False
L008092,C05392,3,1341000,775900,2.64,6370,0,False
L008093,C05392,1,263000,67600,5.47,6930,0,False
L008094,C05393,3,981000,848400,3.53,4230,0,False
L008095,C05394,3,2883000,2457500,3.03,12100,0,False
L008096,C05394,2,36000,20500,19.93,1800,0,False
L008097,C05395,3,1423000,849600,3.18,5970,0,False
L008098,C05395,2,11000,7300,13.57,550,0,False
L008099,C05396,3,2428000,1296700,2.88,8760,0,False
L008100,C05396,2,36000,21000,19.47,1800,0,False
L008101,C05397,2,56000,22600,15.48,2800,0,False
L008102,C05397,3,1456000,983500,2.75,6110,1,False
L008103,C05398,3,1763000,798500,2.99,6490,0,False
L008104,C05398,4,111000,39500,8.13,1790,1,False
L008105,C05399,4,49000,27000,10.77,1550,0,False
L008106,C05400,2,31000,17000,17.52,1550,0,False
L008107,C05400,4,143000,127100,10.38,3620,0,False
L008108,C05401,3,1861000,1423700,2.6,9270,0,False
L008109,C05402,2,17000,7500,20.67,850,0,False
L008110,C05403,2,18000,13900,15.42,900,0,False
L008111,C05404,2,16000,3700,18.37,800,0,False
L008112,C05405,3,1302000,679200,2.59,5840,0,False
L008113,C05406,2,19000,14100,20.84,950,0,False
L008114,C05407,3,1879000,1511500,3.08,9350,0,False
L008115,C05407,4,281000,209800,9.49,3720,0,False
L008116,C05407,2,27000,1800,15.21,1350,4,True
L008117,C05408,3,1385000,944700,2.67,6210,0,False
L008118,C05408,2,15000,6800,14.78,750,0,False
L008119,C05409,2,7000,800,16.81,350,1,False
L008120,C05410,4,137000,117700,9.19,5600,2,False
L008121,C05411,4,67000,36300,6.1,2120,0,False
L008122,C05412,2,69000,42700,17.54,3450,0,False
L008123,C05412,3,1430000,1042300,3.03,5740,0,False
L008124,C05413,2,11000,8700,16.8,550,0,False
L008125,C05414,2,5000,2900,16.34,250,1,False
L008126,C05415,4,209000,96600,11.44,3830,0,False
L008127,C05416,3,2085000,1216900,3.63,7970,0,False
L008128,C05416,2,49000,31400,17.52,2450,0,False
L008129,C05417,2,31000,4600,17.23,1550,0,False
L008130,C05418,3,2027000,1775400,3.33,9800,0,False
L008131,C05418,2,41000,16700,13.98,2050,0,False
L008132,C05419,2,16000,12000,17.76,800,0,False
L008133,C05419,3,1043000,578900,2.29,3770,0,False
L008134,C05420,2,14000,7900,22.36,700,1,False
L008135,C05421,2,49000,18800,15.78,2450,0,False
L008136,C05421,3,1359000,867300,2.82,5640,0,False
L008137,C05422,3,1542000,1389300,2.63,7550,0,False
L008138,C05423,3,1792000,1688200,2.96,8040,0,False
L008139,C05424,3,1312000,1041800,3.11,5770,0,False
L008140,C05425,2,44000,12700,13.62,2200,3,False
L008141,C05425,3,1449000,1217900,2.2,6940,0,False
L008142,C05425,1,158000,133100,5.51,2370,0,False
L008143,C05426,4,319000,71400,9.99,12250,0,False
L008144,C05426,3,1745000,1072900,2.69,6530,0,False
L008145,C05427,4,69000,18500,6.18,1080,0,False
L008146,C05427,2,9000,6600,16.79,450,0,False
L008147,C05428,3,1229000,1036500,3.02,5250,0,False
L008148,C05429,3,831000,766600,3.45,4110,2,False
L008149,C05429,4,186000,155600,8.44,2220,0,False
L008150,C05430,2,6000,2700,20.21,300,2,False
L008151,C05430,4,162000,101200,12.68,3470,0,False
L008152,C05431,3,1339000,1237300,2.6,6790,0,False
L008153,C05432,2,21000,11400,15.12,1050,0,False
L008154,C05433,2,65000,47800,13.68,3250,1,False
L008155,C05434,4,45000,37600,11.3,860,2,False
L008156,C05435,3,1557000,1248200,3.65,7080,0,False
L008157,C05435,4,47000,14800,5.35,1170,0,False
L008158,C05436,1,147000,122600,7.74,2980,0,False
L008159,C05437,4,41000,35400,8.64,790,0,False
L008160,C05437,2,15000,11400,16.06,750,0,False
L008161,C05438,2,35000,18200,15.05,1750,0,False
L008162,C05439,2,11000,2700,20.07,550,0,False
L008163,C05440,3,1264000,626300,2.54,5340,0,False
L008164,C05441,3,2464000,1826000,2.93,9680,4,False
L008165,C05441,4,302000,225700,10.05,8800,0,False
L008166,C05442,3,990000,516600,2.91,4280,0,False
L008167,C05442,2,14000,1100,18.96,700,2,False
L008168,C05443,2,7000,1700,19.94,350,0,False
L008169,C05443,4,105000,53400,9.1,1940,0,False
L008170,C05444,1,73000,32100,5.99,1610,0,False
L008171,C05444,4,114000,57500,7.42,3220,0,False
L008172,C05445,2,6000,600,19.19,300,0,False
L008173,C05445,4,89000,74400,9.58,1590,0,True
L008174,C05446,3,1685000,1248800,3.38,8360,0,False
L008175,C05446,4,57000,35800,9.02,1850,0,False
L008176,C05447,3,1216000,751800,2.82,4770,0,False
L008177,C05447,1,348000,280900,6.44,7040,0,False
L008178,C05448,3,1330000,1102100,2.45,5630,0,False
L008179,C05449,4,42000,30300,7.44,760,0,False
L008180,C05449,3,1832000,941200,2.45,6310,1,False
L008181,C05450,3,1319000,1172200,3.05,5670,0,False
L008182,C05450,4,111000,24300,7.94,2110,4,False
L008183,C05451,2,13000,9000,17.23,650,0,False
L008184,C05452,1,265000,216700,9.43,5260,0,False
L008185,C05453,3,2081000,1927900,3.35,10080,1,False
L008186,C05454,2,44000,11400,17.25,2200,0,False
L008187,C05455,1,233000,85200,8.95,3180,0,False
L008188,C05456,3,992000,888200,2.79,5020,0,False
L008189,C05457,2,54000,23700,14.53,2700,0,False
L008190,C05458,2,70000,58400,15.51,3500,0,False
L008191,C05458,3,2161000,1788900,3.15,9480,0,False
L008192,C05459,3,957000,863500,2.58,4540,0,False
L008193,C05460,4,161000,74700,6.54,5200,0,False
L008194,C05461,4,99000,83100,7.44,1350,0,False
L008195,C05461,3,1588000,911400,3.04,5730,0,False
L008196,C05462,1,255000,196800,5.72,5420,0,False
L008197,C05462,4,236000,198600,6.45,3830,0,False
L008198,C05463,2,5000,800,17.0,250,0,True
L008199,C05464,3,1584000,1250200,2.94,6690,0,False
L008200,C05464,4,163000,109700,9.61,4250,2,False
L008201,C05464,2,45000,26600,16.41,2250,3,False
L008202,C05465,3,1133000,785100,3.12,4790,2,False
L008203,C05465,1,89000,44200,7.06,2470,3,False
L008204,C05465,4,157000,102300,8.73,3500,0,False
L008205,C05466,1,235000,197100,5.21,3630,0,False
L008206,C05466,3,1438000,1131200,3.17,7150,0,False
L008207,C05466,4,83000,71600,9.85,1320,0,False
L008208,C05467,3,2896000,2679300,3.01,12500,0,False
L008209,C05468,4,98000,46100,8.3,1150,0,False
L008210,C05469,3,526000,241900,2.84,2000,0,False
L008211,C05470,2,33000,2200,22.0,1650,0,False
L008212,C05471,1,296000,148600,7.74,8340,0,False
L008213,C05471,2,18000,13100,15.15,900,0,False
L008214,C05472,2,15000,10800,14.07,750,0,False
L008215,C05473,2,45000,2700,19.74,2250,0,False
L008216,C05474,2,8000,4300,18.62,400,0,False
L008217,C05474,1,50000,41700,9.77,790,0,False
L008218,C05475,2,5000,2200,18.8,250,0,False
L008219,C05476,3,1565000,755600,3.18,6280,0,False
L008220,C05476,1,119000,106900,8.23,1850,0,False
L008221,C05477,3,1688000,955400,2.92,7250,0,False
L008222,C05477,1,248000,153500,4.76,8400,3,False
L008223,C05477,2,55000,40300,13.06,2750,0,False
L008224,C05478,2,23000,15000,17.64,1150,0,False
L008225,C05478,1,395000,119600,6.37,8890,0,False
L008226,C05479,2,50000,6400,14.75,2500,0,False
L008227,C05480,3,1540000,901600,3.19,7460,0,False
L008228,C05481,2,22000,7600,18.69,1100,0,False
L008229,C05482,1,243000,84100,6.65,5860,0,False
L008230,C05483,3,1383000,665900,2.97,6000,0,False
L008231,C05483,1,403000,285200,6.57,7960,1,False
L008232,C05484,2,6000,3400,20.48,300,0,False
L008233,C05485,1,114000,84500,8.39,4540,2,False
L008234,C05485,2,9000,7400,16.91,450,0,False
L008235,C05485,4,120000,91000,7.14,3430,1,False
L008236,C05485,3,860000,676000,4.2,4040,1,False
L008237,C05486,4,346000,184900,11.2,8630,0,False
L008238,C05487,3,1234000,853900,2.94,4920,0,False
L008239,C05487,1,164000,85500,6.43,3530,0,False
L008240,C05488,4,159000,54600,8.48,1720,0,False
L008241,C05489,4,223000,150300,6.86,7970,0,False
L008242,C05489,3,1698000,1225400,3.19,6620,1,False
L008243,C05489,2,30000,21100,17.73,1500,0,False
L008244,C05490,2,12000,4000,20.59,600,1,False
L008245,C05491,2,36000,17000,12.86,1800,0,False
L008246,C05491,1,236000,162900,5.88,7830,0,False
L008247,C05492,2,34000,9100,19.44,1700,1,False
L008248,C05492,3,1159000,867900,3.08,4720,0,False
L008249,C05493,3,1059000,899400,2.71,4510,0,False
L008250,C05493,1,100000,80100,5.51,3280,1,False
L008251,C05494,2,37000,10100,18.28,1850,0,False
L008252,C05495,4,276000,180800,4.5,2840,0,False
L008253,C05495,2,55000,9500,10.81,2750,3,False
L008254,C05495,3,2283000,1214900,2.72,10950,3,True
L008255,C05495,1,272000,139300,5.79,3840,4,True
L008256,C05496,2,18000,7000,12.61,900,0,False
L008257,C05496,3,1320000,921500,2.42,4990,2,False
L008258,C05497,3,2201000,2078700,3.26,9950,0,False
L008259,C05498,3,1430000,1202900,3.72,7030,0,False
L008260,C05498,2,18000,13000,20.28,900,0,False
L008261,C05499,2,12000,2100,16.41,600,0,False
L008262,C05500,2,35000,21900,12.81,1750,3,False
L008263,C05501,3,2173000,2020700,3.66,11240,1,False
L008264,C05501,1,178000,73100,7.21,3410,0,True
L008265,C05501,4,176000,64400,10.53,1880,1,False
L008266,C05502,4,85000,48700,10.13,1020,0,False
L008267,C05502,2,6000,500,20.57,300,0,False
L008268,C05503,4,483000,152500,8.78,7860,1,False
L008269,C05504,3,1864000,1247700,2.88,7680,0,False
L008270,C05505,4,409000,332400,8.2,4960,0,False
L008271,C05506,1,427000,125900,4.59,5980,0,False
L008272,C05506,3,2371000,1816300,3.24,12280,0,False
L008273,C05507,4,149000,53300,8.34,1970,0,True
L008274,C05508,3,2379000,1553700,3.26,10700,0,False
L008275,C05509,3,1533000,1110800,2.94,7540,0,False
L008276,C05510,3,1851000,966500,2.6,8600,0,False
L008277,C05510,2,30000,5200,16.51,1500,3,False
L008278,C05510,1,213000,170100,9.09,3790,0,False
L008279,C05511,3,754000,580600,2.87,3210,0,False
L008280,C05512,1,169000,53400,4.96,3460,0,False
L008281,C05513,2,23000,5600,13.63,1150,0,False
L008282,C05514,4,23000,12500,11.86,960,1,False
L008283,C05515,2,10000,2000,16.62,500,1,False
L008284,C05516,3,2816000,1502700,2.6,13100,1,False
L008285,C05517,4,129000,98200,9.32,2000,0,False
L008286,C05518,2,16000,4500,20.48,800,0,False
L008287,C05519,3,2086000,1403600,2.54,9470,1,False
L008288,C05519,4,264000,65700,7.74,3690,0,False
L008289,C05520,2,44000,7300,22.0,2200,0,False
L008290,C05521,3,1043000,863100,3.36,4960,0,False
L008291,C05521,2,7000,4800,17.03,350,0,False
L008292,C05522,3,988000,872500,2.8,4690,3,False
L008293,C05522,1,75000,54500,5.41,2730,0,False
L008294,C05523,4,86000,35600,8.57,1030,4,False
L008295,C05524,2,39000,31500,14.43,1950,0,False
L008296,C05524,4,237000,204800,6.17,3160,0,False
L008297,C05524,3,1303000,696100,3.1,4840,0,False
L008298,C05525,2,6000,2500,16.22,300,0,False
L008299,C05525,4,38000,25400,9.2,580,0,False
L008300,C05526,4,178000,82700,9.74,3030,0,False
L008301,C05527,4,56000,20200,8.57,600,0,False
L008302,C05527,3,1197000,829400,2.56,4580,0,False
L008303,C05527,2,23000,11100,16.16,1150,1,True
L008304,C05527,1,129000,93200,4.86,2270,0,False
L008305,C05528,1,50000,18700,9.54,1020,0,False
L008306,C05529,4,153000,82500,8.05,1770,3,True
L008307,C05529,1,106000,44100,7.86,1990,0,False
L008308,C05529,3,1507000,1231100,2.89,6430,0,False
L008309,C05529,2,35000,15800,14.72,1750,0,False
L008310,C05530,4,294000,127500,7.07,8370,0,False
L008311,C05530,2,13000,8000,20.43,650,0,False
L008312,C05531,2,6000,4600,20.08,300,2,False
L008313,C05531,1,137000,95700,6.35,2600,0,False
L008314,C05531,3,994000,759800,2.55,3780,2,False
L008315,C05531,4,152000,127600,8.36,1830,4,False
L008316,C05532,3,3410000,1889300,3.48,14700,1,True
L008317,C05533,2,29000,20800,15.32,1450,0,False
L008318,C05533,3,3454000,2840000,2.88,14820,0,False
L008319,C05534,3,948000,568100,2.48,3590,0,False
L008320,C05535,2,20000,15500,23.41,1000,1,False
L008321,C05536,1,388000,136000,7.96,7640,0,True
L008322,C05536,3,1657000,832800,2.69,5710,0,False
L008323,C05537,3,1122000,804000,2.54,4160,0,False
L008324,C05538,4,207000,105000,7.01,6890,1,False
L008325,C05539,2,9000,4000,19.94,450,0,False
L008326,C05540,2,50000,23600,15.6,2500,0,False
L008327,C05540,4,325000,97100,9.75,8530,3,False
L008328,C05540,3,1860000,1315000,3.03,7500,0,False
L008329,C05541,2,8000,2200,24.0,400,0,False
L008330,C05542,3,976000,456500,3.23,3990,0,False
L008331,C05543,2,22000,10900,16.37,1100,1,True
L008332,C05544,4,57000,32500,8.63,820,0,False
L008333,C05545,1,193000,56400,4.85,5250,1,False
L008334,C05546,2,15000,11400,18.46,750,3,False
L008335,C05547,2,30000,18000,16.21,1500,0,False
L008336,C05548,2,5000,1000,17.77,250,1,False
L008337,C05549,3,1536000,709300,3.1,6690,0,False
L008338,C05549,4,200000,143100,8.96,3010,0,False
L008339,C05550,3,1202000,562900,2.86,4350,0,False
L008340,C05551,2,51000,4600,18.7,2550,0,False
L008341,C05551,3,1256000,601300,2.84,4690,1,False
L008342,C05552,3,2855000,2071500,3.34,12690,0,False
L008343,C05553,4,160000,64700,10.48,3120,1,False
L008344,C05554,3,2418000,1183200,3.28,10180,0,False
L008345,C05555,2,26000,8600,20.1,1300,0,False
L008346,C05555,4,243000,209900,8.53,3140,0,False
L008347,C05556,4,251000,190300,10.27,3700,1,False
L008348,C05556,3,1814000,1535400,3.16,8590,0,False
L008349,C05557,4,140000,36100,10.34,2070,0,False
L008350,C05557,3,1732000,1533100,2.95,7010,0,False
L008351,C05558,1,206000,79900,9.21,5660,0,False
L008352,C05559,3,1898000,1704600,3.42,8530,1,False
L008353,C05559,2,47000,38900,15.09,2350,2,False
L008354,C05560,3,1877000,1192000,3.16,8250,0,False
L008355,C05561,1,130000,112400,4.2,2650,0,False
L008356,C05561,3,1627000,1253300,2.97,6260,0,False
L008357,C05562,3,629000,433500,3.16,3240,0,False
L008358,C05562,2,20000,12500,16.91,1000,0,False
L008359,C05563,2,50000,39500,21.73,2500,0,False
L008360,C05564,4,45000,33200,5.33,480,1,False
L008361,C05565,3,1174000,707000,3.19,5380,0,False
L008362,C05565,1,255000,136000,8.97,3640,0,False
L008363,C05565,2,14000,3200,19.47,700,1,False
L008364,C05566,2,20000,14700,19.96,1000,0,False
L008365,C05567,3,1526000,1306300,3.61,6670,0,False
L008366,C05567,1,101000,46000,7.94,1870,0,False
L008367,C05568,4,304000,207600,10.38,9270,1,False
L008368,C05569,3,1037000,609000,2.77,4890,1,False
L008369,C05570,3,1956000,1598200,2.47,7920,0,False
L008370,C05571,2,16000,5600,17.8,800,0,False
L008371,C05572,2,15000,12300,17.97,750,0,False
L008372,C05573,3,876000,817100,2.24,3840,0,False
L008373,C05574,4,227000,49900,11.6,3830,0,False
L008374,C05574,3,1504000,1277600,2.93,5930,0,False
L008375,C05575,1,124000,94900,7.09,1880,0,False
L008376,C05575,2,25000,1900,16.23,1250,1,False
L008377,C05575,3,1205000,720000,2.91,4990,0,False
L008378,C05576,4,62000,53000,8.49,910,0,False
L008379,C05577,3,1182000,1015700,3.12,5290,0,False
L008380,C05577,2,40000,28100,17.36,2000,0,False
L008381,C05578,2,10000,4700,13.63,500,0,False
L008382,C05579,2,18000,8500,17.11,900,0,False
L008383,C05580,3,913000,746400,3.09,4430,0,False
L008384,C05580,1,292000,252800,5.0,4640,0,False
L008385,C05581,2,12000,7200,15.19,600,0,False
L008386,C05581,1,50000,32200,7.89,2260,0,True
L008387,C05582,3,2296000,1348800,3.21,10320,0,False
L008388,C05582,4,121000,105900,13.06,2010,0,False
L008389,C05582,2,26000,2600,17.35,1300,0,False
L008390,C05583,3,1270000,845000,2.2,4640,0,False
L008391,C05584,4,173000,149500,9.2,3500,0,False
L008392,C05584,3,1737000,921400,2.44,6420,0,False
L008393,C05585,3,849000,405900,3.04,3870,0,False
L008394,C05585,2,16000,9400,19.32,800,3,False
L008395,C05586,2,5000,2800,19.36,250,0,False
L008396,C05587,4,161000,34300,9.97,1530,0,False
L008397,C05588,4,204000,135500,8.08,3310,0,False
L008398,C05589,2,20000,15600,20.8,1000,0,False
L008399,C05590,1,162000,67000,6.26,4660,0,False
L008400,C05591,2,85000,69400,18.7,4250,0,False
L008401,C05591,3,2025000,1518000,3.16,10420,2,False
L008402,C05591,4,464000,341800,7.26,5160,0,False
L008403,C05592,1,103000,39700,4.0,3130,0,False
L008404,C05592,3,2087000,1724900,2.64,8260,0,False
L008405,C05593,2,26000,20800,17.62,1300,0,False
L008406,C05594,3,917000,813800,3.34,4190,0,False
L008407,C05595,3,2435000,1988500,3.4,10850,2,False
L008408,C05596,3,1146000,1028100,3.29,4990,0,False
L008409,C05597,4,409000,139800,6.76,6240,1,False
L008410,C05597,3,2417000,1492800,3.48,11850,0,True
L008411,C05597,1,470000,128800,7.95,16580,1,False
L008412,C05598,2,38000,9700,17.97,1900,0,False
L008413,C05598,3,1360000,1096500,2.98,6710,0,False
L008414,C05599,2,28000,23700,19.58,1400,0,False
L008415,C05600,2,34000,9300,16.25,1700,0,False
L008416,C05601,3,2881000,2193200,2.63,13780,0,False
L008417,C05601,4,334000,179100,9.78,4950,0,False
L008418,C05602,4,126000,55000,10.25,1480,0,False
L008419,C05602,1,300000,128900,6.08,5120,0,False
L008420,C05603,4,187000,67100,7.97,5040,1,False
L008421,C05604,1,240000,202000,6.36,8650,0,False
L008422,C05605,2,27000,8500,14.74,1350,0,False
L008423,C05606,3,2333000,2116900,2.73,10980,1,False
L008424,C05606,1,260000,67900,7.07,8710,1,False
L008425,C05607,2,9000,6600,22.18,450,0,False
L008426,C05608,2,33000,3900,14.12,1650,0,False
L008427,C05609,2,6000,600,19.11,300,1,False
L008428,C05610,3,1346000,1253800,2.54,5680,1,False
L008429,C05610,2,37000,27400,18.45,1850,1,False
L008430,C05610,1,255000,169300,5.31,3470,0,False
L008431,C05611,2,42000,16100,17.17,2100,0,False
L008432,C05612,2,18000,7700,17.45,900,0,False
L008433,C05612,3,2404000,1318900,2.82,9600,0,False
L008434,C05612,1,384000,315800,5.28,5830,0,False
L008435,C05612,4,69000,40800,7.96,800,0,False
L008436,C05613,4,63000,51000,8.89,960,0,False
L008437,C05614,1,112000,79400,6.63,2710,2,False
L008438,C05615,4,178000,94800,7.89,2590,0,False
L008439,C05616,3,757000,603300,2.43,3170,0,False
L008440,C05616,2,34000,27600,17.2,1700,0,False
L008441,C05617,1,51000,38700,7.21,790,1,False
L008442,C05617,4,55000,27100,9.38,1020,0,False
L008443,C05618,4,258000,84500,12.25,4310,0,False
L008444,C05618,3,2075000,946900,3.02,9490,0,False
L008445,C05619,4,175000,60800,6.91,2620,0,False
L008446,C05619,3,2237000,1660700,3.0,8530,1,False
L008447,C05619,2,43000,31600,17.4,2150,0,False
L008448,C05620,2,39000,32300,19.04,1950,0,False
L008449,C05621,3,2475000,1682400,3.13,9470,0,False
L008450,C05622,4,95000,73100,8.06,2350,0,False
L008451,C05623,4,91000,20200,4.7,1050,0,False
L008452,C05624,4,198000,47700,9.9,2480,0,False
L008453,C05625,4,191000,168700,9.76,2610,0,False
L008454,C05626,2,23000,10900,21.91,1150,0,False
L008455,C05627,1,218000,148500,4.63,3050,2,False
L008456,C05627,3,1226000,747300,3.22,5610,1,False
L008457,C05628,3,1969000,1701800,2.2,7690,0,False
L008458,C05628,1,214000,63100,7.33,4150,0,False
L008459,C05629,2,7000,4600,15.77,350,1,True
L008460,C05629,4,28000,24500,15.23,460,0,False
L008461,C05629,1,152000,104900,7.34,2190,0,False
L008462,C05630,2,39000,15800,20.09,1950,0,False
L008463,C05631,4,120000,37100,9.37,1250,0,False
L008464,C05631,3,2023000,1818500,2.66,8190,1,False
L008465,C05632,3,1336000,1095900,2.95,6860,0,False
L008466,C05632,4,183000,122300,9.37,3650,0,False
L008467,C05633,2,10000,4400,15.83,500,0,False
L008468,C05634,3,1297000,984800,3.05,5660,0,False
L008469,C05635,3,1527000,1284300,3.03,6820,0,False
L008470,C05636,2,20000,17000,15.77,1000,0,False
L008471,C05637,4,51000,23700,10.98,1600,0,False
L008472,C05637,3,1717000,1005200,3.08,8080,0,False
L008473,C05637,2,29000,11300,12.93,1450,1,False
L008474,C05638,3,990000,890700,2.37,4020,0,False
L008475,C05639,2,9000,2300,21.64,450,0,False
L008476,C05640,2,50000,11400,17.95,2500,0,False
L008477,C05641,2,40000,33100,15.47,2000,0,False
L008478,C05642,3,902000,818100,3.24,4250,0,False
L008479,C05643,1,291000,127500,6.91,3930,0,False
L008480,C05644,2,12000,1100,18.69,600,0,False
L008481,C05644,1,117000,60200,7.51,3740,0,True
L008482,C05645,3,2206000,1782600,3.01,9340,4,False
L008483,C05645,4,250000,115800,6.26,9980,3,False
L008484,C05646,2,20000,7600,18.0,1000,0,False
L008485,C05647,2,12000,7100,20.18,600,0,False
L008486,C05648,3,1247000,741200,2.69,5670,0,False
L008487,C05648,4,104000,75000,8.09,2100,0,False
L008488,C05648,2,35000,2500,19.36,1750,0,True
L008489,C05649,3,1935000,1199800,3.1,9070,0,True
L008490,C05650,1,240000,185100,5.91,6870,0,False
L008491,C05650,4,298000,158000,11.82,6920,0,False
L008492,C05651,1,145000,92300,10.27,2350,0,False
L008493,C05652,1,102000,44100,8.81,1690,0,False
L008494,C05652,2,5000,3900,21.43,250,0,False
L008495,C05653,2,28000,8600,14.62,1400,0,False
L008496,C05654,2,53000,30700,14.13,2650,0,False
L008497,C05654,3,1964000,1319000,3.25,9230,0,False
L008498,C05655,2,5000,3900,18.1,250,0,False
L008499,C05655,4,70000,59000,12.42,1110,1,False
L008500,C05656,4,255000,62400,10.12,3250,0,False
L008501,C05656,3,1443000,1256700,2.63,7310,1,False
L008502,C05656,1,245000,65000,8.26,6750,1,False
L008503,C05657,4,117000,46800,7.57,2110,0,False
L008504,C05658,1,153000,109000,6.74,2240,1,False
L008505,C05659,2,7000,700,18.9,350,0,False
L008506,C05660,3,2322000,1389500,2.2,8520,0,False
L008507,C05661,3,1386000,1261500,3.24,7440,4,False
L008508,C05662,3,2024000,1151400,2.57,7970,0,False
L008509,C05662,2,43000,16500,17.56,2150,0,False
L008510,C05663,2,16000,12200,19.89,800,0,False
L008511,C05663,4,147000,66300,10.59,3810,0,False
L008512,C05664,4,51000,30500,9.37,1080,1,False
L008513,C05664,3,1679000,1175600,2.97,6820,0,False
L008514,C05664,2,25000,19700,19.84,1250,0,False
L008515,C05665,3,1155000,930300,2.83,5640,0,False
L008516,C05665,1,290000,234800,7.76,11020,0,False
L008517,C05665,2,41000,8100,15.21,2050,0,False
L008518,C05666,2,47000,21300,15.0,2350,2,False
L008519,C05667,4,274000,57800,8.14,4070,0,False
L008520,C05668,2,21000,16100,16.83,1050,0,False
L008521,C05668,4,112000,54700,5.16,1140,0,False
L008522,C05669,2,21000,4100,18.03,1050,0,False
L008523,C05670,4,248000,154900,6.99,4170,0,False
L008524,C05671,2,32000,26100,19.94,1600,1,False
L008525,C05672,4,149000,46000,12.01,2250,0,False
L008526,C05672,2,29000,12900,17.99,1450,0,False
L008527,C05673,2,7000,400,19.29,350,0,False
L008528,C05673,1,85000,39500,8.62,1730,0,False
L008529,C05673,3,602000,314700,3.33,2510,0,False
L008530,C05674,4,326000,225300,8.57,4010,0,False
L008531,C05675,4,33000,8600,9.69,360,0,False
L008532,C05675,2,12000,1300,20.48,600,1,False
L008533,C05675,1,50000,33000,5.73,1150,0,False
L008534,C05676,2,5000,2100,14.51,250,0,False
L008535,C05676,1,78000,32300,6.57,1100,0,False
L008536,C05677,3,1811000,1301300,2.2,7170,2,False
L008537,C05678,2,5000,2800,19.42,250,0,False
L008538,C05678,4,41000,28900,13.15,620,0,False
L008539,C05679,2,25000,19600,14.21,1250,0,False
L008540,C05679,3,1178000,671900,2.37,4930,1,True
L008541,C05679,4,269000,211900,4.72,4680,1,False
L008542,C05680,3,1115000,994400,3.84,5980,0,True
L008543,C05680,4,128000,56400,8.81,3190,0,False
L008544,C05681,4,259000,177400,5.99,5260,2,False
L008545,C05682,1,68000,41700,8.98,1120,0,False
L008546,C05682,2,7000,4100,16.78,350,0,False
L008547,C05683,4,133000,51400,10.78,1680,0,False
L008548,C05683,2,41000,7200,16.26,2050,0,False
L008549,C05684,4,73000,41200,9.47,1600,0,False
L008550,C05684,2,19000,11200,19.93,950,0,False
L008551,C05684,1,88000,56000,8.22,2070,1,False
L008552,C05685,4,122000,32700,4.8,1380,0,False
L008553,C05686,3,1309000,1206200,2.97,6950,0,False
L008554,C05686,4,43000,8800,9.29,480,0,False
L008555,C05687,3,1621000,1163000,2.96,6740,2,False
L008556,C05688,3,974000,632100,2.71,3830,0,False
L008557,C05689,3,739000,631800,2.81,3600,0,False
L008558,C05690,2,14000,3400,19.51,700,0,False
L008559,C05691,3,1780000,818500,3.43,8620,0,False
L008560,C05692,1,83000,37800,6.9,2110,0,False
L008561,C05693,2,8000,6000,22.9,400,2,False
L008562,C05693,4,105000,69900,12.91,1760,2,False
L008563,C05693,1,85000,58300,7.81,2210,3,False
L008564,C05693,3,455000,332000,4.37,2340,4,False
L008565,C05694,2,48000,3100,17.46,2400,0,False
L008566,C05695,3,1030000,843400,3.37,5540,1,False
L008567,C05695,4,179000,119000,7.1,4780,3,False
L008568,C05695,2,35000,27200,20.14,1750,0,False
L008569,C05696,2,17000,9500,17.04,850,0,False
L008570,C05697,3,2363000,1114400,3.47,9320,0,False
L008571,C05698,2,89000,63200,18.85,4450,1,False
L008572,C05698,3,3066000,2745900,2.75,13990,3,False
L008573,C05698,4,131000,43700,5.68,4090,0,False
L008574,C05698,1,419000,329800,7.45,6600,0,False
L008575,C05699,3,2320000,1430000,3.06,9510,0,False
L008576,C05700,4,37000,21400,10.96,480,1,False
L008577,C05701,3,1893000,1502900,2.47,9100,0,False
L008578,C05702,3,2288000,1709300,3.02,10720,0,False
L008579,C05702,2,12000,6200,17.41,600,2,False
L008580,C05703,3,1539000,1425900,2.55,8010,0,False
L008581,C05703,2,58000,20900,14.94,2900,0,False
L008582,C05703,4,354000,305300,7.48,9990,0,False
L008583,C05704,3,865000,551100,2.69,4040,0,False
L008584,C05705,2,23000,4000,12.88,1150,0,False
L008585,C05705,3,1483000,851700,2.79,6730,1,False
L008586,C05706,3,1299000,798200,3.35,5820,1,False
L008587,C05706,1,277000,188600,5.78,11580,0,False
L008588,C05706,2,42000,24200,13.58,2100,3,False
L008589,C05707,3,860000,591200,3.25,3360,0,False
L008590,C05708,3,1513000,1215100,3.86,8130,0,False
L008591,C05709,4,81000,60800,12.78,1450,0,False
L008592,C05710,3,1216000,965700,2.93,5340,1,False
L008593,C05711,2,42000,10600,19.57,2100,1,False
L008594,C05712,4,42000,25600,8.69,620,1,False
L008595,C05712,3,572000,386500,3.02,2200,0,False
L008596,C05713,3,1944000,1774800,2.99,8660,0,False
L008597,C05713,4,84000,48200,11.32,1420,1,False
L008598,C05713,2,44000,20700,17.35,2200,2,False
L008599,C05713,1,357000,302000,7.0,8880,0,False
L008600,C05714,3,688000,636800,2.41,3190,0,False
L008601,C05714,1,78000,23100,5.91,1020,1,False
L008602,C05715,3,1011000,744200,2.48,3910,0,False
L008603,C05716,2,37000,20500,15.63,1850,0,False
L008604,C05716,1,158000,136600,8.01,4630,0,False
L008605,C05717,1,335000,198400,3.97,5180,0,False
L008606,C05717,3,1563000,1084400,2.81,5990,0,False
L008607,C05718,4,343000,143200,4.65,4630,0,False
L008608,C05718,1,287000,106800,5.42,6540,0,False
L008609,C05719,2,13000,2900,17.32,650,3,False
L008610,C05720,3,1298000,817700,2.85,4900,0,False
L008611,C05720,2,67000,19700,18.41,3350,0,False
L008612,C05721,3,2073000,1960200,3.82,10470,0,True
L008613,C05721,4,295000,255800,8.4,6290,0,False
L008614,C05722,1,97000,70100,8.1,2010,0,False
L008615,C05723,1,254000,135200,5.04,7420,0,False
L008616,C05724,3,1435000,1017600,3.12,6660,0,False
L008617,C05725,4,97000,39600,10.11,1830,0,False
L008618,C05726,3,2718000,2136100,3.38,13260,0,False
L008619,C05727,2,14000,3200,16.74,700,0,False
L008620,C05728,1,233000,153000,6.27,5200,1,False
L008621,C05729,3,1289000,828400,3.11,4830,0,False
L008622,C05729,2,35000,26100,18.79,1750,0,False
L008623,C05730,4,84000,18000,8.75,1460,0,False
L008624,C05731,3,725000,352100,2.92,2530,0,False
L008625,C05731,2,13000,8700,18.03,650,0,False
L008626,C05732,2,13000,3500,17.52,650,0,False
L008627,C05732,3,1719000,1609700,2.72,8020,0,False
L008628,C05733,2,13000,4500,18.34,650,0,False
L008629,C05733,1,94000,37800,8.72,1790,0,True
L008630,C05734,3,2072000,1679500,2.45,7680,0,False
L008631,C05734,2,62000,33400,14.34,3100,0,False
L008632,C05735,3,2557000,2267000,2.94,11340,0,False
L008633,C05735,2,13000,3100,15.59,650,0,False
L008634,C05736,2,14000,1700,21.4,700,1,False
L008635,C05736,1,77000,42000,8.69,2630,3,False
L008636,C05736,4,16000,7700,11.63,250,4,False
L008637,C05737,2,18000,5000,22.85,900,0,False
L008638,C05737,4,75000,44300,9.76,2040,1,False
L008639,C05738,1,67000,45800,6.0,2200,0,False
L008640,C05738,3,771000,660200,4.14,3540,1,False
L008641,C05739,4,101000,44700,10.68,1420,0,False
L008642,C05740,4,173000,114200,10.79,5740,0,False
L008643,C05740,3,1049000,865500,2.84,5330,0,False
L008644,C05741,3,1320000,982600,3.39,5930,0,False
L008645,C05742,3,1449000,1185000,2.98,5810,0,False
L008646,C05743,3,1230000,1070200,3.11,5920,0,False
L008647,C05744,2,25000,12900,17.84,1250,0,False
L008648,C05745,4,162000,130200,10.32,7110,0,False
L008649,C05746,3,1683000,1503200,2.97,7960,0,False
L008650,C05747,3,1215000,982900,3.2,6500,0,False
L008651,C05748,2,33000,17700,15.88,1650,0,False
L008652,C05749,3,1461000,1313300,3.06,6720,0,False
L008653,C05750,3,2225000,1743500,3.24,8950,0,False
L008654,C05750,4,176000,36800,9.06,6300,0,False
L008655,C05751,4,68000,54500,9.86,1090,0,False
L008656,C05751,3,1684000,1043800,3.76,7500,0,True
L008657,C05752,3,1416000,799300,2.2,5290,0,False
L008658,C05753,2,23000,3400,19.6,1150,0,False
L008659,C05754,3,1042000,509900,2.86,3880,0,False
L008660,C05754,4,242000,184700,7.95,3460,0,False
L008661,C05755,1,162000,115200,7.23,4090,0,False
L008662,C05756,1,137000,95400,6.8,3090,0,False
L008663,C05757,1,422000,192700,6.33,8250,0,False
L008664,C05758,2,24000,13800,14.09,1200,0,False
L008665,C05759,3,1249000,1144800,3.32,5810,0,False
L008666,C05760,3,1789000,1426700,2.78,8230,0,False
L008667,C05761,3,1375000,982200,2.68,6520,0,False
L008668,C05762,2,23000,14900,16.18,1150,0,False
L008669,C05763,2,21000,2200,22.3,1050,0,False
L008670,C05763,4,38000,9500,10.0,520,0,False
L008671,C05764,3,1520000,809600,3.15,7170,1,False
L008672,C05764,4,112000,37500,5.67,1030,0,False
L008673,C05765,2,16000,11000,18.93,800,0,False
L008674,C05766,2,26000,20300,15.46,1300,1,False
L008675,C05767,1,190000,56400,8.73,3190,2,False
L008676,C05768,2,8000,3000,21.11,400,0,False
L008677,C05769,1,95000,51900,7.41,3420,0,False
L008678,C05770,2,15000,6400,17.97,750,0,False
L008679,C05770,1,146000,130500,5.28,2860,0,False
L008680,C05771,4,115000,70200,8.15,1510,0,False
L008681,C05772,3,996000,675800,3.27,3970,0,False
L008682,C05772,1,85000,51400,6.64,1660,0,False
L008683,C05773,4,62000,12400,10.92,890,0,False
L008684,C05773,3,1980000,951100,3.49,7410,0,False
L008685,C05773,2,44000,21000,19.59,2200,0,False
L008686,C05774,4,245000,120100,7.81,2770,0,False
L008687,C05774,3,1564000,991300,3.41,6190,0,False
L008688,C05774,2,44000,23300,18.05,2200,0,False
L008689,C05775,2,13000,9000,16.8,650,0,False
L008690,C05776,3,1522000,1347100,2.43,5830,0,False
L008691,C05776,1,277000,235500,5.94,4300,0,False
L008692,C05777,2,21000,3300,16.16,1050,0,False
L008693,C05778,2,24000,20200,15.78,1200,0,False
L008694,C05779,2,18000,4300,14.64,900,0,False
L008695,C05780,3,1818000,906600,3.08,6950,0,False
L008696,C05780,1,115000,65800,7.94,2010,0,False
L008697,C05780,2,23000,3400,16.97,1150,0,False
L008698,C05781,1,293000,123100,7.47,4250,1,False
L008699,C05781,3,2667000,1900000,3.27,11570,0,False
L008700,C05782,4,70000,16800,8.68,770,0,False
L008701,C05782,2,23000,7300,14.86,1150,0,False
L008702,C05782,3,1207000,638000,2.96,4640,0,False
L008703,C05783,2,12000,8700,19.85,600,0,True
L008704,C05783,1,118000,30600,10.65,2930,0,False
L008705,C05783,4,36000,23300,10.09,670,0,False
L008706,C05784,3,832000,672300,3.58,3880,0,False
L008707,C05785,4,21000,8100,11.83,720,1,False
L008708,C05785,2,11000,5100,20.05,550,0,False
L008709,C05786,3,1545000,769200,2.61,7190,0,False
L008710,C05787,4,304000,189800,11.13,4360,0,False
L008711,C05788,3,1333000,965200,2.26,5730,0,False
L008712,C05789,2,11000,7200,10.0,550,0,False
L008713,C05790,3,1642000,1252500,3.39,8180,0,False
L008714,C05791,3,2100000,1401200,2.68,8400,0,False
L008715,C05791,2,39000,4500,14.45,1950,0,False
L008716,C05792,3,2075000,1129300,3.76,10330,0,False
L008717,C05793,2,35000,20100,12.27,1750,0,False
L008718,C05794,3,924000,666700,2.69,4310,0,False
L008719,C05795,3,1968000,1623400,2.23,9240,0,True
L008720,C05795,2,41000,8200,18.3,2050,0,False
L008721,C05796,2,30000,8800,16.05,1500,0,False
L008722,C05797,3,995000,700600,2.99,3950,0,False
L008723,C05798,3,934000,579800,2.86,3950,0,False
L008724,C05799,2,17000,4100,21.63,850,0,False
L008725,C05800,3,1705000,888500,3.12,6690,0,False
L008726,C05801,3,1258000,610500,3.08,5920,0,False
L008727,C05801,4,55000,24800,6.95,990,0,False
L008728,C05802,3,1021000,635100,3.03,3970,0,False
L008729,C05803,1,154000,131300,6.42,2530,0,False
L008730,C05804,3,2657000,2418300,2.84,12540,0,False
L008731,C05805,2,17000,12000,11.45,850,0,False
L008732,C05806,1,89000,25200,5.42,1460,0,False
L008733,C05806,3,1182000,544000,3.17,5220,0,False
L008734,C05806,2,29000,8000,17.19,1450,0,False
L008735,C05807,3,1171000,840100,2.83,4460,0,False
L008736,C05808,3,716000,478000,2.43,2960,1,False
L008737,C05808,4,190000,66000,8.43,7590,0,False
L008738,C05809,2,18000,6400,19.17,900,1,False
L008739,C05809,3,993000,485100,3.14,4070,0,False
L008740,C05810,1,475000,354100,3.8,6800,0,False
L008741,C05811,2,32000,14600,11.79,1600,1,False
L008742,C05811,3,1925000,1082300,3.23,8380,0,False
L008743,C05812,3,1279000,1180100,2.63,5500,0,False
L008744,C05812,4,76000,19700,9.68,940,0,False
L008745,C05813,3,1168000,869700,2.88,5010,0,False
L008746,C05814,3,1821000,1275400,2.54,8650,0,False
L008747,C05815,2,9000,5500,15.86,450,0,False
L008748,C05816,2,7000,2300,19.12,350,1,True
L008749,C05817,1,202000,146000,6.41,6030,0,False
L008750,C05818,3,1277000,945000,3.04,6380,0,False
L008751,C05818,2,45000,27000,17.04,2250,0,False
L008752,C05819,1,385000,152700,9.29,6290,0,False
L008753,C05820,3,2215000,1484700,2.6,8460,0,False
L008754,C05820,2,63000,44700,14.24,3150,0,False
L008755,C05821,4,93000,74600,5.45,1700,1,False
L008756,C05822,3,2447000,1237600,3.03,10030,1,True
L008757,C05822,1,352000,89300,8.02,7190,0,False
L008758,C05823,4,106000,81700,8.95,1540,0,False
L008759,C05824,1,133000,55800,4.73,1710,0,False
L008760,C05825,2,21000,12400,18.24,1050,0,False
L008761,C05825,3,1179000,748200,3.17,4630,0,False
L008762,C05825,4,332000,133700,11.86,7400,0,True
L008763,C05826,3,1576000,917700,2.7,6800,0,False
L008764,C05827,3,1011000,564000,2.72,4410,0,False
L008765,C05828,4,207000,90400,9.62,3210,1,False
L008766,C05829,4,154000,32100,10.93,3730,0,False
L008767,C05829,3,1301000,1058100,3.04,5640,0,False
L008768,C05829,1,109000,63600,7.7,4460,0,True
L008769,C05830,2,38000,13400,18.45,1900,0,False
L008770,C05830,3,2270000,1261000,2.86,8090,0,False
L008771,C05831,2,23000,18900,14.73,1150,0,False
L008772,C05832,3,1653000,1041800,2.96,7930,0,False
L008773,C05833,1,111000,81500,7.15,2200,0,False
L008774,C05834,2,35000,25900,20.14,1750,0,False
L008775,C05835,2,13000,9900,15.9,650,0,False
L008776,C05835,1,52000,16200,7.15,1060,1,False
L008777,C05836,3,1750000,1121900,2.63,8320,1,False
L008778,C05837,4,104000,34800,11.08,3080,0,False
L008779,C05837,2,17000,13600,17.42,850,0,False
L008780,C05838,2,9000,4900,14.72,450,0,False
L008781,C05839,4,184000,144700,7.63,2130,0,False
L008782,C05840,3,1320000,895200,2.2,5630,1,False
L008783,C05840,4,156000,74400,8.76,6500,1,False
L008784,C05840,1,285000,139000,5.39,3800,0,False
L008785,C05840,2,26000,10800,13.46,1300,2,False
L008786,C05841,1,293000,190500,5.46,5470,0,False
L008787,C05842,2,10000,4000,19.18,500,0,False
L008788,C05842,1,129000,87000,7.77,1940,0,False
L008789,C05843,1,112000,87600,10.19,2650,1,False
L008790,C05843,2,14000,10200,17.38,700,0,False
L008791,C05844,2,13000,10900,15.28,650,3,False
L008792,C05845,3,1301000,618900,3.05,4530,0,False
L008793,C05846,1,50000,44300,8.55,1430,0,False
L008794,C05847,3,2320000,1725100,2.64,11560,2,False
L008795,C05848,4,88000,17800,6.49,1540,0,False
L008796,C05848,2,28000,16100,20.87,1400,0,False
L008797,C05849,2,9000,7200,17.07,450,0,False
L008798,C05849,1,75000,65900,9.68,1200,1,False
L008799,C05850,3,2157000,1779300,3.18,9830,0,False
L008800,C05850,2,73000,32100,14.88,3650,2,False
L008801,C05850,4,441000,272300,8.74,12900,1,False
L008802,C05851,4,269000,104600,11.04,2900,0,False
L008803,C05851,2,42000,11500,14.36,2100,0,False
L008804,C05852,1,175000,142400,6.9,5910,0,False
L008805,C05853,2,26000,10200,17.33,1300,0,False
L008806,C05853,3,892000,591900,3.43,3600,0,False
L008807,C05854,3,1184000,667300,2.73,4260,1,False
L008808,C05854,2,66000,19500,19.44,3300,0,False
L008809,C05854,4,82000,34800,6.7,2590,0,False
L008810,C05855,2,55000,11200,13.56,2750,0,False
L008811,C05855,3,1302000,969100,2.58,6270,0,False
L008812,C05856,4,180000,88400,10.58,2040,0,False
L008813,C05857,3,1184000,944800,2.61,4750,0,False
L008814,C05857,4,177000,48900,9.64,4660,0,False
L008815,C05858,4,52000,24100,11.14,640,0,False
L008816,C05859,2,5000,3000,21.81,250,0,False
L008817,C05860,3,1904000,1227700,2.9,7350,0,False
L008818,C05861,4,75000,31600,10.51,1000,0,False
L008819,C05862,2,11000,5200,15.53,550,0,False
L008820,C05863,4,87000,50800,10.92,1890,0,False
L008821,C05863,2,14000,6100,17.79,700,0,False
L008822,C05864,3,1329000,768800,2.41,4810,0,False
L008823,C05864,4,55000,25100,6.42,610,0,False
L008824,C05865,3,772000,706500,2.29,3000,1,False
L008825,C05866,3,1194000,749100,2.93,5870,1,False
L008826,C05867,2,34000,22500,16.88,1700,0,False
L008827,C05868,4,294000,238000,6.31,4770,0,False
L008828,C05868,2,27000,17200,17.97,1350,0,False
L008829,C05869,2,13000,5600,16.96,650,0,False
L008830,C05870,4,117000,64000,8.77,3620,0,False
L008831,C05870,2,24000,9200,18.8,1200,2,False
L008832,C05870,1,158000,124900,7.47,4200,1,True
L008833,C05871,3,1289000,1027300,2.46,5570,0,False
L008834,C05872,4,302000,107100,11.42,4010,0,False
L008835,C05873,3,1795000,1640900,3.33,8500,0,False
L008836,C05874,4,177000,39300,8.0,5060,0,False
L008837,C05874,2,29000,3300,17.37,1450,0,False
L008838,C05875,3,1193000,556900,2.4,5510,0,False
L008839,C05875,2,71000,60300,17.69,3550,0,False
L008840,C05876,4,70000,33100,8.93,780,2,False
L008841,C05877,3,1074000,504800,2.2,4220,0,False
L008842,C05878,3,662000,541600,3.58,3040,0,False
L008843,C05879,3,1477000,1017300,3.05,7180,0,False
L008844,C05879,1,101000,81100,6.23,1600,1,False
L008845,C05880,1,244000,70500,6.37,3910,0,False
L008846,C05880,3,1114000,675200,2.23,3950,0,False
L008847,C05881,2,44000,4800,15.23,2200,1,False
L008848,C05881,1,250000,71600,5.11,4940,4,False
L008849,C05881,3,936000,664200,2.4,4440,1,False
L008850,C05882,3,1251000,607500,3.36,4400,0,False
L008851,C05882,4,77000,53100,5.51,840,0,False
L008852,C05883,3,995000,522300,2.5,4680,0,False
L008853,C05884,3,1818000,972300,2.97,8130,0,False
L008854,C05885,2,49000,29700,18.41,2450,0,False
L008855,C05886,1,360000,251500,10.5,6440,0,False
L008856,C05887,3,1358000,851400,2.68,5910,0,False
L008857,C05887,2,13000,7900,17.71,650,0,False
L008858,C05888,3,1574000,1210500,2.3,7120,0,False
L008859,C05889,4,43000,9800,11.65,480,0,False
L008860,C05890,4,133000,43000,9.82,1910,0,False
L008861,C05890,3,1382000,1050300,3.28,7040,0,False
L008862,C05891,3,1018000,840200,2.64,4250,0,False
L008863,C05892,2,28000,12900,17.2,1400,0,False
L008864,C05892,4,306000,181700,13.23,5140,0,False
L008865,C05893,2,59000,43700,18.75,2950,0,False
L008866,C05894,3,748000,508900,3.16,3140,0,False
L008867,C05895,2,61000,31700,18.78,3050,0,False
L008868,C05895,3,2043000,1268500,2.82,7660,0,False
L008869,C05896,3,1905000,967200,2.97,7950,0,False
L008870,C05896,1,114000,39200,5.39,1490,0,False
L008871,C05897,4,71000,20000,7.43,2070,0,False
L008872,C05898,3,2284000,2046400,2.97,9280,2,False
L008873,C05899,2,29000,18600,13.59,1450,0,False
L008874,C05900,3,2146000,1818700,2.77,8670,0,False
L008875,C05901,4,33000,26700,8.55,380,1,False
L008876,C05902,3,1044000,741900,3.63,4790,0,False
L008877,C05902,2,27000,11000,16.85,1350,0,False
L008878,C05903,4,78000,17200,10.24,1640,0,False
L008879,C05904,4,86000,69800,11.48,1290,0,False
L008880,C05904,3,1691000,1225300,2.95,7850,0,False
L008881,C05904,2,16000,13300,21.46,800,0,False
L008882,C05905,3,1710000,1478000,2.5,7350,0,False
L008883,C05905,4,83000,40100,7.08,2350,0,False
L008884,C05906,2,27000,19700,17.23,1350,1,False
L008885,C05907,3,1460000,882100,3.03,6670,0,False
L008886,C05907,1,166000,99800,4.97,2990,0,False
L008887,C05908,4,262000,59100,9.72,2830,0,False
L008888,C05908,3,1498000,1162900,2.56,5770,0,False
L008889,C05909,3,1195000,765800,2.39,4540,0,False
L008890,C05910,3,2323000,2185400,2.65,10500,0,False
L008891,C05910,1,313000,163800,8.14,5710,0,False
L008892,C05911,3,1728000,1264200,2.56,7710,0,False
L008893,C05911,4,308000,79600,8.73,4730,0,False
L008894,C05912,3,1118000,594900,2.63,4440,0,False
L008895,C05913,3,1353000,616500,3.17,5470,0,False
L008896,C05914,3,2382000,1298100,2.2,8980,0,False
L008897,C05914,2,70000,33200,16.92,3500,4,True
L008898,C05915,4,355000,210600,8.02,6770,0,False
L008899,C05915,2,52000,15100,19.5,2600,0,False
L008900,C05916,1,328000,292300,7.52,6030,0,False
L008901,C05917,3,924000,460400,2.98,4200,0,False
L008902,C05918,4,240000,82700,8.01,6660,0,False
L008903,C05918,3,1188000,972800,2.83,5050,0,False
L008904,C05919,3,1319000,638200,3.01,4570,0,False
L008905,C05920,3,2077000,995800,2.62,9180,0,False
L008906,C05920,1,267000,146700,6.18,4260,0,False
L008907,C05921,4,235000,60900,6.96,2960,0,False
L008908,C05921,2,25000,14400,18.36,1250,0,False
L008909,C05922,3,1247000,1162500,3.58,5810,0,False
L008910,C05923,2,8000,3400,16.55,400,0,False
L008911,C05923,3,1411000,930200,3.19,5380,0,False
L008912,C05924,3,1647000,1239800,2.76,6450,0,False
L008913,C05925,2,31000,7500,16.31,1550,0,False
L008914,C05926,2,58000,29500,18.32,2900,1,False
L008915,C05927,4,124000,30600,6.92,1710,0,False
L008916,C05928,4,155000,101100,7.71,1960,2,False
L008917,C05928,3,2904000,1726100,3.12,12880,0,False
L008918,C05928,2,72000,23200,18.14,3600,0,False
L008919,C05929,2,20000,15700,15.11,1000,0,False
L008920,C05929,3,1234000,1061100,2.42,4920,0,False
L008921,C05930,2,14000,4700,16.91,700,1,False
L008922,C05930,3,1011000,841500,2.66,5050,0,False
L008923,C05930,1,140000,85900,6.98,2790,0,False
L008924,C05931,2,30000,25100,15.88,1500,1,False
L008925,C05932,4,61000,54000,8.16,1160,0,False
L008926,C05932,1,274000,140800,4.98,4220,0,False
L008927,C05933,4,213000,146900,7.27,3540,0,False
L008928,C05934,3,1805000,1182100,2.2,6390,0,False
L008929,C05935,1,322000,143600,5.98,7940,0,False
L008930,C05935,4,92000,74000,10.58,1520,2,False
L008931,C05935,2,14000,10200,13.0,700,0,False
L008932,C05935,3,1690000,1556200,3.13,8290,0,False
L008933,C05936,3,1900000,1015200,3.08,7080,0,False
L008934,C05936,2,18000,4400,11.93,900,0,False
L008935,C05937,4,57000,15200,12.58,1350,0,False
L008936,C05937,1,146000,38400,7.34,2530,0,False
L008937,C05938,4,223000,58200,9.97,2200,0,False
L008938,C05938,3,1473000,705000,2.2,5350,0,False
L008939,C05939,3,1698000,981400,2.97,8300,0,False
L008940,C05939,1,117000,88500,5.75,2150,0,False
L008941,C05940,3,1815000,1442300,3.33,7540,1,False
L008942,C05940,4,144000,49900,6.04,4300,0,False
L008943,C05941,3,950000,459600,3.9,3840,1,False
L008944,C05941,1,185000,53500,6.46,3300,0,False
L008945,C05942,3,1927000,1742700,2.86,8250,0,False
L008946,C05943,1,50000,12700,7.6,1100,0,False
L008947,C05944,1,192000,76800,6.99,4760,0,False
L008948,C05945,2,10000,3100,18.16,500,0,False
L008949,C05946,2,19000,1000,22.5,950,0,False
L008950,C05946,4,181000,88800,11.04,2160,0,False
L008951,C05947,3,1320000,891200,3.38,6700,0,False
L008952,C05947,1,139000,85500,6.29,3530,0,True
L008953,C05948,2,5000,3400,18.08,250,1,False
L008954,C05949,2,6000,2800,16.19,300,0,False
L008955,C05950,2,27000,8400,19.48,1350,0,False
L008956,C05951,2,47000,29500,20.44,2350,1,False
L008957,C05951,3,1707000,1181200,3.12,8770,0,False
L008958,C05951,1,187000,92700,6.09,3340,0,False
L008959,C05952,2,32000,18100,13.61,1600,0,False
L008960,C05952,3,1361000,985000,2.91,5800,1,False
L008961,C05952,4,62000,19000,6.73,600,1,False
L008962,C05953,3,1807000,1501800,2.8,7480,0,False
L008963,C05953,2,51000,40800,17.31,2550,0,False
L008964,C05954,3,2132000,1366000,3.14,8750,0,False
L008965,C05954,4,378000,153700,8.44,8270,0,False
L008966,C05955,2,9000,2900,17.95,450,0,False
L008967,C05956,3,2349000,1576100,2.62,10460,0,False
L008968,C05957,2,63000,28100,17.84,3150,0,False
L008969,C05957,1,196000,148000,4.75,4790,0,False
L008970,C05958,4,71000,45500,9.26,910,0,False
L008971,C05959,2,33000,15700,19.07,1650,0,False
L008972,C05959,4,157000,128800,5.93,4780,1,False
L008973,C05960,2,10000,4900,21.0,500,0,False
L008974,C05961,2,20000,3800,17.58,1000,0,False
L008975,C05962,2,22000,14000,13.34,1100,0,False
L008976,C05962,4,74000,40000,8.88,1130,0,False
L008977,C05963,3,1138000,902800,3.04,5090,0,False
L008978,C05964,2,12000,8500,22.29,600,0,False
L008979,C05964,1,50000,13600,5.66,650,0,False
L008980,C05964,4,36000,22600,5.0,470,0,False
L008981,C05965,1,328000,126200,4.89,5530,0,False
L008982,C05966,3,1574000,918500,3.3,6620,0,False
L008983,C05966,2,20000,16700,13.27,1000,0,False
L008984,C05966,1,301000,134900,6.53,4240,0,False
L008985,C05967,3,1052000,908100,2.85,4820,0,False
L008986,C05968,3,1771000,1404000,2.91,8540,3,True
L008987,C05968,1,286000,229200,7.87,11720,0,False
L008988,C05969,3,1014000,626000,3.53,4180,1,False
L008989,C05970,2,14000,1700,16.53,700,0,False
L008990,C05970,4,24000,10500,7.47,360,0,False
L008991,C05971,2,27000,9700,21.67,1350,0,False
L008992,C05972,4,129000,27600,6.1,1450,0,False
L008993,C05973,1,171000,61400,8.2,3640,0,False
L008994,C05974,2,26000,4600,20.23,1300,0,False
L008995,C05975,3,1277000,613600,2.78,4770,0,False
L008996,C05976,2,20000,2900,17.63,1000,0,False
L008997,C05977,2,5000,2900,17.9,250,2,False
L008998,C05977,1,50000,31800,8.66,1800,2,False
L008999,C05978,1,365000,205300,6.95,7250,0,False
L009000,C05979,2,29000,15900,19.54,1450,0,False
L009001,C05980,3,1209000,802600,2.98,4770,2,False
L009002,C05981,1,253000,121200,4.76,7390,0,False
L009003,C05982,1,50000,41200,7.33,1720,0,False
L009004,C05983,2,20000,5500,18.8,1000,4,False
L009005,C05983,4,158000,43200,7.11,6320,0,False
L009006,C05984,4,130000,68900,7.31,2600,0,False
L009007,C05985,3,1010000,501200,2.65,4070,0,False
L009008,C05986,3,1734000,1398400,2.76,6690,0,False
L009009,C05987,3,870000,657600,2.63,4060,0,False
L009010,C05988,2,10000,2800,17.9,500,2,False
L009011,C05989,2,14000,11800,17.72,700,1,False
L009012,C05989,3,2219000,1174100,3.41,8560,0,False
L009013,C05990,4,71000,48700,9.92,1650,0,False
L009014,C05990,3,910000,681800,3.12,3690,1,False
L009015,C05991,2,21000,8700,20.5,1050,0,False
L009016,C05992,3,997000,722200,2.75,4270,0,False
L009017,C05993,4,126000,30800,10.75,1290,0,False
L009018,C05993,2,14000,2700,20.14,700,1,False
L009019,C05994,2,18000,13800,16.46,900,2,False
L009020,C05994,3,1048000,533800,2.43,3630,0,False
L009021,C05994,4,259000,205100,8.79,3840,1,False
L009022,C05995,2,5000,1600,16.56,250,1,False
L009023,C05996,1,427000,169500,6.69,6350,4,False
L009024,C05996,4,232000,123200,6.47,2970,3,False
L009025,C05996,3,1463000,1371800,3.31,6850,0,False
L009026,C05996,2,53000,36600,17.43,2650,0,True
L009027,C05997,1,188000,166600,10.56,3680,1,False
L009028,C05997,3,1746000,1023900,3.17,6890,0,False
L009029,C05998,1,50000,31200,8.1,1950,0,False
L009030,C05998,2,5000,1300,17.86,250,4,False
L009031,C05998,4,69000,43100,11.21,1020,0,False
L009032,C05998,3,509000,265600,4.8,2010,0,False
L009033,C05999,4,194000,89200,8.64,3530,0,False
L009034,C05999,2,25000,15900,16.18,1250,0,False
L009035,C06000,4,208000,128600,10.08,7350,0,False
L009036,C06001,3,1846000,1020200,3.53,7670,0,False
L009037,C06002,4,29000,14100,10.11,410,0,False
L009038,C06003,2,9000,7000,15.97,450,0,False
L009039,C06004,4,270000,183100,9.74,4870,0,False
L009040,C06004,1,141000,58600,5.7,2940,0,False
L009041,C06005,4,240000,49600,9.65,6430,1,False
L009042,C06006,3,1277000,992400,2.98,4930,0,False
L009043,C06007,2,18000,4600,16.84,900,2,False
L009044,C06008,2,13000,6600,16.0,650,0,False
L009045,C06009,3,1371000,1225500,2.74,5560,0,False
L009046,C06009,4,172000,125100,7.67,7790,0,False
L009047,C06010,4,404000,286100,9.01,9820,0,False
L009048,C06011,3,1049000,778800,2.87,5040,0,False
L009049,C06012,2,23000,13700,18.08,1150,0,False
L009050,C06012,3,657000,310300,3.46,2760,0,False
L009051,C06013,3,2415000,2110700,2.61,9680,1,False
L009052,C06014,4,189000,65900,11.56,2170,0,False
L009053,C06014,3,860000,522800,2.94,3800,0,False
L009054,C06015,1,50000,21000,9.62,810,0,False
L009055,C06016,3,1313000,702700,2.86,4890,0,False
L009056,C06017,1,196000,118000,6.74,2760,1,False
L009057,C06017,3,1522000,729400,2.45,5080,1,False
L009058,C06018,4,450000,344300,12.16,8550,3,False
L009059,C06019,3,1881000,1648600,3.22,9240,0,False
L009060,C06020,2,8000,500,22.39,400,0,False
L009061,C06020,3,404000,182500,4.84,1580,0,False
L009062,C06021,3,2489000,2047800,3.27,10440,0,False
L009063,C06022,3,1290000,711400,3.08,5100,0,False
L009064,C06023,2,67000,3900,18.56,3350,0,False
L009065,C06024,3,1442000,956700,2.2,5250,0,False
L009066,C06025,4,49000,17100,14.06,1120,0,False
L009067,C06025,3,1271000,885300,2.81,5800,0,False
L009068,C06026,3,2226000,1786900,3.13,9710,0,False
L009069,C06027,3,1176000,798100,2.48,5200,0,False
L009070,C06027,2,45000,29900,20.3,2250,2,False
L009071,C06028,3,1530000,1412200,3.2,6530,0,False
L009072,C06028,2,26000,6600,21.11,1300,1,False
L009073,C06028,4,70000,37300,7.11,1980,0,False
L009074,C06029,4,110000,85300,6.23,1820,1,False
L009075,C06030,2,46000,35000,19.7,2300,0,False
L009076,C06030,1,200000,72200,5.35,4180,0,False
L009077,C06031,4,276000,174200,10.59,4980,0,False
L009078,C06031,1,89000,76900,5.14,2000,0,False
L009079,C06032,3,1569000,989900,2.87,7160,2,True
L009080,C06032,4,136000,43400,5.93,1350,0,False
L009081,C06033,1,322000,92500,6.26,4880,0,False
L009082,C06034,3,1377000,1072700,2.71,5460,0,False
L009083,C06035,3,1810000,838800,3.16,7530,0,False
L009084,C06035,4,146000,115200,10.13,2980,0,False
L009085,C06036,3,799000,571100,2.83,3610,0,False
L009086,C06036,1,224000,188000,8.14,6560,0,False
L009087,C06037,3,1762000,1390500,2.35,7410,0,False
L009088,C06037,2,21000,17700,14.97,1050,0,False
L009089,C06038,3,563000,492100,2.71,2530,0,False
L009090,C06039,3,1039000,629800,2.69,3900,0,False
L009091,C06040,4,254000,193400,10.17,3840,0,False
L009092,C06040,1,243000,95700,6.65,4630,0,False
L009093,C06041,3,1819000,887100,2.87,8640,0,False
L009094,C06042,2,14000,9800,14.54,700,1,False
L009095,C06043,3,1774000,1274200,2.97,7300,0,False
L009096,C06044,3,1792000,1008200,2.97,6800,0,False
L009097,C06045,3,908000,717300,2.7,4040,2,False
L009098,C06046,2,19000,12000,16.9,950,0,False
L009099,C06047,2,58000,8300,14.09,2900,0,False
L009100,C06048,3,1969000,1264100,2.2,9270,0,False
L009101,C06048,2,24000,17900,19.17,1200,0,False
L009102,C06049,4,106000,65200,9.56,4630,0,False
L009103,C06050,3,908000,775100,3.0,4250,0,False
L009104,C06050,4,67000,43500,9.57,1800,0,False
L009105,C06051,1,322000,206500,7.69,10090,0,False
L009106,C06052,3,602000,512100,2.83,2370,2,False
L009107,C06052,1,165000,135700,5.79,3230,0,False
L009108,C06052,4,50000,30300,6.67,620,0,False
L009109,C06053,3,2598000,1802000,3.28,11290,0,False
L009110,C06053,2,31000,2200,16.08,1550,3,False
L009111,C06053,4,390000,340700,4.5,7770,0,False
L009112,C06054,2,31000,16500,17.85,1550,0,False
L009113,C06054,3,1663000,1022400,3.25,6890,0,False
L009114,C06054,4,307000,164200,8.76,4750,0,False
L009115,C06054,1,125000,101500,4.71,4440,0,False
L009116,C06055,3,1076000,702700,2.2,3700,0,False
L009117,C06056,3,2364000,2122400,2.42,11830,0,False
L009118,C06056,4,209000,76100,7.85,2440,0,False
L009119,C06057,3,1772000,962700,3.1,8250,0,False
L009120,C06058,3,1197000,949700,3.19,5080,0,False
L009121,C06059,3,2854000,1304000,3.55,13300,0,False
L009122,C06059,2,16000,8600,16.14,800,1,False
L009123,C06060,3,782000,709100,3.05,4160,0,False
L009124,C06061,4,360000,319700,9.51,4670,0,False
L009125,C06062,1,227000,76000,5.83,4950,0,False
L009126,C06063,4,157000,111500,10.38,1940,0,False
L009127,C06063,2,34000,11900,16.32,1700,0,False
L009128,C06063,1,129000,106300,7.18,2090,0,False
L009129,C06064,1,406000,254500,9.14,16960,0,False
L009130,C06065,2,49000,27400,14.26,2450,0,False
L009131,C06066,2,26000,1600,16.43,1300,0,False
L009132,C06067,1,489000,305000,6.87,7860,0,False
L009133,C06068,4,45000,17500,6.5,450,0,False
L009134,C06068,1,50000,16300,9.32,970,0,False
L009135,C06068,3,300000,212000,5.49,1560,0,False
L009136,C06069,2,28000,9500,14.94,1400,0,False
L009137,C06069,3,1394000,801600,2.47,6050,0,False
L009138,C06070,3,1509000,1166600,3.27,7060,0,False
L009139,C06071,4,144000,115000,9.2,5470,0,False
L009140,C06072,3,1747000,1448400,2.92,8100,0,False
L009141,C06073,3,1501000,839000,3.37,7390,0,False
L009142,C06074,4,55000,12900,7.87,510,0,False
L009143,C06074,2,9000,7000,14.94,450,1,False
L009144,C06075,4,286000,178700,9.61,10180,1,False
L009145,C06075,1,209000,69200,5.53,5120,3,True
L009146,C06075,3,1668000,1186300,2.45,6100,0,False
L009147,C06076,2,13000,5500,19.62,650,1,False
L009148,C06077,3,1728000,1201900,3.41,7830,0,False
L009149,C06078,3,2106000,1980300,3.07,11190,1,False
L009150,C06079,2,43000,7900,18.4,2150,0,False
L009151,C06079,3,1393000,953500,3.18,6080,1,False
L009152,C06079,1,233000,206800,8.5,5600,0,False
L009153,C06080,1,106000,79900,10.13,1640,0,False
L009154,C06081,3,2265000,1567600,2.84,9810,0,False
L009155,C06081,4,500000,321100,10.29,15440,0,False
L009156,C06081,1,193000,155700,6.9,4920,4,False
L009157,C06082,2,10000,8000,22.2,500,0,False
L009158,C06082,1,105000,41000,8.81,2440,0,False
L009159,C06083,1,91000,78100,9.62,2200,1,False
L009160,C06083,2,20000,12900,17.02,1000,0,False
L009161,C06084,2,28000,4300,12.71,1400,0,False
L009162,C06085,3,1861000,1177000,2.37,8320,0,False
L009163,C06085,1,351000,192100,7.0,5650,1,False
L009164,C06086,1,169000,96300,6.41,2280,0,False
L009165,C06087,3,1666000,1540000,2.8,7080,0,False
L009166,C06088,2,31000,16600,18.07,1550,0,False
L009167,C06089,3,2793000,2196100,2.2,11510,1,False
L009168,C06090,4,212000,181900,7.37,5650,0,False
L009169,C06091,2,6000,3000,20.27,300,0,False
L009170,C06091,1,176000,106800,9.76,2840,0,False
L009171,C06091,4,37000,23700,10.18,520,1,False
L009172,C06092,2,5000,2500,19.52,250,0,True
L009173,C06093,1,211000,143900,5.23,3840,0,False
L009174,C06094,3,1279000,927900,3.21,6040,0,False
L009175,C06094,1,325000,276200,5.31,6780,0,False
L009176,C06095,4,70000,32400,7.03,1220,0,False
L009177,C06096,3,1483000,1078600,3.0,5910,0,False
L009178,C06097,2,12000,9700,19.74,600,0,False
L009179,C06098,2,70000,44200,21.94,3500,0,False
L009180,C06099,3,1232000,918300,3.63,5360,0,False
L009181,C06100,2,10000,7700,16.42,500,0,False
L009182,C06100,4,39000,12400,5.75,470,0,False
L009183,C06101,4,73000,38800,7.03,1880,0,False
L009184,C06101,2,39000,27600,17.29,1950,0,False
L009185,C06101,3,1953000,1651900,3.08,8490,0,False
L009186,C06102,1,194000,54800,6.19,5140,0,False
L009187,C06102,4,258000,198900,8.12,3940,0,False
L009188,C06103,1,50000,36700,7.98,1070,0,False
L009189,C06104,2,28000,3100,16.56,1400,0,False
L009190,C06105,3,1876000,1730500,3.48,8610,0,False
L009191,C06106,3,1117000,664500,2.94,5160,0,False
L009192,C06107,4,278000,178000,9.53,5330,1,False
L009193,C06107,1,106000,28800,6.03,2000,0,True
L009194,C06107,3,1366000,978500,2.85,5290,0,False
L009195,C06107,2,30000,1600,14.18,1500,0,False
L009196,C06108,1,367000,119300,7.64,7430,0,False
L009197,C06108,3,1054000,609100,3.15,4890,0,False
L009198,C06109,3,2121000,1256200,3.61,9670,0,False
L009199,C06109,4,382000,177400,7.86,6340,0,False
L009200,C06110,2,13000,5800,17.47,650,0,False
L009201,C06111,3,1083000,733400,2.88,4810,0,False
L009202,C06112,4,126000,50000,7.89,1370,0,False
L009203,C06113,3,1651000,1425400,3.28,7360,0,False
L009204,C06113,2,22000,7600,17.02,1100,2,False
L009205,C06114,3,1199000,597100,2.29,5370,0,False
L009206,C06114,2,47000,25600,18.71,2350,0,False
L009207,C06115,3,1410000,1054700,2.77,6920,0,False
L009208,C06116,2,49000,25800,16.86,2450,0,False
L009209,C06116,1,240000,64800,4.53,3220,0,False
L009210,C06117,3,1997000,1370100,2.2,9070,0,False
L009211,C06117,4,304000,244300,11.7,6010,1,False
L009212,C06118,3,1206000,927200,3.55,5200,0,False
L009213,C06119,2,27000,14500,19.76,1350,0,False
L009214,C06120,4,123000,42400,6.54,2050,0,False
L009215,C06121,2,7000,5100,17.17,350,0,False
L009216,C06122,2,31000,19200,15.49,1550,0,False
L009217,C06123,2,11000,7400,22.8,550,0,False
L009218,C06124,3,1169000,969300,3.09,5340,0,False
L009219,C06125,3,606000,380300,2.87,2640,0,False
L009220,C06126,3,1531000,760400,3.11,5930,0,False
L009221,C06127,3,2152000,1453000,2.91,10060,0,False
L009222,C06128,3,1209000,1005300,3.26,5590,0,False
L009223,C06129,3,1141000,625800,3.36,4700,0,False
L009224,C06130,3,1925000,1102000,2.82,9190,1,False
L009225,C06130,4,345000,305600,6.23,15400,0,False
L009226,C06131,2,23000,10300,18.1,1150,0,False
L009227,C06131,4,252000,130200,10.5,9300,0,False
L009228,C06132,3,1100000,541800,3.24,3920,0,False
L009229,C06132,2,55000,8900,14.33,2750,0,False
L009230,C06133,4,382000,154600,7.78,10850,2,False
L009231,C06134,1,136000,117900,6.86,2230,0,False
L009232,C06135,1,235000,76200,3.92,5580,0,False
L009233,C06136,3,837000,424500,3.07,3680,0,False
L009234,C06136,1,85000,37000,6.72,1430,0,False
L009235,C06137,3,1848000,1050100,2.83,8610,2,False
L009236,C06137,4,210000,175100,4.5,7960,1,True
L009237,C06138,3,707000,646700,2.69,2920,0,False
L009238,C06139,4,115000,28600,9.94,1150,0,False
L009239,C06139,1,291000,217200,6.36,9300,0,False
L009240,C06140,2,31000,21800,16.44,1550,0,False
L009241,C06141,3,2195000,2028900,3.22,10390,0,False
L009242,C06142,3,2007000,1736700,2.71,9530,0,False
L009243,C06143,1,336000,300700,6.8,12040,0,False
L009244,C06143,4,123000,74600,6.69,2180,2,False
L009245,C06143,2,25000,10100,18.1,1250,0,False
L009246,C06144,1,274000,98900,7.19,6910,0,False
L009247,C06144,3,1250000,839200,3.01,5770,0,False
L009248,C06144,4,150000,73200,6.62,2370,0,False
L009249,C06145,2,12000,6300,14.81,600,0,False
L009250,C06146,4,79000,46200,12.34,1190,0,False
L009251,C06146,3,3422000,3125600,3.75,19670,0,False
L009252,C06147,1,286000,192100,4.39,12380,1,False
L009253,C06147,4,180000,42700,6.21,1640,0,False
L009254,C06148,4,281000,86400,8.96,5430,0,False
L009255,C06149,4,48000,34000,10.32,740,0,False
L009256,C06149,2,17000,7600,16.58,850,0,False
L009257,C06149,3,2077000,1766700,2.76,9190,0,False
L009258,C06150,1,156000,132900,5.52,2880,0,False
L009259,C06151,1,210000,96100,6.61,3280,0,False
L009260,C06151,3,1996000,1539700,2.45,9540,0,False
L009261,C06152,4,63000,31200,8.46,1950,0,False
L009262,C06153,2,5000,900,19.45,250,0,False
L009263,C06154,2,5000,2000,19.31,250,0,False
L009264,C06155,3,1951000,1106700,2.94,7420,3,False
L009265,C06156,2,45000,11000,17.44,2250,0,False
L009266,C06157,4,146000,128700,11.92,6540,0,False
L009267,C06157,2,6000,2000,12.06,300,0,False
L009268,C06158,2,46000,24000,20.74,2300,0,False
L009269,C06159,2,24000,2200,18.6,1200,0,False
L009270,C06160,2,21000,3200,14.38,1050,0,False
L009271,C06160,4,192000,76000,10.17,6200,0,False
L009272,C06161,3,1814000,1477600,2.53,7070,0,False
L009273,C06161,2,20000,2700,18.48,1000,0,False
L009274,C06161,1,123000,100600,8.09,2700,0,False
L009275,C06162,1,89000,61800,8.26,1770,0,False
L009276,C06163,4,72000,18400,8.44,2370,0,False
L009277,C06164,1,157000,41800,7.22,3120,0,False
L009278,C06164,3,2102000,1696200,3.21,9920,0,False
L009279,C06165,2,11000,1500,20.52,550,0,False
L009280,C06166,2,28000,14600,19.32,1400,2,False
L009281,C06166,4,133000,107800,11.27,1710,0,False
L009282,C06167,1,151000,96500,7.49,2620,0,False
L009283,C06167,3,1069000,520300,3.18,5100,0,False
L009284,C06168,3,1368000,667200,2.65,4950,0,False
L009285,C06168,2,40000,17200,16.12,2000,3,False
L009286,C06169,2,39000,23600,15.74,1950,0,False
L009287,C06170,3,1656000,1302200,2.56,6150,0,False
L009288,C06171,2,6000,900,19.07,300,0,False
L009289,C06172,4,126000,78500,5.93,3770,0,False
L009290,C06172,1,237000,186400,5.73,3580,0,False
L009291,C06172,2,47000,28000,17.19,2350,1,False
L009292,C06173,2,26000,16200,19.87,1300,0,False
L009293,C06174,2,28000,13000,18.53,1400,0,False
L009294,C06175,2,32000,2400,17.18,1600,0,False
L009295,C06175,3,1452000,897000,2.78,5190,1,False
L009296,C06176,3,1513000,1119900,3.37,6400,0,False
L009297,C06176,2,27000,19600,15.62,1350,0,False
L009298,C06177,4,136000,121200,9.29,2570,0,False
L009299,C06177,3,919000,756600,3.35,4120,0,False
L009300,C06178,2,10000,4600,21.92,500,0,False
L009301,C06179,2,5000,2400,12.87,250,1,False
L009302,C06179,4,13000,6500,10.39,140,0,False
L009303,C06179,1,50000,35300,8.06,910,0,False
L009304,C06180,3,1844000,939500,3.08,6700,1,False
L009305,C06181,3,1560000,1407900,2.87,7320,0,False
L009306,C06181,2,47000,7800,17.97,2350,0,False
L009307,C06182,3,1375000,701400,3.09,5940,0,False
L009308,C06183,3,1894000,1689000,2.88,8670,0,False
L009309,C06184,4,22000,15400,9.5,490,0,False
L009310,C06185,2,5000,3900,17.51,250,2,False
L009311,C06185,1,95000,49800,7.68,1830,0,False
L009312,C06186,1,108000,47800,7.77,1870,0,False
L009313,C06187,2,19000,10400,16.94,950,0,False
L009314,C06187,4,98000,81000,7.91,4140,0,False
L009315,C06188,3,1304000,812800,3.2,5790,2,False
L009316,C06189,4,269000,67500,6.88,5400,0,False
L009317,C06190,1,284000,95800,6.08,4420,0,False
L009318,C06191,4,66000,59200,11.0,890,0,False
L009319,C06192,3,1001000,840700,3.53,4480,0,False
L009320,C06192,4,45000,28100,5.79,530,0,False
L009321,C06193,2,66000,33400,16.57,3300,0,False
L009322,C06193,3,1195000,928800,2.8,5460,0,False
L009323,C06194,2,31000,5300,16.95,1550,0,False
L009324,C06195,1,121000,40600,7.56,2530,0,False
L009325,C06196,4,178000,75700,10.67,1850,0,False
L009326,C06197,4,66000,21500,10.82,2260,1,False
L009327,C06197,3,1554000,747800,3.53,5980,0,False
L009328,C06197,1,135000,119000,7.84,3320,0,False
L009329,C06197,2,21000,3600,15.47,1050,0,False
L009330,C06198,2,15000,4800,15.14,750,0,False
L009331,C06198,1,50000,28800,5.87,1770,0,False
L009332,C06199,3,2522000,1568500,3.11,9490,0,False
L009333,C06200,1,50000,33800,8.9,960,1,False
L009334,C06201,4,55000,13600,5.72,600,1,False
L009335,C06202,3,1633000,1099000,2.49,7830,1,False
L009336,C06203,3,1288000,1176600,2.78,5160,0,False
L009337,C06204,1,93000,77400,5.5,1550,0,False
L009338,C06205,1,66000,57700,9.48,1940,0,False
L009339,C06206,3,852000,424500,3.36,3200,0,False
L009340,C06207,3,1106000,747500,3.17,5050,0,False
L009341,C06208,3,1568000,832800,3.36,7120,0,False
L009342,C06209,1,299000,210000,6.03,6080,0,False
L009343,C06210,2,22000,7700,16.95,1100,4,True
L009344,C06211,2,54000,39900,17.38,2700,0,False
L009345,C06211,3,1318000,822000,3.43,5070,0,False
L009346,C06212,3,1323000,1025500,3.0,5150,0,False
L009347,C06212,2,32000,18800,16.49,1600,1,False
L009348,C06212,4,299000,257200,9.73,10300,1,False
L009349,C06213,3,2626000,1739700,2.75,12140,1,False
L009350,C06213,2,44000,35600,17.9,2200,3,True
L009351,C06213,4,79000,52600,10.3,1940,0,False
L009352,C06213,1,183000,147400,5.47,4960,2,False
L009353,C06214,2,38000,23900,16.45,1900,3,True
L009354,C06214,3,1744000,1319100,2.66,7560,4,False
L009355,C06214,4,134000,79900,8.66,2360,1,False
L009356,C06214,1,160000,49100,4.44,5010,3,False
L009357,C06215,2,20000,3300,18.28,1000,0,False
L009358,C06216,3,628000,472500,2.79,2890,0,False
L009359,C06217,3,1077000,524100,2.83,4020,1,False
L009360,C06218,3,1467000,988200,3.18,6740,0,False
L009361,C06218,4,134000,99100,10.55,3470,0,False
L009362,C06218,1,287000,94500,6.94,5270,2,False
L009363,C06219,3,1946000,914500,2.59,6910,2,False
L009364,C06219,4,112000,64800,9.64,4090,0,False
L009365,C06219,1,490000,287000,6.17,9220,0,True
L009366,C06220,1,164000,130800,8.7,4590,0,False
L009367,C06220,3,1775000,1352800,3.49,7820,0,False
L009368,C06221,1,255000,69900,4.92,3650,0,False
L009369,C06222,3,1888000,1099000,3.3,9250,0,False
L009370,C06223,3,1662000,894500,3.46,6350,0,False
L009371,C06223,2,22000,14400,20.03,1100,0,False
L009372,C06224,2,50000,9200,21.28,2500,0,False
L009373,C06225,2,8000,3400,16.9,400,1,False
L009374,C06226,2,33000,12100,15.73,1650,0,False
L009375,C06227,3,2373000,1465100,3.05,11450,1,False
L009376,C06228,4,44000,29500,11.29,540,0,False
L009377,C06229,4,78000,57100,7.47,890,0,False
L009378,C06229,1,175000,50600,7.88,5810,0,False
L009379,C06230,1,209000,102600,7.36,7180,0,False
L009380,C06231,4,294000,150700,11.33,3530,0,False
L009381,C06232,3,1064000,1004200,2.8,5540,0,False
L009382,C06233,4,154000,133900,8.74,2590,0,False
L009383,C06234,3,1064000,491500,2.61,4950,0,False
L009384,C06234,2,21000,9200,13.99,1050,0,False
L009385,C06235,3,2207000,1856000,3.56,9860,0,False
L009386,C06236,3,1009000,482400,2.61,3380,0,False
L009387,C06236,2,28000,2900,15.31,1400,0,False
L009388,C06236,4,155000,58600,7.91,1600,0,False
L009389,C06237,3,1517000,867600,3.13,6510,0,False
L009390,C06238,3,1306000,1056800,2.92,5280,0,False
L009391,C06238,2,44000,23100,17.46,2200,0,False
L009392,C06239,2,27000,12000,14.31,1350,0,False
L009393,C06239,1,73000,29500,9.98,1120,0,False
L009394,C06240,2,7000,2500,15.38,350,0,False
L009395,C06241,2,19000,8000,18.14,950,0,False
L009396,C06242,3,1029000,709900,3.56,4070,0,False
L009397,C06242,2,20000,1500,18.04,1000,0,False
L009398,C06243,3,1860000,1528500,2.31,8860,3,False
L009399,C06244,1,141000,70300,10.18,3130,0,False
L009400,C06244,3,1981000,1700800,3.83,9200,0,False
L009401,C06245,3,1609000,824800,2.91,7080,0,False
L009402,C06245,1,113000,101200,4.02,2770,0,False
L009403,C06246,4,80000,65300,5.75,840,0,False
L009404,C06246,1,324000,81400,6.9,9310,0,False
L009405,C06247,4,420000,266800,8.32,7830,0,False
L009406,C06248,2,43000,31200,11.73,2150,0,False
L009407,C06249,4,263000,94900,7.08,5880,0,False
L009408,C06250,4,43000,19400,10.17,930,0,False
L009409,C06251,2,68000,20300,17.67,3400,0,False
L009410,C06252,1,120000,30400,7.13,1620,0,False
L009411,C06253,2,47000,17600,17.07,2350,3,False
L009412,C06253,4,143000,32800,11.21,1730,0,False
L009413,C06254,2,5000,3600,18.72,250,0,False
L009414,C06255,3,1910000,1545500,2.62,8410,0,False
L009415,C06256,4,142000,90400,5.96,2080,0,False
L009416,C06256,3,1814000,1404200,3.28,8390,0,False
L009417,C06256,2,60000,40800,13.08,3000,1,False
L009418,C06257,4,355000,191600,10.31,5060,0,False
L009419,C06258,3,2726000,1632500,3.03,12050,0,True
L009420,C06258,2,57000,3300,18.53,2850,0,False
L009421,C06259,2,41000,17500,14.35,2050,0,False
L009422,C06259,4,251000,151500,6.92,8440,0,False
L009423,C06260,3,1129000,905700,2.31,5020,0,False
L009424,C06261,3,2386000,1263600,2.93,10020,0,False
L009425,C06262,3,888000,751600,3.05,4320,0,False
L009426,C06263,1,400000,106800,7.85,12260,2,False
L009427,C06263,2,32000,11800,13.53,1600,0,False
L009428,C06263,4,219000,114500,5.26,5720,0,False
L009429,C06264,4,60000,20100,7.58,680,0,False
L009430,C06265,3,925000,823000,2.75,4180,0,False
L009431,C06265,2,14000,8000,18.81,700,1,False
L009432,C06266,2,5000,4000,17.69,250,0,True
L009433,C06267,1,65000,38200,5.88,2490,0,False
L009434,C06268,3,1366000,1104700,3.14,6750,0,False
L009435,C06269,4,108000,83900,10.19,1520,0,False
L009436,C06270,3,1112000,1020100,2.45,5620,0,False
L009437,C06270,2,17000,2600,20.68,850,0,False
L009438,C06271,3,2450000,2195400,3.2,11140,0,False
L009439,C06272,2,9000,6500,19.78,450,0,False
L009440,C06273,2,36000,12000,19.04,1800,0,False
L009441,C06274,4,76000,39100,9.15,850,0,False
L009442,C06275,3,1998000,1328800,2.7,8130,3,False
L009443,C06275,4,354000,308700,8.21,5020,4,False
L009444,C06275,1,331000,107100,8.65,5280,0,False
L009445,C06276,3,2144000,1016100,2.88,9290,0,False
L009446,C06277,2,5000,900,17.34,250,0,False
L009447,C06277,4,16000,6700,11.72,230,0,False
L009448,C06278,2,11000,3900,17.18,550,0,False
L009449,C06279,1,145000,92500,5.29,6000,0,False
L009450,C06280,2,45000,8000,15.05,2250,0,False
L009451,C06281,3,662000,421900,3.32,2630,0,False
L009452,C06282,2,20000,4900,17.8,1000,0,False
L009453,C06283,3,907000,564900,2.5,4290,1,False
L009454,C06284,2,27000,4900,16.49,1350,0,False
L009455,C06285,3,1630000,742500,3.0,5640,0,False
L009456,C06285,2,23000,3000,16.66,1150,0,False
L009457,C06286,2,19000,9600,18.58,950,1,False
L009458,C06286,3,498000,242400,3.23,2380,0,False
L009459,C06287,3,746000,374300,2.59,3010,0,False
L009460,C06287,2,25000,7200,15.5,1250,0,False
L009461,C06288,2,12000,6600,20.96,600,1,False
L009462,C06289,2,33000,22800,19.61,1650,0,False
L009463,C06289,3,1012000,942700,3.17,4340,0,False
L009464,C06290,3,2083000,974500,3.28,8590,0,False
L009465,C06291,2,7000,5600,17.81,350,1,False
L009466,C06291,4,67000,39900,7.99,1250,0,False
L009467,C06292,2,22000,10400,21.75,1100,1,False
L009468,C06293,1,168000,89800,5.82,2870,0,False
L009469,C06293,2,35000,7700,16.71,1750,0,False
L009470,C06293,3,751000,559500,2.55,3260,0,False
L009471,C06294,3,1250000,1031600,2.84,4970,0,False
L009472,C06295,4,119000,89700,4.5,2220,0,False
L009473,C06296,2,61000,13000,17.32,3050,0,False
L009474,C06297,3,959000,871700,3.69,4410,1,False
L009475,C06297,4,199000,132400,7.2,2110,0,False
L009476,C06298,3,925000,665300,3.5,4160,0,False
L009477,C06298,1,186000,87200,8.4,4290,2,False
L009478,C06299,3,1329000,1107000,2.88,6550,0,False
L009479,C06300,2,68000,37400,19.07,3400,0,False
L009480,C06301,4,10000,4900,7.29,130,0,False
L009481,C06302,3,1227000,929500,3.28,6490,0,False
L009482,C06303,3,2119000,981400,2.41,8820,1,False
L009483,C06303,4,186000,164800,9.79,4160,0,False
L009484,C06303,1,427000,219900,8.82,10860,1,False
L009485,C06304,3,2605000,2295100,3.94,15090,0,False
L009486,C06305,4,297000,267100,7.72,3770,0,False
L009487,C06305,3,1869000,1320400,2.64,6870,0,False
L009488,C06305,1,301000,238400,5.49,5440,0,False
L009489,C06306,3,986000,832300,2.84,3920,0,False
L009490,C06306,2,50000,25700,14.4,2500,0,False
L009491,C06307,1,139000,52700,5.77,1890,0,False
L009492,C06308,2,33000,3200,16.28,1650,1,False
L009493,C06309,3,823000,384600,3.53,3240,0,False
L009494,C06310,2,37000,20200,19.26,1850,0,False
L009495,C06311,2,68000,53600,16.47,3400,0,False
L009496,C06312,2,21000,16100,14.22,1050,0,False
L009497,C06312,1,222000,195600,8.0,3760,0,False
L009498,C06313,2,26000,21500,16.69,1300,0,False
L009499,C06313,3,1509000,836200,3.39,7330,0,False
L009500,C06314,4,56000,37200,6.41,710,0,False
L009501,C06315,3,1793000,952900,3.01,6670,0,True
L009502,C06315,1,436000,181000,7.55,9660,0,False
L009503,C06315,2,14000,5900,17.52,700,0,False
L009504,C06316,2,24000,13300,19.46,1200,0,False
L009505,C06316,1,145000,66500,6.7,2860,0,False
L009506,C06317,1,520000,185800,6.29,19120,0,False
L009507,C06318,2,22000,7700,18.97,1100,0,False
L009508,C06318,3,1013000,519800,2.89,3580,0,False
L009509,C06319,1,157000,122000,7.75,3630,0,False
L009510,C06320,2,27000,10700,16.57,1350,0,False
L009511,C06320,4,47000,42000,12.7,700,0,False
L009512,C06321,2,52000,41200,16.8,2600,0,False
L009513,C06322,1,130000,111200,5.5,2490,0,False
L009514,C06323,3,1776000,1651100,2.85,8100,0,False
L009515,C06324,1,317000,92700,6.77,4310,0,False
L009516,C06324,4,270000,62600,10.73,3990,0,False
L009517,C06325,3,1341000,893100,2.83,6670,0,False
L009518,C06325,1,199000,135100,7.08,5830,0,False
L009519,C06325,2,47000,15900,16.43,2350,0,False
L009520,C06326,3,1247000,1181700,2.7,6010,0,False
L009521,C06326,4,292000,262200,8.91,4040,0,False
L009522,C06327,2,6000,3300,17.18,300,0,False
L009523,C06327,4,51000,39800,7.31,1660,0,False
L009524,C06328,2,72000,35300,12.31,3600,0,False
L009525,C06328,1,166000,113000,4.86,4140,3,False
L009526,C06328,3,2264000,1170600,2.97,9730,1,False
L009527,C06329,2,27000,5800,14.9,1350,1,False
L009528,C06329,3,1347000,1094700,3.39,6990,0,False
L009529,C06329,1,154000,58100,7.5,2720,2,False
L009530,C06329,4,36000,10700,11.23,420,0,False
L009531,C06330,4,115000,30700,12.28,1450,2,False
L009532,C06331,2,12000,5900,19.14,600,0,False
L009533,C06332,4,46000,19600,8.23,1710,0,False
L009534,C06332,2,14000,10800,18.98,700,2,False
L009535,C06333,3,1674000,906000,2.2,5580,0,False
L009536,C06333,2,15000,11800,17.26,750,0,False
L009537,C06334,3,1554000,800400,2.93,5600,0,False
L009538,C06334,1,342000,275900,6.23,6070,0,False
L009539,C06334,4,242000,51200,8.43,2420,0,False
L009540,C06335,2,20000,2300,15.92,1000,1,True
L009541,C06335,4,61000,31700,12.63,940,0,True
L009542,C06336,2,22000,6400,15.76,1100,0,False
L009543,C06336,1,416000,233500,8.59,6090,0,False
L009544,C06337,3,1795000,1417000,2.74,7900,1,False
L009545,C06338,3,2026000,1519100,2.95,7810,0,True
L009546,C06339,3,1317000,952500,2.61,5570,0,False
L009547,C06339,4,148000,105300,7.11,4720,0,False
L009548,C06339,2,21000,4500,17.82,1050,0,False
L009549,C06340,3,1528000,1412700,2.83,7840,0,False
L009550,C06341,3,955000,677400,3.2,3860,0,False
L009551,C06342,1,643000,434300,5.8,13880,0,False
L009552,C06342,3,3105000,1960400,3.11,14480,0,False
L009553,C06343,2,14000,2700,21.17,700,0,False
L009554,C06344,3,994000,784300,3.62,5330,0,False
L009555,C06345,3,1954000,1130300,2.89,6910,2,False
L009556,C06346,2,8000,3300,16.03,400,0,False
L009557,C06347,3,2309000,1225000,3.8,9460,1,False
L009558,C06348,2,22000,16200,16.99,1100,1,False
L009559,C06348,3,1461000,727500,3.31,5440,0,False
L009560,C06349,3,1703000,854900,2.74,7010,1,False
L009561,C06349,2,37000,13600,14.02,1850,0,False
L009562,C06349,4,301000,185800,8.37,3960,1,False
L009563,C06349,1,347000,229600,6.9,11140,0,False
L009564,C06350,3,1638000,1047600,3.96,7760,0,False
L009565,C06350,1,293000,113700,5.47,5010,2,False
L009566,C06351,2,12000,3600,18.59,600,0,False
L009567,C06352,2,13000,7300,15.02,650,1,False
L009568,C06352,1,155000,114500,6.12,3400,0,False
L009569,C06353,1,140000,52200,6.72,2330,0,False
L009570,C06354,3,1034000,712000,2.96,4300,0,False
L009571,C06355,1,95000,30000,8.11,1540,0,False
L009572,C06355,2,10000,4300,24.0,500,2,False
L009573,C06355,4,33000,12200,12.84,680,0,False
L009574,C06356,4,195000,97100,8.03,2030,0,False
L009575,C06357,4,337000,300400,10.18,4750,0,False
L009576,C06357,1,375000,327500,6.77,6110,0,False
L009577,C06358,1,50000,21700,7.09,1210,1,False
L009578,C06358,2,11000,9300,22.16,550,0,False
L009579,C06359,3,1236000,901900,2.89,4670,0,False
L009580,C06360,3,1426000,750100,3.17,6650,0,False
L009581,C06361,2,5000,2700,18.38,250,0,False
L009582,C06362,1,384000,323900,5.63,10920,2,False
L009583,C06362,3,1907000,1246500,2.58,7960,0,False
L009584,C06362,4,351000,218200,7.43,5090,0,False
L009585,C06362,2,50000,9300,17.26,2500,2,False
L009586,C06363,4,194000,98200,8.49,2770,0,False
L009587,C06364,2,56000,45600,17.13,2800,0,False
L009588,C06364,4,95000,53100,12.72,1330,0,False
L009589,C06365,2,5000,600,22.65,250,0,False
L009590,C06366,2,21000,12500,12.45,1050,3,False
L009591,C06366,3,2052000,1694200,2.72,8630,2,False
L009592,C06366,1,280000,232200,9.01,9230,1,False
L009593,C06367,3,434000,361200,3.84,2030,0,False
L009594,C06368,2,5000,400,20.14,250,4,False
L009595,C06368,4,51000,22700,13.72,1560,3,False
L009596,C06368,1,50000,16700,9.04,1110,2,False
L009597,C06369,3,1600000,1125100,2.69,7640,0,False
L009598,C06369,1,277000,245100,5.9,5540,0,False
L009599,C06369,2,31000,15700,18.26,1550,2,False
L009600,C06370,3,955000,445300,3.43,3390,1,False
L009601,C06371,2,69000,57600,19.86,3450,0,False
L009602,C06372,2,43000,17200,11.66,2150,0,False
L009603,C06372,3,1431000,697800,3.67,5340,0,False
L009604,C06373,2,5000,2400,12.79,250,0,False
L009605,C06374,2,10000,2000,10.5,500,0,False
L009606,C06374,4,18000,12200,10.26,370,0,False
L009607,C06375,3,1505000,1428100,3.12,7130,0,False
L009608,C06376,2,36000,25000,20.2,1800,0,False
L009609,C06377,3,1452000,978200,3.05,5810,0,False
L009610,C06377,2,34000,21900,18.36,1700,0,False
L009611,C06378,3,1159000,806700,3.62,5140,0,False
L009612,C06378,4,168000,40300,5.0,2330,0,False
L009613,C06379,3,974000,547300,2.9,4190,0,False
L009614,C06380,1,130000,81800,7.87,2760,0,False
L009615,C06381,3,1420000,783200,3.11,6410,0,False
L009616,C06382,2,28000,6800,18.23,1400,0,False
L009617,C06382,3,3082000,1661800,3.16,13960,0,False
L009618,C06383,4,177000,151800,8.67,3210,0,False
L009619,C06384,2,41000,25100,16.95,2050,0,False
L009620,C06385,3,1660000,917300,2.67,7200,0,False
L009621,C06386,3,623000,300600,3.11,2420,0,False
L009622,C06386,2,12000,9800,14.05,600,0,False
L009623,C06386,4,26000,19000,8.08,1070,0,False
L009624,C06387,3,1371000,810800,3.26,5300,0,False
L009625,C06388,3,1555000,838200,2.91,6670,0,False
L009626,C06389,4,74000,59600,8.35,2610,0,False
L009627,C06389,2,29000,21100,19.11,1450,0,False
L009628,C06390,2,5000,1300,19.16,250,0,False
L009629,C06390,4,67000,43000,9.02,1610,0,False
L009630,C06391,1,84000,24200,6.79,2770,0,False
L009631,C06392,2,48000,3900,22.0,2400,0,False
L009632,C06392,3,1269000,985800,3.08,5610,0,False
L009633,C06392,4,170000,130900,6.26,2210,0,False
L009634,C06393,3,2078000,988700,2.48,9590,0,False
L009635,C06394,2,19000,8900,15.34,950,0,False
L009636,C06394,3,1182000,959300,2.74,4920,0,False
L009637,C06394,1,347000,200700,9.33,5110,0,False
L009638,C06395,2,11000,2600,12.6,550,0,False
L009639,C06395,3,1064000,958000,2.63,5310,0,False
L009640,C06396,1,326000,102900,6.19,11730,0,False
L009641,C06397,2,14000,6600,18.88,700,0,False
L009642,C06397,4,26000,17700,9.5,430,0,False
L009643,C06397,1,50000,34700,9.52,900,0,False
L009644,C06398,2,45000,18800,18.24,2250,0,False
L009645,C06398,3,1247000,731900,2.78,4690,0,False
L009646,C06399,1,130000,98300,7.57,2190,0,False
L009647,C06399,2,9000,3400,18.35,450,0,True
L009648,C06399,4,49000,30100,10.09,1440,0,False
L009649,C06400,4,264000,159600,8.89,5620,0,False
L009650,C06401,3,2709000,2249500,3.16,11510,1,False
L009651,C06401,2,68000,10000,18.42,3400,0,False
L009652,C06401,4,126000,95900,10.7,1580,0,False
L009653,C06401,1,219000,164200,3.72,8090,1,False
L009654,C06402,4,91000,22400,9.02,890,0,False
L009655,C06403,3,698000,543500,2.41,2570,2,False
L009656,C06403,1,97000,48200,5.66,1420,0,False
L009657,C06404,3,1610000,1474300,2.2,7360,0,False
L009658,C06405,2,10000,4800,22.5,500,0,False
L009659,C06406,2,18000,4900,15.62,900,0,False
L009660,C06407,3,1252000,1039900,3.01,5090,0,False
L009661,C06407,4,82000,21600,10.28,960,1,False
L009662,C06408,3,1226000,1054000,3.07,5860,1,True
L009663,C06408,4,74000,63400,9.17,1340,1,False
L009664,C06408,1,287000,152100,6.43,8040,0,False
L009665,C06409,3,2284000,1156200,3.04,8260,0,False
L009666,C06410,2,57000,27800,16.3,2850,0,False
L009667,C06411,2,28000,4200,17.14,1400,0,False
L009668,C06412,4,494000,118600,5.24,7250,0,False
L009669,C06412,3,2852000,1449700,2.9,12290,0,False
L009670,C06412,2,45000,34600,20.35,2250,3,False
L009671,C06413,4,114000,85400,10.0,1940,0,False
L009672,C06413,1,76000,25200,8.55,1780,0,False
L009673,C06414,3,1380000,751700,3.3,5780,0,False
L009674,C06414,2,75000,61100,14.31,3750,0,False
L009675,C06415,3,1581000,845100,3.36,7620,0,False
L009676,C06415,1,281000,210200,6.63,4070,2,False
L009677,C06416,3,2043000,1447200,2.81,9000,0,False
L009678,C06417,4,91000,56600,8.27,1150,0,False
L009679,C06417,3,1532000,1095300,3.01,6970,0,False
L009680,C06418,2,10000,4400,15.59,500,0,False
L009681,C06418,3,1326000,624100,3.09,5930,0,False
L009682,C06419,3,1790000,1227000,2.34,8450,0,False
L009683,C06420,2,45000,36600,20.16,2250,0,False
L009684,C06421,3,780000,440800,3.57,3630,0,False
L009685,C06422,3,1534000,948700,3.72,6200,0,False
L009686,C06422,4,158000,78200,6.9,1640,0,False
L009687,C06422,1,252000,77900,5.2,5380,1,False
L009688,C06423,2,19000,5500,18.75,950,0,False
L009689,C06424,3,1502000,1159400,2.62,5700,0,False
L009690,C06424,2,22000,4400,17.62,1100,0,False
L009691,C06425,4,333000,98000,6.42,5730,0,False
L009692,C06426,3,1033000,821800,2.76,4780,0,False
L009693,C06426,1,278000,82800,4.6,3620,0,False
L009694,C06427,3,1740000,837300,3.64,7520,1,False
L009695,C06428,3,1190000,1017000,2.94,6290,0,False
L009696,C06428,2,42000,10000,15.4,2100,0,False
L009697,C06428,4,112000,36200,5.37,1990,0,False
L009698,C06429,2,47000,16700,14.37,2350,0,False
L009699,C06429,3,2392000,1603300,2.7,9280,0,False
L009700,C06430,2,66000,34300,15.98,3300,1,False
L009701,C06430,3,2149000,1491200,3.27,10490,0,False
L009702,C06430,4,66000,51600,14.81,1670,1,False
L009703,C06430,1,430000,213100,6.95,8850,0,False
L009704,C06431,1,335000,265900,5.88,7340,1,False
L009705,C06431,2,27000,4300,22.0,1350,1,False
L009706,C06431,3,2403000,1864100,2.36,8780,0,False
L009707,C06432,4,173000,127600,6.76,2940,0,False
L009708,C06433,2,100000,77900,16.07,5000,0,False
L009709,C06433,4,259000,172900,6.88,3410,0,False
L009710,C06433,3,3518000,2166800,2.32,16560,0,False
L009711,C06434,3,1844000,1196200,2.84,8850,0,False
L009712,C06435,4,51000,10600,7.0,790,0,False
L009713,C06435,2,6000,2000,18.52,300,0,False
L009714,C06436,3,1874000,1264200,3.39,8100,0,False
L009715,C06437,3,1442000,847200,3.15,6020,0,False
L009716,C06437,2,12000,1600,17.41,600,0,False
L009717,C06438,2,30000,9700,19.13,1500,0,False
L009718,C06439,4,174000,68900,8.49,1830,0,False
L009719,C06440,2,53000,24600,14.98,2650,0,False
L009720,C06441,3,2076000,1214700,2.89,7600,3,True
L009721,C06441,2,26000,19100,19.58,1300,4,False
L009722,C06441,4,220000,128400,9.75,7320,1,False
L009723,C06442,4,211000,178800,6.74,2730,0,False
L009724,C06443,2,20000,4500,18.86,1000,0,False
L009725,C06444,2,11000,3400,17.74,550,0,False
L009726,C06445,1,215000,184100,8.2,4770,0,False
L009727,C06446,3,1415000,950700,3.32,5490,0,False
L009728,C06447,1,105000,52200,6.52,2330,0,False
L009729,C06448,2,25000,8600,18.19,1250,0,False
L009730,C06448,4,125000,34700,11.74,3660,0,False
L009731,C06449,2,5000,2400,16.1,250,0,False
L009732,C06450,3,1072000,852300,2.93,4910,0,False
L009733,C06450,2,21000,7800,12.41,1050,3,False
L009734,C06450,4,59000,41200,9.04,1380,0,False
L009735,C06451,3,758000,632100,2.53,3170,0,False
L009736,C06451,1,143000,100400,6.38,5300,0,False
L009737,C06452,4,79000,28400,11.42,2990,2,False
L009738,C06453,3,934000,588600,2.76,4190,0,False
L009739,C06453,2,50000,38100,15.35,2500,0,False
L009740,C06454,3,1756000,955300,2.75,6930,0,False
L009741,C06454,1,78000,50200,5.16,2760,0,False
L009742,C06455,1,123000,82900,7.52,2580,0,False
L009743,C06456,1,60000,21800,7.21,2050,1,False
L009744,C06457,4,89000,78200,8.74,1090,0,False
L009745,C06457,1,210000,72300,7.1,4250,0,False
L009746,C06457,2,53000,38100,19.08,2650,0,False
L009747,C06458,4,235000,117100,8.79,7780,3,False
L009748,C06459,2,18000,12700,20.99,900,1,False
L009749,C06460,4,181000,110000,10.82,6650,1,False
L009750,C06461,3,1405000,1204500,2.2,5990,0,False
L009751,C06461,2,20000,4600,18.08,1000,3,True
L009752,C06462,2,5000,2800,22.42,250,0,False
L009753,C06463,4,95000,55000,11.22,3510,0,False
L009754,C06463,3,983000,613200,2.51,3420,0,False
L009755,C06464,2,13000,1500,19.73,650,0,False
L009756,C06464,4,22000,7600,8.51,610,0,False
L009757,C06465,2,20000,5600,15.89,1000,0,False
L009758,C06466,2,39000,7200,19.7,1950,0,False
L009759,C06467,2,38000,11400,20.16,1900,0,False
L009760,C06467,3,2138000,990300,3.0,8390,0,False
L009761,C06468,2,18000,12600,20.63,900,0,False
L009762,C06469,3,1458000,1212200,3.2,7010,0,False
L009763,C06469,4,168000,103500,8.64,5100,0,False
L009764,C06469,2,13000,4400,13.65,650,0,False
L009765,C06470,3,1684000,1008100,2.82,6610,0,False
L009766,C06471,3,1879000,1302300,2.96,8320,0,False
L009767,C06472,1,69000,50500,6.41,2550,0,False
L009768,C06473,4,264000,58100,9.29,5090,0,False
L009769,C06474,3,602000,298800,3.15,2540,0,False
L009770,C06474,4,35000,28300,9.31,830,0,False
L009771,C06475,1,427000,164000,10.5,7330,0,False
L009772,C06476,3,1030000,889400,2.2,4950,0,False
L009773,C06477,3,3027000,1499700,3.48,12150,0,False
L009774,C06477,4,348000,243300,8.48,8520,0,False
L009775,C06478,2,20000,1100,16.99,1000,0,False
L009776,C06478,4,25000,14700,9.49,480,0,False
L009777,C06479,3,2201000,1073000,3.05,7890,1,False
L009778,C06480,3,1866000,1465200,3.01,7340,0,False
L009779,C06481,4,36000,31100,10.47,720,3,False
L009780,C06481,1,99000,83500,7.94,2070,1,False
L009781,C06482,4,108000,41400,8.58,4300,0,False
L009782,C06482,3,1899000,1324900,2.98,7770,0,False
L009783,C06483,3,1573000,713700,3.14,5440,0,False
L009784,C06484,2,9000,1200,20.45,450,0,False
L009785,C06485,3,1687000,855700,2.75,7770,0,False
L009786,C06485,1,360000,305200,5.73,6530,4,False
L009787,C06485,2,31000,13400,18.43,1550,1,False
L009788,C06486,3,2305000,1324700,2.84,10330,0,False
L009789,C06486,2,45000,13400,10.0,2250,0,False
L009790,C06487,2,42000,9300,18.87,2100,1,False
L009791,C06487,4,217000,72800,4.99,1980,0,False
L009792,C06488,4,70000,39600,10.45,1130,0,False
L009793,C06489,1,100000,56900,8.61,1430,0,False
L009794,C06489,2,35000,12000,19.06,1750,0,False
L009795,C06490,3,2734000,2513300,2.89,13930,0,False
L009796,C06491,2,52000,34300,18.33,2600,0,False
L009797,C06492,4,348000,266000,5.77,3780,2,False
L009798,C06493,4,225000,106700,8.76,7090,2,True
L009799,C06493,1,308000,209100,6.63,6420,0,False
L009800,C06494,1,224000,149800,4.84,3380,0,False
L009801,C06495,1,337000,282300,6.74,10580,0,False
L009802,C06495,2,27000,3300,13.32,1350,0,False
L009803,C06496,1,326000,279200,5.33,4830,0,False
L009804,C06496,4,283000,248400,9.15,10570,0,False
L009805,C06497,1,50000,35000,9.04,920,0,True
L009806,C06498,2,5000,4200,21.26,250,0,False
L009807,C06499,1,55000,32300,7.4,770,0,False
L009808,C06499,2,15000,11000,22.99,750,0,False
L009809,C06500,2,49000,27900,16.86,2450,0,False
L009810,C06501,4,252000,174700,11.81,3400,1,False
L009811,C06502,2,48000,27700,18.98,2400,0,False
L009812,C06503,1,245000,207200,8.78,4660,0,False
L009813,C06503,3,1228000,880500,2.84,5160,3,False
L009814,C06504,2,13000,7300,18.71,650,0,False
L009815,C06505,3,2235000,1705300,2.45,9170,1,False
L009816,C06506,2,48000,6200,16.4,2400,0,False
L009817,C06507,3,991000,487800,4.05,3830,1,False
L009818,C06507,2,33000,5000,14.15,1650,0,False
L009819,C06508,3,2149000,1546500,3.08,8640,0,False
L009820,C06509,3,1155000,528200,2.59,4700,0,False
L009821,C06510,1,90000,40000,6.34,1590,0,False
L009822,C06511,2,9000,7200,19.39,450,0,False
L009823,C06512,4,214000,164500,5.32,6970,0,False
L009824,C06513,2,15000,11400,17.94,750,0,False
L009825,C06514,3,1614000,1499300,2.66,7660,2,False
L009826,C06514,1,172000,71600,7.87,3830,0,False
L009827,C06515,2,36000,20400,11.92,1800,0,False
L009828,C06516,3,2246000,2020500,2.89,9580,0,False
L009829,C06517,2,23000,10500,20.51,1150,0,False
L009830,C06518,2,21000,1400,18.94,1050,1,False
L009831,C06518,3,1172000,653500,2.47,5380,0,False
L009832,C06519,3,642000,582600,2.85,2960,0,False
L009833,C06520,4,137000,38700,12.29,4090,1,False
L009834,C06521,4,142000,33100,8.69,4870,0,False
L009835,C06521,2,65000,13200,18.47,3250,4,False
L009836,C06521,3,1453000,1101100,2.94,6090,1,False
L009837,C06522,1,297000,158800,4.89,11690,0,False
L009838,C06523,2,6000,1600,18.3,300,0,False
L009839,C06524,3,604000,427100,2.59,2480,0,False
L009840,C06524,1,218000,135500,8.22,3510,0,False
L009841,C06524,4,134000,65000,11.08,2730,1,False
L009842,C06525,2,19000,12100,18.65,950,0,False
L009843,C06526,3,1910000,1047000,3.21,7930,0,False
L009844,C06526,2,34000,25900,19.07,1700,0,False
L009845,C06527,2,30000,17100,16.23,1500,1,False
L009846,C06527,4,68000,17900,10.65,1030,0,False
L009847,C06528,4,130000,85700,9.72,2370,0,False
L009848,C06529,1,230000,202400,5.18,4680,1,False
L009849,C06529,2,33000,15400,21.86,1650,0,False
L009850,C06529,4,356000,193400,7.03,4400,0,False
L009851,C06530,1,100000,68900,8.59,1620,0,False
L009852,C06531,1,77000,67300,6.61,1300,0,False
L009853,C06532,4,33000,12600,7.55,330,0,False
L009854,C06533,4,124000,97500,9.2,3190,0,False
L009855,C06534,2,19000,3600,19.91,950,1,False
L009856,C06535,2,31000,16200,18.85,1550,0,False
L009857,C06536,3,2095000,1548500,2.8,8680,0,False
L009858,C06537,3,2230000,1842000,2.2,9690,0,False
L009859,C06538,2,19000,3500,15.13,950,0,False
L009860,C06539,3,1628000,1466200,2.97,6740,0,False
L009861,C06540,2,13000,8400,16.07,650,0,False
L009862,C06541,3,1585000,1136400,3.31,7240,3,False
L009863,C06542,2,16000,6700,20.99,800,0,False
L009864,C06542,3,567000,379700,3.03,2150,4,False
L009865,C06542,4,87000,25100,10.96,1440,0,False
L009866,C06543,2,55000,24600,15.88,2750,0,False
L009867,C06543,3,1452000,1275200,2.85,7270,0,False
L009868,C06544,4,286000,93700,10.0,9800,4,False
L009869,C06544,3,1914000,1462300,2.76,8190,0,False
L009870,C06544,1,157000,47800,8.6,3170,1,False
L009871,C06545,3,1556000,1340300,2.57,7220,2,False
L009872,C06546,3,2359000,1381700,2.82,9460,1,True
L009873,C06547,3,1754000,1292400,2.72,8600,0,False
L009874,C06547,1,235000,116500,7.36,4540,0,False
L009875,C06548,3,1589000,1327000,3.25,6520,0,False
L009876,C06548,2,27000,2300,15.91,1350,0,False
L009877,C06548,4,61000,46700,12.03,1480,1,False
L009878,C06549,3,1581000,915700,3.33,6420,0,False
L009879,C06550,3,1280000,1154000,3.16,6270,0,False
L009880,C06551,1,168000,124700,8.61,7040,0,False
L009881,C06551,3,920000,726700,2.28,4040,0,False
L009882,C06551,2,47000,17600,16.21,2350,0,False
L009883,C06552,3,2571000,1337800,3.36,10650,1,False
L009884,C06552,2,38000,11600,15.7,1900,2,False
L009885,C06553,2,32000,13300,18.63,1600,3,False
L009886,C06553,3,1085000,931700,2.42,4110,2,False
L009887,C06553,1,250000,72300,6.74,3360,0,False
L009888,C06554,4,361000,190500,9.17,9060,0,False
L009889,C06555,3,1289000,1166700,3.2,5680,0,False
L009890,C06556,4,38000,24600,11.38,810,0,False
L009891,C06557,2,14000,5700,16.05,700,0,False
L009892,C06557,3,1122000,853900,3.06,4910,0,False
L009893,C06558,2,12000,2200,18.98,600,0,False
L009894,C06559,4,207000,174000,5.64,2400,0,False
L009895,C06560,3,1044000,959100,3.22,4920,0,False
L009896,C06561,1,288000,218600,6.86,7090,0,False
L009897,C06561,3,1138000,1014000,2.75,5270,0,True
L009898,C06562,2,26000,2900,14.59,1300,0,False
L009899,C06563,4,63000,42100,8.61,940,0,False
L009900,C06563,2,6000,800,16.97,300,0,False
L009901,C06564,3,3184000,2229800,3.13,12330,0,False
L009902,C06565,2,44000,13200,19.39,2200,2,False
L009903,C06565,3,1072000,514700,3.01,5160,0,False
L009904,C06565,1,278000,177200,7.6,4370,0,False
L009905,C06566,4,177000,129600,10.28,4410,0,False
L009906,C06567,2,14000,7300,15.75,700,0,False
L009907,C06568,1,302000,182900,5.0,7720,0,False
L009908,C06569,3,887000,666000,2.98,4280,0,False
L009909,C06569,2,9000,5900,12.91,450,0,False
L009910,C06569,4,207000,118900,7.18,2470,0,False
L009911,C06570,2,69000,38700,18.54,3450,0,False
L009912,C06570,4,251000,104300,8.82,10860,0,False
L009913,C06571,3,1679000,1528700,2.9,7300,0,False
L009914,C06572,2,13000,2500,19.95,650,0,True
L009915,C06573,2,19000,6700,16.34,950,0,False
L009916,C06574,3,639000,409400,3.01,2980,0,False
L009917,C06575,2,47000,18600,19.19,2350,0,False
L009918,C06576,3,1202000,1130700,3.1,5560,0,False
L009919,C06576,2,41000,27000,16.84,2050,1,False
L009920,C06577,2,13000,7600,14.08,650,2,False
L009921,C06578,3,1490000,723500,3.33,5300,0,False
L009922,C06578,4,375000,200000,8.57,4690,1,False
L009923,C06579,4,21000,10300,10.54,240,1,False
L009924,C06579,1,50000,30300,6.55,790,0,False
L009925,C06580,4,271000,63000,7.3,10720,0,False
L009926,C06581,3,913000,710200,3.39,4800,0,False
L009927,C06581,4,43000,24800,9.98,1240,1,False
L009928,C06582,2,13000,700,20.23,650,2,False
L009929,C06582,1,99000,63200,6.64,1590,0,False
L009930,C06583,3,2399000,2202000,2.87,10880,0,False
L009931,C06583,2,32000,8800,19.96,1600,0,False
L009932,C06584,3,1156000,907200,3.17,4780,0,False
L009933,C06585,2,17000,1800,11.98,850,0,False
L009934,C06586,3,1901000,1161400,3.55,8820,1,False
L009935,C06586,1,227000,203300,6.36,4560,1,False
L009936,C06587,4,101000,42000,11.11,1710,0,False
L009937,C06587,2,5000,3300,17.88,250,0,True
L009938,C06587,1,71000,48700,8.33,1260,0,False
L009939,C06588,2,5000,2300,20.34,250,0,False
L009940,C06589,3,1905000,1124000,2.59,6900,1,False
L009941,C06589,4,108000,73900,9.05,1380,0,False
L009942,C06590,1,344000,135400,8.66,4630,0,False
L009943,C06591,3,2204000,1732300,3.17,10360,0,False
L009944,C06592,3,1177000,1045700,3.05,5120,0,False
L009945,C06592,2,64000,23200,19.05,3200,0,False
L009946,C06592,4,133000,59400,8.16,2200,0,False
L009947,C06593,3,2560000,1174300,3.44,8990,0,False
L009948,C06593,2,67000,25300,18.57,3350,0,False
L009949,C06593,4,366000,74900,10.59,4300,3,False
L009950,C06594,2,20000,16600,15.3,1000,1,False
L009951,C06595,3,771000,584000,2.9,3810,0,False
L009952,C06595,1,181000,69600,5.19,5520,0,False
L009953,C06596,3,1776000,1298500,2.65,6650,0,False
L009954,C06596,2,42000,20100,19.79,2100,0,False
L009955,C06596,4,398000,172000,6.59,4320,0,False
L009956,C06597,3,2416000,1621000,3.5,12220,2,False
L009957,C06597,2,28000,19900,22.0,1400,1,False
L009958,C06598,3,1258000,1062300,3.21,5310,1,False
L009959,C06598,2,15000,2600,14.52,750,0,False
L009960,C06598,1,318000,177300,6.11,6810,0,False
L009961,C06599,3,1291000,644300,3.04,4880,0,False
L009962,C06600,1,265000,69100,7.76,4310,0,False
L009963,C06601,3,1834000,1702800,2.79,7460,0,False
L009964,C06602,3,1840000,1086800,2.33,6700,0,False
L009965,C06602,2,20000,14200,14.06,1000,0,False
L009966,C06602,1,198000,53700,7.38,4660,0,False
L009967,C06602,4,116000,88700,5.72,3000,0,False
L009968,C06603,2,59000,35700,15.4,2950,0,False
L009969,C06604,4,194000,119100,6.68,6310,0,False
L009970,C06604,3,1085000,673300,3.49,5170,0,False
L009971,C06605,3,1303000,862300,3.21,5240,0,False
L009972,C06606,1,110000,88000,8.27,1820,0,False
L009973,C06606,2,50000,41000,20.15,2500,0,False
L009974,C06607,1,212000,189700,6.33,4050,0,False
L009975,C06607,3,1382000,731400,2.8,4940,0,False
L009976,C06608,3,3339000,2771300,3.39,18220,0,False
L009977,C06608,2,64000,29700,15.47,3200,0,False
L009978,C06608,4,500000,388200,10.85,16270,1,False
L009979,C06609,2,32000,5300,18.67,1600,0,False
L009980,C06610,4,185000,77200,8.0,5790,1,False
L009981,C06611,2,7000,3200,11.92,350,0,False
L009982,C06612,2,16000,8200,17.94,800,0,False
L009983,C06613,2,34000,15700,19.69,1700,0,False
L009984,C06614,4,152000,103600,12.29,1940,2,False
L009985,C06615,3,1047000,840700,2.71,4420,0,False
L009986,C06615,2,49000,14700,13.32,2450,0,False
L009987,C06616,2,18000,10900,13.46,900,1,False
L009988,C06617,2,48000,2800,14.16,2400,0,False
L009989,C06618,4,104000,64400,11.63,1390,1,False
L009990,C06618,2,10000,3800,24.0,500,0,False
L009991,C06618,1,172000,64600,8.5,3650,3,True
L009992,C06619,3,995000,599100,3.43,3940,0,False
L009993,C06619,2,36000,22400,15.61,1800,1,False
L009994,C06620,3,3105000,2866100,3.65,15620,0,False
L009995,C06621,2,27000,20500,18.9,1350,0,False
L009996,C06622,3,2068000,1290000,2.96,8340,0,False
L009997,C06623,3,1950000,1844700,2.8,8310,1,False
L009998,C06623,2,41000,11700,17.09,2050,1,False
L009999,C06624,2,46000,9700,14.86,2300,0,False
L010000,C06624,3,1988000,935800,2.56,8660,0,False
L010001,C06625,2,22000,2800,20.14,1100,0,False
L010002,C06626,2,26000,17900,15.12,1300,0,False
L010003,C06627,2,18000,6000,19.12,900,0,False
L010004,C06628,3,2163000,1452900,3.38,9960,0,False
L010005,C06628,2,46000,11600,17.12,2300,1,False
L010006,C06629,4,206000,160400,6.0,3400,2,False
L010007,C06629,3,2514000,2354300,2.45,12790,0,False
L010008,C06629,2,23000,1600,17.31,1150,2,False
L010009,C06630,3,1584000,1056000,2.73,6090,2,False
L010010,C06631,2,12000,7700,15.72,600,0,False
L010011,C06632,3,870000,763900,2.76,3950,0,False
L010012,C06632,2,36000,4500,17.53,1800,1,False
L010013,C06633,4,44000,36100,6.78,480,0,False
L010014,C06634,2,23000,5500,20.31,1150,0,False
L010015,C06635,4,150000,43800,13.05,4650,0,False
L010016,C06636,1,260000,117700,6.54,8750,0,False
L010017,C06636,3,1989000,1653500,3.21,8560,1,False
L010018,C06637,2,15000,9500,19.64,750,0,False
L010019,C06638,2,10000,3300,18.58,500,1,False
L010020,C06638,1,50000,15500,9.26,1620,1,False
L010021,C06638,4,64000,45700,9.72,1050,3,False
L010022,C06638,3,364000,167300,4.04,1370,0,False
L010023,C06639,2,44000,10400,20.12,2200,0,False
L010024,C06640,2,5000,1400,16.89,250,0,False
L010025,C06641,2,25000,18100,16.91,1250,0,False
L010026,C06642,1,52000,23100,6.79,1350,0,False
L010027,C06643,3,930000,530000,3.94,4700,0,False
L010028,C06644,3,1861000,1559200,2.5,8320,1,False
L010029,C06645,4,58000,24200,9.36,1110,0,False
L010030,C06645,3,1455000,1059300,2.95,6220,0,False
L010031,C06646,2,7000,1100,18.31,350,3,False
L010032,C06647,3,1898000,1636400,2.61,7300,0,False
L010033,C06648,2,12000,1500,17.85,600,0,False
L010034,C06648,4,37000,27500,8.59,720,0,False
L010035,C06649,3,2133000,1001100,3.32,10030,0,False
L010036,C06650,1,274000,225500,7.19,4150,0,False
L010037,C06651,3,1042000,526300,2.75,4920,1,False
L010038,C06652,3,711000,567600,3.2,2980,0,False
L010039,C06653,4,111000,54100,7.06,1460,0,True
L010040,C06654,2,28000,9700,14.23,1400,1,False
L010041,C06655,4,138000,100000,10.6,2750,0,False
L010042,C06656,2,50000,7600,14.45,2500,1,False
L010043,C06656,4,215000,122600,7.6,4640,0,False
L010044,C06656,3,1343000,1007000,3.71,6110,1,False
L010045,C06657,1,117000,37700,9.05,1660,0,False
L010046,C06658,3,1605000,1433100,3.11,7280,1,False
L010047,C06659,3,1046000,885300,3.72,4690,1,False
L010048,C06659,2,12000,4200,18.83,600,1,False
L010049,C06659,1,315000,143800,5.3,12330,0,False
L010050,C06660,4,237000,188900,7.09,2890,0,False
L010051,C06661,2,9000,4200,21.44,450,0,False
L010052,C06662,3,1300000,883500,3.21,5560,0,False
L010053,C06662,2,47000,27000,14.55,2350,1,False
L010054,C06662,4,117000,67900,11.04,2000,0,False
L010055,C06663,4,121000,71000,11.54,1920,0,False
L010056,C06664,4,286000,254700,7.68,3360,0,False
L010057,C06665,2,23000,13200,20.22,1150,0,False
L010058,C06665,4,70000,56400,8.37,920,0,False
L010059,C06666,1,97000,67100,8.58,4210,0,False
L010060,C06667,3,1878000,1414300,3.12,7300,0,False
L010061,C06667,1,121000,61800,7.21,1910,0,False
L010062,C06667,2,35000,7600,12.73,1750,0,False
L010063,C06668,3,2458000,1518400,3.26,10000,0,False
L010064,C06669,4,259000,149800,8.61,3460,0,False
L010065,C06670,4,232000,99800,9.38,2850,0,False
L010066,C06670,2,47000,19400,15.16,2350,0,False
L010067,C06671,3,2070000,1964600,2.66,9890,0,False
L010068,C06672,2,33000,8900,19.58,1650,2,False
L010069,C06673,4,398000,336900,10.89,6390,1,False
L010070,C06674,2,30000,2200,13.39,1500,0,False
L010071,C06675,2,37000,25600,12.56,1850,0,False
L010072,C06676,3,679000,577100,2.76,2890,0,False
L010073,C06677,4,306000,118900,5.4,5240,0,False
L010074,C06678,3,1210000,1113700,2.87,6200,2,False
L010075,C06679,4,166000,95000,12.83,4070,0,False
L010076,C06679,2,23000,12300,20.46,1150,0,False
L010077,C06680,3,1043000,895900,3.12,5210,0,False
L010078,C06681,3,744000,515600,5.12,3400,0,False
L010079,C06681,2,21000,14500,20.57,1050,0,False
L010080,C06682,2,34000,14800,13.22,1700,1,False
L010081,C06683,4,61000,32200,5.95,1370,0,False
L010082,C06684,3,890000,805700,2.49,3860,0,False
L010083,C06684,4,182000,70900,7.68,1890,0,False
L010084,C06685,2,13000,8400,16.64,650,0,False
L010085,C06685,3,1060000,706800,2.54,4100,4,False
L010086,C06685,4,67000,51100,6.14,1020,0,False
L010087,C06685,1,266000,148200,6.2,7470,1,False
L010088,C06686,1,50000,30600,8.16,740,3,False
L010089,C06687,2,36000,2300,18.4,1800,0,False
L010090,C06687,1,115000,29200,5.14,2310,4,True
L010091,C06687,3,1070000,660100,2.8,4100,2,False
L010092,C06687,4,298000,170000,8.76,4140,0,False
L010093,C06688,1,97000,60400,7.95,1940,0,False
L010094,C06688,3,1034000,523400,2.7,4260,0,False
L010095,C06689,4,254000,117400,9.88,6700,0,False
L010096,C06689,2,54000,11400,13.9,2700,1,False
L010097,C06689,3,1706000,1553800,3.13,7850,0,False
L010098,C06690,4,174000,138700,8.11,3390,0,False
L010099,C06691,3,1984000,1087400,2.93,9590,0,False
L010100,C06692,2,31000,20800,20.53,1550,2,False
L010101,C06693,2,61000,39700,14.68,3050,0,False
L010102,C06694,2,15000,10000,14.15,750,0,False
L010103,C06695,2,15000,5600,14.39,750,0,True
L010104,C06695,1,102000,76000,7.28,2700,0,False
L010105,C06696,1,164000,47700,3.99,2730,1,False
L010106,C06696,3,2141000,1774400,3.24,11540,0,False
L010107,C06697,3,1475000,1016500,2.86,5780,0,False
L010108,C06698,3,1413000,750500,2.78,5770,0,False
L010109,C06698,2,23000,2400,17.28,1150,0,False
L010110,C06699,2,8000,4000,17.6,400,0,False
L010111,C06700,3,1292000,867500,3.14,4930,0,False
L010112,C06700,2,50000,34400,22.0,2500,0,False
L010113,C06701,2,40000,15400,17.36,2000,2,False
L010114,C06701,4,129000,73400,6.62,3890,0,False
L010115,C06701,3,825000,513200,3.2,3550,0,False
L010116,C06702,3,854000,476000,3.48,4070,0,False
L010117,C06703,3,1770000,1009700,2.5,6760,0,False
L010118,C06703,4,64000,15100,11.83,840,0,False
L010119,C06704,3,2267000,2002500,2.79,9890,0,False
L010120,C06705,1,314000,240300,3.5,6370,0,False
L010121,C06705,3,1868000,993500,3.5,7780,0,False
L010122,C06706,1,143000,59500,5.77,3650,0,False
L010123,C06706,3,955000,708800,2.97,3650,0,False
L010124,C06706,2,26000,12500,15.02,1300,0,False
L010125,C06707,2,43000,21400,16.41,2150,2,False
L010126,C06708,1,241000,197600,4.64,8640,0,False
L010127,C06709,1,288000,240500,7.82,7170,0,False
L010128,C06710,2,21000,1800,15.79,1050,0,False
L010129,C06711,4,80000,58200,8.36,1220,0,False
L010130,C06711,2,46000,32400,20.27,2300,2,False
L010131,C06712,3,1595000,1448000,2.81,7990,0,False
L010132,C06713,1,66000,50700,7.16,1040,0,False
L010133,C06713,3,952000,716400,2.78,4390,0,False
L010134,C06714,4,62000,55700,10.77,1110,0,False
L010135,C06715,2,20000,11600,14.61,1000,0,False
L010136,C06715,3,1031000,793700,2.2,3920,0,False
L010137,C06716,3,1600000,732800,3.16,7620,0,False
L010138,C06717,3,1046000,973700,3.67,5280,0,False
L010139,C06718,3,2256000,2133300,2.26,11170,2,False
L010140,C06719,1,77000,52200,6.4,1890,0,False
L010141,C06720,2,22000,6700,20.38,1100,1,False
L010142,C06720,4,69000,22700,7.62,860,0,False
L010143,C06721,3,1516000,1050400,2.8,5970,0,False
L010144,C06721,4,106000,61300,8.97,1180,2,False
L010145,C06722,2,12000,2300,16.98,600,0,False
L010146,C06723,2,13000,6700,19.36,650,0,False
L010147,C06724,2,34000,10000,13.25,1700,0,False
L010148,C06725,1,130000,65800,6.73,3850,0,False
L010149,C06726,4,207000,46400,9.47,2130,0,False
L010150,C06727,2,30000,15700,17.96,1500,0,False
L010151,C06728,2,28000,5300,22.0,1400,0,False
L010152,C06728,3,1824000,1721300,2.38,7600,0,False
L010153,C06729,3,858000,628500,2.94,3430,0,False
L010154,C06730,1,307000,152300,7.37,12230,0,False
L010155,C06731,4,379000,222800,9.14,9160,0,False
L010156,C06732,1,123000,75400,5.01,4360,0,False
L010157,C06733,1,224000,61700,7.42,4950,0,False
L010158,C06734,3,1816000,1651800,2.2,8070,0,False
L010159,C06734,2,29000,13300,15.78,1450,3,False
L010160,C06735,1,254000,93800,7.26,4380,0,False
L010161,C06735,3,1423000,763000,2.24,5770,0,False
L010162,C06736,3,1869000,1759500,2.75,7470,0,False
L010163,C06736,1,116000,33500,6.4,4290,0,False
L010164,C06737,1,96000,47200,5.96,4060,0,False
L010165,C06737,2,23000,17500,18.9,1150,0,False
L010166,C06738,1,132000,53700,6.51,2600,0,False
L010167,C06739,2,80000,9900,17.68,4000,0,False
L010168,C06740,3,1366000,792600,2.2,5250,0,False
L010169,C06741,2,29000,12800,18.09,1450,0,False
L010170,C06741,3,954000,489900,3.77,4460,0,False
L010171,C06742,3,1143000,553700,3.14,4330,0,False
L010172,C06742,4,119000,74900,7.9,1320,1,False
L010173,C06743,3,1653000,1383800,3.11,6670,0,False
L010174,C06744,4,106000,56200,9.23,1600,0,False
L010175,C06745,2,20000,3900,15.6,1000,3,True
L010176,C06745,3,1202000,992600,3.17,5780,2,False
L010177,C06745,1,193000,99500,6.81,6520,1,False
L010178,C06745,4,307000,97500,7.1,8440,0,True
L010179,C06746,2,25000,10700,17.96,1250,1,False
L010180,C06747,3,2295000,1490200,3.32,9790,0,False
L010181,C06747,1,311000,87800,7.97,9100,0,False
L010182,C06748,4,59000,41300,10.71,710,0,False
L010183,C06749,3,705000,482900,3.07,3170,2,False
L010184,C06750,2,70000,44900,14.79,3500,0,False
L010185,C06751,2,28000,7000,18.1,1400,0,False
L010186,C06752,3,1422000,700800,3.09,6750,0,False
L010187,C06753,3,1129000,828100,3.41,5140,0,False
L010188,C06754,2,9000,6700,17.77,450,0,False
L010189,C06755,1,142000,87100,7.03,4060,0,False
L010190,C06756,1,661000,543800,7.98,11660,0,False
L010191,C06757,3,637000,578000,2.65,2580,1,False
L010192,C06758,3,1618000,1253200,2.64,7810,0,False
L010193,C06759,4,175000,40700,9.71,3090,0,False
L010194,C06760,2,45000,11000,13.97,2250,0,False
L010195,C06761,2,14000,3200,13.68,700,0,False
L010196,C06762,2,25000,17300,16.91,1250,3,False
L010197,C06763,4,188000,46100,12.11,2680,0,False
L010198,C06764,2,35000,27000,18.23,1750,0,False
L010199,C06764,1,393000,103700,3.5,13130,0,False
L010200,C06765,3,1675000,900400,3.71,7630,0,False
L010201,C06765,4,118000,88700,9.63,1430,0,True
L010202,C06765,1,382000,221900,7.37,5550,1,False
L010203,C06766,4,100000,28200,8.44,1870,0,False
L010204,C06767,1,203000,84500,6.69,4480,0,False
L010205,C06767,2,31000,3900,21.76,1550,0,False
L010206,C06768,2,6000,3600,21.96,300,0,False
L010207,C06769,2,7000,4800,14.99,350,2,False
L010208,C06769,1,121000,30500,7.39,1710,0,False
L010209,C06770,3,1351000,1235700,2.79,5990,0,False
L010210,C06770,2,48000,34500,15.29,2400,0,False
L010211,C06771,3,964000,770800,2.95,4460,0,False
L010212,C06771,2,58000,40200,12.51,2900,0,False
L010213,C06772,2,16000,4300,17.81,800,0,False
L010214,C06772,4,117000,47700,8.11,1460,2,False
L010215,C06773,1,50000,28500,7.89,830,1,False
L010216,C06774,2,54000,11900,16.11,2700,2,False
L010217,C06775,3,1244000,1097600,3.12,5960,0,False
L010218,C06776,4,78000,27000,6.74,760,1,False
L010219,C06777,4,144000,96900,11.43,3840,1,False
L010220,C06778,2,30000,23000,17.42,1500,0,False
L010221,C06778,3,1973000,1222200,3.09,7260,0,False
L010222,C06778,4,153000,85000,6.6,6320,0,False
L010223,C06779,4,69000,19500,8.2,850,0,False
L010224,C06780,4,177000,114000,8.62,5190,0,False
L010225,C06781,3,1376000,782200,2.99,5420,0,False
L010226,C06781,1,358000,230500,6.16,12760,0,False
L010227,C06781,4,250000,84400,7.62,3800,4,False
L010228,C06782,3,2214000,2036300,3.13,11750,0,False
L010229,C06783,3,2121000,1859400,3.17,11230,0,False
L010230,C06784,3,2226000,1765400,2.38,8990,0,False
L010231,C06785,3,1425000,1130000,3.66,6290,0,False
L010232,C06786,1,294000,107000,7.32,8000,0,False
L010233,C06786,3,2124000,1237800,3.24,9400,0,True
L010234,C06787,2,20000,6200,18.46,1000,0,False
L010235,C06788,4,134000,50500,6.47,2550,0,False
L010236,C06789,1,102000,64600,6.81,1410,0,False
L010237,C06790,4,77000,61100,7.52,1110,1,False
L010238,C06790,2,26000,18400,20.22,1300,0,False
L010239,C06791,4,213000,140600,10.26,2970,0,False
L010240,C06792,2,30000,4400,19.78,1500,1,False
L010241,C06792,4,124000,32700,8.17,3390,0,False
L010242,C06793,3,1210000,704600,2.74,4290,0,False
L010243,C06794,3,1906000,1022800,2.89,7410,3,False
L010244,C06794,2,46000,17300,19.37,2300,0,False
L010245,C06794,4,153000,124900,7.44,1730,0,False
L010246,C06795,2,36000,15800,20.62,1800,0,False
L010247,C06796,3,2778000,2529800,3.07,14290,0,False
L010248,C06797,2,17000,13400,18.06,850,0,False
L010249,C06797,1,59000,33800,8.14,1120,0,False
L010250,C06798,2,8000,5900,21.1,400,0,False
L010251,C06799,4,174000,148400,6.82,3900,0,False
L010252,C06800,2,25000,7100,16.95,1250,0,False
L010253,C06800,3,1666000,1459800,2.94,6760,0,False
L010254,C06801,2,33000,26600,23.0,1650,0,False
L010255,C06801,4,27000,14600,10.81,730,0,False
L010256,C06802,3,1325000,788300,2.27,5220,0,False
L010257,C06803,3,1819000,1584400,2.22,7030,0,False
L010258,C06804,2,16000,1400,16.26,800,0,False
L010259,C06804,4,152000,42600,8.58,2410,1,False
L010260,C06804,3,929000,857800,2.47,4780,0,False
L010261,C06805,3,794000,404400,2.5,2760,0,False
L010262,C06806,2,21000,9900,17.37,1050,0,False
L010263,C06806,1,96000,38300,7.32,1790,0,False
L010264,C06807,2,48000,21600,17.23,2400,1,False
L010265,C06808,1,162000,43600,3.99,2500,2,False
L010266,C06808,3,1639000,1241300,2.87,6350,0,False
L010267,C06809,3,1461000,1143000,2.84,7040,0,False
L010268,C06809,4,84000,20100,11.22,1780,0,False
L010269,C06810,3,2074000,1353000,2.95,8410,1,False
L010270,C06810,2,75000,31500,17.45,3750,0,False
L010271,C06811,1,165000,71600,6.16,2750,0,False
L010272,C06811,3,1280000,1172100,3.19,6880,0,False
L010273,C06812,2,13000,2600,20.59,650,0,False
L010274,C06813,2,31000,15000,14.87,1550,1,False
L010275,C06814,2,22000,11400,18.76,1100,0,False
L010276,C06814,3,732000,653800,2.91,3550,0,False
L010277,C06815,4,500000,261700,7.13,6170,0,False
L010278,C06816,2,32000,2500,13.83,1600,0,False
L010279,C06817,2,14000,8500,19.31,700,2,False
L010280,C06818,1,53000,33400,7.81,910,0,False
L010281,C06818,3,595000,403200,2.56,2540,0,False
L010282,C06819,3,1824000,1658200,3.09,8420,0,False
L010283,C06820,4,249000,206100,10.03,3990,0,False
L010284,C06821,3,1967000,962800,2.69,8970,0,False
L010285,C06821,1,187000,127000,5.08,2550,0,False
L010286,C06822,1,247000,109900,6.46,3550,0,False
L010287,C06823,2,22000,8700,13.98,1100,0,False
L010288,C06824,4,221000,46000,7.28,2860,0,False
L010289,C06824,3,1358000,1116700,2.74,7020,0,False
L010290,C06825,2,42000,27800,12.88,2100,0,False
L010291,C06826,3,1984000,1729200,2.44,7630,0,False
L010292,C06827,1,210000,150800,5.18,3930,0,False
L010293,C06827,3,1213000,736400,2.91,5190,0,False
L010294,C06828,3,946000,620700,3.5,3810,3,False
L010295,C06829,2,33000,4100,19.78,1650,0,False
L010296,C06830,3,1637000,1551800,2.6,7790,0,False
L010297,C06831,2,9000,5600,13.79,450,0,False
L010298,C06832,3,1759000,1328200,2.57,6630,1,False
L010299,C06832,2,20000,13200,15.05,1000,0,False
L010300,C06833,2,17000,14000,15.28,850,0,False
L010301,C06834,2,20000,2800,18.88,1000,0,False
L010302,C06835,2,13000,6300,19.29,650,1,False
L010303,C06836,3,894000,821100,3.96,4320,0,False
L010304,C06837,3,1089000,841300,3.48,5300,0,False
L010305,C06837,4,164000,73700,7.48,2240,0,False
L010306,C06838,2,18000,6500,16.06,900,0,False
L010307,C06838,4,139000,83700,9.04,1650,0,False
L010308,C06839,2,38000,18800,21.17,1900,0,False
L010309,C06840,3,1371000,1255000,3.19,5810,0,False
L010310,C06840,2,39000,17100,16.58,1950,0,False
L010311,C06841,3,1665000,1148700,2.72,6480,0,False
L010312,C06842,3,655000,440400,2.37,2670,0,False
L010313,C06842,1,245000,63300,5.64,4680,0,False
L010314,C06843,2,14000,11700,15.03,700,1,False
L010315,C06844,2,31000,11200,16.03,1550,2,False
L010316,C06844,1,258000,155900,3.52,5270,1,False
L010317,C06845,2,51000,36700,14.57,2550,0,False
L010318,C06845,3,1194000,618600,3.28,5390,0,False
L010319,C06846,4,41000,24200,6.9,1590,0,False
L010320,C06847,2,11000,3800,16.93,550,0,False
L010321,C06847,4,16000,12800,10.71,380,0,True
L010322,C06848,2,18000,5800,17.57,900,0,False
L010323,C06848,3,1632000,904000,3.87,8220,0,False
L010324,C06849,3,1418000,765200,3.23,6380,0,False
L010325,C06849,1,510000,280800,3.5,8690,0,False
L010326,C06849,2,20000,5600,16.46,1000,3,False
L010327,C06850,2,5000,800,21.46,250,0,False
L010328,C06851,1,50000,26600,8.72,710,0,False
L010329,C06852,3,2632000,1514100,3.36,9900,1,False
L010330,C06853,4,231000,69300,11.39,2340,0,False
L010331,C06854,3,2024000,1886800,2.83,9580,0,False
L010332,C06854,4,327000,265000,9.87,4380,0,False
L010333,C06855,2,5000,1800,14.28,250,0,False
L010334,C06856,1,478000,283900,6.13,9370,0,False
L010335,C06857,4,329000,211900,7.82,7160,0,False
L010336,C06858,3,1847000,857400,2.94,6620,0,False
L010337,C06859,2,36000,24000,15.71,1800,0,False
L010338,C06859,3,1048000,966400,2.98,4440,2,False
L010339,C06860,3,1805000,1561700,2.9,9160,1,False
L010340,C06861,2,21000,10400,16.01,1050,0,False
L010341,C06862,3,2699000,2385600,3.7,13350,0,False
L010342,C06863,2,17000,10000,15.57,850,1,False
L010343,C06863,3,878000,565900,3.11,3250,0,False
L010344,C06864,2,20000,13600,17.69,1000,1,True
L010345,C06865,3,1120000,976800,2.95,4470,0,False
L010346,C06865,4,194000,173800,4.5,2160,0,False
L010347,C06865,2,8000,2000,15.35,400,0,False
L010348,C06866,3,854000,717400,3.71,4160,0,True
L010349,C06866,1,175000,60900,6.98,3230,0,False
L010350,C06866,4,98000,42800,9.22,1050,0,False
L010351,C06867,3,1701000,844300,3.31,6470,0,False
L010352,C06868,3,1410000,1156600,2.66,5350,0,False
L010353,C06869,2,29000,9900,15.2,1450,0,False
L010354,C06870,3,1117000,989000,4.0,5190,0,False
L010355,C06871,4,345000,308900,11.37,6690,2,False
L010356,C06872,4,176000,128400,9.99,2150,0,False
L010357,C06873,3,1778000,890600,3.36,6950,1,False
L010358,C06873,1,100000,63500,3.5,1810,2,False
L010359,C06873,4,202000,153800,10.0,6840,0,False
L010360,C06874,3,1259000,1131600,3.48,6630,0,False
L010361,C06875,3,1384000,748400,2.75,5450,0,False
L010362,C06876,2,52000,42200,13.89,2600,0,False
L010363,C06877,3,2017000,1286600,2.5,7810,0,False
L010364,C06878,3,2171000,1113600,2.76,8160,1,False
L010365,C06878,4,193000,53400,5.93,3480,0,False
L010366,C06879,3,1725000,1496400,2.82,6790,0,False
L010367,C06879,2,27000,9600,19.25,1350,0,False
L010368,C06880,1,515000,414600,7.07,12500,2,False
L010369,C06880,4,210000,119200,6.96,3420,0,False
L010370,C06881,4,62000,40100,8.38,680,0,False
L010371,C06882,3,1654000,1107800,3.04,6960,2,False
L010372,C06883,3,2197000,1434600,2.5,8540,0,False
L010373,C06884,2,50000,12600,18.57,2500,0,False
L010374,C06884,3,1023000,814400,3.41,5490,0,False
L010375,C06885,3,1062000,928800,3.02,4630,0,False
L010376,C06886,4,331000,99400,8.74,3700,0,False
L010377,C06887,4,143000,34700,5.34,3560,0,False
L010378,C06888,1,166000,106700,6.4,2480,1,False
L010379,C06888,3,490000,379500,2.96,2340,1,False
L010380,C06889,3,2086000,1430500,2.94,10250,0,False
L010381,C06890,3,2078000,1469500,3.24,10320,0,False
L010382,C06890,2,70000,38300,17.64,3500,0,False
L010383,C06891,3,2306000,1844800,2.95,10190,0,False
L010384,C06891,2,48000,10300,16.82,2400,0,False
L010385,C06892,2,8000,2800,18.03,400,0,False
L010386,C06893,3,1208000,867400,2.83,4910,0,False
L010387,C06894,2,50000,28100,19.66,2500,0,False
L010388,C06894,3,2971000,1917300,3.03,12560,0,False
L010389,C06895,1,212000,76600,7.04,4070,0,False
L010390,C06895,2,31000,23400,17.99,1550,0,False
L010391,C06896,2,5000,2100,16.54,250,0,False
L010392,C06897,2,34000,13700,19.01,1700,0,False
L010393,C06898,2,10000,6400,16.01,500,0,False
L010394,C06899,4,236000,134400,7.03,3280,0,False
L010395,C06900,2,37000,26300,15.37,1850,0,False
L010396,C06901,3,1745000,1104700,2.52,8140,0,False
L010397,C06902,2,52000,19600,15.55,2600,0,False
L010398,C06903,3,1157000,605500,3.57,5290,0,False
L010399,C06904,3,2288000,2035000,2.69,9240,0,False
L010400,C06905,4,218000,116400,6.73,5000,0,False
L010401,C06906,2,5000,4100,13.38,250,0,False
L010402,C06907,2,28000,8700,19.93,1400,0,False
L010403,C06907,1,76000,21700,8.49,3190,2,False
L010404,C06908,4,29000,11300,10.94,310,0,False
L010405,C06908,3,884000,817400,2.44,3650,0,False
L010406,C06909,3,656000,602400,2.64,3030,1,False
L010407,C06909,2,22000,13400,16.21,1100,3,False
L010408,C06910,4,181000,161700,7.22,4770,0,False
L010409,C06910,2,15000,11800,13.96,750,0,False
L010410,C06910,3,1857000,1283000,2.8,7520,0,False
L010411,C06911,2,34000,7800,11.62,1700,0,False
L010412,C06911,4,109000,72400,5.86,1290,0,False
L010413,C06912,4,60000,16900,8.81,590,0,False
L010414,C06913,3,1073000,682100,3.01,4560,0,False
L010415,C06914,2,5000,3900,18.16,250,0,False
L010416,C06914,4,20000,17300,12.0,590,1,False
L010417,C06914,1,50000,36600,6.59,980,0,False
L010418,C06915,3,1150000,646200,2.36,4710,0,False
L010419,C06916,3,1365000,814500,3.13,6720,0,False
L010420,C06917,2,62000,40200,18.0,3100,0,False
L010421,C06917,4,208000,148000,7.77,4410,0,False
L010422,C06918,3,657000,556300,3.0,3420,1,False
L010423,C06919,2,17000,7100,15.75,850,1,False
L010424,C06919,4,116000,82500,12.05,2950,0,False
L010425,C06920,1,96000,68200,6.96,2940,0,False
L010426,C06920,2,32000,20500,14.8,1600,0,False
L010427,C06921,2,9000,7600,22.18,450,0,False
L010428,C06922,3,609000,277600,2.74,2650,0,False
L010429,C06922,2,31000,11300,15.23,1550,1,False
L010430,C06923,3,1274000,904800,2.75,5260,0,False
L010431,C06923,1,96000,77800,5.12,1980,0,False
L010432,C06924,3,2169000,1572300,2.84,10370,0,False
L010433,C06924,2,65000,34200,12.79,3250,1,False
L010434,C06925,4,246000,212200,10.0,3290,0,False
L010435,C06926,2,17000,4900,23.5,850,0,False
L010436,C06927,3,1813000,1168600,2.97,8470,1,False
L010437,C06927,4,237000,188000,8.96,5450,0,False
L010438,C06927,1,414000,358600,5.87,10360,0,False
L010439,C06928,3,1347000,1096200,2.98,6710,0,False
L010440,C06929,1,394000,239500,6.14,5860,0,False
L010441,C06929,2,42000,31900,17.69,2100,0,False
L010442,C06930,2,18000,6600,18.78,900,0,False
L010443,C06931,2,19000,7200,13.9,950,0,False
L010444,C06932,2,12000,2900,12.77,600,0,False
L010445,C06932,3,1168000,779400,2.87,4620,0,False
L010446,C06932,4,190000,59700,7.52,1960,0,False
L010447,C06933,3,1798000,1086500,3.34,8340,0,False
L010448,C06933,4,103000,65400,7.66,2740,1,False
L010449,C06933,2,59000,7900,18.66,2950,0,False
L010450,C06934,4,65000,56200,8.48,1150,0,False
L010451,C06935,4,55000,39600,5.61,750,1,False
L010452,C06935,1,133000,74900,5.67,3180,0,False
L010453,C06936,3,1865000,1139900,2.9,6800,0,False
L010454,C06937,2,6000,400,19.03,300,0,False
L010455,C06938,4,13000,3100,8.75,150,0,False
L010456,C06939,3,2411000,1793800,3.14,12400,0,False
L010457,C06939,1,264000,102700,6.33,6710,1,False
L010458,C06939,2,37000,18900,16.87,1850,3,False
L010459,C06939,4,93000,69200,9.97,1290,0,False
L010460,C06940,3,1656000,1193400,2.91,6650,0,False
L010461,C06941,2,47000,8500,19.61,2350,0,False
L010462,C06941,3,1011000,632700,3.17,4650,0,False
L010463,C06942,2,11000,3900,16.46,550,0,False
L010464,C06942,3,1084000,968800,2.62,4420,0,False
L010465,C06943,4,188000,125500,10.78,2900,0,False
L010466,C06944,2,8000,1400,18.93,400,0,False
L010467,C06945,3,917000,623000,2.77,3530,0,False
L010468,C06945,1,340000,283100,5.84,7310,0,False
L010469,C06946,1,259000,194800,5.77,4170,0,False
L010470,C06947,3,1334000,1097700,2.26,5230,1,False
L010471,C06948,4,104000,52600,9.7,1820,0,False
L010472,C06949,4,258000,220600,10.88,5340,0,False
L010473,C06949,3,1141000,820000,3.68,4660,0,False
L010474,C06950,2,18000,8400,18.26,900,0,False
L010475,C06950,4,101000,89900,9.72,1740,0,False
L010476,C06951,3,1958000,1112100,2.44,8760,0,False
L010477,C06952,4,204000,93400,10.05,2950,0,False
L010478,C06953,2,27000,10900,21.21,1350,0,False
L010479,C06953,3,1801000,1710600,2.93,8090,1,False
L010480,C06954,1,109000,57600,6.09,3360,2,False
L010481,C06955,3,1592000,1158900,2.64,7990,3,False
L010482,C06955,4,398000,235900,7.86,7200,0,False
L010483,C06956,4,288000,204600,9.24,6530,1,False
L010484,C06956,2,42000,12200,20.66,2100,0,False
L010485,C06957,3,1477000,1282400,2.91,6620,0,False
L010486,C06957,2,40000,26600,11.53,2000,0,False
L010487,C06958,2,35000,27500,21.78,1750,0,False
L010488,C06959,3,1149000,526900,3.08,4330,0,False
L010489,C06959,1,115000,81400,9.59,2740,0,False
L010490,C06960,3,1980000,1032000,2.98,7410,0,False
L010491,C06961,3,2169000,1139500,3.06,7900,0,False
L010492,C06961,1,92000,70400,5.58,3370,0,False
L010493,C06962,4,44000,10700,11.27,650,0,False
L010494,C06963,2,15000,1700,17.56,750,0,False
L010495,C06964,2,23000,9700,14.86,1150,0,False
L010496,C06965,3,1458000,843300,3.09,5640,3,False
L010497,C06965,2,62000,40900,18.7,3100,0,False
L010498,C06966,4,82000,25000,11.63,1130,0,False
L010499,C06967,2,14000,2400,22.49,700,0,False
L010500,C06968,3,1367000,1119100,3.03,6380,0,False
L010501,C06968,1,130000,88900,6.11,1980,2,False
L010502,C06968,2,65000,26100,19.63,3250,0,False
L010503,C06969,3,2156000,1736700,2.86,10800,0,False
L010504,C06970,2,59000,8600,18.31,2950,4,True
L010505,C06970,3,2121000,1578600,3.05,8420,0,False
L010506,C06970,4,113000,65300,9.31,1370,0,False
L010507,C06971,1,224000,151600,4.24,4610,1,False
L010508,C06972,3,1899000,1573700,3.34,10050,0,False
L010509,C06973,2,5000,1900,17.11,250,0,False
L010510,C06974,4,117000,100000,10.38,2510,0,False
L010511,C06974,3,1316000,779000,3.52,5190,0,False
L010512,C06975,3,2299000,2118500,2.96,9960,0,False
L010513,C06975,4,133000,65700,8.66,2440,0,False
L010514,C06976,2,7000,5900,20.49,350,0,False
L010515,C06976,1,50000,36600,9.26,1890,0,False
L010516,C06977,4,418000,344900,5.27,11920,0,False
L010517,C06977,1,442000,163400,6.27,14080,0,False
L010518,C06978,2,14000,3500,18.69,700,0,False
L010519,C06979,3,1791000,1378300,3.03,7550,0,False
L010520,C06979,4,80000,51400,7.17,1480,0,False
L010521,C06980,2,6000,1900,15.59,300,0,False
L010522,C06981,2,21000,6300,16.02,1050,0,False
L010523,C06982,2,48000,26800,16.39,2400,0,False
L010524,C06982,3,1831000,1191400,2.91,7300,0,False
L010525,C06983,3,1245000,638100,3.47,5090,0,False
L010526,C06984,2,25000,15400,14.8,1250,0,False
L010527,C06985,3,735000,357600,2.52,2490,0,False
L010528,C06986,4,278000,200900,7.54,7150,1,False
L010529,C06986,3,1965000,1741500,2.88,8790,0,False
L010530,C06986,2,39000,19200,19.38,1950,0,False
L010531,C06987,3,2600000,1956400,3.34,12770,1,False
L010532,C06988,1,136000,119600,7.2,4810,2,False
L010533,C06988,2,17000,14100,18.79,850,1,False
L010534,C06989,2,38000,10600,17.17,1900,0,False
L010535,C06989,3,1259000,978700,2.93,4930,0,False
L010536,C06990,3,1570000,1161100,2.82,6610,0,False
L010537,C06991,2,18000,13400,21.33,900,0,False
L010538,C06992,3,1373000,946400,3.17,6190,0,False
L010539,C06993,3,2002000,1314200,2.6,8170,0,False
L010540,C06994,3,1156000,596900,3.04,4470,0,False
L010541,C06994,2,43000,28400,14.44,2150,0,False
L010542,C06995,3,1025000,687500,2.83,4140,1,False
L010543,C06996,2,15000,2100,20.13,750,0,False
L010544,C06997,2,5000,300,16.69,250,1,False
L010545,C06997,1,86000,73400,7.23,3910,0,False
L010546,C06998,4,144000,122400,13.87,2350,1,False
L010547,C06999,2,14000,10900,17.75,700,0,False
L010548,C07000,3,1909000,1071300,2.48,6940,0,False
L010549,C07001,2,34000,22700,17.89,1700,0,False
L010550,C07002,2,20000,5400,19.26,1000,0,False
L010551,C07002,1,80000,70700,6.63,1680,0,False
L010552,C07003,3,790000,569700,3.3,3380,0,False
L010553,C07003,1,108000,56900,9.26,1530,0,False
L010554,C07004,3,2078000,1300100,3.06,8440,0,False
L010555,C07005,4,245000,65600,9.21,4130,0,False
L010556,C07005,3,2212000,1728200,2.69,8560,2,False
L010557,C07006,2,20000,1300,14.12,1000,1,False
L010558,C07006,4,184000,147200,7.0,2910,0,False
L010559,C07006,3,2653000,1266100,3.27,11020,2,False
L010560,C07007,4,168000,72300,13.65,2100,0,False
L010561,C07008,2,38000,9000,17.84,1900,0,False
L010562,C07009,1,276000,162400,5.6,9430,0,False
L010563,C07009,3,1289000,1150300,2.83,5890,0,False
L010564,C07009,2,32000,12200,17.71,1600,1,False
L010565,C07009,4,114000,100300,9.69,2270,0,False
L010566,C07010,2,6000,2600,12.78,300,0,False
L010567,C07010,4,129000,36800,10.41,2010,0,False
L010568,C07011,4,197000,45500,6.38,1810,1,False
L010569,C07011,3,887000,585500,2.2,3320,0,False
L010570,C07011,2,26000,1600,15.56,1300,1,False
L010571,C07012,3,1453000,1189300,4.06,6570,0,False
L010572,C07013,1,411000,251000,7.42,9480,0,False
L010573,C07014,3,1380000,761000,2.44,4730,0,False
L010574,C07015,3,2625000,1551800,2.67,9660,0,False
L010575,C07016,1,204000,67500,3.5,4320,0,False
L010576,C07017,4,155000,48800,6.0,2080,0,False
L010577,C07018,2,6000,1300,15.76,300,2,False
L010578,C07019,1,92000,56700,6.71,2440,0,False
L010579,C07019,4,160000,120700,9.34,3600,0,False
L010580,C07020,2,8000,5300,14.96,400,0,False
L010581,C07020,3,987000,585300,3.51,4080,0,False
L010582,C07021,4,437000,329000,10.99,7430,1,False
L010583,C07021,3,1993000,1775700,2.81,9990,0,False
L010584,C07022,2,19000,6700,21.65,950,0,False
L010585,C07023,2,22000,15200,15.28,1100,0,False
L010586,C07023,3,743000,551300,2.82,2920,0,False
L010587,C07024,2,26000,7500,19.69,1300,0,False
L010588,C07025,2,31000,7800,16.17,1550,0,False
L010589,C07025,1,103000,60900,7.8,2110,0,False
L010590,C07026,2,53000,7000,22.0,2650,0,False
L010591,C07026,4,149000,85200,5.13,1570,0,False
L010592,C07027,2,28000,22600,20.52,1400,0,False
L010593,C07028,3,1331000,827700,2.9,5680,0,False
L010594,C07029,2,27000,22800,19.48,1350,1,False
L010595,C07029,3,1208000,998700,2.61,4720,0,False
L010596,C07030,2,29000,4200,15.02,1450,0,False
L010597,C07031,2,53000,26800,16.49,2650,1,False
L010598,C07032,1,200000,157100,4.95,3100,0,False
L010599,C07032,2,36000,10100,16.26,1800,3,True
L010600,C07032,3,1850000,996300,3.09,7350,2,False
L010601,C07033,3,2336000,1760800,3.03,10370,0,False
L010602,C07033,2,56000,22300,17.99,2800,0,False
L010603,C07033,4,331000,116900,6.39,10970,0,True
L010604,C07034,1,285000,171600,7.51,6290,0,False
L010605,C07035,3,2259000,1118300,3.02,10660,0,False
L010606,C07035,2,63000,11900,14.61,3150,0,False
L010607,C07036,4,206000,125600,8.43,2510,0,False
L010608,C07036,3,1881000,1636300,2.74,9340,0,False
L010609,C07037,4,95000,25800,11.03,1200,0,False
L010610,C07037,3,1520000,1442000,3.55,7820,4,False
L010611,C07037,1,323000,146000,6.72,5650,0,False
L010612,C07038,1,397000,271900,6.73,16810,1,False
L010613,C07038,3,1257000,1029100,2.88,5210,4,False
L010614,C07039,2,17000,5000,18.75,850,0,False
L010615,C07040,3,660000,489500,2.78,3100,0,False
L010616,C07040,4,152000,63800,6.74,1610,0,False
L010617,C07040,2,29000,6300,14.79,1450,2,False
L010618,C07041,1,270000,116900,4.69,8600,1,False
L010619,C07042,3,2828000,2315200,2.95,11650,0,False
L010620,C07042,2,66000,54100,16.27,3300,0,False
L010621,C07043,2,5000,4200,19.67,250,1,False
L010622,C07043,1,50000,22200,8.25,750,0,False
L010623,C07043,4,10000,6400,10.71,120,3,False
L010624,C07044,3,2118000,1518800,3.44,8340,0,False
L010625,C07045,3,935000,429500,3.33,3820,0,False
L010626,C07045,2,52000,15400,13.4,2600,0,False
L010627,C07045,4,217000,85000,6.89,5580,0,False
L010628,C07046,4,93000,61200,10.34,1140,0,False
L010629,C07046,2,57000,8700,10.7,2850,0,False
L010630,C07047,1,285000,83000,4.56,8470,4,True
L010631,C07048,2,6000,4800,18.11,300,2,True
L010632,C07049,1,156000,80200,8.74,2600,0,False
L010633,C07049,2,20000,5100,17.15,1000,0,False
L010634,C07050,1,181000,50900,8.35,3020,0,False
L010635,C07050,3,1376000,775200,2.83,5980,0,False
L010636,C07051,1,116000,32800,7.02,1830,0,False
L010637,C07051,3,1001000,521300,2.44,3430,1,False
L010638,C07052,2,66000,50600,16.03,3300,0,False
L010639,C07052,3,1970000,889900,2.2,6990,1,False
L010640,C07052,4,392000,314700,9.61,5950,0,True
L010641,C07053,2,10000,4100,16.51,500,0,False
L010642,C07054,2,7000,3700,22.04,350,0,False
L010643,C07055,2,46000,27800,14.35,2300,4,False
L010644,C07056,3,983000,463600,3.17,3870,0,False
L010645,C07056,2,23000,9100,18.66,1150,0,False
L010646,C07057,2,12000,7300,15.9,600,0,False
L010647,C07057,4,21000,11600,7.08,250,0,False
L010648,C07058,2,10000,3100,21.85,500,0,False
L010649,C07059,1,96000,38400,4.04,3020,0,False
L010650,C07060,3,746000,673700,3.12,3730,0,False
L010651,C07061,3,1328000,699000,3.01,5890,0,False
L010652,C07062,3,1635000,784300,3.29,7050,0,False
L010653,C07062,2,31000,14000,14.35,1550,0,False
L010654,C07063,3,2067000,1220500,3.13,7560,2,False
L010655,C07063,4,109000,49200,4.68,2150,1,False
L010656,C07063,2,35000,27600,18.41,1750,0,False
L010657,C07064,2,8000,3400,15.67,400,0,False
L010658,C07065,1,344000,137600,5.24,7200,0,False
L010659,C07065,3,1079000,986600,3.05,4770,0,False
L010660,C07066,4,56000,36500,10.51,1350,0,False
L010661,C07066,2,7000,5200,18.56,350,0,False
L010662,C07066,1,79000,63800,9.52,3310,2,False
L010663,C07067,2,36000,22500,15.82,1800,0,False
L010664,C07068,3,2496000,1546300,3.17,11630,0,False
L010665,C07069,2,11000,4300,16.94,550,0,False
L010666,C07070,2,6000,1400,22.14,300,1,False
L010667,C07071,1,50000,37100,6.62,1170,2,False
L010668,C07072,2,5000,1600,18.49,250,0,False
L010669,C07073,1,88000,77000,9.93,1550,0,False
L010670,C07074,2,43000,16600,15.45,2150,1,False
L010671,C07075,3,1983000,1031500,2.99,8300,0,False
L010672,C07076,3,924000,841300,2.99,4500,0,False
L010673,C07077,3,2059000,1231700,2.59,8230,0,False
L010674,C07077,4,72000,63200,12.71,1910,0,False
L010675,C07078,1,103000,67200,5.9,1810,1,True
L010676,C07079,3,1300000,752600,2.2,5550,0,False
L010677,C07079,2,26000,1400,19.13,1300,0,False
L010678,C07080,4,383000,188300,10.08,6740,0,False
L010679,C07081,3,1999000,1535500,3.31,9820,0,False
L010680,C07081,4,202000,81800,8.29,2450,0,False
L010681,C07081,2,19000,12000,18.42,950,0,False
L010682,C07082,2,43000,12100,15.8,2150,0,False
L010683,C07082,1,275000,96300,7.16,6730,2,False
L010684,C07083,2,70000,22700,12.4,3500,0,False
L010685,C07083,4,338000,275000,9.01,12560,0,False
L010686,C07084,2,33000,2500,16.07,1650,0,False
L010687,C07084,1,248000,173800,6.31,4530,0,False
L010688,C07085,1,222000,116500,5.9,4060,0,False
L010689,C07086,2,12000,8200,19.16,600,0,False
L010690,C07087,2,15000,5100,16.22,750,0,False
L010691,C07088,3,2473000,1325700,2.88,9330,0,False
L010692,C07088,1,253000,102700,3.76,3590,0,False
L010693,C07088,2,43000,7700,19.03,2150,2,False
L010694,C07089,3,1515000,1176500,3.05,6640,0,False
L010695,C07090,2,34000,11000,17.83,1700,0,False
L010696,C07090,3,1477000,1139700,2.73,6190,4,True
L010697,C07090,4,320000,266000,8.58,9080,0,False
L010698,C07091,2,49000,33900,13.84,2450,0,False
L010699,C07091,3,1109000,842500,2.82,4410,0,False
L010700,C07092,3,961000,590800,2.74,4320,0,False
L010701,C07093,3,613000,404500,2.62,2730,0,False
L010702,C07094,3,1860000,1611900,3.01,8040,0,False
L010703,C07094,2,31000,9900,17.23,1550,1,False
L010704,C07095,4,187000,56700,9.55,2070,0,False
L010705,C07095,1,263000,152200,7.62,8130,0,False
L010706,C07096,2,12000,700,11.96,600,0,False
L010707,C07096,3,2144000,1434800,3.31,8830,0,False
L010708,C07097,3,716000,484500,3.3,2950,0,False
L010709,C07098,4,219000,124300,8.45,2480,0,False
L010710,C07099,1,67000,55800,7.19,1510,0,False
L010711,C07099,4,144000,74900,7.97,3670,0,False
L010712,C07099,2,20000,13600,18.67,1000,0,False
L010713,C07100,3,1008000,473800,3.39,3650,0,False
L010714,C07101,2,12000,2700,14.33,600,1,False
L010715,C07102,1,392000,325900,5.01,5810,0,False
L010716,C07103,4,40000,15600,5.98,580,1,False
L010717,C07103,2,16000,1000,20.75,800,0,False
L010718,C07104,1,297000,121500,6.75,4280,2,False
L010719,C07104,3,1376000,721800,2.72,5530,0,False
L010720,C07105,4,53000,14100,10.22,1070,1,False
L010721,C07105,1,249000,102400,7.91,3560,3,False
L010722,C07105,3,1296000,820100,2.7,6210,2,False
L010723,C07106,2,5000,1000,17.72,250,0,False
L010724,C07107,2,7000,1000,19.44,350,0,False
L010725,C07107,4,36000,16900,9.69,410,0,False
L010726,C07108,2,36000,15500,18.78,1800,2,False
L010727,C07108,3,777000,680200,3.01,4030,0,False
L010728,C07109,3,1225000,1107100,2.66,6090,2,False
L010729,C07110,2,13000,7300,16.77,650,0,False
L010730,C07110,1,121000,98900,7.73,1820,0,False
L010731,C07111,2,27000,6100,18.92,1350,0,False
L010732,C07111,1,251000,124400,7.96,7350,0,False
L010733,C07112,1,126000,78000,6.38,1950,1,False
L010734,C07113,2,43000,6800,22.0,2150,0,False
L010735,C07114,2,49000,38200,18.34,2450,0,False
L010736,C07114,3,1494000,951800,3.07,5910,1,False
L010737,C07115,2,25000,16100,16.09,1250,2,False
L010738,C07115,4,193000,115100,11.94,3820,0,False
L010739,C07116,3,1794000,1666100,2.91,8840,1,False
L010740,C07117,2,17000,13300,18.28,850,0,False
L010741,C07118,2,12000,4800,21.13,600,0,False
L010742,C07119,1,440000,168200,9.03,8690,2,False
L010743,C07120,3,1780000,1368700,3.06,8490,0,False
L010744,C07121,4,97000,39700,11.54,1730,0,False
L010745,C07122,3,2220000,1094400,3.13,9570,0,False
L010746,C07122,2,42000,35100,12.63,2100,0,False
L010747,C07123,2,18000,13000,16.9,900,2,True
L010748,C07123,4,227000,110000,11.0,4340,0,False
L010749,C07124,2,22000,7900,18.44,1100,0,False
L010750,C07125,3,1152000,944900,2.52,4410,0,False
L010751,C07126,3,1949000,1271900,2.91,9410,0,False
L010752,C07126,2,29000,11700,21.98,1450,0,False
L010753,C07127,2,8000,5100,16.85,400,0,False
L010754,C07127,4,45000,25700,13.84,1330,0,False
L010755,C07128,3,2145000,1344600,2.28,8150,1,False
L010756,C07128,1,386000,116900,7.28,9380,4,False
L010757,C07128,2,21000,13100,18.12,1050,1,False
L010758,C07129,3,1930000,1759100,3.25,8290,1,False
L010759,C07130,2,13000,1100,15.65,650,2,False
L010760,C07131,3,1436000,887100,3.05,5400,0,False
L010761,C07131,1,217000,54800,5.89,4060,0,False
L010762,C07132,2,12000,5200,21.36,600,0,False
L010763,C07132,1,50000,16900,8.31,1000,0,False
L010764,C07133,2,5000,1300,18.81,250,0,False
L010765,C07134,1,105000,76600,7.08,1520,0,False
L010766,C07135,3,2963000,1979500,2.2,14060,0,False
L010767,C07135,4,375000,300400,5.54,6510,0,False
L010768,C07136,3,1793000,1351400,2.73,8420,1,False
L010769,C07136,2,33000,7400,13.55,1650,0,False
L010770,C07137,4,107000,94100,12.74,1640,0,False
L010771,C07138,4,123000,45600,6.61,2310,0,False
L010772,C07138,1,64000,38500,6.64,920,0,False
L010773,C07138,3,782000,511500,3.48,3700,0,False
L010774,C07139,4,124000,56700,8.33,1420,0,False
L010775,C07140,3,2039000,1619900,2.81,8490,0,False
L010776,C07140,4,234000,170700,8.24,2830,0,False
L010777,C07141,3,1045000,636100,3.33,5060,4,False
L010778,C07142,3,1756000,1210300,3.28,8180,0,False
L010779,C07143,3,1215000,1060700,2.73,4870,0,False
L010780,C07144,3,2263000,1358900,3.24,9930,0,False
L010781,C07145,2,37000,2500,15.2,1850,0,False
L010782,C07146,3,2565000,1927000,2.62,12100,3,False
L010783,C07146,1,312000,153300,4.59,6980,2,False
L010784,C07146,4,383000,153300,7.66,6420,1,False
L010785,C07147,3,1301000,942400,2.78,4840,3,False
L010786,C07148,2,17000,9800,17.95,850,0,False
L010787,C07149,2,61000,37000,13.63,3050,0,False
L010788,C07150,4,165000,111700,6.56,2650,0,False
L010789,C07150,3,1868000,981600,3.25,6780,0,False
L010790,C07151,1,101000,73200,8.61,2370,0,False
L010791,C07151,2,16000,9500,24.0,800,0,True
L010792,C07151,3,750000,340400,5.51,3820,4,True
L010793,C07151,4,89000,24700,13.92,2910,2,False
L010794,C07152,3,1033000,569900,2.67,4580,0,False
L010795,C07153,3,1011000,759300,3.05,4940,0,False
L010796,C07154,2,37000,26100,17.43,1850,0,False
L010797,C07154,1,254000,200100,7.02,4080,0,False
L010798,C07155,3,1284000,654100,3.4,4850,0,False
L010799,C07156,3,2100000,1837600,2.2,9530,0,False
L010800,C07156,4,198000,127300,6.11,2050,0,False
L010801,C07157,3,1953000,1530000,3.15,8310,0,False
L010802,C07157,2,22000,9700,12.37,1100,0,False
L010803,C07158,1,316000,80500,6.55,11750,0,False
L010804,C07159,3,2263000,1774000,3.04,9530,0,False
L010805,C07159,2,50000,23600,16.4,2500,3,False
L010806,C07160,1,103000,38500,6.51,2520,0,False
L010807,C07161,2,35000,21400,12.35,1750,0,False
L010808,C07162,3,2116000,1110400,2.52,8270,0,False
L010809,C07163,3,1361000,949900,3.06,5480,1,False
L010810,C07163,1,274000,123400,6.51,7210,4,False
L010811,C07164,3,1606000,822800,3.23,7870,0,False
L010812,C07165,3,1926000,1518600,2.27,8290,0,False
L010813,C07166,2,9000,6400,14.36,450,0,False
L010814,C07167,2,31000,22100,19.97,1550,0,False
L010815,C07168,2,30000,15400,19.95,1500,1,False
L010816,C07169,3,758000,366000,3.32,3470,0,False
L010817,C07169,4,71000,51400,11.3,1220,0,False
L010818,C07170,4,243000,66000,7.61,3520,0,False
L010819,C07171,3,1743000,1064900,2.95,8500,0,False
L010820,C07172,3,808000,596100,2.88,3360,0,False
L010821,C07173,2,9000,6100,18.21,450,0,False
L010822,C07174,4,285000,129500,8.37,6960,0,False
L010823,C07175,4,158000,39700,7.13,4100,0,False
L010824,C07176,3,1962000,1012400,3.71,8270,2,False
L010825,C07177,3,563000,505100,3.17,2460,0,False
L010826,C07177,4,102000,47200,7.22,4090,3,False
L010827,C07177,2,16000,10300,21.61,800,4,False
L010828,C07178,3,1974000,1821700,3.38,8530,0,False
L010829,C07179,4,183000,77600,6.25,2200,0,False
L010830,C07179,2,44000,29500,18.52,2200,1,False
L010831,C07180,4,197000,97000,6.7,2650,0,False
L010832,C07180,3,1174000,1038900,2.91,4960,1,True
L010833,C07181,1,50000,29000,7.08,1540,1,False
L010834,C07182,3,1769000,1368300,2.42,8460,0,False
L010835,C07182,2,47000,27900,19.76,2350,0,False
L010836,C07183,3,603000,353500,3.43,2730,0,False
L010837,C07184,3,1111000,675200,3.15,4130,0,False
L010838,C07185,1,78000,48900,8.76,1210,0,False
L010839,C07185,4,100000,24800,8.81,1220,0,False
L010840,C07185,2,12000,3100,19.61,600,0,False
L010841,C07186,2,13000,4900,16.08,650,0,False
L010842,C07186,4,94000,58100,10.12,2680,0,False
L010843,C07187,3,2607000,1610900,3.1,12430,0,False
L010844,C07187,4,248000,66400,6.65,2850,3,False
L010845,C07188,1,237000,101300,5.52,8050,0,False
L010846,C07189,3,1087000,717900,3.46,4580,1,False
L010847,C07190,2,18000,1500,13.68,900,0,False
L010848,C07190,1,62000,32800,7.51,1240,0,True
L010849,C07190,4,63000,34900,12.93,1500,0,False
L010850,C07191,2,23000,17400,16.36,1150,0,False
L010851,C07191,4,38000,21400,10.09,580,0,False
L010852,C07191,3,686000,585700,2.71,3330,0,False
L010853,C07192,2,28000,6700,19.12,1400,0,False
L010854,C07192,1,141000,115700,6.65,4200,0,False
L010855,C07193,3,2256000,1276700,2.66,8980,0,False
L010856,C07193,2,30000,12800,12.63,1500,0,False
L010857,C07194,1,76000,58000,5.76,1710,1,False
L010858,C07194,3,1779000,983900,3.1,8590,0,False
L010859,C07195,3,1432000,1174800,2.91,7090,0,False
L010860,C07196,3,2546000,1800200,2.51,10040,0,False
L010861,C07197,3,881000,420100,2.22,3790,0,False
L010862,C07198,2,19000,7700,21.78,950,0,False
L010863,C07198,4,107000,67200,10.7,1260,0,False
L010864,C07199,4,122000,102400,10.7,4760,0,False
L010865,C07199,3,1113000,951200,3.03,4860,1,False
L010866,C07200,3,1393000,1007500,2.51,5100,0,False
L010867,C07200,1,334000,231200,4.07,5230,1,False
L010868,C07200,2,35000,3200,17.99,1750,0,False
L010869,C07201,2,16000,3600,13.71,800,0,False
L010870,C07202,2,46000,3500,17.78,2300,0,False
L010871,C07203,3,2572000,2299900,2.72,10180,3,False
L010872,C07204,1,121000,98500,6.83,1920,0,False
L010873,C07205,3,428000,214100,3.94,1670,0,False
L010874,C07206,2,60000,38500,16.14,3000,0,False
L010875,C07207,3,1475000,956900,3.27,6190,0,False
L010876,C07208,2,40000,16300,13.6,2000,2,False
L010877,C07208,3,1225000,636300,3.37,5200,1,False
L010878,C07208,4,245000,160200,11.05,4910,2,False
L010879,C07208,1,337000,271400,7.45,5510,1,False
L010880,C07209,4,55000,24000,8.75,1510,1,False
L010881,C07209,2,15000,6000,20.35,750,1,False
L010882,C07209,1,106000,28200,7.86,1670,0,False
L010883,C07209,3,508000,455400,4.68,2560,2,False
L010884,C07210,3,1441000,1027600,2.69,5860,0,False
L010885,C07210,4,54000,15800,7.12,1100,0,False
L010886,C07211,3,2185000,1451500,2.66,9740,1,False
L010887,C07212,2,20000,11500,19.59,1000,2,False
L010888,C07213,4,121000,103200,9.17,1850,0,False
L010889,C07214,1,78000,25100,8.1,3230,0,False
L010890,C07215,3,1890000,1373700,2.75,7100,1,False
L010891,C07215,2,33000,25100,19.05,1650,1,False
L010892,C07216,1,53000,43100,7.76,920,0,False
L010893,C07217,1,80000,36000,8.81,1230,0,False
L010894,C07217,2,5000,3000,21.17,250,0,False
L010895,C07217,4,66000,42700,9.81,1060,0,False
L010896,C07218,2,16000,12400,17.86,800,0,False
L010897,C07218,1,106000,43000,7.38,1730,0,False
L010898,C07218,4,127000,109300,13.09,4290,1,False
L010899,C07219,3,2028000,965900,3.29,8420,0,False
L010900,C07220,1,281000,223400,7.07,6020,0,False
L010901,C07221,3,975000,457000,2.67,4440,0,False
L010902,C07222,2,12000,2900,18.09,600,0,False
L010903,C07223,2,11000,9100,17.69,550,0,False
L010904,C07224,4,368000,320900,9.85,13300,0,False
L010905,C07224,3,1520000,933700,3.26,6030,3,False
L010906,C07224,2,71000,52400,18.83,3550,1,False
L010907,C07224,1,268000,217500,6.85,5100,0,False
L010908,C07225,3,952000,885700,3.12,5010,0,False
L010909,C07226,4,129000,95800,12.52,3130,0,False
L010910,C07226,3,1052000,530200,3.78,4330,0,False
L010911,C07227,4,58000,31200,9.36,1000,1,False
L010912,C07227,2,25000,17200,12.7,1250,1,True
L010913,C07227,3,793000,553800,3.46,3670,1,False
L010914,C07228,1,338000,281400,6.97,9660,0,False
L010915,C07229,3,1217000,752100,2.81,6020,0,False
L010916,C07230,3,1916000,1092600,2.49,6790,0,False
L010917,C07231,1,116000,65600,5.19,1640,0,False
L010918,C07232,2,49000,41000,14.15,2450,0,False
L010919,C07232,3,1379000,708000,3.01,5070,1,False
L010920,C07233,2,14000,4700,14.92,700,0,False
L010921,C07233,3,1006000,722700,3.51,4980,2,False
L010922,C07234,3,2026000,1430700,3.56,8070,0,False
L010923,C07234,2,62000,26900,18.22,3100,0,False
L010924,C07235,3,1983000,1089600,3.18,7110,0,False
L010925,C07235,4,67000,18800,8.96,720,0,False
L010926,C07235,2,56000,42100,13.49,2800,0,False
L010927,C07236,4,88000,37400,12.04,1410,0,False
L010928,C07237,2,11000,9300,19.0,550,1,False
L010929,C07238,2,51000,38300,12.91,2550,0,False
L010930,C07239,3,1501000,970100,2.75,7210,0,False
L010931,C07240,2,58000,33900,13.98,2900,2,False
L010932,C07241,1,77000,67300,8.2,1890,0,False
L010933,C07241,2,28000,1600,18.53,1400,0,False
L010934,C07242,2,51000,31300,17.46,2550,0,False
L010935,C07243,4,175000,78700,6.29,2400,0,False
L010936,C07243,2,49000,19500,14.78,2450,0,False
L010937,C07244,3,2170000,1445500,3.75,10970,0,False
L010938,C07244,1,421000,172600,7.69,7230,0,False
L010939,C07245,3,1802000,1532800,3.08,7320,0,False
L010940,C07246,2,7000,3300,17.13,350,1,False
L010941,C07246,4,20000,10900,10.14,240,0,False
L010942,C07247,2,13000,6500,17.87,650,1,False
L010943,C07248,1,50000,25600,5.99,1570,0,False
L010944,C07249,4,75000,62900,11.25,1150,0,False
L010945,C07250,4,95000,71500,10.12,1790,1,False
L010946,C07251,2,14000,6600,18.32,700,0,False
L010947,C07251,3,1024000,627600,3.49,5200,0,False
L010948,C07252,3,1101000,803900,3.59,5370,0,False
L010949,C07252,2,18000,3600,17.4,900,1,False
L010950,C07253,3,1261000,1159800,2.54,5960,1,False
L010951,C07253,1,438000,356400,6.84,13810,1,False
L010952,C07254,3,1621000,1497200,3.14,8510,0,False
L010953,C07255,3,1021000,700000,3.1,4710,0,False
L010954,C07255,2,18000,4700,16.81,900,0,False
L010955,C07256,3,2303000,1291900,3.03,10080,3,False
L010956,C07256,4,185000,131200,8.6,2850,4,False
L010957,C07256,1,451000,344800,5.85,8730,0,False
L010958,C07256,2,60000,15300,16.29,3000,3,True
L010959,C07257,1,50000,41900,8.75,1080,0,False
L010960,C07258,2,6000,3300,17.59,300,0,False
L010961,C07259,3,2187000,1312400,2.96,9890,1,False
L010962,C07259,1,171000,89200,7.53,2420,3,False
L010963,C07260,3,1690000,804000,4.02,8260,0,False
L010964,C07261,3,1819000,1670400,3.05,8490,0,False
L010965,C07261,4,148000,71000,10.58,1850,1,False
L010966,C07261,2,14000,9200,19.73,700,0,False
L010967,C07262,2,38000,20100,20.39,1900,0,False
L010968,C07262,4,156000,84700,10.76,1850,0,False
L010969,C07263,1,128000,94200,5.26,2140,0,False
L010970,C07264,1,205000,130900,6.53,7650,0,False
L010971,C07265,2,19000,4700,14.24,950,0,False
L010972,C07266,1,133000,63500,7.24,3230,0,False
L010973,C07266,4,174000,55300,9.17,4840,0,False
L010974,C07267,2,5000,4100,15.35,250,2,False
L010975,C07268,2,28000,11800,19.18,1400,0,False
L010976,C07268,4,186000,149000,8.12,6270,0,False
L010977,C07269,3,1399000,1003900,2.36,6720,1,False
L010978,C07270,2,14000,1700,15.72,700,0,False
L010979,C07270,1,70000,25600,8.07,1510,0,False
L010980,C07271,2,10000,6800,16.41,500,1,False
L010981,C07271,1,101000,52100,9.27,1750,0,False
L010982,C07272,1,88000,22800,4.5,3850,0,False
L010983,C07273,2,21000,13200,18.55,1050,0,False
L010984,C07274,2,22000,13100,18.17,1100,0,True
L010985,C07275,2,43000,20400,14.32,2150,0,False
L010986,C07276,2,15000,9600,12.26,750,0,False
L010987,C07276,3,630000,400400,2.53,2270,0,False
L010988,C07277,1,363000,271200,7.48,9370,1,False
L010989,C07278,3,590000,277700,3.43,2080,0,False
L010990,C07278,2,8000,600,16.11,400,0,False
L010991,C07279,2,14000,7700,20.72,700,0,False
L010992,C07280,2,57000,23400,14.0,2850,0,False
L010993,C07281,2,23000,7500,18.38,1150,0,False
L010994,C07282,3,878000,549800,3.07,4260,0,False
L010995,C07283,4,359000,295200,6.26,7840,1,False
L010996,C07284,3,1263000,695200,3.11,5130,0,False
L010997,C07285,3,2063000,1448300,3.01,7990,1,True
L010998,C07285,2,41000,18300,21.89,2050,0,False
L010999,C07285,4,105000,87600,6.48,2080,0,False
L011000,C07286,1,507000,278600,7.33,8640,0,False
L011001,C07287,2,54000,38600,18.49,2700,0,False
L011002,C07288,3,1093000,753600,3.1,4960,0,False
L011003,C07289,4,281000,136000,9.14,5240,0,False
L011004,C07289,3,993000,695100,3.47,4800,0,False
L011005,C07290,1,148000,123300,5.39,2460,0,False
L011006,C07291,1,108000,72000,7.77,1920,0,False
L011007,C07291,2,10000,6700,18.37,500,0,False
L011008,C07292,4,12000,7800,6.5,130,1,True
L011009,C07293,3,2256000,1821100,2.79,9070,0,False
L011010,C07294,2,46000,35100,17.1,2300,0,False
L011011,C07294,3,2029000,1002800,3.27,7280,0,False
L011012,C07294,1,233000,75600,7.52,3400,0,False
L011013,C07295,3,1363000,900500,3.6,6540,0,False
L011014,C07295,4,57000,27800,6.54,1110,0,False
L011015,C07296,3,995000,942100,3.35,4460,1,False
L011016,C07297,4,253000,152200,10.49,7330,0,False
L011017,C07297,3,1257000,1002700,2.44,5500,1,False
L011018,C07298,4,62000,37800,11.04,1590,0,False
L011019,C07298,3,1852000,960800,2.72,6920,1,False
L011020,C07298,2,23000,13400,10.0,1150,0,False
L011021,C07299,3,1909000,1419400,2.69,9550,0,False
L011022,C07300,2,19000,3600,19.8,950,0,False
L011023,C07301,1,335000,185800,7.11,4810,2,False
L011024,C07302,2,24000,18000,20.79,1200,0,False
L011025,C07303,3,2030000,1869800,3.33,8770,1,False
L011026,C07304,4,33000,14000,9.25,930,0,False
L011027,C07305,4,40000,9900,7.5,460,0,False
L011028,C07306,4,191000,76400,7.12,2310,0,False
L011029,C07307,4,96000,78100,6.8,1660,0,False
L011030,C07308,3,1764000,982500,3.16,6980,0,False
L011031,C07309,1,116000,71100,6.47,3950,0,False
L011032,C07310,2,12000,600,16.24,600,0,False
L011033,C07311,3,1234000,716100,2.51,5330,0,False
L011034,C07312,3,1726000,1151100,3.26,7990,1,False
L011035,C07313,4,376000,129800,6.57,16630,0,False
L011036,C07314,2,22000,9100,20.68,1100,0,False
L011037,C07315,1,50000,34600,9.07,1960,0,True
L011038,C07316,3,1462000,692400,3.44,5180,0,False
L011039,C07317,2,22000,18200,19.09,1100,0,False
L011040,C07318,2,27000,16900,15.09,1350,0,False
L011041,C07319,2,5000,2800,21.27,250,0,False
L011042,C07320,2,30000,24700,14.44,1500,1,False
L011043,C07321,2,57000,13500,14.8,2850,1,False
L011044,C07322,4,339000,188900,9.5,5780,0,False
L011045,C07322,3,2147000,1613600,3.14,8830,0,False
L011046,C07323,3,2052000,1477200,2.86,9640,0,False
L011047,C07324,1,162000,65700,5.53,4030,0,False
L011048,C07325,2,5000,1800,21.63,250,0,False
L011049,C07326,2,5000,300,12.39,250,0,False
L011050,C07327,3,1415000,1288600,2.84,7300,0,False
L011051,C07328,4,74000,35400,9.06,990,0,False
L011052,C07329,4,71000,49200,10.32,920,1,False
L011053,C07329,3,1919000,1431100,3.26,7740,0,False
L011054,C07329,2,31000,2800,17.5,1550,1,False
L011055,C07330,3,2387000,1466300,3.38,11870,0,False
L011056,C07330,1,252000,183200,7.04,5660,0,False
L011057,C07330,4,193000,45400,10.93,2110,0,False
L011058,C07331,1,194000,151700,7.32,5550,0,False
L011059,C07332,3,1468000,835300,2.77,5830,3,False
L011060,C07333,3,759000,483600,3.09,2800,0,False
L011061,C07334,2,79000,24800,19.68,3950,0,False
L011062,C07335,4,319000,217200,6.98,6880,0,False
L011063,C07336,3,1638000,805200,3.0,6240,0,False
L011064,C07336,1,274000,228700,6.61,4040,1,False
L011065,C07336,4,149000,31800,9.76,1650,0,False
L011066,C07337,2,6000,2100,18.96,300,1,False
L011067,C07338,1,275000,145600,9.22,4240,0,False
L011068,C07338,2,48000,10000,13.45,2400,0,False
L011069,C07339,3,2003000,1041300,2.77,8560,0,False
L011070,C07339,2,36000,1800,15.42,1800,1,False
L011071,C07340,1,297000,188500,7.82,8200,0,False
L011072,C07341,3,1414000,1032800,3.19,7200,0,False
L011073,C07341,2,57000,29700,16.59,2850,0,False
L011074,C07342,2,22000,10200,20.26,1100,0,False
L011075,C07343,2,41000,28900,19.11,2050,0,False
L011076,C07344,3,1955000,1371000,3.06,8930,0,False
L011077,C07344,4,219000,58700,12.69,4860,0,False
L011078,C07345,3,1994000,1091600,3.08,9030,0,False
L011079,C07346,2,57000,35300,14.93,2850,0,False
L011080,C07346,3,2448000,1499400,2.67,10350,0,False
L011081,C07347,2,45000,28200,14.94,2250,0,False
L011082,C07348,1,386000,121600,9.21,11570,1,False
L011083,C07348,2,32000,21800,19.6,1600,1,False
L011084,C07348,3,1944000,1716400,2.44,7650,0,False
L011085,C07349,3,1475000,664600,3.7,7190,3,False
L011086,C07350,4,38000,20000,6.51,1390,0,False
L011087,C07351,2,24000,19300,20.09,1200,0,False
L011088,C07352,2,19000,2400,19.42,950,0,False
L011089,C07352,1,111000,60800,8.35,1670,0,False
L011090,C07353,2,75000,49000,20.42,3750,2,False
L011091,C07353,3,2238000,1104500,3.25,8270,1,False
L011092,C07353,1,388000,150400,7.67,17250,3,False
L011093,C07353,4,246000,88300,15.3,10450,1,False
L011094,C07354,2,53000,5200,13.8,2650,0,False
L011095,C07354,4,223000,109200,12.74,4270,1,False
L011096,C07355,3,1300000,658700,2.37,5420,0,False
L011097,C07356,1,360000,289900,6.48,6870,0,False
L011098,C07357,4,142000,75200,7.25,1690,0,False
L011099,C07358,1,85000,55500,8.74,2990,0,False
L011100,C07359,3,1185000,675200,2.2,4070,0,False
L011101,C07360,3,1852000,1371000,3.07,7350,0,True
L011102,C07360,2,33000,12500,19.12,1650,0,False
L011103,C07360,4,194000,130500,9.48,3990,0,False
L011104,C07361,3,2328000,2211600,3.09,10220,0,False
L011105,C07362,2,20000,8100,14.31,1000,0,False
L011106,C07362,3,2152000,1975100,2.59,10170,1,False
L011107,C07363,3,2118000,1788200,3.02,9180,1,False
L011108,C07363,2,16000,11300,16.7,800,2,False
L011109,C07363,1,117000,30000,6.25,2230,0,False
L011110,C07364,3,1296000,692800,3.01,5550,1,False
L011111,C07364,2,68000,26800,15.75,3400,0,False
L011112,C07365,2,51000,34800,14.91,2550,0,False
L011113,C07365,3,2225000,1223900,3.38,8870,0,False
L011114,C07366,2,20000,12900,19.95,1000,0,False
L011115,C07367,4,189000,115700,8.27,3000,4,True
L011116,C07367,1,166000,119900,6.32,3970,0,False
L011117,C07368,1,130000,113000,5.5,3800,3,False
L011118,C07368,2,21000,11100,16.07,1050,0,False
L011119,C07368,4,93000,79500,7.58,1050,0,False
L011120,C07368,3,443000,307300,4.55,1910,1,False
L011121,C07369,3,1168000,919200,2.46,4490,0,False
L011122,C07370,3,519000,304800,2.87,1860,0,False
L011123,C07370,4,111000,55900,7.76,1940,0,False
L011124,C07371,1,263000,220900,7.15,4270,0,False
L011125,C07371,3,899000,421100,2.9,4080,0,False
L011126,C07372,2,34000,7000,19.11,1700,0,False
L011127,C07373,2,12000,1000,15.84,600,0,False
L011128,C07374,3,1557000,1311000,2.61,7250,0,False
L011129,C07374,2,24000,8200,13.33,1200,0,False
L011130,C07375,3,1414000,841900,2.86,5060,0,False
L011131,C07376,1,170000,82700,7.71,6650,0,False
L011132,C07377,4,62000,52600,11.0,1380,1,False
L011133,C07378,3,1795000,1108400,2.62,7260,1,False
L011134,C07378,2,44000,10100,15.22,2200,0,False
L011135,C07378,1,201000,104800,5.43,3080,0,False
L011136,C07379,3,1604000,1228600,3.0,7970,0,False
L011137,C07380,3,1159000,1054600,2.95,5950,0,False
L011138,C07380,1,270000,116700,8.08,3660,1,False
L011139,C07381,4,198000,147400,7.33,2940,0,False
L011140,C07381,3,1221000,877900,2.79,5390,0,False
L011141,C07382,3,1978000,1835700,3.31,10690,0,False
L011142,C07383,3,1090000,498700,2.88,4030,0,False
L011143,C07384,1,94000,32600,7.53,1270,0,False
L011144,C07384,4,221000,153100,8.89,9620,0,False
L011145,C07385,1,414000,201800,5.53,7450,0,False
L011146,C07386,2,53000,11600,15.31,2650,0,False
L011147,C07387,2,23000,14700,15.95,1150,0,False
L011148,C07388,2,54000,33400,17.27,2700,1,False
L011149,C07389,4,186000,85100,4.93,2930,0,False
L011150,C07390,2,58000,44600,11.68,2900,0,False
L011151,C07391,3,1047000,742000,3.25,4070,0,False
L011152,C07392,2,11000,6600,17.58,550,0,False
L011153,C07392,4,25000,6600,12.23,370,1,False
L011154,C07393,3,1249000,777700,3.07,5150,0,False
L011155,C07393,4,39000,14900,8.99,610,0,False
L011156,C07394,3,1418000,872200,2.72,5700,1,False
L011157,C07395,1,227000,88300,6.87,3210,0,False
L011158,C07396,2,33000,8100,20.67,1650,0,False
L011159,C07397,3,1144000,698200,3.77,5510,0,False
L011160,C07398,4,71000,38400,7.44,980,0,False
L011161,C07398,2,20000,12700,16.53,1000,0,False
L011162,C07399,4,256000,213800,9.55,3290,0,False
L011163,C07400,2,28000,4500,18.28,1400,0,False
L011164,C07401,4,265000,96800,9.0,3730,0,False
L011165,C07402,2,36000,12300,16.13,1800,0,False
L011166,C07402,4,243000,107600,12.6,2960,0,False
L011167,C07403,3,2047000,947300,2.84,7080,2,False
L011168,C07403,2,52000,39500,20.47,2600,0,False
L011169,C07404,4,416000,123300,7.43,4810,0,False
L011170,C07404,2,57000,43700,19.64,2850,0,False
L011171,C07405,2,73000,48600,16.62,3650,0,False
L011172,C07406,4,226000,157000,10.94,2950,0,False
L011173,C07407,3,1830000,1523900,2.83,8920,4,False
L011174,C07408,3,987000,662900,3.23,4430,0,False
L011175,C07409,1,50000,16800,9.1,1270,0,False
L011176,C07410,4,213000,87000,11.6,3010,0,False
L011177,C07411,4,144000,66400,7.43,3380,0,False
L011178,C07411,2,12000,700,14.93,600,0,False
L011179,C07412,3,2873000,1892600,3.01,14020,1,False
L011180,C07413,1,155000,46300,4.31,2020,0,False
L011181,C07413,3,1635000,1237600,2.55,7960,0,False
L011182,C07414,3,804000,612400,2.28,2880,0,False
L011183,C07414,4,69000,50900,13.32,1240,0,False
L011184,C07415,2,54000,17100,22.3,2700,0,False
L011185,C07415,4,387000,79000,7.93,13470,0,False
L011186,C07416,2,22000,4300,22.5,1100,0,False
L011187,C07417,1,344000,157900,8.23,6430,0,False
L011188,C07418,2,54000,39500,12.81,2700,0,False
L011189,C07418,1,372000,167600,5.87,8420,0,False
L011190,C07419,4,94000,36200,13.91,1290,1,False
L011191,C07420,1,121000,84700,8.33,3140,0,False
L011192,C07421,2,31000,17600,14.72,1550,0,False
L011193,C07422,3,1985000,900100,3.15,7190,0,False
L011194,C07422,4,168000,142900,5.41,2070,2,False
L011195,C07423,3,2491000,2046500,2.92,11200,0,False
L011196,C07423,2,36000,15500,19.2,1800,4,False
L011197,C07424,2,29000,9000,14.81,1450,3,False
L011198,C07424,3,1263000,1096100,3.71,5780,0,True
L011199,C07424,1,253000,115900,8.16,4710,0,False
L011200,C07425,4,281000,220600,11.32,3840,0,False
L011201,C07425,3,1494000,969800,2.73,6510,0,False
L011202,C07426,2,21000,5900,17.53,1050,3,False
L011203,C07426,4,310000,136400,7.76,3800,0,False
L011204,C07426,3,1293000,933900,2.84,6320,0,False
L011205,C07427,3,1168000,746900,3.06,4350,0,False
L011206,C07428,1,264000,105700,9.14,4500,1,False
L011207,C07429,1,200000,113900,6.19,2680,0,False
L011208,C07430,1,50000,38100,7.73,910,0,False
L011209,C07431,3,2003000,1730100,2.2,8980,0,False
L011210,C07432,2,16000,12900,16.29,800,0,False
L011211,C07433,1,295000,233700,8.63,10250,0,False
L011212,C07433,3,1220000,977700,3.21,4970,0,False
L011213,C07434,1,300000,236200,9.28,6890,0,False
L011214,C07435,2,20000,5300,17.77,1000,0,False
L011215,C07435,1,196000,90600,5.82,4760,0,False
L011216,C07436,3,926000,703000,3.49,4690,0,False
L011217,C07436,1,206000,181300,7.47,3060,0,False
L011218,C07437,2,15000,1700,20.41,750,0,False
L011219,C07438,3,1248000,682600,2.76,4930,0,False
L011220,C07439,2,69000,14900,15.53,3450,0,False
L011221,C07439,3,1473000,757500,3.57,6440,1,False
L011222,C07439,1,209000,61900,7.46,2900,4,False
L011223,C07439,4,211000,96100,9.89,5230,0,False
L011224,C07440,4,369000,102400,11.76,6230,0,False
L011225,C07441,2,15000,10200,17.88,750,0,False
L011226,C07441,3,2028000,1108800,2.76,7600,0,False
L011227,C07442,2,5000,900,16.58,250,0,False
L011228,C07443,2,11000,8100,15.96,550,0,False
L011229,C07443,1,54000,38600,9.63,860,0,False
L011230,C07444,4,101000,25300,7.12,1890,0,False
L011231,C07444,2,6000,2300,17.37,300,0,False
L011232,C07445,3,1545000,1332100,2.78,7260,0,False
L011233,C07445,4,40000,30400,13.84,560,0,False
L011234,C07446,3,1027000,789200,2.65,3890,0,False
L011235,C07446,4,53000,37100,8.64,1830,0,False
L011236,C07447,2,18000,7800,19.41,900,0,False
L011237,C07447,4,73000,29000,11.68,1410,0,False
L011238,C07448,4,210000,117800,10.17,7900,0,False
L011239,C07449,3,3280000,2818800,3.14,16020,0,False
L011240,C07450,3,1248000,813500,2.2,4350,0,False
L011241,C07451,3,2142000,1346400,3.33,8750,0,False
L011242,C07452,3,1464000,1041200,3.08,7080,1,False
L011243,C07453,2,15000,3500,15.87,750,3,False
L011244,C07453,3,2205000,1012600,2.99,10290,1,True
L011245,C07454,3,962000,711000,3.0,3970,0,False
L011246,C07455,2,41000,8300,18.97,2050,1,False
L011247,C07455,3,2827000,2565900,3.26,14360,0,False
L011248,C07455,1,222000,60400,8.87,6960,0,False
L011249,C07456,3,2254000,1172000,2.79,8870,0,False
L011250,C07456,1,383000,156200,7.02,12510,0,False
L011251,C07456,2,34000,6400,16.94,1700,1,False
L011252,C07456,4,267000,120600,10.68,5820,1,False
L011253,C07457,1,346000,263700,6.79,9030,0,False
L011254,C07458,3,2318000,2183100,3.17,11150,0,False
L011255,C07459,2,26000,19700,17.67,1300,0,False
L011256,C07459,1,440000,202600,7.21,13320,1,False
L011257,C07460,3,1847000,1667700,2.78,7560,1,False
L011258,C07460,2,22000,6200,17.17,1100,0,False
L011259,C07461,3,1672000,1198700,2.6,6470,0,False
L011260,C07462,2,20000,13700,17.6,1000,0,False
L011261,C07463,2,16000,12700,21.67,800,1,False
L011262,C07463,1,58000,25100,7.08,1400,0,False
L011263,C07464,3,2257000,1621100,2.42,9780,2,False
L011264,C07464,1,221000,86300,6.08,3680,0,False
L011265,C07465,3,1144000,760200,2.7,4270,0,False
L011266,C07466,3,1294000,1174400,3.17,5520,0,False
L011267,C07467,3,919000,772400,2.98,3720,0,False
L011268,C07468,2,51000,12200,15.2,2550,0,False
L011269,C07469,3,1268000,1134100,2.27,5580,0,False
L011270,C07470,3,1416000,1209900,2.73,6240,0,False
L011271,C07471,3,843000,755600,2.88,4310,0,False
L011272,C07472,2,8000,2100,21.48,400,0,False
L011273,C07473,3,539000,391500,3.69,2190,0,False
L011274,C07474,2,30000,7200,17.74,1500,0,False
L011275,C07475,1,129000,80300,7.0,2260,1,False
L011276,C07475,3,2092000,1337700,2.85,9670,0,False
L011277,C07476,1,137000,99000,7.16,3510,0,False
L011278,C07476,3,1908000,1307900,3.03,7920,0,False
L011279,C07476,2,63000,26300,20.2,3150,0,False
L011280,C07476,4,269000,142700,6.85,2780,0,False
L011281,C07477,1,250000,69200,6.85,4280,0,False
L011282,C07478,2,27000,3800,14.75,1350,1,False
L011283,C07478,3,946000,669200,3.14,4390,0,False
L011284,C07479,2,33000,26600,18.49,1650,1,False
L011285,C07480,4,102000,57900,9.04,3280,0,False
L011286,C07481,2,31000,16000,16.72,1550,0,False
L011287,C07481,1,278000,78200,7.62,4610,0,False
L011288,C07481,3,1546000,1016500,3.1,7290,0,False
L011289,C07482,3,1080000,1024200,3.29,5460,0,False
L011290,C07482,4,63000,23200,10.39,1470,0,False
L011291,C07483,3,1250000,1048600,3.18,6170,0,False
L011292,C07484,3,1214000,1045300,2.73,5750,0,False
L011293,C07484,4,144000,102300,9.81,3750,0,True
L011294,C07484,2,49000,20900,20.05,2450,0,False
L011295,C07485,2,36000,9900,22.0,1800,0,False
L011296,C07486,2,55000,29700,18.48,2750,0,False
L011297,C07486,1,267000,157900,6.15,8740,1,False
L011298,C07487,2,18000,9000,17.63,900,1,True
L011299,C07488,2,24000,1900,15.57,1200,0,False
L011300,C07489,3,1140000,558700,3.33,5480,0,False
L011301,C07490,4,73000,62300,7.85,1000,0,False
L011302,C07491,3,1211000,1102200,3.08,6140,1,False
L011303,C07492,3,1405000,682100,3.37,5800,0,False
L011304,C07493,1,278000,97700,4.82,5350,3,False
L011305,C07493,3,1602000,1278800,3.12,7420,0,False
L011306,C07494,4,85000,39000,9.68,2610,1,False
L011307,C07494,1,216000,95800,5.66,7090,4,False
L011308,C07495,4,17000,5300,10.86,400,3,False
L011309,C07496,2,8000,400,15.43,400,0,False
L011310,C07497,2,10000,7500,13.58,500,0,False
L011311,C07498,1,53000,28200,6.25,1560,0,False
L011312,C07498,4,111000,68500,6.39,2100,0,False
L011313,C07499,2,25000,7600,18.31,1250,0,False
L011314,C07499,4,69000,60200,11.89,3060,0,False
L011315,C07500,2,61000,45100,18.68,3050,0,False
L011316,C07501,4,213000,102900,9.55,5860,0,False
L011317,C07502,3,880000,727500,3.2,4070,0,False
L011318,C07503,2,47000,29600,15.69,2350,0,False
L011319,C07503,1,338000,139700,9.07,13280,0,False
L011320,C07504,1,241000,101400,8.65,6030,0,False
L011321,C07505,4,61000,17100,11.01,650,0,False
L011322,C07505,2,20000,11100,18.79,1000,1,False
L011323,C07506,3,2219000,1105500,3.25,10300,0,False
L011324,C07507,2,83000,59600,22.0,4150,0,False
L011325,C07508,3,2032000,1918700,2.87,9290,0,False
L011326,C07509,3,2066000,1133200,3.65,10070,0,False
L011327,C07510,2,37000,26600,16.13,1850,2,False
L011328,C07511,3,953000,489900,3.05,3690,0,False
L011329,C07511,1,181000,77000,8.01,3240,0,False
L011330,C07512,2,8000,1300,13.95,400,0,False
L011331,C07512,4,133000,68100,7.29,1530,0,False
L011332,C07513,2,7000,5000,23.25,350,0,False
L011333,C07514,4,78000,62900,8.36,970,0,False
L011334,C07515,3,1956000,960700,3.0,8960,0,False
L011335,C07515,2,49000,19600,15.97,2450,0,False
L011336,C07516,1,64000,17200,5.86,860,0,False
L011337,C07516,2,9000,4800,18.68,450,0,False
L011338,C07517,3,2335000,1711600,2.88,8960,0,False
L011339,C07518,2,16000,6500,14.83,800,0,False
L011340,C07519,4,167000,61300,8.51,2900,0,False
L011341,C07520,2,25000,16100,17.55,1250,0,False
L011342,C07521,4,221000,52100,7.3,3240,0,False
L011343,C07521,3,1198000,777200,3.22,5550,2,False
L011344,C07522,4,414000,147400,8.71,10410,1,False
L011345,C07522,3,2626000,2072200,2.78,12960,0,False
L011346,C07523,1,450000,404900,4.72,6710,0,False
L011347,C07523,3,1849000,1122900,3.52,6960,0,False
L011348,C07524,3,1262000,1091200,2.42,5000,0,False
L011349,C07524,4,179000,55200,6.76,6310,1,False
L011350,C07525,4,164000,116200,8.99,2440,0,False
L011351,C07525,1,154000,81400,5.06,3570,0,False
L011352,C07525,3,2084000,1727500,3.22,10410,1,False
L011353,C07525,2,15000,10900,17.62,750,3,False
L011354,C07526,3,1786000,1434100,3.08,7850,1,False
L011355,C07526,4,254000,149700,11.87,7040,0,False
L011356,C07527,1,175000,107500,5.56,3850,0,False
L011357,C07527,4,237000,139800,7.11,3030,0,False
L011358,C07528,4,85000,43900,9.05,910,0,False
L011359,C07529,3,910000,864000,3.03,4280,0,False
L011360,C07530,4,257000,142500,8.75,4310,0,False
L011361,C07530,2,40000,25900,14.02,2000,0,False
L011362,C07531,3,2281000,1690500,3.16,11860,2,False
L011363,C07531,1,353000,199600,7.62,13160,1,False
L011364,C07532,3,1021000,816600,3.02,4430,0,False
L011365,C07533,1,210000,67200,4.94,7620,0,False
L011366,C07534,3,1435000,845000,3.33,5370,0,False
L011367,C07535,4,130000,103100,6.09,2090,0,False
L011368,C07536,3,2146000,1995500,2.54,8990,4,False
L011369,C07536,1,328000,293200,4.36,8700,0,False
L011370,C07537,2,24000,16000,17.21,1200,0,False
L011371,C07538,3,1603000,1180300,3.18,7640,0,False
L011372,C07539,3,719000,430700,2.64,2590,0,False
L011373,C07540,3,1787000,1402000,2.63,8240,0,False
L011374,C07540,4,126000,87400,9.9,1480,0,False
L011375,C07541,4,247000,149900,4.5,3180,0,False
L011376,C07542,2,34000,21800,19.26,1700,0,False
L011377,C07543,2,6000,3700,17.87,300,1,False
L011378,C07543,1,90000,67900,8.47,1670,1,False
L011379,C07544,4,71000,15300,8.01,1330,0,False
L011380,C07545,2,34000,20700,12.66,1700,0,False
L011381,C07546,2,14000,5900,19.33,700,0,False
L011382,C07547,3,2078000,1359500,4.06,10480,0,False
L011383,C07548,3,1726000,1421800,2.69,8430,0,False
L011384,C07548,1,120000,77900,7.33,2200,0,False
L011385,C07549,2,30000,13100,18.32,1500,0,False
L011386,C07550,3,1598000,766600,2.8,7390,0,False
L011387,C07551,4,122000,89600,9.24,3460,0,False
L011388,C07551,1,63000,50100,8.3,1410,0,False
L011389,C07552,1,131000,83700,7.07,3610,0,False
L011390,C07553,1,104000,27400,5.42,1780,1,False
L011391,C07553,4,91000,61900,9.99,2270,0,False
L011392,C07554,1,50000,20000,8.76,950,0,False
L011393,C07555,4,299000,202300,8.43,5070,0,False
L011394,C07556,1,229000,182800,6.99,3780,1,False
L011395,C07556,2,72000,6600,18.07,3600,0,False
L011396,C07556,3,1677000,1404800,2.74,7760,0,False
L011397,C07557,3,2408000,1240800,2.77,10080,0,False
L011398,C07557,2,46000,16700,16.79,2300,1,False
L011399,C07558,2,5000,3600,17.22,250,2,False
L011400,C07559,1,307000,276100,7.04,10060,0,False
L011401,C07560,4,146000,104500,8.98,2560,0,False
L011402,C07561,3,1063000,940300,2.8,5510,0,False
L011403,C07562,4,66000,24700,12.1,2610,0,False
L011404,C07562,2,7000,5800,16.71,350,3,False
L011405,C07563,4,310000,129900,10.03,3190,0,False
L011406,C07563,1,364000,253600,7.76,5580,0,False
L011407,C07564,4,91000,68600,9.24,3400,0,False
L011408,C07564,2,26000,20000,15.42,1300,2,False
L011409,C07565,3,1806000,1188100,2.57,7930,0,False
L011410,C07565,2,39000,20800,13.73,1950,0,False
L011411,C07565,1,225000,109800,3.88,3620,0,False
L011412,C07566,3,1269000,1202000,3.0,6310,1,False
L011413,C07566,2,28000,16900,18.38,1400,0,False
L011414,C07566,4,201000,55100,7.24,4770,4,False
L011415,C07567,3,718000,597400,2.96,2860,0,False
L011416,C07568,2,5000,3400,19.83,250,0,False
L011417,C07569,1,94000,83500,7.17,1400,0,False
L011418,C07569,3,1145000,944900,3.91,5780,0,False
L011419,C07569,2,32000,22600,19.35,1600,0,False
L011420,C07570,2,25000,12800,16.9,1250,0,False
L011421,C07571,3,1447000,901400,2.63,5730,0,False
L011422,C07572,2,29000,5400,16.8,1450,0,False
L011423,C07572,1,509000,337300,4.98,11620,0,False
L011424,C07573,1,271000,233800,6.29,4100,0,False
L011425,C07574,2,38000,9200,20.04,1900,4,False
L011426,C07575,2,12000,1000,20.48,600,0,False
L011427,C07576,3,1116000,1055600,2.95,4670,0,False
L011428,C07576,4,98000,64800,11.97,1200,0,False
L011429,C07576,2,26000,8600,17.77,1300,0,False
L011430,C07577,4,207000,48500,10.84,2340,0,False
L011431,C07578,1,335000,272100,4.45,7010,0,False
L011432,C07579,2,30000,9800,15.14,1500,1,False
L011433,C07580,3,1117000,774300,3.36,5280,0,False
L011434,C07581,1,270000,154200,6.7,7800,0,False
L011435,C07582,2,52000,18800,18.91,2600,0,False
L011436,C07583,2,5000,2100,17.43,250,1,False
L011437,C07584,3,2719000,2026700,3.48,13620,0,False
L011438,C07584,2,77000,28700,12.96,3850,0,False
L011439,C07585,4,186000,97700,9.67,2810,0,False
L011440,C07585,1,544000,294300,6.16,12120,0,False
L011441,C07586,3,1654000,828900,3.95,6940,0,False
L011442,C07586,2,20000,13900,15.44,1000,0,False
L011443,C07587,3,812000,529400,3.42,4050,0,False
L011444,C07587,4,119000,83600,11.34,2890,0,False
L011445,C07587,2,37000,9100,15.26,1850,0,False
L011446,C07588,2,50000,22900,14.32,2500,1,False
L011447,C07589,1,204000,130100,8.46,4010,0,False
L011448,C07589,2,13000,7300,12.05,650,0,True
L011449,C07590,4,245000,167100,12.5,4440,0,False
L011450,C07591,3,1074000,726200,4.0,5510,0,False
L011451,C07591,2,36000,19300,13.44,1800,0,False
L011452,C07592,3,2351000,2110500,2.81,9580,0,False
L011453,C07593,3,1272000,622900,3.26,5030,0,False
L011454,C07594,3,1315000,621300,2.92,5580,0,False
L011455,C07595,4,92000,28200,9.88,930,0,False
L011456,C07596,3,1019000,940600,2.88,5140,1,True
L011457,C07597,4,94000,40500,7.16,3810,0,False
L011458,C07598,2,20000,7300,14.36,1000,0,False
L011459,C07599,4,55000,39400,7.06,740,0,False
L011460,C07600,2,51000,3200,15.6,2550,2,False
L011461,C07601,3,1191000,713800,2.95,5660,0,False
L011462,C07601,4,347000,149100,9.17,4250,0,False
L011463,C07602,3,742000,620400,3.01,2980,0,False
L011464,C07603,4,93000,80700,9.46,1720,0,False
L011465,C07604,4,247000,173400,10.01,2980,1,False
L011466,C07605,1,444000,254200,6.69,11350,0,False
L011467,C07605,3,1539000,823500,2.32,6600,0,False
L011468,C07606,3,1033000,777400,3.52,4180,0,False
L011469,C07607,1,119000,63400,6.17,2150,0,False
L011470,C07608,4,299000,65500,7.61,11160,0,False
L011471,C07609,3,1843000,1153200,2.93,7930,0,False
L011472,C07609,2,46000,36600,17.79,2300,0,False
L011473,C07610,4,263000,187300,8.29,7380,0,False
L011474,C07610,3,1398000,1029600,2.58,5330,1,False
L011475,C07611,1,208000,127200,6.21,4320,0,False
L011476,C07611,3,2162000,1392000,2.93,8420,0,False
L011477,C07612,3,2429000,2077400,2.78,10620,0,False
L011478,C07613,3,1226000,1055300,3.23,5560,0,False
L011479,C07614,2,5000,3600,18.3,250,0,False
L011480,C07614,4,69000,35400,13.41,1260,1,False
L011481,C07615,3,1114000,859700,2.71,4950,0,False
L011482,C07616,3,742000,365200,3.0,3150,0,False
L011483,C07617,3,1355000,1200800,2.35,6870,0,False
L011484,C07618,3,2071000,1870800,2.41,8290,0,False
L011485,C07618,2,18000,7500,19.95,900,1,False
L011486,C07618,4,223000,67400,10.13,3000,0,False
L011487,C07619,2,5000,2400,20.19,250,0,False
L011488,C07620,1,364000,205000,8.63,6820,0,False
L011489,C07620,2,43000,20600,19.04,2150,0,False
L011490,C07620,3,2335000,1072900,3.13,10970,0,False
L011491,C07621,4,60000,12600,6.35,1180,1,False
L011492,C07622,3,1330000,1238100,2.97,6390,0,False
L011493,C07622,2,15000,12000,10.39,750,0,False
L011494,C07623,2,7000,4900,20.97,350,0,False
L011495,C07623,3,817000,756800,3.7,4380,1,False
L011496,C07624,4,28000,15000,10.73,350,0,False
L011497,C07624,2,23000,17500,19.45,1150,2,False
L011498,C07625,3,2022000,1064600,3.11,7750,0,False
L011499,C07625,2,94000,40700,18.56,4700,0,False
L011500,C07626,3,645000,459000,3.28,3000,2,False
L011501,C07627,3,2088000,1313100,2.9,8260,0,False
L011502,C07628,4,229000,182200,8.27,9780,0,False
L011503,C07629,1,50000,31100,5.52,870,0,False
L011504,C07630,3,1401000,707000,2.52,6580,0,False
L011505,C07630,2,33000,19400,17.97,1650,0,False
L011506,C07631,4,297000,185400,9.66,7190,0,False
L011507,C07631,1,123000,104100,6.4,1790,0,False
L011508,C07632,2,9000,6200,17.69,450,0,False
L011509,C07632,4,67000,39200,12.2,1020,0,False
L011510,C07633,3,1601000,1358400,3.5,8190,0,False
L011511,C07633,4,101000,87300,10.53,3530,1,False
L011512,C07634,4,83000,32700,5.82,1900,1,False
L011513,C07635,2,14000,8000,19.33,700,0,False
L011514,C07636,4,55000,21900,11.16,1940,1,False
L011515,C07637,3,972000,636000,2.83,4090,0,False
L011516,C07638,3,951000,817000,2.34,4080,0,False
L011517,C07638,4,65000,29800,6.91,1190,0,False
L011518,C07639,2,17000,3600,19.15,850,1,False
L011519,C07640,1,204000,55400,6.71,5210,0,False
L011520,C07641,3,1493000,1244800,2.64,6330,0,False
L011521,C07642,2,71000,36500,12.24,3550,0,False
L011522,C07642,4,182000,95400,9.73,7760,0,False
L011523,C07643,2,39000,28000,18.88,1950,0,False
L011524,C07644,2,54000,37800,16.51,2700,0,False
L011525,C07645,2,30000,13300,17.66,1500,1,False
L011526,C07646,3,1106000,965500,2.77,4600,0,False
L011527,C07647,4,262000,126000,10.41,4000,0,False
L011528,C07647,3,2524000,1297100,2.32,8380,0,False
L011529,C07647,1,118000,46800,6.03,4030,0,False
L011530,C07648,1,463000,330600,7.09,6650,0,False
L011531,C07648,3,2278000,2040400,3.45,10880,1,False
L011532,C07648,2,79000,40400,18.69,3950,3,False
L011533,C07649,3,1903000,1640800,2.5,7380,0,False
L011534,C07650,2,6000,3900,14.02,300,1,False
L011535,C07651,2,21000,14900,19.32,1050,0,False
L011536,C07652,4,84000,44200,11.59,1100,0,False
L011537,C07653,4,153000,126200,9.96,3370,1,False
L011538,C07654,2,19000,3800,17.36,950,0,False
L011539,C07655,2,20000,12400,19.62,1000,0,False
L011540,C07655,3,2038000,1000700,2.73,8160,1,False
L011541,C07656,2,7000,1900,22.49,350,0,False
L011542,C07656,4,41000,32900,13.95,900,0,False
L011543,C07657,1,141000,60100,6.75,2410,0,False
L011544,C07658,4,25000,9400,7.54,820,0,False
L011545,C07659,3,1408000,926700,3.58,5610,0,False
L011546,C07659,2,33000,14400,13.93,1650,0,False
L011547,C07660,3,2059000,1537500,3.19,8240,0,False
L011548,C07661,2,38000,20900,15.38,1900,0,False
L011549,C07662,3,1725000,1272500,3.22,7090,0,False
L011550,C07662,4,190000,73800,9.91,2380,2,False
L011551,C07663,2,16000,13200,19.67,800,0,False
L011552,C07664,2,15000,5700,22.38,750,0,False
L011553,C07664,4,61000,36400,13.3,1800,0,False
L011554,C07665,3,1143000,542600,3.15,4080,0,False
L011555,C07666,3,2384000,1734000,2.85,10240,1,False
L011556,C07666,1,110000,56200,4.66,3860,0,False
L011557,C07667,4,280000,84200,11.06,7440,0,False
L011558,C07668,1,50000,26200,8.96,1850,0,False
L011559,C07669,3,1902000,1302800,3.04,7840,0,False
L011560,C07669,4,199000,146800,8.19,5430,0,False
L011561,C07670,3,3196000,2326900,3.72,16420,0,False
L011562,C07670,1,435000,118900,6.4,6950,0,False
L011563,C07670,4,86000,57200,5.99,1320,0,False
L011564,C07671,3,1583000,1227000,2.88,8120,0,False
L011565,C07672,2,82000,6400,17.66,4100,1,False
L011566,C07672,3,2743000,1354900,3.13,9920,0,False
L011567,C07673,3,927000,761500,3.24,4460,0,False
L011568,C07674,3,1114000,755400,3.5,4340,0,False
L011569,C07675,1,175000,152000,6.3,4220,0,False
L011570,C07676,3,2442000,2043600,2.95,10860,0,False
L011571,C07677,2,33000,18200,19.22,1650,0,False
L011572,C07678,3,701000,323000,4.19,3340,0,False
L011573,C07679,2,18000,4000,15.81,900,0,False
L011574,C07680,2,33000,5000,20.8,1650,0,False
L011575,C07681,2,25000,9500,18.68,1250,2,False
L011576,C07681,1,79000,21900,4.01,1030,2,False
L011577,C07681,3,886000,546100,3.7,3690,3,True
L011578,C07682,4,178000,121100,8.41,2450,0,False
L011579,C07682,2,19000,8500,22.0,950,0,True
L011580,C07682,3,1882000,906400,2.79,6900,0,False
L011581,C07682,1,493000,297900,6.52,11890,0,False
L011582,C07683,4,141000,30100,10.44,2650,0,False
L011583,C07684,3,2866000,1394800,3.14,13660,0,True
L011584,C07684,2,60000,22400,12.16,3000,0,False
L011585,C07685,3,1151000,1057400,2.56,4980,0,False
L011586,C07685,4,118000,51500,6.37,4440,0,False
L011587,C07686,3,1886000,1679500,3.37,7980,0,False
L011588,C07686,1,298000,104800,8.14,5370,0,False
L011589,C07687,4,115000,31600,4.5,1150,0,False
L011590,C07688,1,342000,96400,5.0,6240,0,False
L011591,C07688,2,11000,4600,14.41,550,0,False
L011592,C07689,1,50000,17900,7.14,1250,0,False
L011593,C07689,2,5000,3300,20.31,250,2,False
L011594,C07689,4,35000,17000,11.56,560,0,False
L011595,C07690,2,34000,28600,17.79,1700,0,False
L011596,C07690,3,1652000,1137100,2.46,6720,0,False
L011597,C07691,4,10000,8800,8.63,330,0,False
L011598,C07692,2,10000,5600,16.5,500,0,False
L011599,C07693,1,110000,44200,8.27,1590,0,False
L011600,C07693,4,53000,32700,6.52,950,0,False
L011601,C07693,3,1622000,1270300,3.64,7090,0,False
L011602,C07694,1,408000,123800,7.84,5380,0,False
L011603,C07694,3,1522000,1307700,3.12,7290,0,False
L011604,C07695,3,2140000,1399300,2.92,8220,0,False
L011605,C07696,4,132000,56400,10.03,2340,0,False
L011606,C07696,3,2628000,2467900,2.78,11840,0,False
L011607,C07697,3,1212000,1094900,3.34,5790,0,False
L011608,C07698,1,107000,95300,4.41,2910,0,False
L011609,C07699,1,217000,181500,3.84,8560,1,False
L011610,C07700,3,1619000,775900,2.62,5720,0,False
L011611,C07701,2,26000,8300,19.73,1300,0,False
L011612,C07702,4,119000,41600,10.41,2180,1,False
L011613,C07703,2,18000,9300,14.95,900,0,False
L011614,C07704,4,239000,201900,7.12,3710,0,False
L011615,C07705,2,14000,1000,20.74,700,0,False
L011616,C07706,3,900000,567800,3.33,3460,0,False
L011617,C07707,3,2712000,2229800,2.2,11890,1,False
L011618,C07708,3,1108000,684000,2.51,5170,0,False
L011619,C07709,2,65000,33000,19.17,3250,0,False
L011620,C07710,2,20000,12600,18.7,1000,0,False
L011621,C07711,2,20000,11400,14.55,1000,0,False
L011622,C07712,4,83000,23000,9.41,1250,0,False
L011623,C07713,2,52000,29300,18.38,2600,0,False
L011624,C07714,4,481000,367900,8.79,12260,0,True
L011625,C07714,3,2226000,1716000,3.05,8720,3,True
L011626,C07714,1,419000,116900,6.82,7660,0,False
L011627,C07714,2,49000,23100,19.23,2450,1,False
L011628,C07715,2,5000,600,16.34,250,0,False
L011629,C07716,3,1208000,1092800,2.33,5250,0,False
L011630,C07717,1,77000,33100,8.67,1130,0,False
L011631,C07718,2,8000,5400,16.0,400,0,False
L011632,C07719,4,155000,107900,9.02,5340,2,False
L011633,C07720,1,55000,17700,6.28,1310,0,False
L011634,C07720,2,18000,4900,20.38,900,0,False
L011635,C07720,4,38000,25400,13.38,1030,1,False
L011636,C07721,3,2271000,1349600,2.96,8560,0,False
L011637,C07722,3,748000,700000,2.4,3230,1,False
L011638,C07723,2,11000,8400,19.13,550,0,False
L011639,C07724,1,194000,70400,9.2,4000,0,False
L011640,C07725,3,873000,528000,2.41,3080,0,False
L011641,C07726,2,41000,21800,15.92,2050,0,False
L011642,C07726,3,1617000,1164900,3.16,6980,0,False
L011643,C07727,1,347000,167800,7.28,5080,0,False
L011644,C07727,3,1615000,1495000,3.4,8830,0,False
L011645,C07728,2,6000,4000,16.66,300,0,False
L011646,C07728,1,105000,28100,8.2,3620,0,False
L011647,C07729,2,38000,10800,16.26,1900,0,False
L011648,C07729,3,1287000,674100,3.16,6170,0,False
L011649,C07730,2,26000,13300,19.27,1300,0,False
L011650,C07731,2,36000,3000,18.88,1800,1,False
L011651,C07732,2,21000,17000,17.05,1050,0,False
L011652,C07733,2,8000,2200,14.95,400,2,False
L011653,C07734,2,18000,6000,18.26,900,0,False
L011654,C07735,3,1923000,1671900,3.62,9720,0,False
L011655,C07736,1,259000,224200,7.29,3900,0,False
L011656,C07736,3,967000,587600,3.11,3950,1,False
L011657,C07737,2,18000,12700,20.36,900,0,False
L011658,C07738,4,77000,50500,7.01,2260,0,False
L011659,C07739,2,28000,22900,17.86,1400,0,False
L011660,C07739,3,2259000,1909700,2.92,11540,0,False
L011661,C07740,2,15000,6800,17.3,750,1,False
L011662,C07741,4,96000,81400,7.27,1450,0,False
L011663,C07742,1,192000,141500,6.7,3640,0,False
L011664,C07742,3,972000,632000,2.91,4540,0,False
L011665,C07743,1,115000,68500,6.7,3320,0,False
L011666,C07743,2,19000,3900,12.49,950,0,False
L011667,C07744,4,202000,68700,5.66,7050,0,False
L011668,C07744,3,1841000,1538000,2.51,7610,0,False
L011669,C07745,4,215000,120300,11.02,3610,0,False
L011670,C07745,2,55000,27000,12.56,2750,0,False
L011671,C07745,3,1306000,1078900,2.45,5500,0,False
L011672,C07746,4,71000,21300,7.86,1410,0,False
L011673,C07746,2,49000,34900,12.17,2450,0,False
L011674,C07746,3,2001000,1370700,3.33,9730,2,False
L011675,C07746,1,340000,180800,6.23,4800,1,False
L011676,C07747,3,1085000,691700,3.08,5390,0,False
L011677,C07748,2,5000,2900,18.74,250,0,False
L011678,C07749,4,153000,91100,8.78,3120,0,False
L011679,C07750,1,273000,244400,6.07,5450,0,False
L011680,C07751,1,82000,56800,6.76,2540,0,False
L011681,C07752,3,1402000,976000,2.42,6350,0,False
L011682,C07753,3,1779000,1494400,2.89,8640,0,False
L011683,C07754,3,1535000,1262400,2.58,7210,0,False
L011684,C07755,1,75000,48900,9.67,1570,0,False
L011685,C07756,4,205000,137100,12.75,2680,0,False
L011686,C07756,2,17000,2200,15.36,850,0,False
L011687,C07756,3,941000,785200,2.91,3750,0,False
L011688,C07757,4,160000,137300,7.49,4170,0,False
L011689,C07758,4,73000,47900,7.3,820,0,False
L011690,C07759,1,239000,119100,6.57,3560,0,False
L011691,C07760,4,159000,32700,8.34,3400,0,False
L011692,C07761,3,990000,787600,2.67,4880,0,False
L011693,C07761,2,40000,30200,16.94,2000,1,False
L011694,C07761,4,178000,78900,9.75,4730,3,False
L011695,C07761,1,250000,219500,7.16,3680,0,True
L011696,C07762,4,19000,14100,11.72,400,0,False
L011697,C07762,2,23000,14100,15.19,1150,0,False
L011698,C07762,1,84000,45100,10.0,1490,0,False
L011699,C07763,2,15000,1400,15.63,750,0,False
L011700,C07764,3,1713000,1061000,3.27,8450,0,False
L011701,C07765,3,1615000,1335400,3.07,7970,0,False
L011702,C07766,3,2067000,1226900,2.83,9310,0,False
L011703,C07766,4,87000,66900,7.31,1270,0,False
L011704,C07766,2,17000,12100,13.56,850,0,False
L011705,C07767,2,46000,13200,15.55,2300,0,False
L011706,C07767,3,1645000,1082100,3.06,6610,0,False
L011707,C07768,1,138000,50800,7.34,1800,0,False
L011708,C07768,4,103000,83600,11.07,2360,0,False
L011709,C07769,2,53000,19400,18.65,2650,0,False
L011710,C07769,4,137000,75700,9.44,4110,1,False
L011711,C07770,4,29000,7100,9.04,400,0,False
L011712,C07771,1,370000,210500,6.06,8980,0,False
L011713,C07772,1,222000,185800,6.02,7130,0,False
L011714,C07773,3,808000,703200,3.07,4330,0,False
L011715,C07773,4,112000,65900,9.75,1940,0,False
L011716,C07773,2,18000,6300,16.49,900,0,False
L011717,C07774,3,1852000,1560600,3.16,8100,0,False
L011718,C07774,4,324000,178400,6.72,4410,0,False
L011719,C07775,2,69000,35500,12.56,3450,0,False
L011720,C07776,1,50000,13000,5.0,680,0,False
L011721,C07776,2,5000,1000,21.19,250,0,False
L011722,C07776,4,27000,10400,11.46,300,0,False
L011723,C07777,3,1458000,1170100,2.66,6480,2,False
L011724,C07778,3,740000,672700,3.81,3430,0,False
L011725,C07779,4,64000,18200,12.6,1110,0,False
L011726,C07780,2,56000,18900,11.93,2800,0,False
L011727,C07780,3,2276000,1239900,3.16,10660,0,False
L011728,C07781,4,98000,37300,8.21,1830,0,False
L011729,C07781,1,50000,22400,6.94,960,0,False
L011730,C07781,2,16000,2000,15.6,800,1,False
L011731,C07782,2,8000,1100,12.08,400,1,False
L011732,C07783,3,758000,706600,3.25,3270,1,False
L011733,C07784,2,5000,1000,21.67,250,0,False
L011734,C07785,2,8000,4900,14.77,400,1,False
L011735,C07786,1,139000,83500,8.27,2010,0,False
L011736,C07786,4,243000,205400,8.41,3240,0,False
L011737,C07787,4,44000,31900,8.45,1030,0,False
L011738,C07788,3,780000,472800,2.64,2910,0,False
L011739,C07789,1,50000,43500,7.48,1020,0,False
L011740,C07790,3,1655000,1454600,2.97,8330,2,False
L011741,C07790,4,155000,110700,5.79,1720,0,False
L011742,C07791,3,1058000,844400,3.06,5040,0,False
L011743,C07792,4,82000,60700,7.71,1500,3,True
L011744,C07793,3,1545000,847700,3.01,7320,1,False
L011745,C07794,3,1201000,781600,3.26,5590,0,False
L011746,C07795,3,1152000,824400,2.83,5280,0,False
L011747,C07796,2,10000,4600,19.17,500,0,False
L011748,C07797,3,963000,864300,2.59,3770,0,False
L011749,C07798,2,40000,27800,16.09,2000,0,False
L011750,C07799,3,1616000,1233100,3.01,6550,0,True
L011751,C07799,4,271000,223500,8.82,4680,3,False
L011752,C07799,1,213000,176400,5.11,3600,0,False
L011753,C07800,2,18000,9400,14.8,900,0,False
L011754,C07801,2,6000,2200,22.25,300,0,False
L011755,C07802,3,1105000,653400,2.69,4090,1,False
L011756,C07802,2,22000,18500,17.69,1100,0,False
L011757,C07803,2,28000,11200,11.81,1400,0,False
L011758,C07804,4,485000,384400,7.24,11620,1,False
L011759,C07805,3,1149000,722500,3.08,4620,1,False
L011760,C07806,4,179000,66800,7.77,7660,0,False
L011761,C07806,2,10000,3900,21.64,500,0,False
L011762,C07807,4,85000,51700,8.03,1510,2,False
L011763,C07807,2,43000,13800,18.08,2150,0,False
L011764,C07808,4,147000,107000,7.85,1930,0,False
L011765,C07809,4,249000,88500,7.97,2710,0,False
L011766,C07810,4,50000,42400,6.32,1580,0,False
L011767,C07811,1,265000,157300,3.88,6090,0,False
L011768,C07811,2,52000,41900,17.33,2600,0,False
L011769,C07812,1,99000,55400,9.96,1750,0,False
L011770,C07813,2,30000,13300,16.83,1500,0,False
L011771,C07813,3,1573000,1404300,2.79,8280,0,False
L011772,C07814,4,66000,56600,11.51,960,0,False
L011773,C07815,3,1757000,1620700,3.15,8610,0,False
L011774,C07815,4,160000,65800,9.42,4150,1,False
L011775,C07816,1,145000,62600,9.54,2220,0,False
L011776,C07816,2,16000,1500,19.96,800,0,False
L011777,C07816,4,24000,15600,10.18,380,0,False
L011778,C07817,3,1198000,1135500,2.64,5910,0,False
L011779,C07817,2,57000,6400,19.59,2850,0,False
L011780,C07818,3,1538000,1229900,2.76,6960,0,False
L011781,C07819,4,61000,30500,7.16,660,0,False
L011782,C07819,2,14000,8600,13.85,700,0,False
L011783,C07819,3,576000,274300,3.03,1990,0,False
L011784,C07820,4,230000,53500,10.33,2480,0,False
L011785,C07820,2,21000,3200,17.31,1050,1,False
L011786,C07821,4,346000,260900,6.9,10460,0,False
L011787,C07822,1,118000,79900,5.92,2260,1,False
L011788,C07823,4,156000,43900,8.14,5660,0,False
L011789,C07824,1,136000,119900,8.25,5240,0,False
L011790,C07824,3,1623000,1318500,3.04,8050,1,False
L011791,C07824,2,21000,14200,21.12,1050,4,True
L011792,C07825,1,224000,74100,6.48,6390,0,False
L011793,C07826,2,10000,900,15.73,500,0,False
L011794,C07826,1,124000,89600,6.28,1850,0,False
L011795,C07827,3,2153000,1600000,2.96,8510,0,False
L011796,C07828,4,156000,103500,11.14,1980,0,False
L011797,C07829,1,322000,210500,5.91,8970,0,False
L011798,C07830,2,21000,10300,18.3,1050,0,False
L011799,C07831,3,2208000,1909100,2.96,8950,0,False
L011800,C07832,2,54000,20000,13.38,2700,0,False
L011801,C07833,3,890000,844200,2.96,3910,0,False
L011802,C07833,1,346000,285000,6.63,7960,3,True
L011803,C07834,2,17000,12500,16.28,850,0,False
L011804,C07835,1,323000,203800,5.52,4570,0,False
L011805,C07835,3,1235000,665900,2.83,5690,0,False
L011806,C07835,2,21000,4900,18.2,1050,1,False
L011807,C07836,1,106000,91800,5.96,1720,2,False
L011808,C07836,3,2692000,2347400,2.2,11500,0,False
L011809,C07836,4,148000,75600,5.96,2640,0,False
L011810,C07836,2,76000,7100,17.59,3800,1,False
L011811,C07837,3,1045000,707400,3.23,4200,0,False
L011812,C07837,2,15000,10000,20.52,750,3,False
L011813,C07838,3,1895000,1074800,3.08,8890,0,False
L011814,C07839,3,1768000,1142100,2.99,8620,0,False
L011815,C07840,1,117000,92500,5.42,1790,0,False
L011816,C07841,3,3003000,2339500,2.65,11740,0,False
L011817,C07842,3,1374000,816200,2.25,5400,0,False
L011818,C07843,1,225000,121400,7.23,6780,0,False
L011819,C07844,2,24000,17100,15.08,1200,0,False
L011820,C07844,3,1745000,1281900,2.45,6830,0,False
L011821,C07845,2,20000,7300,15.0,1000,1,False
L011822,C07845,3,1091000,883500,3.26,4870,0,False
L011823,C07846,4,181000,160800,9.71,4360,0,False
L011824,C07847,2,22000,11000,15.83,1100,0,False
L011825,C07848,2,25000,15800,16.96,1250,0,False
L011826,C07848,3,1637000,933700,3.06,6620,0,False
L011827,C07849,2,14000,5800,16.76,700,0,False
L011828,C07850,2,5000,4000,19.15,250,0,False
L011829,C07851,2,68000,45400,14.16,3400,0,False
L011830,C07851,3,2659000,1718300,2.85,9800,0,False
L011831,C07852,4,345000,89500,9.45,4110,0,False
L011832,C07852,3,2596000,2308300,3.63,12800,0,False
L011833,C07853,2,8000,1300,17.66,400,0,False
L011834,C07854,4,100000,24000,7.63,1170,0,False
L011835,C07854,2,37000,29300,17.78,1850,0,False
L011836,C07854,3,2315000,1221700,3.39,8860,0,False
L011837,C07855,3,1620000,867300,3.76,7140,0,False
L011838,C07856,1,333000,268400,6.51,12440,0,False
L011839,C07857,3,1373000,900100,3.04,6230,0,False
L011840,C07858,4,86000,48500,9.38,990,0,False
L011841,C07858,3,1660000,1310200,3.09,7860,2,False
L011842,C07859,2,12000,1600,21.64,600,0,False
L011843,C07860,2,23000,6400,14.51,1150,0,False
L011844,C07860,1,54000,14900,9.25,1300,0,False
L011845,C07860,4,84000,22100,11.08,1810,0,False
L011846,C07861,4,22000,18600,6.67,380,0,False
L011847,C07862,3,1774000,1413600,2.88,8450,0,False
L011848,C07863,1,50000,40000,8.38,790,0,False
L011849,C07864,2,27000,5600,17.69,1350,1,False
L011850,C07864,1,50000,44700,7.05,1420,0,False
L011851,C07864,4,111000,40100,11.11,1350,0,True
L011852,C07865,2,44000,18800,14.61,2200,1,False
L011853,C07865,4,191000,75600,11.39,4370,0,False
L011854,C07865,3,1303000,1144100,3.03,6520,0,False
L011855,C07865,1,318000,226000,8.08,6330,1,False
L011856,C07866,3,867000,816100,3.27,4220,0,False
L011857,C07867,2,14000,1900,18.46,700,0,False
L011858,C07868,1,203000,102500,5.93,2830,0,False
L011859,C07869,2,55000,42500,15.97,2750,0,False
L011860,C07869,4,216000,190800,8.68,2690,1,False
L011861,C07869,3,1836000,925700,3.36,6910,2,False
L011862,C07869,1,349000,253000,6.81,6930,1,False
L011863,C07870,1,215000,74000,6.19,2750,1,False
L011864,C07871,4,32000,18500,7.55,340,0,False
L011865,C07872,2,52000,14100,14.23,2600,2,False
L011866,C07873,1,204000,64700,6.29,4230,0,False
L011867,C07874,3,1517000,1158500,2.99,7280,1,False
L011868,C07875,2,6000,4300,12.53,300,0,False
L011869,C07876,2,50000,40100,13.38,2500,0,False
L011870,C07877,3,1914000,1048600,3.21,7100,0,False
L011871,C07878,2,17000,11100,17.76,850,1,False
L011872,C07878,3,1056000,575700,2.5,4150,0,False
L011873,C07878,1,249000,117400,7.61,3660,0,False
L011874,C07879,3,1513000,800600,2.78,5400,0,False
L011875,C07880,4,11000,5500,10.97,260,1,True
L011876,C07881,2,18000,10800,20.68,900,0,False
L011877,C07882,2,51000,5600,21.5,2550,0,False
L011878,C07883,2,42000,9400,17.56,2100,0,False
L011879,C07884,2,30000,9400,18.36,1500,0,False
L011880,C07885,4,88000,46600,6.08,1380,0,False
L011881,C07886,3,574000,439700,3.22,2420,1,False
L011882,C07886,2,30000,6300,21.05,1500,0,False
L011883,C07887,2,16000,9800,21.4,800,0,False
L011884,C07887,1,346000,220100,5.41,7860,0,False
L011885,C07888,1,103000,87900,5.13,2710,0,False
L011886,C07889,4,124000,61400,8.5,1420,0,False
L011887,C07890,4,145000,71800,6.26,1610,0,True
L011888,C07891,3,822000,453900,3.08,3270,0,False
L011889,C07891,2,7000,3700,18.08,350,0,False
L011890,C07892,3,1591000,997100,3.14,6610,0,False
L011891,C07893,3,423000,387700,3.16,2020,0,False
L011892,C07894,3,1276000,632500,2.51,5490,0,False
L011893,C07895,1,79000,32000,7.62,1990,0,False
L011894,C07896,2,38000,13400,18.2,1900,3,False
L011895,C07896,3,1651000,1118900,2.78,7890,1,False
L011896,C07896,1,309000,140300,5.07,5510,4,False
L011897,C07897,2,58000,28200,17.67,2900,2,False
L011898,C07898,2,57000,33900,15.78,2850,0,False
L011899,C07899,2,7000,3300,16.06,350,0,False
L011900,C07900,1,136000,71700,8.5,2020,0,False
L011901,C07901,3,2009000,1905200,2.61,10040,0,False
L011902,C07901,1,306000,189600,4.76,4110,0,False
L011903,C07901,4,75000,15500,6.86,720,2,False
L011904,C07902,1,173000,51700,7.74,4160,0,False
L011905,C07903,1,198000,135900,4.32,2680,0,False
L011906,C07903,2,59000,45800,16.28,2950,0,False
L011907,C07904,2,31000,2600,17.87,1550,0,False
L011908,C07904,3,1505000,1368400,2.77,7250,4,False
L011909,C07905,1,64000,57000,6.16,1250,0,False
L011910,C07906,1,154000,127900,8.83,4270,3,False
L011911,C07907,1,221000,63700,7.66,5530,0,False
L011912,C07907,2,7000,5900,17.53,350,1,False
L011913,C07908,2,59000,33200,21.33,2950,0,False
L011914,C07908,3,2146000,1869200,2.8,9240,1,False
L011915,C07909,1,128000,74700,6.13,2780,0,False
L011916,C07910,3,1280000,783200,3.12,5050,0,False
L011917,C07911,4,61000,51300,8.82,1970,0,False
L011918,C07911,3,597000,282600,3.44,2640,0,False
L011919,C07911,2,24000,7600,14.36,1200,0,False
L011920,C07912,2,8000,6200,14.72,400,0,False
L011921,C07913,4,248000,211300,8.79,7430,1,False
L011922,C07913,3,1654000,1376900,2.48,6460,0,True
L011923,C07914,2,5000,1000,14.07,250,0,False
L011924,C07915,1,189000,89000,9.84,6760,0,False
L011925,C07916,2,39000,6200,14.43,1950,0,False
L011926,C07917,4,66000,38700,9.31,770,0,False
L011927,C07918,3,1639000,908600,2.43,5950,0,False
L011928,C07919,3,948000,655600,3.72,4000,0,False
L011929,C07920,1,168000,59500,8.4,4190,0,False
L011930,C07920,4,87000,22300,7.19,840,3,False
L011931,C07920,2,55000,33100,17.34,2750,0,False
L011932,C07921,3,613000,517600,3.07,2910,3,False
L011933,C07922,1,50000,31900,7.24,1380,2,False
L011934,C07923,3,1100000,1008100,2.53,4670,0,True
L011935,C07924,2,20000,3400,18.03,1000,1,False
L011936,C07925,2,18000,8900,20.91,900,0,False
L011937,C07926,3,1377000,649500,3.0,5030,0,False
L011938,C07926,2,14000,11000,18.58,700,1,False
L011939,C07927,4,113000,88200,8.89,2230,0,False
L011940,C07927,2,15000,9200,13.37,750,0,False
L011941,C07928,3,625000,326200,2.2,2290,0,False
L011942,C07929,3,2505000,1242300,2.73,10430,0,True
L011943,C07929,1,315000,104500,5.87,5770,0,False
L011944,C07929,2,20000,9900,17.14,1000,0,False
L011945,C07930,3,2291000,1164200,2.5,8300,0,False
L011946,C07931,3,678000,591200,3.21,2850,0,False
L011947,C07931,4,125000,102600,7.68,2400,0,False
L011948,C07932,3,1441000,672700,2.48,5410,0,False
L011949,C07932,2,44000,19900,16.54,2200,0,False
L011950,C07933,4,244000,76800,7.1,7930,0,True
L011951,C07933,3,2208000,2083400,2.46,10320,1,False
L011952,C07934,3,1926000,1519600,3.29,8010,0,False
L011953,C07934,1,418000,175300,5.85,13950,1,False
L011954,C07934,2,32000,17700,13.6,1600,3,False
L011955,C07934,4,236000,59100,6.32,2350,2,False
L011956,C07935,2,18000,10300,20.25,900,0,False
L011957,C07935,1,138000,58100,8.75,2100,0,False
L011958,C07936,3,1835000,1705600,3.08,8090,0,False
L011959,C07937,2,57000,37200,17.38,2850,0,False
L011960,C07938,3,1125000,717600,3.14,4210,0,False
L011961,C07938,4,351000,251000,9.01,7980,0,False
L011962,C07939,3,828000,400200,2.56,3100,0,False
L011963,C07940,1,253000,196800,4.27,4840,1,False
L011964,C07941,3,1400000,903300,3.04,5200,0,False
L011965,C07941,1,395000,310500,5.66,12720,1,False
L011966,C07942,2,43000,7600,22.0,2150,0,False
L011967,C07942,1,350000,96400,6.9,4490,0,False
L011968,C07943,3,1212000,1054800,2.64,5750,0,False
L011969,C07943,2,19000,10300,15.52,950,0,False
L011970,C07944,2,26000,22000,14.49,1300,0,False
L011971,C07945,4,136000,75100,8.34,1440,1,False
L011972,C07945,2,58000,29900,15.34,2900,3,False
L011973,C07946,4,205000,157800,11.02,2680,0,False
L011974,C07946,3,2130000,1718200,3.74,9270,0,True
L011975,C07947,3,1802000,1432300,2.41,6750,0,False
L011976,C07947,2,40000,22600,18.18,2000,0,False
L011977,C07948,3,1405000,801800,2.94,5720,0,False
L011978,C07949,3,1645000,1216300,2.57,7390,0,False
L011979,C07950,2,33000,12200,15.84,1650,1,True
L011980,C07950,3,1492000,1187900,2.7,7440,2,False
L011981,C07950,4,125000,58300,10.17,4760,0,False
L011982,C07951,3,473000,232200,3.34,1790,0,False
L011983,C07952,4,132000,75100,8.79,1690,0,False
L011984,C07953,2,64000,30200,16.67,3200,0,False
L011985,C07953,3,2306000,1887000,2.81,9860,1,False
L011986,C07953,1,350000,303800,3.5,5990,2,False
L011987,C07953,4,270000,67700,7.09,2630,0,False
L011988,C07954,2,5000,4200,19.37,250,0,False
L011989,C07954,4,33000,9100,7.52,540,0,False
L011990,C07955,2,7000,3400,13.24,350,3,False
L011991,C07956,4,128000,105500,5.46,2500,0,False
L011992,C07957,2,21000,9300,18.54,1050,0,False
L011993,C07957,3,1237000,1039700,2.6,5330,0,False
L011994,C07958,3,878000,665100,2.84,3770,0,False
L011995,C07959,3,1158000,648300,2.94,4690,0,False
L011996,C07960,2,9000,1300,20.3,450,1,False
L011997,C07961,4,29000,14700,7.42,1100,0,False
L011998,C07961,2,16000,10500,15.56,800,0,False
L011999,C07962,1,381000,121600,5.88,6110,0,False
L012000,C07963,1,328000,294300,5.19,9870,1,False
L012001,C07964,4,78000,63400,10.54,2490,0,False
L012002,C07965,4,249000,164900,7.46,2820,0,False
L012003,C07966,2,28000,23600,16.73,1400,0,False
L012004,C07967,3,1946000,948500,3.17,9300,0,False
L012005,C07967,4,300000,80300,8.36,3270,0,False
L012006,C07967,2,20000,12100,18.49,1000,0,False
L012007,C07968,2,22000,1800,19.4,1100,0,False
L012008,C07968,4,71000,37100,10.4,1550,0,False
L012009,C07969,2,32000,22900,19.3,1600,0,False
L012010,C07969,3,1451000,668900,2.75,6000,0,False
L012011,C07969,4,36000,27700,10.1,590,0,False
L012012,C07970,1,82000,62500,8.71,2470,0,False
L012013,C07971,3,979000,762600,3.4,3980,1,False
L012014,C07971,2,13000,4800,18.26,650,0,False
L012015,C07972,3,1753000,1612900,3.58,9530,0,False
L012016,C07972,2,15000,7600,17.27,750,0,False
L012017,C07973,3,875000,692400,2.96,3740,0,False
L012018,C07973,1,272000,93600,7.15,7500,0,False
L012019,C07974,3,1343000,985800,2.87,5080,1,False
L012020,C07975,1,304000,218900,7.51,5710,0,False
L012021,C07976,1,292000,210500,3.91,5620,0,False
L012022,C07977,3,1283000,704400,2.56,4670,2,False
L012023,C07978,2,12000,2400,15.7,600,0,False
L012024,C07978,1,141000,64700,6.3,2030,0,False
L012025,C07979,3,2315000,2029000,3.52,11790,1,False
L012026,C07980,2,17000,4700,17.67,850,0,False
L012027,C07980,4,89000,54800,10.42,1360,0,False
L012028,C07981,3,2085000,1940100,2.58,10100,1,False
L012029,C07981,1,406000,318200,6.29,9040,1,False
L012030,C07982,4,102000,81900,10.53,1830,0,False
L012031,C07983,2,31000,26300,14.91,1550,2,False
L012032,C07984,4,118000,43200,9.6,1790,0,False
L012033,C07984,3,2130000,1660100,3.36,9020,1,False
L012034,C07985,3,2257000,1605700,2.51,10120,1,False
L012035,C07985,4,220000,118100,12.99,4500,0,False
L012036,C07986,4,151000,112000,7.22,1640,0,False
L012037,C07986,2,38000,30300,18.02,1900,0,False
L012038,C07986,1,249000,205300,6.54,5160,0,False
L012039,C07987,2,23000,4000,15.13,1150,2,False
L012040,C07987,3,1601000,840300,2.69,6420,0,False
L012041,C07988,3,1360000,1098300,2.85,6030,0,False
L012042,C07988,4,331000,141400,5.89,6260,1,False
L012043,C07989,2,30000,3600,15.5,1500,0,False
L012044,C07990,1,88000,49600,11.0,1620,0,False
L012045,C07991,3,1791000,1115900,2.75,7570,0,False
L012046,C07991,2,34000,22000,17.26,1700,0,False
L012047,C07992,4,103000,45400,9.69,1530,0,False
L012048,C07992,3,1166000,653300,3.23,5670,1,False
L012049,C07993,3,1848000,1640600,2.92,9610,0,False
L012050,C07994,4,374000,108800,10.73,8900,0,False
L012051,C07995,2,22000,12600,16.38,1100,1,False
L012052,C07995,3,1470000,1312600,2.92,6490,0,False
L012053,C07996,3,1455000,958000,2.59,5440,0,False
L012054,C07997,3,1357000,1015200,2.2,6510,0,False
L012055,C07998,1,101000,58900,6.56,1570,0,False
L012056,C07999,3,773000,387700,2.87,2950,1,False
L012057,C08000,2,9000,7100,16.87,450,1,False
L012058,C08000,1,50000,17700,10.64,970,0,False
L012059,C08001,1,318000,148900,5.35,4490,2,False
L012060,C08001,4,98000,26600,9.53,1590,3,False
L012061,C08002,1,110000,36300,8.98,1490,0,False
L012062,C08003,4,75000,60100,9.26,1430,0,False
L012063,C08003,1,65000,44900,5.41,2250,0,False
L012064,C08004,3,1180000,1103900,2.39,4590,0,False
L012065,C08004,2,38000,16600,17.4,1900,1,False
L012066,C08005,3,1144000,1047800,3.02,6150,0,False
L012067,C08005,2,20000,2700,16.8,1000,1,False
L012068,C08005,4,116000,39800,9.86,2070,1,False
L012069,C08006,3,1802000,1321700,3.01,8440,0,False
L012070,C08007,3,1145000,677800,2.27,4090,1,False
L012071,C08007,1,139000,52700,7.26,1870,0,False
L012072,C08008,4,220000,106100,8.93,5730,0,False
L012073,C08009,2,61000,46700,16.98,3050,1,False
L012074,C08010,2,5000,1500,18.95,250,0,False
L012075,C08011,4,91000,58200,6.36,1280,3,False
L012076,C08011,2,41000,15500,15.06,2050,0,False
L012077,C08012,3,2693000,1984100,2.71,10430,0,False
L012078,C08012,1,369000,185700,4.74,4810,1,False
L012079,C08012,2,32000,19200,21.97,1600,0,False
L012080,C08013,1,68000,18700,8.59,1940,0,False
L012081,C08013,2,15000,9000,19.99,750,2,False
L012082,C08013,4,104000,87400,11.32,4610,1,False
L012083,C08013,3,581000,293800,3.72,2580,4,False
L012084,C08014,2,50000,19300,14.41,2500,0,False
L012085,C08015,3,1885000,1156700,3.11,7980,0,False
L012086,C08015,2,41000,15700,14.6,2050,0,False
L012087,C08016,4,265000,232900,9.09,5810,0,False
L012088,C08017,1,352000,314200,7.55,5900,0,False
L012089,C08017,4,299000,98100,10.27,2970,0,True
L012090,C08017,3,1026000,880800,2.9,4330,0,False
L012091,C08017,2,46000,9000,18.76,2300,1,False
L012092,C08018,4,159000,106600,7.77,2550,0,False
L012093,C08019,1,272000,169200,7.76,10540,0,False
L012094,C08019,2,63000,13800,16.45,3150,0,False
L012095,C08019,3,2615000,1921000,3.07,11590,0,False
L012096,C08019,4,212000,136700,5.05,4570,0,False
L012097,C08020,3,1053000,543400,3.45,4830,0,False
L012098,C08021,2,30000,19000,20.33,1500,0,False
L012099,C08022,1,128000,87600,9.06,4970,0,False
L012100,C08023,4,77000,23700,9.17,970,0,False
L012101,C08024,3,2097000,1297200,2.85,8710,0,False
L012102,C08024,4,190000,143600,7.44,5110,0,False
L012103,C08025,3,1797000,824000,2.62,7390,0,False
L012104,C08026,2,13000,6500,21.46,650,0,False
L012105,C08026,1,153000,87000,9.33,3360,0,False
L012106,C08027,3,1230000,1072300,2.28,5510,0,False
L012107,C08028,2,38000,31100,13.7,1900,0,False
L012108,C08029,3,3808000,3400400,3.09,17720,0,False
L012109,C08029,4,85000,65500,11.22,1530,0,False
L012110,C08030,2,47000,23600,17.13,2350,0,False
L012111,C08030,1,323000,288700,5.68,6740,2,False
L012112,C08031,4,158000,68400,8.54,2620,0,False
L012113,C08032,1,109000,66900,5.47,3070,0,False
L012114,C08033,1,365000,261000,6.55,13190,0,False
L012115,C08033,3,1828000,1624600,2.77,8390,0,False
L012116,C08034,1,262000,163900,4.51,7450,0,False
L012117,C08035,1,227000,68200,5.68,7000,0,False
L012118,C08036,3,2596000,1550100,2.51,9940,0,False
L012119,C08037,3,2318000,1077600,3.04,9800,0,False
L012120,C08037,1,159000,142300,6.5,3150,0,False
L012121,C08038,2,31000,21600,17.03,1550,0,False
L012122,C08039,1,57000,40000,8.12,1810,0,False
L012123,C08039,2,9000,3500,20.87,450,0,False
L012124,C08040,2,15000,10500,18.62,750,0,False
L012125,C08041,4,212000,59200,9.63,3220,0,False
L012126,C08042,3,1812000,833500,2.64,6090,0,False
L012127,C08042,2,41000,22500,18.69,2050,0,False
L012128,C08043,1,362000,221800,6.2,4960,0,False
L012129,C08044,3,1355000,610600,3.02,6030,0,False
L012130,C08045,3,2859000,2533000,3.48,14340,0,False
L012131,C08045,2,69000,33200,20.89,3450,0,False
L012132,C08046,3,1718000,951600,3.2,6720,0,False
L012133,C08047,1,84000,62400,8.5,1250,0,False
L012134,C08047,2,20000,11900,16.41,1000,2,False
L012135,C08047,4,28000,8400,10.01,320,0,False
L012136,C08048,2,10000,2800,20.94,500,0,False
L012137,C08049,3,897000,481800,3.17,4410,0,False
L012138,C08049,4,114000,49000,6.9,1320,0,False
L012139,C08050,2,33000,27100,15.07,1650,0,False
L012140,C08050,3,1723000,1628200,3.14,7660,0,False
L012141,C08051,4,123000,90400,11.27,1600,0,False
L012142,C08052,4,42000,34200,10.32,1710,0,False
L012143,C08053,2,20000,2100,13.17,1000,0,False
L012144,C08054,1,187000,74600,6.36,5950,0,False
L012145,C08055,3,1265000,1115000,2.45,5480,0,False
L012146,C08056,3,1879000,1039400,3.17,7820,0,False
L012147,C08057,1,86000,37800,10.6,1630,0,False
L012148,C08058,4,183000,86500,6.0,2290,0,False
L012149,C08059,3,2245000,1230000,2.47,7790,0,False
L012150,C08060,2,56000,23300,20.07,2800,0,False
L012151,C08061,2,53000,29000,14.52,2650,0,False
L012152,C08061,3,1760000,1285700,3.8,7280,0,False
L012153,C08062,4,98000,77500,5.23,1590,0,False
L012154,C08062,3,911000,478700,2.72,3430,1,False
L012155,C08063,2,28000,16100,18.31,1400,0,False
L012156,C08064,3,1515000,1248100,2.2,6850,0,False
L012157,C08065,3,923000,437800,2.92,3570,0,False
L012158,C08066,2,21000,14200,15.37,1050,0,False
L012159,C08067,2,50000,29000,16.72,2500,0,False
L012160,C08067,3,2194000,1159200,2.95,9000,0,False
L012161,C08068,2,46000,14000,22.0,2300,1,False
L012162,C08068,3,2448000,1797900,3.09,11470,0,False
L012163,C08069,2,15000,5900,18.96,750,1,False
L012164,C08070,2,43000,25000,15.39,2150,0,False
L012165,C08071,2,7000,2000,16.15,350,0,False
L012166,C08072,2,63000,26600,19.32,3150,0,False
L012167,C08072,3,1181000,664800,3.23,4730,1,False
L012168,C08073,3,1571000,1198500,2.2,5910,0,False
L012169,C08073,4,201000,102400,7.72,3760,0,False
L012170,C08073,1,282000,80100,6.69,4240,0,False
L012171,C08074,3,1340000,1026000,3.36,6680,0,False
L012172,C08075,4,166000,124500,9.47,2930,0,False
L012173,C08076,2,32000,16600,16.35,1600,0,False
L012174,C08076,3,978000,862500,2.63,4750,0,False
L012175,C08077,3,1646000,1545500,3.26,8910,0,False
L012176,C08078,3,1733000,1273700,3.17,8140,0,False
L012177,C08078,2,48000,16900,18.22,2400,0,False
L012178,C08078,4,245000,198500,7.83,9320,0,False
L012179,C08079,1,222000,99600,7.85,3670,0,False
L012180,C08080,3,2560000,2302900,3.03,10610,0,False
L012181,C08081,2,15000,8500,19.74,750,2,False
L012182,C08082,1,152000,52100,5.61,2730,0,False
L012183,C08083,4,79000,65800,9.28,2540,0,False
L012184,C08084,3,841000,625600,3.44,4040,0,False
L012185,C08084,4,113000,82300,7.28,1380,0,False
L012186,C08085,4,295000,137400,9.07,3680,0,False
L012187,C08085,3,2403000,1091400,3.16,8370,0,False
L012188,C08086,2,22000,3500,17.56,1100,0,True
L012189,C08087,3,1900000,933200,3.13,6620,0,False
L012190,C08088,2,5000,1900,18.21,250,1,False
L012191,C08088,4,23000,19500,10.72,460,0,False
L012192,C08089,2,11000,1700,16.75,550,0,False
L012193,C08090,4,166000,64000,8.12,2110,0,False
L012194,C08091,3,1408000,692800,2.77,5130,0,False
L012195,C08092,3,1625000,934300,2.53,5600,0,False
L012196,C08093,3,1248000,799400,2.89,5080,0,False
L012197,C08094,2,15000,4800,17.02,750,1,False
L012198,C08095,4,24000,11200,9.05,610,2,False
L012199,C08096,2,21000,14700,21.23,1050,0,False
L012200,C08097,3,928000,418300,2.83,3210,0,False
L012201,C08098,1,152000,108600,6.53,6710,1,False
L012202,C08099,3,2452000,1877900,2.69,9620,0,False
L012203,C08100,1,423000,107600,6.7,12290,0,False
L012204,C08101,2,31000,16400,20.41,1550,2,False
L012205,C08101,3,1433000,1124300,2.68,5640,0,False
L012206,C08102,4,109000,97700,5.42,4300,0,False
L012207,C08102,2,15000,8700,20.91,750,0,False
L012208,C08103,4,154000,41500,10.5,4820,0,False
L012209,C08104,2,35000,13700,20.41,1750,1,False
L012210,C08104,4,133000,73300,7.33,1680,0,False
L012211,C08104,3,1064000,822700,3.84,5790,0,False
L012212,C08105,3,1957000,1424800,2.75,8400,0,False
L012213,C08106,3,1301000,1125500,2.9,6580,0,False
L012214,C08106,2,22000,17600,14.51,1100,3,True
L012215,C08106,1,372000,200700,5.12,5880,0,False
L012216,C08107,4,201000,97200,10.15,4670,0,False
L012217,C08108,4,83000,28200,11.5,1190,0,False
L012218,C08108,3,1160000,1065400,3.4,5770,0,False
L012219,C08109,4,252000,119600,8.03,5630,0,False
L012220,C08109,1,125000,87400,7.22,1930,0,False
L012221,C08110,3,1685000,1434200,2.75,7730,0,False
L012222,C08111,3,2657000,2510800,2.93,14230,0,False
L012223,C08112,3,1697000,1402100,2.85,8050,0,False
L012224,C08112,2,41000,4100,17.38,2050,2,False
L012225,C08113,3,1065000,483700,2.76,4170,0,False
L012226,C08114,1,188000,58800,7.02,3860,0,False
L012227,C08115,3,1392000,850500,2.45,6300,0,False
L012228,C08116,3,1043000,683700,3.38,4430,0,False
L012229,C08117,3,1031000,691600,2.99,4690,0,False
L012230,C08118,3,1809000,819500,2.6,7650,1,False
L012231,C08119,4,121000,44200,10.83,2820,0,False
L012232,C08120,1,97000,83300,7.13,3600,0,False
L012233,C08121,1,132000,75600,7.28,4450,3,False
L012234,C08121,3,720000,561200,3.79,3400,1,False
L012235,C08122,3,1559000,1480200,3.35,7390,0,False
L012236,C08123,3,1577000,917200,3.05,5660,0,False
L012237,C08123,2,56000,9700,17.75,2800,0,False
L012238,C08124,3,1392000,1247000,3.15,5850,0,False
L012239,C08124,1,265000,140900,9.72,10010,0,False
L012240,C08124,2,39000,23900,15.24,1950,0,False
L012241,C08125,4,50000,15500,6.12,1330,0,False
L012242,C08126,2,5000,1700,19.87,250,0,False
L012243,C08127,1,232000,203100,5.0,3480,0,False
L012244,C08128,3,954000,533900,2.75,3530,3,False
L012245,C08129,3,1205000,564900,3.61,5780,0,False
L012246,C08129,4,176000,147300,10.87,2320,3,False
L012247,C08130,1,227000,111200,8.95,6990,0,False
L012248,C08131,3,2022000,1412200,2.85,8580,1,False
L012249,C08132,3,1646000,1038100,2.7,5860,0,False
L012250,C08133,2,5000,2500,16.94,250,0,False
L012251,C08134,2,21000,12200,14.36,1050,1,False
L012252,C08135,2,19000,14500,18.2,950,0,False
L012253,C08136,2,20000,8900,15.14,1000,0,False
L012254,C08137,3,2442000,1711000,3.39,10490,0,False
L012255,C08138,4,80000,30200,8.34,1700,0,False
L012256,C08138,2,6000,700,16.95,300,0,False
L012257,C08138,3,352000,283000,3.68,1690,0,False
L012258,C08139,2,51000,38500,14.87,2550,0,False
L012259,C08140,4,157000,80600,11.25,3630,0,False
L012260,C08141,4,186000,72300,9.0,2620,4,False
L012261,C08141,3,1015000,561200,2.81,4210,0,False
L012262,C08142,4,28000,7400,10.71,560,0,False
L012263,C08143,3,1564000,1204200,2.98,6550,3,False
L012264,C08143,1,132000,104500,7.32,5570,0,False
L012265,C08144,3,1197000,591800,2.7,5190,0,False
L012266,C08144,2,21000,3000,21.38,1050,0,False
L012267,C08145,3,1561000,752000,3.68,6500,0,False
L012268,C08146,2,15000,2100,14.48,750,0,False
L012269,C08147,3,2366000,1091600,3.39,8710,1,False
L012270,C08147,4,239000,124100,7.48,2520,0,False
L012271,C08148,3,607000,413000,2.81,2740,0,False
L012272,C08149,1,215000,58700,5.79,3090,0,False
L012273,C08150,4,105000,33500,6.66,1220,0,False
L012274,C08151,2,38000,17000,18.3,1900,0,False
L012275,C08152,3,1562000,835200,2.94,5980,2,False
L012276,C08153,2,26000,9400,19.09,1300,0,False
L012277,C08153,4,44000,26900,10.52,600,0,False
L012278,C08154,3,772000,533100,3.3,3310,0,False
L012279,C08154,4,55000,41700,9.19,650,0,False
L012280,C08155,3,1130000,541000,3.66,4600,1,False
L012281,C08156,3,2027000,946200,2.73,6920,2,False
L012282,C08157,1,125000,86900,7.02,2200,0,False
L012283,C08157,2,18000,12600,14.68,900,1,False
L012284,C08158,3,1954000,1103500,3.01,7110,0,False
L012285,C08159,3,1717000,1106900,2.53,8120,0,False
L012286,C08159,2,71000,6800,12.17,3550,0,False
L012287,C08160,3,1497000,1191800,2.62,5980,0,False
L012288,C08160,2,72000,31200,17.01,3600,0,False
L012289,C08161,3,1457000,708200,3.35,6380,0,False
L012290,C08161,2,32000,24200,17.75,1600,0,False
L012291,C08162,3,930000,739800,3.22,4630,0,False
L012292,C08163,1,54000,28500,9.42,850,0,False
L012293,C08163,2,5000,4100,19.4,250,0,False
L012294,C08164,2,28000,22200,17.98,1400,2,False
L012295,C08164,4,178000,92400,4.5,6350,0,False
L012296,C08165,3,2690000,1698400,2.81,11900,0,False
L012297,C08165,2,37000,19800,16.63,1850,0,False
L012298,C08166,3,1878000,1548100,2.93,9470,0,False
L012299,C08167,2,20000,7700,21.08,1000,0,False
L012300,C08168,2,37000,27300,16.56,1850,0,False
L012301,C08168,4,55000,17600,12.07,570,3,False
L012302,C08169,2,52000,11900,17.41,2600,0,False
L012303,C08169,3,1345000,1035600,3.17,6430,0,False
L012304,C08170,2,13000,800,18.67,650,0,False
L012305,C08171,1,392000,245100,6.88,16080,0,True
L012306,C08171,3,1359000,717300,2.2,4990,0,False
L012307,C08172,4,143000,112500,7.26,2340,0,False
L012308,C08173,1,301000,105400,6.62,9100,0,False
L012309,C08173,3,1495000,706200,2.8,6300,0,False
L012310,C08174,2,32000,9000,14.7,1600,0,False
L012311,C08175,2,67000,21000,18.71,3350,0,False
L012312,C08176,3,2050000,1348000,2.97,7520,0,False
L012313,C08177,1,126000,66800,4.86,2530,0,False
L012314,C08178,4,303000,112100,7.8,10590,0,False
L012315,C08179,2,18000,7000,20.37,900,0,False
L012316,C08180,4,90000,24300,9.25,1110,1,False
L012317,C08181,2,14000,9000,22.0,700,0,False
L012318,C08182,1,59000,26800,6.88,830,0,False
L012319,C08183,2,43000,23600,17.43,2150,3,False
L012320,C08184,2,7000,5400,20.13,350,0,False
L012321,C08185,2,45000,10700,17.68,2250,1,False
L012322,C08185,3,2909000,1544400,2.88,13160,0,False
L012323,C08186,2,15000,5200,14.43,750,0,False
L012324,C08187,2,56000,41100,15.71,2800,1,False
L012325,C08188,2,43000,10700,15.71,2150,0,False
L012326,C08188,4,102000,86600,7.41,1600,0,False
L012327,C08189,4,104000,33800,4.5,1120,0,False
L012328,C08189,3,1404000,1234900,3.27,6140,0,False
L012329,C08190,2,72000,55300,17.42,3600,0,False
L012330,C08191,3,1834000,983300,3.08,7540,0,False
L012331,C08191,2,61000,35800,18.29,3050,0,False
L012332,C08192,3,2367000,1457500,3.14,8810,0,False
L012333,C08193,1,422000,230300,6.28,9170,0,False
L012334,C08193,2,56000,15500,21.05,2800,0,False
L012335,C08194,3,1269000,618600,2.53,5560,0,False
L012336,C08195,2,66000,17500,21.35,3300,0,False
L012337,C08196,3,2214000,1502000,3.4,9700,0,False
L012338,C08196,2,11000,1000,21.15,550,0,False
L012339,C08197,1,411000,301100,4.04,6320,0,False
L012340,C08197,2,52000,11400,18.69,2600,0,False
L012341,C08198,4,88000,32600,9.76,1310,0,False
L012342,C08198,3,1431000,1189300,2.58,7020,0,False
L012343,C08199,3,1900000,871900,2.88,6570,0,False
L012344,C08200,2,16000,7600,13.22,800,0,False
L012345,C08201,3,1058000,586700,3.19,3840,0,False
L012346,C08202,3,1653000,813300,2.98,6070,0,False
L012347,C08202,4,166000,137000,7.7,3210,0,False
L012348,C08203,4,141000,100900,7.64,1530,0,False
L012349,C08204,3,1375000,1042300,2.87,5200,0,False
L012350,C08204,1,274000,195400,6.48,4630,0,False
L012351,C08204,2,49000,26300,18.28,2450,2,False
L012352,C08204,4,51000,37300,4.84,1280,1,True
L012353,C08205,4,225000,190600,7.24,5630,0,False
L012354,C08206,1,123000,53100,9.16,2530,0,False
L012355,C08207,2,48000,26700,17.59,2400,0,False
L012356,C08207,1,155000,72300,7.54,3250,0,False
L012357,C08208,4,146000,104300,4.5,2330,2,False
L012358,C08209,3,1040000,798900,2.86,4460,0,False
L012359,C08210,4,55000,36200,11.89,830,0,False
L012360,C08211,3,1120000,515000,3.03,3940,0,False
L012361,C08211,2,26000,11300,11.8,1300,0,False
L012362,C08212,4,180000,116000,10.7,2360,0,False
L012363,C08213,2,14000,9400,18.02,700,0,False
L012364,C08214,3,1926000,1744600,3.35,9070,0,False
L012365,C08214,2,51000,24600,17.06,2550,0,False
L012366,C08215,4,135000,68000,4.8,1720,0,False
L012367,C08216,3,2032000,1179300,2.94,9300,0,False
L012368,C08217,4,30000,16500,6.56,310,0,False
L012369,C08218,4,352000,288800,7.64,9730,3,False
L012370,C08218,3,2585000,1719700,3.46,12870,0,False
L012371,C08219,1,483000,224300,6.2,13820,0,False
L012372,C08220,1,188000,166500,7.26,3070,0,False
L012373,C08221,2,25000,18900,18.25,1250,0,False
L012374,C08222,3,951000,572300,3.36,4560,0,False
L012375,C08223,4,289000,152600,10.62,5650,2,False
L012376,C08223,3,1500000,690700,2.49,6070,0,False
L012377,C08224,3,613000,580500,3.17,3080,0,False
L012378,C08224,2,18000,6200,18.04,900,0,False
L012379,C08224,4,84000,47500,6.8,2640,4,False
L012380,C08225,2,5000,1400,18.64,250,3,False
L012381,C08226,3,1952000,889200,2.61,6840,0,False
L012382,C08227,4,290000,89800,9.13,5090,0,False
L012383,C08228,2,18000,6400,19.24,900,0,False
L012384,C08228,3,987000,898500,2.75,4280,0,False
L012385,C08229,4,353000,272600,7.89,4980,0,False
L012386,C08229,3,1897000,1371200,2.61,9170,0,False
L012387,C08230,3,2011000,1479200,3.15,8340,0,False
L012388,C08231,2,17000,14000,18.12,850,0,False
L012389,C08232,3,1585000,1278200,3.45,8350,0,False
L012390,C08232,4,84000,72600,11.41,2720,0,False
L012391,C08233,1,78000,63500,5.84,2090,0,False
L012392,C08234,4,131000,104200,11.81,3710,0,False
L012393,C08234,3,962000,652300,3.35,4290,0,False
L012394,C08235,2,17000,6000,16.08,850,0,False
L012395,C08236,4,129000,66200,13.47,5500,0,False
L012396,C08237,2,8000,3100,16.64,400,0,False
L012397,C08238,3,837000,687000,3.14,3740,0,False
L012398,C08239,2,84000,19400,14.38,4200,0,False
L012399,C08240,1,50000,12900,8.46,690,1,False
L012400,C08241,4,225000,190000,8.36,5990,0,False
L012401,C08242,3,1119000,778400,3.26,4380,0,False
L012402,C08243,4,96000,27700,7.38,2070,0,False
L012403,C08244,3,1478000,797000,2.51,6450,0,False
L012404,C08245,1,50000,34900,7.88,1090,0,False
L012405,C08245,2,14000,7600,20.88,700,0,False
L012406,C08246,3,860000,507700,2.87,3160,0,False
L012407,C08247,4,79000,36800,6.61,860,0,False
L012408,C08248,3,1161000,800000,3.09,4900,0,False
L012409,C08248,2,23000,8400,13.14,1150,0,False
L012410,C08249,3,1156000,594600,2.49,4570,0,False
L012411,C08250,3,1642000,1421100,2.85,7540,0,False
L012412,C08251,3,1323000,1072400,2.61,5650,0,False
L012413,C08251,2,39000,9800,18.48,1950,0,False
L012414,C08252,2,15000,3800,20.47,750,0,False
L012415,C08253,1,79000,28300,8.78,1160,0,False
L012416,C08254,4,125000,56700,10.95,1440,0,False
L012417,C08255,4,105000,79800,11.56,1360,0,False
L012418,C08256,3,522000,443700,2.36,2200,0,False
L012419,C08256,4,68000,58800,6.58,1120,2,False
L012420,C08257,3,2147000,1179600,2.93,8040,0,False
L012421,C08258,3,1120000,894300,2.39,5140,1,False
L012422,C08258,2,47000,8800,17.59,2350,0,False
L012423,C08259,2,59000,18200,14.16,2950,0,False
L012424,C08260,2,7000,5700,16.91,350,0,False
L012425,C08261,4,94000,20300,8.76,2620,0,False
L012426,C08261,2,49000,40900,15.36,2450,0,False
L012427,C08262,3,1301000,752200,3.32,4880,1,False
L012428,C08263,3,1333000,756800,3.66,5560,0,False
L012429,C08263,4,163000,37200,10.61,2500,0,False
L012430,C08264,2,36000,15200,16.82,1800,0,False
L012431,C08265,3,1094000,752000,2.81,4100,0,False
L012432,C08266,2,25000,9900,20.98,1250,0,False
L012433,C08266,1,119000,67700,8.74,4250,0,False
L012434,C08267,4,133000,68700,10.82,1570,0,False
L012435,C08268,3,1211000,1106400,2.73,4900,0,False
L012436,C08268,4,206000,139000,7.22,2560,0,False
L012437,C08269,4,351000,289200,8.42,9350,3,False
L012438,C08269,3,1497000,1376800,2.74,7890,0,False
L012439,C08270,3,2013000,1614900,3.19,9080,0,False
L012440,C08271,3,1858000,1178400,3.11,8460,0,False
L012441,C08271,1,262000,190400,7.48,8250,1,False
L012442,C08272,2,16000,12500,18.62,800,0,False
L012443,C08273,2,16000,13000,23.5,800,1,False
L012444,C08274,3,845000,537900,2.87,3710,0,False
L012445,C08275,3,1039000,956000,2.93,5420,0,False
L012446,C08275,1,147000,89800,7.59,2180,2,False
L012447,C08275,4,64000,17500,4.5,1490,0,False
L012448,C08276,3,1043000,609500,2.92,3770,0,False
L012449,C08276,1,204000,77900,5.92,6700,0,False
L012450,C08276,2,48000,39600,17.02,2400,0,False
L012451,C08277,3,1344000,812800,3.08,6140,0,False
L012452,C08278,1,115000,31300,5.64,2040,0,False
L012453,C08278,2,61000,29900,17.22,3050,2,False
L012454,C08279,3,2432000,1783900,3.44,11200,2,False
L012455,C08279,2,70000,27600,19.03,3500,0,False
L012456,C08280,4,38000,12800,10.23,500,1,False
L012457,C08281,4,63000,37800,8.02,1080,0,False
L012458,C08282,2,14000,11600,16.48,700,0,False
L012459,C08283,3,857000,610900,3.68,3740,0,False
L012460,C08284,3,1542000,828600,3.04,5810,0,False
L012461,C08284,1,460000,205500,5.38,12580,2,True
L012462,C08284,4,187000,70100,11.07,3690,0,False
L012463,C08285,2,53000,30800,16.2,2650,0,False
L012464,C08286,1,61000,41200,8.78,960,1,False
L012465,C08287,3,1664000,1113700,2.95,7500,0,False
L012466,C08288,1,235000,81100,7.33,3270,0,False
L012467,C08289,2,5000,3400,17.24,250,1,False
L012468,C08289,1,69000,31000,7.84,1050,0,False
L012469,C08290,3,1547000,1120100,2.95,7510,0,False
L012470,C08291,3,827000,676500,2.2,3490,0,False
L012471,C08292,4,66000,39900,10.41,860,2,False
L012472,C08292,3,2032000,1338100,3.04,8470,0,False
L012473,C08293,2,8000,2600,17.94,400,1,True
L012474,C08294,2,33000,13700,17.62,1650,0,False
L012475,C08294,3,1474000,1231500,3.11,6570,0,False
L012476,C08295,3,1614000,923400,2.91,6420,0,False
L012477,C08295,2,24000,5100,19.95,1200,0,False
L012478,C08295,1,106000,76200,6.59,1780,0,False
L012479,C08296,2,19000,9800,18.18,950,0,False
L012480,C08297,3,1369000,1178100,3.44,5840,0,False
L012481,C08297,4,216000,147600,11.75,3110,0,True
L012482,C08297,1,287000,181100,8.61,5460,0,False
L012483,C08298,3,1377000,880300,2.68,5240,0,False
L012484,C08298,2,40000,20100,15.65,2000,0,False
L012485,C08298,1,80000,27900,5.85,1030,0,False
L012486,C08299,1,179000,103800,7.52,3010,0,False
L012487,C08300,3,1126000,776000,2.62,4490,0,False
L012488,C08300,2,24000,7000,19.32,1200,0,False
L012489,C08301,1,404000,153000,5.36,8420,0,False
L012490,C08302,2,36000,21800,12.97,1800,0,False
L012491,C08303,2,40000,22500,17.39,2000,0,False
L012492,C08304,3,1263000,1060000,3.06,5280,0,False
L012493,C08304,4,169000,120800,11.97,2430,0,False
L012494,C08304,1,77000,24700,8.32,3180,0,False
L012495,C08304,2,30000,14300,18.61,1500,0,True
L012496,C08305,2,46000,6300,22.5,2300,0,False
L012497,C08306,2,14000,3600,14.27,700,0,False
L012498,C08306,3,2516000,2213100,2.85,11510,0,False
L012499,C08307,3,1715000,945000,2.66,6520,0,False
L012500,C08307,2,26000,2500,15.85,1300,0,False
L012501,C08308,2,76000,39400,16.87,3800,3,False
L012502,C08309,3,2075000,1702700,3.02,10680,2,False
L012503,C08309,2,24000,8000,15.76,1200,0,False
L012504,C08309,1,381000,231400,5.8,5850,2,False
L012505,C08310,3,2062000,1707300,3.39,9020,0,False
L012506,C08311,4,421000,295700,6.79,16460,2,False
L012507,C08311,3,2402000,1192300,3.28,9970,2,False
L012508,C08312,3,2146000,1589100,2.57,9100,0,False
L012509,C08312,4,222000,109800,5.86,6750,0,False
L012510,C08313,2,72000,22200,20.81,3600,0,False
L012511,C08314,1,59000,41800,5.71,830,0,False
L012512,C08315,3,1742000,883700,3.22,7720,0,False
L012513,C08315,4,195000,94700,11.49,3200,0,False
L012514,C08315,1,429000,115600,6.0,8020,0,False
L012515,C08316,3,2616000,1640500,3.56,10160,0,False
L012516,C08316,1,416000,351900,7.7,7290,0,False
L012517,C08317,4,60000,41500,11.5,1050,0,False
L012518,C08317,3,653000,314500,2.7,2620,1,False
L012519,C08318,1,55000,36800,7.35,860,0,False
L012520,C08319,3,797000,725600,2.94,4090,0,False
L012521,C08320,3,1254000,911900,2.91,5490,0,False
L012522,C08320,2,35000,15100,18.7,1750,0,False
L012523,C08321,2,57000,16000,14.41,2850,0,False
L012524,C08322,3,2577000,2184200,2.46,10940,0,False
L012525,C08323,3,1342000,804100,2.9,5070,1,True
L012526,C08323,4,210000,52500,8.17,3470,0,False
L012527,C08323,2,43000,24500,19.75,2150,4,True
L012528,C08323,1,188000,134900,7.39,4940,1,False
L012529,C08324,4,47000,38700,8.93,840,0,False
L012530,C08325,4,49000,32200,11.52,1110,0,False
L012531,C08325,2,24000,5300,16.57,1200,0,False
L012532,C08326,2,31000,8900,16.13,1550,1,False
L012533,C08327,4,332000,209200,8.97,8590,0,False
L012534,C08328,1,169000,45300,7.31,3640,0,False
L012535,C08329,4,147000,130100,5.15,1800,0,False
L012536,C08330,2,21000,7500,16.58,1050,0,False
L012537,C08331,3,1999000,1265300,2.2,7930,0,False
L012538,C08332,3,2167000,1159500,2.95,8730,0,False
L012539,C08333,1,368000,250900,7.23,12210,0,False
L012540,C08334,3,2055000,1294800,2.33,9790,0,False
L012541,C08335,3,1723000,1409300,2.99,8960,0,False
L012542,C08336,3,1775000,1180100,3.18,8150,0,False
L012543,C08337,4,58000,34900,8.63,620,0,False
L012544,C08338,4,275000,226200,8.7,4270,0,False
L012545,C08338,3,2250000,1355200,3.25,8590,0,False
L012546,C08339,3,1016000,666000,3.06,3780,0,False
L012547,C08340,2,40000,15200,20.76,2000,0,False
L012548,C08341,3,1846000,1361600,2.54,7920,0,False
L012549,C08342,2,12000,7600,17.07,600,0,False
L012550,C08343,2,59000,17400,21.12,2950,0,False
L012551,C08343,3,2252000,2112900,3.08,10180,0,False
L012552,C08344,3,1309000,979100,2.61,5110,1,False
L012553,C08344,1,273000,202700,4.33,6180,2,False
L012554,C08345,3,1389000,1290700,3.28,6680,1,False
L012555,C08346,3,1601000,959700,2.64,6210,0,False
L012556,C08346,1,331000,205200,4.52,8010,1,False
L012557,C08347,2,47000,28100,15.15,2350,0,False
L012558,C08348,1,178000,62900,9.09,2420,0,False
L012559,C08349,3,929000,676000,2.2,3740,2,False
L012560,C08350,3,1269000,1079900,3.08,5700,0,False
L012561,C08351,3,1369000,859600,3.18,5310,0,False
L012562,C08352,2,14000,5700,12.78,700,0,False
L012563,C08353,3,865000,724700,2.3,3950,0,False
L012564,C08354,3,2191000,1629500,2.88,10870,0,False
L012565,C08355,2,14000,7500,21.08,700,0,False
L012566,C08356,3,2058000,1069200,2.9,8110,0,False
L012567,C08356,2,26000,6800,18.24,1300,0,False
L012568,C08357,3,2423000,1680900,3.39,9980,0,False
L012569,C08357,4,285000,185000,9.64,4920,0,False
L012570,C08358,3,3554000,2874600,3.0,15660,0,False
L012571,C08359,2,7000,3500,16.09,350,0,False
L012572,C08360,4,242000,157500,7.1,3310,0,False
L012573,C08360,2,41000,30300,15.34,2050,0,False
L012574,C08361,3,2337000,1551900,2.2,9240,0,False
L012575,C08362,2,25000,8000,19.21,1250,0,False
L012576,C08363,3,1458000,1185000,3.02,6170,0,False
L012577,C08364,3,1351000,916700,2.85,5810,0,False
L012578,C08364,2,52000,32700,19.3,2600,2,False
L012579,C08364,4,98000,21700,8.35,1630,0,False
L012580,C08365,4,239000,57300,5.89,7320,2,False
L012581,C08365,2,13000,1700,14.89,650,0,False
L012582,C08366,2,16000,12900,15.24,800,3,True
L012583,C08367,3,2172000,1570300,2.2,9090,0,False
L012584,C08367,1,345000,219600,8.71,7720,0,False
L012585,C08368,2,28000,15500,15.97,1400,0,False
L012586,C08369,1,262000,107700,4.83,7930,0,False
L012587,C08370,2,31000,24000,14.92,1550,0,False
L012588,C08371,3,1974000,1326000,2.57,8470,0,False
L012589,C08372,4,153000,105800,9.98,1900,0,False
L012590,C08372,2,86000,47900,11.96,4300,0,False
L012591,C08373,3,1637000,1316000,3.22,6960,0,False
L012592,C08374,3,1408000,1309300,3.04,6470,0,False
L012593,C08374,1,90000,33800,7.12,2220,0,False
L012594,C08375,3,1517000,727000,3.61,6260,0,False
L012595,C08375,4,306000,117200,9.84,3180,1,False
L012596,C08376,3,1215000,846000,2.5,5620,0,False
L012597,C08376,2,31000,9100,18.11,1550,2,False
L012598,C08376,1,189000,141200,6.6,5120,0,False
L012599,C08377,3,1302000,1068100,3.19,5290,0,False
L012600,C08377,2,56000,32000,17.25,2800,0,False
L012601,C08378,3,1201000,564400,3.09,5720,0,False
L012602,C08379,4,178000,37600,7.99,2110,0,False
L012603,C08379,3,1243000,936500,2.64,4600,1,False
L012604,C08380,3,2585000,1395600,2.2,8820,0,False
L012605,C08380,4,268000,221900,6.09,3490,1,False
L012606,C08380,1,583000,510900,8.29,11540,2,False
L012607,C08381,1,50000,38200,10.1,850,0,False
L012608,C08381,2,8000,2500,16.23,400,2,False
L012609,C08381,4,26000,17400,11.08,370,1,False
L012610,C08381,3,710000,555800,4.91,3540,0,True
L012611,C08382,1,219000,62300,8.35,9150,0,False
L012612,C08383,3,657000,599700,2.76,2840,0,False
L012613,C08383,4,151000,113300,4.5,2920,1,False
L012614,C08384,1,191000,107600,4.85,6960,1,False
L012615,C08385,1,73000,45400,8.24,2060,2,False
L012616,C08385,4,31000,26600,6.66,400,0,False
L012617,C08386,4,195000,138100,8.97,3630,0,False
L012618,C08387,2,39000,16500,14.77,1950,0,False
L012619,C08388,1,70000,46900,4.3,1110,0,False
L012620,C08388,2,17000,3600,19.8,850,0,False
L012621,C08389,2,35000,29300,13.82,1750,0,False
L012622,C08390,3,1167000,724100,2.7,5450,0,False
L012623,C08390,1,259000,147800,6.59,4220,0,False
L012624,C08391,3,1823000,1604700,3.1,9090,2,False
L012625,C08392,2,17000,900,19.39,850,1,False
L012626,C08392,1,50000,40300,10.12,1100,0,False
L012627,C08393,3,781000,420800,2.65,3210,0,False
L012628,C08394,2,56000,30700,18.53,2800,0,False
L012629,C08394,4,118000,54500,7.5,5140,0,False
L012630,C08395,4,155000,56000,7.33,1830,0,False
L012631,C08396,4,153000,92800,11.9,2770,1,False
L012632,C08396,3,917000,635300,2.79,4040,0,False
L012633,C08397,2,9000,7400,21.07,450,0,False
L012634,C08398,2,34000,2700,22.0,1700,0,False
L012635,C08399,1,87000,66100,7.98,1890,0,False
L012636,C08400,2,9000,1200,15.28,450,0,False
L012637,C08401,3,2656000,2005300,3.31,10900,3,False
L012638,C08401,4,291000,189300,8.0,3390,0,False
L012639,C08401,1,352000,130700,8.47,9210,0,False
L012640,C08402,3,868000,528500,2.44,3370,0,False
L012641,C08403,2,15000,2400,20.4,750,1,False
L012642,C08404,3,1604000,1252700,2.2,6040,0,False
L012643,C08404,1,386000,334300,6.87,8620,1,False
L012644,C08405,2,11000,3600,18.44,550,0,False
L012645,C08405,4,17000,10200,8.36,210,1,False
L012646,C08406,2,10000,2100,14.45,500,1,False
L012647,C08406,3,1068000,689200,2.67,4140,0,False
L012648,C08406,4,135000,108100,9.51,4620,0,False
L012649,C08407,2,5000,800,17.0,250,0,False
L012650,C08408,3,2271000,1548800,2.94,9180,0,False
L012651,C08409,3,1884000,1344500,2.61,6830,0,False
L012652,C08409,2,44000,18600,16.64,2200,1,False
L012653,C08410,3,1700000,913300,3.11,6740,0,False
L012654,C08410,1,242000,141400,5.61,5060,1,False
L012655,C08411,2,48000,17400,17.02,2400,0,False
L012656,C08412,4,78000,61600,7.59,1710,4,False
L012657,C08412,1,50000,28200,7.38,1100,0,False
L012658,C08413,4,216000,173000,13.1,5470,0,False
L012659,C08414,4,86000,41200,9.01,1100,0,False
L012660,C08415,3,832000,416400,3.1,2900,0,False
L012661,C08415,2,22000,10000,12.63,1100,0,False
L012662,C08416,2,12000,2000,18.12,600,0,False
L012663,C08417,3,1472000,729900,2.89,6420,2,False
L012664,C08418,4,91000,29200,4.97,1890,0,False
L012665,C08419,2,30000,4400,15.62,1500,0,False
L012666,C08420,2,52000,27900,16.35,2600,0,False
L012667,C08421,2,17000,13200,16.39,850,0,False
L012668,C08422,3,1478000,1369300,3.08,7300,0,False
L012669,C08422,4,208000,183200,5.09,2370,0,False
L012670,C08423,1,82000,73800,6.59,1580,0,False
L012671,C08424,2,41000,32300,18.02,2050,1,False
L012672,C08425,2,38000,6800,15.26,1900,0,False
L012673,C08426,2,37000,10100,17.01,1850,1,False
L012674,C08426,3,1832000,1340200,3.1,8930,0,False
L012675,C08426,4,64000,57500,8.37,910,0,False
L012676,C08427,3,1255000,695200,3.46,5540,1,False
L012677,C08428,2,27000,22400,16.43,1350,3,True
L012678,C08428,3,756000,585600,3.82,3370,0,False
L012679,C08429,3,1501000,940500,2.92,6190,0,True
L012680,C08430,2,53000,5500,18.33,2650,0,False
L012681,C08430,3,1943000,1728500,2.78,9010,1,False
L012682,C08431,2,58000,36600,14.06,2900,0,False
L012683,C08431,3,2572000,1254600,3.13,11180,0,False
L012684,C08432,4,91000,33000,8.59,1450,1,False
L012685,C08433,2,20000,14200,12.59,1000,0,False
L012686,C08434,2,60000,37200,16.12,3000,3,False
L012687,C08435,2,7000,1600,20.45,350,0,False
L012688,C08436,4,140000,33000,9.54,1320,0,False
L012689,C08436,2,16000,5100,16.35,800,4,False
L012690,C08437,2,23000,2500,20.08,1150,0,False
L012691,C08438,2,32000,22100,13.22,1600,1,False
L012692,C08438,3,803000,460100,3.52,3700,0,False
L012693,C08439,3,1321000,765800,2.6,4690,0,False
L012694,C08440,2,37000,14500,12.78,1850,0,False
L012695,C08440,3,1775000,879400,3.08,8180,0,False
L012696,C08441,3,2841000,2071100,2.54,13250,0,False
L012697,C08442,2,63000,45300,12.5,3150,0,False
L012698,C08443,2,24000,8400,14.84,1200,1,False
L012699,C08443,4,138000,103700,5.86,2060,0,False
L012700,C08444,3,1902000,1638700,2.44,8720,0,False
L012701,C08445,4,121000,39300,6.0,1410,0,False
L012702,C08445,2,19000,14700,18.12,950,1,False
L012703,C08445,3,1093000,613900,3.35,4200,0,False
L012704,C08446,4,69000,59600,7.85,830,0,False
L012705,C08447,2,10000,7700,12.72,500,0,False
L012706,C08447,4,58000,26500,10.77,1150,1,True
L012707,C08448,3,1411000,839800,2.62,6530,0,False
L012708,C08448,2,34000,2600,14.87,1700,0,False
L012709,C08449,2,31000,3300,13.73,1550,0,False
L012710,C08449,1,190000,96600,7.57,4930,0,False
L012711,C08450,4,78000,62100,12.39,1240,2,False
L012712,C08450,2,10000,1100,15.39,500,0,False
L012713,C08451,3,2435000,2232100,2.91,10990,3,False
L012714,C08451,4,311000,143900,7.27,3460,0,False
L012715,C08452,1,122000,87000,7.76,4650,0,False
L012716,C08452,3,793000,412500,3.28,3870,0,False
L012717,C08453,2,38000,20200,19.02,1900,2,True
L012718,C08454,3,2072000,1467200,3.19,10090,1,False
L012719,C08454,4,273000,200200,7.97,4420,0,False
L012720,C08454,2,68000,25400,12.02,3400,2,False
L012721,C08455,3,1305000,933600,2.94,5760,0,False
L012722,C08456,4,121000,89300,7.17,1550,1,False
L012723,C08457,1,263000,149100,5.67,5700,4,False
L012724,C08458,1,116000,32100,8.72,2420,0,False
L012725,C08458,2,26000,14700,17.87,1300,0,False
L012726,C08459,1,332000,85000,5.7,6290,0,False
L012727,C08460,2,12000,3700,17.38,600,0,False
L012728,C08461,3,1495000,1368500,3.03,7730,0,False
L012729,C08462,3,1401000,1197100,2.45,6210,3,False
L012730,C08462,2,54000,27400,17.64,2700,0,False
L012731,C08463,2,71000,59300,17.18,3550,0,False
L012732,C08464,3,1020000,652400,2.78,3900,0,False
L012733,C08465,3,1304000,814100,3.26,5490,1,False
L012734,C08466,4,232000,129500,5.57,4240,0,False
L012735,C08466,2,28000,8600,16.07,1400,0,False
L012736,C08467,3,2485000,2246700,2.72,12420,0,False
L012737,C08468,3,1276000,1101100,2.77,4970,0,False
L012738,C08468,2,21000,1900,15.8,1050,0,False
L012739,C08468,1,209000,70500,5.97,5230,0,False
L012740,C08469,3,2112000,1844600,2.88,9650,0,False
L012741,C08470,3,1494000,676800,3.71,6710,0,False
L012742,C08471,3,1544000,724600,2.83,6160,0,False
L012743,C08472,2,31000,3000,10.44,1550,0,False
L012744,C08473,2,29000,14600,15.85,1450,0,False
L012745,C08474,1,223000,93500,6.46,9630,0,False
L012746,C08475,4,66000,37400,8.12,1270,0,False
L012747,C08475,3,911000,646000,2.93,4130,0,False
L012748,C08476,1,172000,148900,6.02,5360,0,False
L012749,C08476,4,76000,56600,10.88,1630,0,False
L012750,C08477,1,453000,291900,5.02,12320,0,False
L012751,C08478,3,1518000,1122200,3.81,6440,0,False
L012752,C08478,4,115000,67000,8.94,2240,0,False
L012753,C08479,3,2243000,1766500,2.98,10970,3,False
L012754,C08480,4,356000,252800,5.74,4720,0,False
L012755,C08481,2,30000,2800,16.74,1500,0,False
L012756,C08481,3,972000,701300,3.29,5010,0,False
L012757,C08482,3,1653000,1034600,3.01,6190,0,False
L012758,C08482,4,198000,70300,7.88,2100,0,False
L012759,C08483,2,12000,2000,20.79,600,0,False
L012760,C08484,2,9000,5100,15.73,450,0,False
L012761,C08485,3,1545000,1456700,3.02,6580,0,False
L012762,C08485,4,323000,84000,9.47,5610,1,False
L012763,C08486,4,34000,12300,10.47,1000,0,False
L012764,C08486,1,72000,43400,9.34,1070,0,False
L012765,C08487,4,146000,58400,6.1,1550,0,False
L012766,C08487,2,32000,1900,14.68,1600,0,False
L012767,C08488,4,49000,19100,10.22,880,0,False
L012768,C08489,2,43000,5100,15.02,2150,0,False
L012769,C08489,3,1084000,886800,2.74,4260,0,False
L012770,C08490,3,1122000,664900,2.61,4510,1,False
L012771,C08490,2,23000,17100,18.72,1150,0,False
L012772,C08491,1,265000,164800,8.14,4340,0,False
L012773,C08492,3,2088000,1885000,2.85,9920,0,False
L012774,C08493,3,1957000,1506700,2.94,9390,0,False
L012775,C08494,4,195000,120900,8.0,4330,0,False
L012776,C08495,3,1195000,1042800,3.1,6440,0,False
L012777,C08495,2,27000,15300,17.0,1350,0,False
L012778,C08495,1,300000,247500,7.15,7470,0,False
L012779,C08495,4,262000,229800,5.21,7280,1,True
L012780,C08496,2,34000,13900,13.84,1700,0,False
L012781,C08497,1,102000,51900,7.95,3890,0,False
L012782,C08498,4,79000,23500,9.28,940,2,False
L012783,C08499,3,1471000,883400,3.49,7520,0,False
L012784,C08499,1,112000,96200,5.91,1630,0,False
L012785,C08500,2,26000,12000,14.27,1300,0,False
L012786,C08500,4,91000,66500,6.44,2270,0,False
L012787,C08501,4,205000,48300,7.4,1950,0,False
L012788,C08502,4,66000,43000,12.45,2200,1,False
L012789,C08502,2,10000,4400,19.43,500,2,False
L012790,C08502,1,57000,42600,7.6,2170,3,False
L012791,C08502,3,662000,347400,4.72,3250,3,False
L012792,C08503,1,169000,110500,5.81,3440,0,False
L012793,C08503,3,1296000,965900,2.37,5400,0,False
L012794,C08503,2,26000,20700,14.02,1300,2,False
L012795,C08503,4,227000,195200,10.17,2880,0,False
L012796,C08504,4,150000,125800,6.88,1710,0,False
L012797,C08504,2,5000,1800,20.85,250,0,False
L012798,C08505,3,2137000,1741100,3.19,11070,0,False
L012799,C08505,1,393000,184100,7.21,8960,1,False
L012800,C08505,2,29000,1700,16.46,1450,0,False
L012801,C08506,4,31000,11900,14.45,490,0,False
L012802,C08507,3,1496000,1016300,2.99,7170,0,False
L012803,C08508,2,50000,37700,15.78,2500,0,False
L012804,C08509,3,2552000,2187600,3.34,11560,0,False
L012805,C08510,4,243000,120900,12.58,2760,0,False
L012806,C08511,3,960000,813000,3.19,4130,0,False
L012807,C08511,1,285000,164900,9.04,4690,0,False
L012808,C08512,1,161000,44800,8.85,3630,0,False
L012809,C08512,2,18000,3200,18.14,900,0,False
L012810,C08512,4,68000,21900,9.78,1140,0,False
L012811,C08513,3,3022000,2183400,2.5,13930,0,False
L012812,C08514,1,50000,35300,10.58,1640,0,False
L012813,C08515,3,2416000,1135100,3.42,8670,0,False
L012814,C08516,3,1416000,708000,3.3,6030,0,False
L012815,C08516,4,136000,71000,6.79,1990,0,False
L012816,C08517,3,1277000,819600,3.01,4770,0,False
L012817,C08518,3,904000,754000,3.43,4750,0,False
L012818,C08519,2,78000,50600,17.79,3900,0,False
L012819,C08520,1,162000,78300,6.57,2840,0,False
L012820,C08521,3,1306000,817600,3.16,5390,0,False
L012821,C08521,1,346000,204800,7.56,6710,0,False
L012822,C08521,2,49000,10400,16.51,2450,0,False
L012823,C08521,4,85000,68600,7.65,1040,0,False
L012824,C08522,1,155000,82800,4.9,3030,0,False
L012825,C08523,3,1045000,644000,3.16,4750,1,False
L012826,C08524,3,2086000,1973900,3.36,10670,0,False
L012827,C08524,4,264000,212800,4.5,3800,0,False
L012828,C08525,3,1511000,1160600,3.11,6680,1,False
L012829,C08525,4,303000,63000,10.64,10830,3,False
L012830,C08526,3,1136000,681900,3.83,4520,0,False
L012831,C08527,3,1682000,1447500,2.82,8610,0,False
L012832,C08527,1,512000,282300,5.95,14860,0,False
L012833,C08528,1,122000,78600,4.23,2530,0,False
L012834,C08529,3,2384000,1575700,3.19,10790,0,False
L012835,C08529,4,390000,156500,10.99,16450,0,False
L012836,C08529,2,20000,14200,13.07,1000,0,False
L012837,C08529,1,413000,113100,5.64,6240,2,False
L012838,C08530,1,95000,63800,8.62,2900,0,False
L012839,C08531,3,1138000,608000,2.54,4120,1,False
L012840,C08532,2,42000,9900,12.4,2100,0,False
L012841,C08533,4,40000,12900,4.5,640,0,False
L012842,C08534,1,315000,116600,8.36,9410,0,False
L012843,C08535,4,430000,265800,6.44,9920,0,False
L012844,C08535,3,2200000,1469500,2.92,10770,3,False
L012845,C08536,4,156000,49600,7.71,1630,0,False
L012846,C08536,2,28000,6300,16.27,1400,0,False
L012847,C08536,3,1807000,1116900,2.7,6940,0,False
L012848,C08537,3,1392000,1072600,3.94,6080,0,False
L012849,C08537,2,13000,9300,16.0,650,0,False
L012850,C08538,3,1351000,757100,3.26,5390,0,False
L012851,C08539,2,14000,10300,18.94,700,0,False
L012852,C08540,2,37000,5600,17.55,1850,0,False
L012853,C08540,3,871000,737200,2.89,4150,0,False
L012854,C08541,1,85000,75300,10.51,1870,0,False
L012855,C08542,3,1277000,1095700,2.82,6230,0,False
L012856,C08542,4,72000,14500,9.59,870,0,False
L012857,C08543,2,11000,1400,15.2,550,0,False
L012858,C08543,4,59000,35600,8.15,1450,0,False
L012859,C08543,3,989000,645400,3.88,4520,0,False
L012860,C08544,2,50000,15800,19.1,2500,0,False
L012861,C08544,3,2140000,1070300,3.12,7620,0,False
L012862,C08545,3,975000,583700,2.96,3870,0,False
L012863,C08546,2,11000,8900,21.7,550,1,False
L012864,C08546,4,84000,17400,9.86,1660,0,False
L012865,C08546,1,53000,39400,12.04,1790,1,False
L012866,C08547,3,1269000,873500,2.68,5270,0,False
L012867,C08548,3,1453000,1156200,3.13,6080,2,False
L012868,C08549,4,83000,69000,9.91,1350,0,False
L012869,C08549,1,98000,28800,11.17,1840,1,False
L012870,C08550,1,187000,139900,7.16,4680,0,False
L012871,C08550,2,34000,2100,18.71,1700,0,False
L012872,C08551,3,842000,764200,3.66,4230,2,False
L012873,C08552,2,19000,9000,20.28,950,0,False
L012874,C08552,3,772000,702300,3.24,4130,0,False
L012875,C08553,3,1896000,1215000,3.3,7730,0,False
L012876,C08553,4,231000,202500,10.38,2960,0,False
L012877,C08553,1,547000,213500,5.79,7220,0,False
L012878,C08553,2,55000,35500,16.62,2750,0,False
L012879,C08554,3,2640000,1397900,3.01,11380,0,False
L012880,C08555,3,2034000,1521500,2.99,7940,0,False
L012881,C08556,4,227000,161000,8.91,7350,0,False
L012882,C08557,2,19000,7500,23.16,950,1,False
L012883,C08558,3,1067000,579700,2.85,4190,0,False
L012884,C08558,4,344000,132400,7.97,3550,0,False
L012885,C08559,3,2300000,1914500,3.19,11320,0,False
L012886,C08559,1,92000,35800,4.84,1190,0,False
L012887,C08560,2,21000,6300,16.2,1050,0,False
L012888,C08561,1,50000,12900,7.16,1480,0,False
L012889,C08561,4,60000,15600,12.71,650,0,False
L012890,C08562,1,96000,28000,4.54,1220,0,False
L012891,C08563,4,35000,30200,4.83,390,0,False
L012892,C08564,4,69000,52100,9.76,1010,0,False
L012893,C08565,4,62000,25200,9.19,970,0,False
L012894,C08566,3,1468000,973700,3.15,6790,0,False
L012895,C08567,4,348000,101000,8.19,4580,2,False
L012896,C08567,3,1328000,833100,3.23,6090,0,False
L012897,C08567,2,15000,4000,19.51,750,0,False
L012898,C08567,1,136000,113000,4.72,3880,0,False
L012899,C08568,3,1041000,942300,2.81,4980,0,False
L012900,C08569,3,1237000,1124000,3.18,6340,0,False
L012901,C08570,3,1223000,1008800,3.6,5890,0,False
L012902,C08570,2,62000,17100,17.34,3100,0,False
L012903,C08571,3,2239000,1104700,3.06,8250,0,False
L012904,C08571,4,255000,177200,8.64,7250,0,False
L012905,C08572,3,1646000,926900,2.84,6010,0,False
L012906,C08572,2,33000,23000,20.91,1650,0,False
L012907,C08572,1,214000,67400,6.89,3010,1,False
L012908,C08573,3,2045000,1474900,2.61,7820,0,False
L012909,C08573,4,375000,173600,7.84,4550,1,False
L012910,C08574,3,1911000,1221100,2.81,7680,0,False
L012911,C08575,3,999000,811500,2.83,4580,0,False
L012912,C08576,3,961000,569900,2.76,3410,0,False
L012913,C08577,3,1384000,652000,3.23,6600,0,False
L012914,C08578,3,1221000,1006600,2.2,5240,0,False
L012915,C08579,3,1037000,468500,2.41,4830,0,False
L012916,C08579,4,267000,102800,9.64,4110,0,False
L012917,C08580,4,110000,95500,11.33,1550,0,False
L012918,C08581,4,189000,56100,9.1,2900,0,False
L012919,C08582,1,354000,125200,8.66,5700,0,False
L012920,C08582,2,52000,39900,15.38,2600,0,False
L012921,C08582,3,1965000,991400,2.91,7330,0,False
L012922,C08583,4,188000,119600,8.79,3070,0,False
L012923,C08584,1,86000,37800,4.66,1260,0,False
L012924,C08585,3,1143000,529500,3.07,4500,0,False
L012925,C08586,4,114000,64000,9.56,1580,0,False
L012926,C08587,2,18000,6900,18.54,900,3,False
L012927,C08587,4,56000,29100,10.18,770,0,False
L012928,C08588,3,1556000,1471200,2.2,6690,0,True
L012929,C08588,4,124000,74200,6.77,3930,0,False
L012930,C08588,1,241000,82000,5.41,4510,0,False
L012931,C08589,1,337000,188400,5.52,4740,1,True
L012932,C08589,3,1753000,1275200,2.75,8150,0,False
L012933,C08589,4,70000,31100,9.0,1420,0,False
L012934,C08589,2,24000,8700,18.33,1200,0,False
L012935,C08590,3,2015000,1251000,2.78,7920,0,False
L012936,C08591,2,24000,2000,20.22,1200,0,False
L012937,C08591,1,164000,73400,7.66,4330,4,False
L012938,C08592,1,50000,36600,7.26,1380,0,True
L012939,C08593,2,61000,36800,11.66,3050,1,False
L012940,C08594,3,742000,611200,3.17,3280,3,False
L012941,C08595,1,127000,59700,8.74,1800,0,False
L012942,C08596,2,17000,12800,12.31,850,0,False
L012943,C08597,2,11000,1000,14.47,550,0,False
L012944,C08598,3,1005000,827700,3.21,4730,0,False
L012945,C08598,2,23000,7600,15.67,1150,0,False
L012946,C08598,4,199000,153400,9.66,2880,0,False
L012947,C08599,3,1754000,1436600,2.94,8150,0,False
L012948,C08600,4,49000,41500,10.71,750,0,False
L012949,C08600,2,13000,6500,13.19,650,0,False
L012950,C08601,4,44000,29500,9.47,580,0,True
L012951,C08602,3,2550000,1319300,3.44,9950,0,False
L012952,C08602,1,229000,140200,7.41,5850,1,False
L012953,C08603,4,56000,36300,5.0,1030,0,False
L012954,C08603,3,2123000,1919200,3.52,10350,0,True
L012955,C08604,2,14000,11200,16.17,700,0,False
L012956,C08604,1,50000,39800,7.35,730,0,False
L012957,C08604,4,88000,73700,9.84,1860,0,False
L012958,C08605,3,941000,613900,2.42,3890,0,False
L012959,C08606,3,3204000,1973900,2.85,12270,0,False
L012960,C08606,2,23000,2800,15.74,1150,0,False
L012961,C08607,2,21000,17600,13.97,1050,0,False
L012962,C08607,1,96000,35200,6.93,1280,0,False
L012963,C08608,3,1541000,1118900,3.17,7820,0,False
L012964,C08609,3,1756000,1152500,2.56,7450,0,False
L012965,C08610,2,17000,13600,21.41,850,0,False
L012966,C08611,2,22000,5900,19.8,1100,0,False
L012967,C08612,2,29000,18700,18.38,1450,0,False
L012968,C08612,4,138000,103000,8.49,1790,0,False
L012969,C08613,3,740000,545900,2.74,2890,0,False
L012970,C08614,3,2897000,2153800,2.76,11340,0,False
L012971,C08614,2,100000,37400,19.2,5000,0,False
L012972,C08615,1,218000,190000,3.91,2930,0,False
L012973,C08616,4,20000,6700,10.69,280,0,False
L012974,C08616,1,103000,86200,6.22,2030,0,False
L012975,C08617,2,20000,1700,14.93,1000,0,False
L012976,C08618,2,10000,1300,15.25,500,0,False
L012977,C08618,3,1574000,1272400,3.15,6500,0,False
L012978,C08618,1,141000,104900,7.67,3970,0,False
L012979,C08619,2,16000,1300,18.77,800,0,False
L012980,C08619,4,135000,38300,8.47,2060,0,False
L012981,C08620,3,1139000,516000,2.97,5010,0,False
L012982,C08621,3,1595000,1368200,3.33,7320,0,False
L012983,C08621,1,195000,79000,5.71,4360,0,False
L012984,C08622,3,1262000,724800,2.92,5370,0,False
L012985,C08622,2,22000,3200,15.95,1100,1,False
L012986,C08623,2,10000,1100,16.53,500,4,True
L012987,C08624,3,1198000,736000,2.51,4780,0,False
L012988,C08624,2,23000,8800,18.43,1150,1,False
L012989,C08625,4,126000,49000,9.28,3710,0,False
L012990,C08626,3,1429000,670500,3.13,6170,1,False
L012991,C08626,2,70000,6700,20.37,3500,0,False
L012992,C08627,2,9000,1000,18.01,450,0,False
L012993,C08628,4,150000,94700,12.08,2190,0,False
L012994,C08629,3,1450000,861700,2.93,6650,1,False
L012995,C08630,2,13000,2500,13.13,650,0,False
L012996,C08630,1,172000,94200,5.5,4320,0,False
L012997,C08631,3,2273000,1814400,3.36,10610,0,False
L012998,C08632,1,303000,186600,6.6,6380,0,False
L012999,C08632,4,139000,95100,11.42,2360,0,False
L013000,C08633,2,6000,2000,20.16,300,0,False
L013001,C08634,3,1629000,887400,3.08,6420,0,False
L013002,C08635,2,5000,2400,19.45,250,0,False
L013003,C08635,1,75000,47400,7.36,1680,0,False
L013004,C08635,4,91000,33100,9.21,1640,0,False
L013005,C08636,3,853000,474500,3.18,3360,0,False
L013006,C08637,2,37000,5700,10.0,1850,0,False
L013007,C08637,3,1347000,643400,2.66,5020,0,False
L013008,C08638,2,55000,36600,20.64,2750,0,False
L013009,C08638,4,239000,82800,9.14,5860,0,False
L013010,C08639,2,36000,17600,17.67,1800,0,False
L013011,C08639,3,1695000,801900,3.19,7260,0,False
L013012,C08640,2,21000,16900,17.09,1050,0,False
L013013,C08641,3,962000,801300,2.43,3590,2,False
L013014,C08642,4,263000,212500,10.34,5620,1,False
L013015,C08643,4,25000,11300,9.48,860,0,False
L013016,C08644,3,2555000,1688200,2.81,12290,0,False
L013017,C08645,2,24000,5800,15.32,1200,0,False
L013018,C08646,3,1728000,1622900,3.53,8290,0,False
L013019,C08647,2,45000,23400,20.24,2250,0,False
L013020,C08648,4,171000,115800,9.93,5150,0,False
L013021,C08649,3,1731000,1214000,2.55,6990,0,False
L013022,C08650,2,41000,3100,16.99,2050,0,False
L013023,C08650,3,1243000,857700,3.78,5390,0,False
L013024,C08651,4,163000,70400,9.43,2310,0,False
L013025,C08652,2,39000,12000,14.59,1950,0,False
L013026,C08653,3,1655000,831400,2.83,6660,0,False
L013027,C08654,4,361000,166000,8.37,4670,0,False
L013028,C08654,3,1305000,869500,2.72,5310,1,False
L013029,C08654,2,45000,15100,19.06,2250,1,False
L013030,C08655,2,28000,2700,19.42,1400,0,False
L013031,C08656,3,2359000,1582200,3.28,9740,0,False
L013032,C08656,1,298000,105500,7.45,7890,0,False
L013033,C08657,3,2014000,1561100,2.87,8660,0,False
L013034,C08658,3,1818000,1569400,3.47,8470,0,False
L013035,C08658,4,69000,34300,7.52,1750,0,False
L013036,C08659,3,746000,634500,2.88,3340,0,False
L013037,C08660,4,253000,220800,6.17,4000,2,False
L013038,C08660,3,2196000,1162700,2.99,9680,0,True
L013039,C08661,1,124000,100700,7.06,2180,0,False
L013040,C08662,3,2056000,1456700,3.03,8000,0,False
L013041,C08662,2,54000,29400,14.35,2700,0,False
L013042,C08663,2,12000,6000,22.64,600,0,False
L013043,C08664,2,42000,17700,16.65,2100,0,False
L013044,C08665,4,243000,81600,9.0,6610,0,False
L013045,C08666,1,182000,102000,8.68,2880,0,False
L013046,C08667,2,5000,2100,23.01,250,0,False
L013047,C08668,3,1066000,550400,3.49,5160,0,False
L013048,C08669,3,1750000,1555100,3.47,8500,1,False
L013049,C08670,4,155000,113700,7.1,1920,0,False
L013050,C08670,3,765000,569700,2.44,3090,0,False
L013051,C08670,2,37000,8200,12.82,1850,4,False
L013052,C08671,4,86000,50500,9.5,3370,0,False
L013053,C08672,2,45000,27900,17.44,2250,0,False
L013054,C08672,1,293000,204600,6.09,5100,0,False
L013055,C08673,1,50000,21600,8.29,980,0,False
L013056,C08673,4,30000,18600,12.57,370,0,False
L013057,C08673,2,6000,1800,17.15,300,0,False
L013058,C08674,2,58000,10800,21.45,2900,0,False
L013059,C08675,2,8000,2100,21.33,400,0,False
L013060,C08676,3,1743000,1066500,2.59,6250,0,False
L013061,C08676,4,100000,78700,5.56,1030,0,False
L013062,C08676,1,156000,52400,7.67,2800,2,False
L013063,C08677,2,18000,5100,16.0,900,1,False
L013064,C08677,3,1181000,886600,2.97,5900,0,False
L013065,C08678,4,275000,105600,9.47,4090,0,False
L013066,C08679,3,1635000,1319300,2.37,6930,0,False
L013067,C08680,1,335000,146900,7.9,4970,0,False
L013068,C08681,2,33000,5900,17.1,1650,4,False
L013069,C08682,3,962000,493100,3.27,4270,0,False
L013070,C08683,4,217000,105200,9.4,9220,0,False
L013071,C08684,2,15000,9600,21.65,750,1,False
L013072,C08685,3,2428000,2086800,3.21,10520,0,False
L013073,C08685,4,114000,88300,9.03,1420,0,False
L013074,C08685,2,45000,18700,17.45,2250,0,False
L013075,C08686,1,203000,92300,7.82,3400,0,False
L013076,C08686,2,49000,27800,15.14,2450,0,False
L013077,C08687,3,1333000,767400,2.95,5990,0,False
L013078,C08688,2,25000,9500,20.0,1250,0,False
L013079,C08688,3,1045000,519200,3.08,4830,1,False
L013080,C08689,3,1862000,998700,2.5,7760,0,False
L013081,C08689,2,34000,17900,16.23,1700,0,False
L013082,C08690,2,25000,13300,16.32,1250,0,False
L013083,C08691,3,1986000,1489800,3.2,9410,0,False
L013084,C08692,4,75000,60100,5.67,1460,0,False
L013085,C08693,2,36000,14600,10.3,1800,0,False
L013086,C08694,4,235000,145100,11.05,7030,0,False
L013087,C08695,3,2038000,1887900,3.17,9480,0,False
L013088,C08696,1,438000,168700,6.93,14590,1,False
L013089,C08697,2,9000,3800,15.1,450,0,False
L013090,C08698,3,2357000,1630800,3.01,9530,0,False
L013091,C08698,1,401000,215000,4.76,8410,0,False
L013092,C08699,4,82000,27300,6.93,820,0,False
L013093,C08699,3,2362000,1914500,3.31,9730,0,False
L013094,C08700,3,2011000,1007300,2.83,8720,3,False
L013095,C08700,2,26000,11500,18.45,1300,0,False
L013096,C08701,3,1121000,534400,2.85,4490,1,False
L013097,C08702,2,12000,3400,19.29,600,0,False
L013098,C08703,3,1930000,1788700,2.74,7920,0,False
L013099,C08703,4,84000,51300,8.71,1420,0,False
L013100,C08704,2,25000,5700,16.73,1250,0,False
L013101,C08705,2,21000,3200,18.13,1050,0,False
L013102,C08705,1,89000,36500,9.03,1500,0,False
L013103,C08705,4,97000,19800,8.21,1020,0,False
L013104,C08706,3,838000,685300,5.56,4420,0,False
L013105,C08706,2,7000,5400,16.57,350,0,False
L013106,C08707,1,136000,99600,7.35,2320,0,False
L013107,C08708,2,16000,1500,15.06,800,0,False
L013108,C08709,2,18000,5800,14.89,900,0,False
L013109,C08710,3,924000,704900,2.74,3920,0,False
L013110,C08711,3,573000,531800,2.76,2300,0,False
L013111,C08712,2,55000,15300,14.44,2750,0,False
L013112,C08713,1,66000,31000,6.52,1910,0,False
L013113,C08714,3,980000,770100,2.57,4300,0,False
L013114,C08714,2,16000,5200,14.19,800,0,False
L013115,C08714,1,248000,91100,8.99,3870,0,False
L013116,C08715,2,14000,7100,22.5,700,0,False
L013117,C08716,3,1828000,1651500,3.07,8540,0,False
L013118,C08716,1,332000,170500,6.24,4530,0,False
L013119,C08717,1,57000,34300,5.99,1580,0,False
L013120,C08717,3,1482000,909500,3.36,6310,0,False
L013121,C08718,2,51000,13100,15.74,2550,0,False
L013122,C08718,3,1116000,838300,2.89,5130,0,False
L013123,C08719,3,1320000,721900,2.46,5860,0,False
L013124,C08720,3,1848000,1514700,3.18,7840,0,False
L013125,C08720,2,25000,15700,16.8,1250,0,False
L013126,C08721,2,10000,5800,16.67,500,0,False
L013127,C08722,4,110000,97800,5.49,2050,0,False
L013128,C08723,2,17000,5700,17.16,850,1,False
L013129,C08723,4,139000,94300,11.38,1730,0,False
L013130,C08724,4,118000,62600,6.45,1320,2,False
L013131,C08725,3,1354000,990500,2.77,5810,2,False
L013132,C08725,2,37000,25100,16.81,1850,0,False
L013133,C08725,4,113000,59900,7.68,1600,0,False
L013134,C08726,2,42000,22500,14.52,2100,0,False
L013135,C08727,1,172000,130800,6.13,5590,0,False
L013136,C08728,3,1478000,1345200,3.21,6690,0,False
L013137,C08728,2,41000,25000,18.34,2050,0,False
L013138,C08729,1,295000,237000,6.2,9760,1,False
L013139,C08730,2,20000,4700,19.59,1000,0,False
L013140,C08731,3,979000,511800,2.85,4040,1,False
L013141,C08731,2,30000,8000,20.2,1500,0,False
L013142,C08732,1,322000,178000,7.98,6770,1,True
L013143,C08732,3,1404000,957200,3.33,5390,2,False
L013144,C08733,2,14000,11000,14.96,700,0,False
L013145,C08734,3,1362000,1142400,2.7,6050,0,False
L013146,C08735,1,93000,68900,5.84,1500,1,False
L013147,C08736,2,19000,12500,17.79,950,0,False
L013148,C08737,3,1034000,808400,2.77,3990,0,False
L013149,C08737,4,47000,27200,5.0,540,0,False
L013150,C08738,3,1641000,1469100,2.34,7800,0,False
L013151,C08739,3,1389000,943700,2.68,5660,0,False
L013152,C08740,3,1884000,1420900,2.65,8250,0,False
L013153,C08741,2,5000,500,20.76,250,0,False
L013154,C08741,1,50000,25600,9.39,960,1,False
L013155,C08742,1,144000,128500,5.68,2160,0,False
L013156,C08742,3,1339000,1209400,2.53,6550,0,False
L013157,C08743,3,1169000,863900,2.59,4330,0,False
L013158,C08743,4,268000,213100,7.26,4500,1,False
L013159,C08743,2,28000,7900,16.57,1400,0,False
L013160,C08743,1,117000,85500,5.13,4470,0,False
L013161,C08744,2,17000,8200,21.61,850,0,False
L013162,C08745,3,1136000,746100,3.04,4760,0,False
L013163,C08746,4,214000,65400,7.58,2560,0,False
L013164,C08746,3,1934000,1549100,3.07,8080,0,False
L013165,C08747,3,1483000,1176000,3.53,6710,0,False
L013166,C08747,2,12000,900,14.19,600,0,False
L013167,C08747,1,167000,144300,8.07,3350,0,False
L013168,C08748,2,12000,3700,16.34,600,1,False
L013169,C08749,4,303000,94300,6.29,3630,2,False
L013170,C08749,1,236000,120800,6.94,4690,0,False
L013171,C08750,2,20000,14200,19.65,1000,1,True
L013172,C08751,1,401000,114700,5.85,10730,1,False
L013173,C08752,3,1536000,974800,2.8,5520,0,False
L013174,C08752,4,216000,63100,7.96,3090,1,False
L013175,C08753,2,35000,12100,14.29,1750,0,False
L013176,C08754,4,124000,87600,5.65,2010,0,False
L013177,C08755,2,28000,22000,16.77,1400,0,False
L013178,C08755,3,750000,568100,3.21,2940,0,False
L013179,C08756,1,180000,80700,6.32,3330,1,False
L013180,C08757,3,867000,439300,2.99,3320,0,True
L013181,C08757,2,35000,28000,13.72,1750,0,False
L013182,C08757,1,182000,96500,7.66,3660,0,False
L013183,C08757,4,239000,209100,8.26,4450,0,False
L013184,C08758,3,1735000,823100,2.44,7120,0,False
L013185,C08758,2,38000,24900,12.27,1900,0,False
L013186,C08758,1,269000,239900,7.22,4360,0,False
L013187,C08759,2,5000,4000,20.21,250,2,False
L013188,C08759,1,110000,42400,8.05,1520,0,False
L013189,C08760,4,93000,63300,9.77,1120,0,False
L013190,C08761,2,30000,9000,18.96,1500,0,False
L013191,C08762,3,1025000,854200,3.21,5180,0,False
L013192,C08763,3,1726000,1029200,3.52,7560,1,False
L013193,C08763,1,374000,242900,6.46,11260,1,False
L013194,C08764,3,720000,343900,3.5,2590,0,False
L013195,C08765,2,20000,14000,17.19,1000,0,False
L013196,C08766,3,880000,707200,2.92,3520,0,False
L013197,C08766,4,75000,56300,7.94,1960,0,False
L013198,C08767,3,1504000,1237800,3.14,6200,0,False
L013199,C08767,4,105000,82600,5.58,3380,0,False
L013200,C08768,3,1017000,469000,2.53,3370,0,False
L013201,C08768,4,64000,41300,8.22,2120,0,False
L013202,C08769,2,12000,6000,16.95,600,0,False
L013203,C08769,1,125000,79000,8.31,3330,0,False
L013204,C08770,2,17000,5100,11.67,850,0,False
L013205,C08771,3,753000,587800,2.93,2990,0,False
L013206,C08772,3,2065000,1961400,2.85,9750,0,False
L013207,C08772,2,21000,2100,18.47,1050,0,False
L013208,C08773,3,1025000,798600,2.99,4850,0,False
L013209,C08774,1,538000,442100,6.86,7960,0,False
L013210,C08774,3,1480000,1293800,2.58,5830,0,False
L013211,C08774,2,39000,10000,16.65,1950,0,False
L013212,C08775,3,848000,704200,2.47,3360,0,False
L013213,C08776,2,17000,7000,20.18,850,0,False
L013214,C08777,3,910000,817000,2.58,4020,0,False
L013215,C08778,1,120000,61900,8.58,2170,1,False
L013216,C08778,2,50000,18900,14.81,2500,0,False
L013217,C08779,3,1630000,1318300,3.67,7290,1,False
L013218,C08780,1,341000,302200,6.92,5200,0,False
L013219,C08781,1,166000,127600,7.91,7540,0,False
L013220,C08781,3,1071000,537800,2.94,4110,0,True
L013221,C08782,3,1607000,759300,3.03,5860,1,False
L013222,C08783,3,1258000,646600,2.87,5220,0,False
L013223,C08783,4,117000,92500,13.47,1710,0,False
L013224,C08784,4,277000,142400,5.73,4110,0,False
L013225,C08785,4,109000,91600,7.32,4660,0,False
L013226,C08786,3,2361000,1166600,2.86,8560,0,False
L013227,C08787,2,47000,22500,19.3,2350,0,False
L013228,C08787,3,1486000,1029100,3.33,5970,1,False
L013229,C08788,2,23000,18200,22.18,1150,0,False
L013230,C08789,2,28000,10000,20.3,1400,3,False
L013231,C08790,1,70000,20700,8.04,1060,0,False
L013232,C08791,2,25000,5900,21.1,1250,1,False
L013233,C08791,4,147000,125300,9.72,1850,3,False
L013234,C08791,1,175000,74700,7.3,4910,2,False
L013235,C08792,2,12000,9400,15.38,600,0,False
L013236,C08793,4,118000,92900,7.26,1300,0,False
L013237,C08794,3,1733000,1277800,3.09,6900,0,False
L013238,C08795,4,306000,158300,11.67,6920,0,False
L013239,C08795,3,1742000,1333300,2.31,8010,1,False
L013240,C08796,2,36000,10200,17.11,1800,0,False
L013241,C08797,3,1055000,626800,3.24,5060,0,False
L013242,C08798,3,1918000,1159700,3.16,9030,0,False
L013243,C08799,3,1607000,1170400,3.13,7520,0,False
L013244,C08799,1,116000,79600,7.02,2240,1,False
L013245,C08800,2,22000,15100,19.57,1100,0,False
L013246,C08800,4,304000,158400,6.94,3480,2,False
L013247,C08801,2,35000,17700,16.7,1750,0,False
L013248,C08801,3,1382000,765100,2.51,5150,0,False
L013249,C08802,3,1732000,1404500,2.88,8720,0,False
L013250,C08802,2,32000,9100,16.83,1600,0,False
L013251,C08803,2,28000,23400,15.15,1400,0,False
L013252,C08804,1,72000,43700,5.26,1250,0,False
L013253,C08804,2,34000,27600,19.0,1700,0,False
L013254,C08805,4,146000,63300,6.52,1730,2,False
L013255,C08806,2,16000,10400,17.78,800,0,False
L013256,C08807,4,332000,265700,8.14,8780,0,False
L013257,C08808,3,2009000,1873300,2.49,7800,1,False
L013258,C08809,4,24000,6200,8.88,500,1,False
L013259,C08810,1,51000,34200,8.92,1940,1,False
L013260,C08811,3,1185000,863700,2.86,4840,0,False
L013261,C08811,1,140000,113500,6.43,3570,0,False
L013262,C08812,1,53000,15700,8.02,1800,1,False
L013263,C08812,4,51000,45200,9.77,780,0,False
L013264,C08812,3,696000,593500,3.62,2990,2,False
L013265,C08813,2,12000,1300,14.26,600,0,False
L013266,C08814,3,1150000,1003500,2.74,4890,0,False
L013267,C08814,2,37000,13800,13.37,1850,0,False
L013268,C08815,1,141000,69700,9.34,2470,0,False
L013269,C08816,4,97000,45600,9.91,1120,0,False
L013270,C08816,1,68000,51200,6.41,1310,0,False
L013271,C08817,3,1177000,929100,3.07,4710,0,False
L013272,C08817,2,19000,2700,17.59,950,0,False
L013273,C08818,3,1210000,1109000,3.18,6250,0,False
L013274,C08819,3,1707000,1413600,2.61,7060,0,False
L013275,C08820,3,1358000,627400,3.21,5060,0,False
L013276,C08820,2,39000,22300,21.46,1950,0,False
L013277,C08821,1,185000,47300,6.85,2930,0,False
L013278,C08822,3,683000,431400,3.14,3020,0,False
L013279,C08823,2,10000,3600,21.11,500,0,False
L013280,C08823,4,80000,58200,10.69,2810,1,False
L013281,C08824,2,5000,4100,20.38,250,0,False
L013282,C08825,1,75000,39300,7.29,1390,0,False
L013283,C08826,3,2860000,2539900,3.26,15450,0,False
L013284,C08826,4,382000,135300,7.82,4700,0,False
L013285,C08827,3,564000,497600,3.04,2940,0,False
L013286,C08827,4,97000,27800,7.56,1480,0,False
L013287,C08828,3,1944000,1451900,2.77,7290,0,False
L013288,C08828,4,359000,313600,8.25,5110,0,False
L013289,C08829,2,38000,30600,13.2,1900,0,False
L013290,C08830,2,48000,18200,22.0,2400,0,False
L013291,C08830,1,458000,289900,6.89,9410,2,False
L013292,C08831,4,34000,12000,10.14,650,2,False
L013293,C08831,2,7000,5300,18.89,350,0,False
L013294,C08831,1,98000,84400,8.2,1870,1,False
L013295,C08832,2,13000,1000,21.21,650,0,False
L013296,C08833,4,151000,125000,7.09,3960,0,False
L013297,C08833,2,15000,3200,15.26,750,0,False
L013298,C08834,2,27000,8500,16.62,1350,0,False
L013299,C08834,3,1598000,924600,3.0,6020,0,False
L013300,C08834,4,90000,39700,9.73,2380,3,False
L013301,C08835,2,9000,1500,18.97,450,0,False
L013302,C08836,2,5000,1900,19.01,250,0,False
L013303,C08837,3,2692000,2232400,3.63,14140,0,False
L013304,C08837,1,285000,82500,7.35,12080,1,False
L013305,C08837,4,238000,108700,11.06,6940,0,False
L013306,C08838,1,163000,100100,5.39,3180,0,False
L013307,C08839,4,61000,54500,9.72,980,0,False
L013308,C08840,2,5000,2100,16.51,250,0,False
L013309,C08841,3,3064000,2253100,3.63,16050,0,False
L013310,C08842,4,130000,113100,13.05,3430,0,False
L013311,C08843,2,20000,1300,17.74,1000,1,False
L013312,C08844,3,1059000,813100,3.09,4120,1,False
L013313,C08844,2,12000,6800,14.44,600,0,False
L013314,C08845,2,15000,5100,17.36,750,0,False
L013315,C08846,3,1359000,854400,2.86,6030,0,False
L013316,C08847,2,25000,13600,14.3,1250,0,False
L013317,C08847,3,1166000,953800,2.5,5860,2,False
L013318,C08847,4,154000,93000,8.03,5230,2,False
L013319,C08848,4,24000,6300,8.17,390,0,False
L013320,C08848,1,177000,143900,8.4,5330,0,False
L013321,C08849,2,40000,28100,17.76,2000,0,False
L013322,C08849,3,1821000,1116600,2.49,7120,0,False
L013323,C08850,4,55000,30400,5.84,1530,1,False
L013324,C08851,1,238000,142700,4.9,6250,0,False
L013325,C08852,3,1266000,1103300,3.2,5570,0,False
L013326,C08853,2,20000,4900,17.69,1000,0,False
L013327,C08854,3,883000,681900,2.79,3370,1,False
L013328,C08854,1,224000,164900,7.61,3410,1,False
L013329,C08855,4,213000,147000,4.5,5360,3,True
L013330,C08856,4,19000,8400,9.33,640,0,False
L013331,C08857,1,370000,282600,5.73,5850,0,False
L013332,C08858,2,11000,8700,19.75,550,0,False
L013333,C08859,2,70000,31500,14.02,3500,0,False
L013334,C08860,4,102000,71700,5.85,2120,2,False
L013335,C08861,3,2077000,1079100,2.22,7720,0,False
L013336,C08862,2,22000,8900,12.5,1100,0,False
L013337,C08863,1,120000,72200,6.95,1830,0,False
L013338,C08864,1,127000,42700,5.2,4850,0,False
L013339,C08864,2,11000,2600,17.78,550,0,False
L013340,C08864,4,150000,133800,5.38,3230,0,False
L013341,C08865,4,114000,79200,8.47,2060,0,False
L013342,C08866,2,71000,40100,14.39,3550,0,False
L013343,C08866,3,1906000,1562900,2.93,8780,0,False
L013344,C08867,3,2986000,1645300,2.2,11510,2,False
L013345,C08868,3,2583000,2110900,3.37,10980,0,False
L013346,C08869,3,1498000,1371700,2.65,7610,0,False
L013347,C08870,4,306000,212500,7.24,3570,0,False
L013348,C08871,3,1977000,1207100,2.75,7560,1,False
L013349,C08872,2,50000,25300,19.54,2500,0,False
L013350,C08873,3,1289000,905000,2.4,4720,2,False
L013351,C08874,2,10000,2500,20.65,500,0,False
L013352,C08875,2,15000,6000,19.77,750,0,False
L013353,C08875,3,745000,562700,2.99,2890,0,False
L013354,C08876,2,56000,46900,17.11,2800,0,False
L013355,C08877,3,1522000,1152600,3.34,7280,0,False
L013356,C08878,2,18000,14400,18.99,900,1,False
L013357,C08879,2,11000,6300,15.49,550,0,False
L013358,C08880,1,212000,56200,7.21,3490,0,False
L013359,C08881,1,103000,77500,5.56,2280,0,False
L013360,C08881,2,18000,13400,17.19,900,0,False
L013361,C08881,3,2049000,1615900,3.17,8130,0,False
L013362,C08882,1,151000,84800,4.84,3870,1,False
L013363,C08883,2,44000,33900,18.43,2200,0,False
L013364,C08884,3,1901000,1761000,2.61,8540,0,False
L013365,C08885,3,636000,444300,2.62,2790,0,False
L013366,C08885,2,38000,28100,16.27,1900,0,False
L013367,C08886,3,1127000,523100,3.24,4490,0,False
L013368,C08886,1,130000,53100,5.66,3450,0,False
L013369,C08887,3,1565000,1216600,3.23,6410,0,False
L013370,C08888,2,24000,16900,15.48,1200,1,False
L013371,C08889,4,276000,114700,13.65,4190,0,False
L013372,C08889,3,1061000,732500,2.79,4320,0,False
L013373,C08889,1,219000,171900,6.07,6010,0,False
L013374,C08890,3,1185000,800700,3.56,5150,0,False
L013375,C08891,3,1387000,673900,2.8,4880,0,False
L013376,C08891,2,29000,7700,18.68,1450,0,False
L013377,C08892,2,30000,18300,15.68,1500,0,False
L013378,C08892,3,1508000,847300,3.32,6280,0,False
L013379,C08893,1,50000,44500,5.84,1260,0,False
L013380,C08893,4,113000,49300,7.55,2060,0,False
L013381,C08894,2,23000,15200,19.88,1150,0,False
L013382,C08894,4,46000,31800,10.33,570,0,False
L013383,C08895,2,10000,3800,19.0,500,0,False
L013384,C08896,1,293000,92300,5.22,10480,0,False
L013385,C08897,4,269000,165100,11.44,3820,0,False
L013386,C08898,2,31000,8200,14.52,1550,0,False
L013387,C08898,3,1296000,838000,2.67,5080,0,False
L013388,C08899,2,8000,1300,13.33,400,0,False
L013389,C08900,1,139000,105000,6.37,2400,0,False
L013390,C08901,3,2126000,1468900,3.39,8590,1,False
L013391,C08901,1,425000,203600,7.74,7270,0,True
L013392,C08902,3,1464000,1319200,3.03,7690,0,False
L013393,C08903,1,151000,70400,9.76,4010,0,False
L013394,C08904,2,23000,6000,15.32,1150,0,False
L013395,C08904,1,135000,63900,7.47,3410,0,False
L013396,C08905,1,236000,135600,5.88,7890,1,False
L013397,C08906,2,18000,7200,18.58,900,0,False
L013398,C08906,3,1504000,855300,3.13,7260,3,False
L013399,C08907,3,1718000,1239000,3.01,6800,1,False
L013400,C08908,2,33000,21000,17.62,1650,0,False
L013401,C08908,3,2242000,1306800,2.76,8220,0,False
L013402,C08908,1,175000,116700,4.76,4410,0,False
L013403,C08908,4,91000,73200,7.85,1040,1,False
L013404,C08909,3,1954000,1390200,3.24,9640,0,False
L013405,C08909,1,185000,86900,6.36,2730,2,False
L013406,C08909,2,21000,3400,15.25,1050,0,False
L013407,C08910,4,68000,47500,10.0,1400,0,False
L013408,C08911,2,72000,26700,18.16,3600,0,False
L013409,C08911,3,1773000,828200,3.14,6760,0,False
L013410,C08912,2,15000,10700,18.42,750,0,False
L013411,C08913,3,949000,706200,3.44,5050,0,False
L013412,C08913,1,104000,35500,8.16,1610,0,False
L013413,C08914,3,1298000,1024500,3.05,6260,0,False
L013414,C08914,1,363000,245100,5.77,7070,4,False
L013415,C08915,4,245000,149800,5.58,4650,1,False
L013416,C08915,3,1809000,1161000,3.04,8580,0,False
L013417,C08915,1,125000,47000,7.34,1830,1,False
L013418,C08916,3,1283000,675700,2.97,4560,0,False
L013419,C08916,2,32000,7200,15.71,1600,0,False
L013420,C08917,4,58000,50600,10.0,1400,0,False
L013421,C08917,2,55000,26000,15.65,2750,0,False
L013422,C08918,4,155000,105400,7.99,1740,0,False
L013423,C08918,1,64000,42700,8.9,2200,0,False
L013424,C08919,3,1429000,1305300,2.81,5800,1,False
L013425,C08920,2,20000,5700,17.07,1000,1,False
L013426,C08921,2,57000,39500,17.75,2850,0,False
L013427,C08922,2,53000,6500,17.18,2650,0,False
L013428,C08923,3,1486000,776900,3.39,5810,0,False
L013429,C08923,4,103000,73600,8.54,2650,0,False
L013430,C08924,3,1428000,744300,2.55,5350,0,False
L013431,C08925,3,1418000,1096100,2.65,5710,0,False
L013432,C08926,1,343000,227000,4.43,8550,0,False
L013433,C08927,3,844000,460200,2.83,4090,0,False
L013434,C08928,2,15000,9200,17.15,750,0,False
L013435,C08929,2,20000,15500,17.84,1000,0,False
L013436,C08929,1,98000,26500,9.65,2530,0,False
L013437,C08930,3,1691000,1500700,3.51,8490,0,False
L013438,C08930,1,121000,99300,9.23,2320,0,False
L013439,C08931,2,34000,22500,16.58,1700,0,False
L013440,C08931,3,1885000,1323000,2.48,7440,0,False
L013441,C08932,3,1544000,1071900,3.31,6950,0,False
L013442,C08933,3,1780000,1512100,2.87,7320,1,False
L013443,C08933,1,220000,170300,8.16,9590,1,False
L013444,C08934,3,2347000,2062700,3.15,10570,0,False
L013445,C08935,1,119000,42700,7.52,4030,0,False
L013446,C08936,3,1334000,1085500,3.25,6030,0,False
L013447,C08937,1,186000,135500,8.52,2980,0,False
L013448,C08938,1,334000,199100,7.39,4800,1,False
L013449,C08938,3,984000,930700,3.19,5470,0,False
L013450,C08938,4,271000,151200,10.46,7910,0,False
L013451,C08939,3,1799000,1615400,3.28,8640,0,False
L013452,C08940,2,77000,39200,16.04,3850,0,False
L013453,C08941,2,66000,7300,13.0,3300,2,False
L013454,C08942,3,1442000,671400,3.13,6020,0,False
L013455,C08943,1,93000,67300,7.23,1780,0,False
L013456,C08944,1,210000,119700,7.35,3720,0,False
L013457,C08945,1,142000,56200,5.72,2480,0,False
L013458,C08946,4,121000,30900,7.68,1390,0,False
L013459,C08947,3,1770000,1351300,2.24,8170,0,False
L013460,C08948,2,55000,40800,20.86,2750,0,False
L013461,C08949,4,133000,32800,10.92,3150,1,False
L013462,C08950,4,345000,227200,8.91,9640,0,False
L013463,C08950,3,1679000,1307000,3.71,8410,0,False
L013464,C08950,1,466000,415500,9.75,7810,0,False
L013465,C08951,2,26000,12100,16.78,1300,0,False
L013466,C08952,3,1197000,594000,2.5,4870,0,False
L013467,C08953,2,44000,5800,13.54,2200,0,False
L013468,C08954,3,2467000,2030900,3.05,10600,0,False
L013469,C08955,2,16000,8300,19.25,800,0,False
L013470,C08956,4,80000,20100,9.1,750,0,False
L013471,C08957,4,275000,151000,6.96,3030,2,False
L013472,C08957,3,2482000,1916400,3.39,11900,0,False
L013473,C08958,3,772000,571300,2.65,3340,0,False
L013474,C08959,3,2004000,1895300,2.73,8170,4,True
L013475,C08959,1,375000,242500,6.81,13500,0,True
L013476,C08959,4,83000,40900,9.95,1760,0,False
L013477,C08960,3,509000,437200,3.22,2430,0,False
L013478,C08961,4,52000,11000,10.73,740,3,False
L013479,C08961,1,197000,70300,7.18,5640,0,False
L013480,C08962,3,1757000,1019400,3.73,7400,0,False
L013481,C08962,1,251000,68200,6.33,3600,2,False
L013482,C08962,2,32000,21500,20.82,1600,1,False
L013483,C08963,3,1950000,1268300,3.29,8190,4,True
L013484,C08963,1,332000,199500,5.83,8490,2,False
L013485,C08963,2,29000,6600,17.02,1450,2,True
L013486,C08964,1,50000,24700,5.48,730,1,False
L013487,C08965,4,68000,26900,11.62,1040,0,False
L013488,C08965,3,2512000,1788100,3.39,11590,0,False
L013489,C08966,1,187000,64100,6.4,3740,1,False
L013490,C08967,2,22000,3500,16.3,1100,0,False
L013491,C08967,3,774000,648600,3.31,3810,0,False
L013492,C08968,3,1990000,935900,2.51,8640,0,False
L013493,C08969,3,1185000,589700,3.03,5700,1,True
L013494,C08969,4,219000,148000,6.84,2400,0,False
L013495,C08969,1,354000,142100,7.77,10650,0,False
L013496,C08969,2,27000,10100,17.7,1350,3,False
L013497,C08970,2,5000,600,18.65,250,4,False
L013498,C08971,2,24000,16300,16.34,1200,0,False
L013499,C08972,2,40000,11600,18.1,2000,0,False
L013500,C08972,1,264000,146000,6.31,5620,0,False
L013501,C08973,2,45000,24700,18.88,2250,0,False
L013502,C08974,1,158000,49700,4.28,5070,0,False
L013503,C08975,2,53000,4800,15.92,2650,0,False
L013504,C08975,3,1778000,1673500,2.78,9180,2,False
L013505,C08976,3,1845000,1101400,2.83,6760,0,False
L013506,C08977,3,1776000,1316400,3.21,7530,0,False
L013507,C08978,1,364000,143300,5.89,4990,0,False
L013508,C08979,1,154000,101200,7.99,4580,1,False
L013509,C08979,4,95000,75400,9.1,1420,0,False
L013510,C08979,3,1150000,740300,3.83,4690,2,False
L013511,C08980,4,220000,170000,7.63,3200,0,False
L013512,C08981,3,1947000,1499700,3.32,10000,3,False
L013513,C08982,4,220000,173400,10.2,4270,1,False
L013514,C08982,1,152000,53900,7.43,2630,0,False
L013515,C08983,2,54000,29700,16.52,2700,1,False
L013516,C08983,4,159000,61700,9.47,2080,0,False
L013517,C08983,3,1697000,1078100,3.45,8100,4,True
L013518,C08984,3,1211000,1094500,3.18,5810,0,False
L013519,C08984,2,17000,4300,19.28,850,0,False
L013520,C08985,2,29000,10900,16.72,1450,0,False
L013521,C08986,2,25000,16900,22.31,1250,0,False
L013522,C08987,4,44000,24800,7.75,650,1,False
L013523,C08987,2,14000,9400,13.68,700,0,False
L013524,C08987,3,1725000,1130100,2.44,6800,3,False
L013525,C08988,3,1503000,988000,3.03,7260,0,True
L013526,C08989,4,38000,14200,10.61,490,0,False
L013527,C08990,1,466000,392000,5.92,6720,0,False
L013528,C08990,4,401000,135100,8.09,4140,0,False
L013529,C08991,3,1173000,571800,3.61,5010,0,False
L013530,C08992,1,194000,59800,5.64,3000,0,False
L013531,C08993,3,2139000,1631100,2.72,9630,0,True
L013532,C08994,4,266000,120900,4.5,7350,0,False
L013533,C08995,4,161000,79400,9.31,3070,0,False
L013534,C08995,1,145000,102700,4.87,3640,0,False
L013535,C08996,1,133000,114600,6.02,2020,0,False
L013536,C08996,2,20000,2700,14.94,1000,0,False
L013537,C08997,3,1310000,1112500,3.35,6350,0,False
L013538,C08998,1,402000,154100,6.81,5600,0,False
L013539,C08999,1,187000,128500,6.43,5510,0,False
L013540,C08999,2,34000,27700,13.96,1700,0,False
L013541,C09000,2,25000,7300,17.86,1250,0,False
L013542,C09001,2,29000,20200,14.24,1450,0,False
L013543,C09002,2,45000,28600,18.21,2250,0,False
L013544,C09002,1,125000,45700,4.23,1990,0,False
L013545,C09003,3,802000,454500,2.36,3150,0,False
L013546,C09003,4,80000,45100,8.55,1060,0,False
L013547,C09004,1,63000,35100,8.58,1480,0,False
L013548,C09004,3,1613000,1004800,3.4,7980,0,False
L013549,C09005,2,22000,5200,19.94,1100,0,False
L013550,C09005,3,1580000,1074400,2.77,6230,0,False
L013551,C09006,4,387000,282800,9.44,4820,0,False
L013552,C09006,1,150000,88700,5.27,3750,0,False
L013553,C09006,3,1813000,1242500,3.11,6980,3,False
L013554,C09007,4,400000,336200,7.31,4750,0,False
L013555,C09007,3,1475000,688300,2.9,5770,0,False
L013556,C09008,3,2158000,1252400,3.49,8490,0,False
L013557,C09008,4,114000,101300,6.02,5090,0,False
L013558,C09008,2,38000,6800,18.58,1900,0,False
L013559,C09009,3,834000,491700,2.74,3690,0,False
L013560,C09009,1,255000,92900,7.94,9630,0,False
L013561,C09010,4,58000,32000,10.78,1070,2,False
L013562,C09010,2,42000,15000,13.46,2100,0,False
L013563,C09011,2,7000,5200,19.61,350,1,False
L013564,C09012,1,155000,118400,8.32,6670,0,False
L013565,C09012,4,236000,168800,12.32,3010,0,False
L013566,C09013,2,15000,6400,18.05,750,0,False
L013567,C09013,4,186000,47300,8.6,3560,0,False
L013568,C09014,2,22000,14900,20.86,1100,0,False
L013569,C09015,3,2624000,2332900,3.34,11460,0,False
L013570,C09016,2,17000,12700,14.45,850,1,False
L013571,C09017,2,34000,2100,19.95,1700,0,False
L013572,C09018,1,54000,29500,6.04,1310,0,False
L013573,C09019,1,233000,148600,6.48,6370,1,False
L013574,C09020,2,24000,9500,16.02,1200,0,False
L013575,C09021,2,71000,20400,14.22,3550,0,False
L013576,C09022,2,7000,3000,19.9,350,0,False
L013577,C09023,3,1177000,649600,2.47,4380,0,False
L013578,C09024,1,152000,90900,7.84,3450,0,False
L013579,C09025,3,614000,474300,3.56,3110,0,False
L013580,C09025,2,16000,1300,12.51,800,0,False
L013581,C09026,4,239000,113700,7.64,9870,0,False
L013582,C09026,3,1164000,859700,2.75,4890,0,False
L013583,C09026,2,34000,1900,22.0,1700,0,False
L013584,C09026,1,421000,208700,4.97,6780,1,False
L013585,C09027,2,13000,8200,20.79,650,0,False
L013586,C09027,1,118000,48600,11.91,2580,0,False
L013587,C09028,2,12000,4800,18.1,600,0,False
L013588,C09029,3,819000,633700,3.2,4160,2,False
L013589,C09029,1,213000,109500,7.78,7230,0,False
L013590,C09030,3,1067000,811300,3.16,5130,0,False
L013591,C09030,1,252000,186800,7.35,3840,0,False
L013592,C09030,4,202000,99800,10.42,4030,1,False
L013593,C09031,3,2010000,1358700,2.58,7230,0,False
L013594,C09032,2,31000,11700,13.49,1550,0,False
L013595,C09033,3,1829000,1343100,3.13,8470,0,False
L013596,C09033,4,314000,244300,6.78,10130,2,False
L013597,C09034,3,903000,639100,2.74,3530,0,False
L013598,C09035,1,125000,96900,8.24,1950,0,False
L013599,C09036,2,5000,3800,22.23,250,0,False
L013600,C09037,3,1525000,1405000,2.84,6730,0,False
L013601,C09037,1,122000,108000,5.82,1800,0,False
L013602,C09037,2,19000,8700,17.42,950,0,False
L013603,C09038,4,22000,13300,6.84,430,0,False
L013604,C09039,3,1977000,1059000,2.62,7390,0,False
L013605,C09039,4,58000,48900,9.0,1090,0,False
L013606,C09040,2,55000,19400,19.48,2750,0,False
L013607,C09041,1,99000,66200,7.76,3110,0,False
L013608,C09041,2,6000,1100,20.37,300,0,False
L013609,C09042,4,149000,58900,10.01,3730,3,False
L013610,C09042,2,64000,11100,13.52,3200,2,False
L013611,C09042,3,1712000,1470000,2.97,8440,0,False
L013612,C09042,1,398000,350700,8.93,12710,0,False
L013613,C09043,2,7000,900,17.56,350,0,False
L013614,C09044,2,10000,2600,13.48,500,1,False
L013615,C09044,4,116000,84600,9.61,1910,1,False
L013616,C09044,3,1003000,453900,3.6,3590,0,False
L013617,C09045,2,12000,4000,18.38,600,0,False
L013618,C09045,3,1979000,1021200,3.17,7400,1,False
L013619,C09046,2,18000,7500,19.7,900,0,False
L013620,C09047,2,15000,10900,17.18,750,0,False
L013621,C09048,3,1576000,772500,3.06,7320,0,False
L013622,C09049,3,1060000,961600,2.87,4620,0,False
L013623,C09050,4,67000,36500,7.91,690,0,False
L013624,C09050,1,285000,226400,9.56,4370,0,False
L013625,C09051,3,704000,649100,3.31,3440,1,False
L013626,C09052,4,360000,190600,10.15,9940,1,False
L013627,C09052,3,2461000,1356700,2.85,11140,0,False
L013628,C09052,2,62000,18200,16.86,3100,3,False
L013629,C09052,1,196000,166800,6.17,2990,1,False
L013630,C09053,2,22000,15700,20.51,1100,0,False
L013631,C09054,2,25000,17900,18.21,1250,0,False
L013632,C09055,3,1562000,781200,3.47,7000,0,False
L013633,C09055,4,44000,13200,7.04,500,1,False
L013634,C09056,2,13000,5200,15.32,650,0,False
L013635,C09056,3,702000,447900,3.06,3220,1,False
L013636,C09057,2,58000,34300,14.58,2900,0,False
L013637,C09057,3,2087000,1498700,2.68,8750,0,False
L013638,C09058,2,10000,7700,19.96,500,0,False
L013639,C09059,3,1420000,1301300,3.21,5980,0,False
L013640,C09059,2,31000,13500,18.18,1550,0,False
L013641,C09059,1,218000,174500,5.01,4020,0,False
L013642,C09060,1,167000,98900,6.34,4080,0,False
L013643,C09061,3,1639000,1185600,2.58,6390,0,False
L013644,C09062,3,1122000,863700,2.69,4450,0,False
L013645,C09063,2,13000,4800,18.31,650,0,False
L013646,C09063,4,40000,23100,6.77,410,0,False
L013647,C09064,2,54000,42700,15.43,2700,0,False
L013648,C09065,3,2238000,1058400,2.59,9670,0,False
L013649,C09065,2,12000,6300,19.81,600,0,False
L013650,C09066,3,2353000,2214800,2.93,10590,0,False
L013651,C09067,3,841000,652600,2.43,3160,0,False
L013652,C09068,2,35000,16100,16.99,1750,0,False
L013653,C09068,1,334000,165000,5.37,4620,0,False
L013654,C09068,3,1035000,598500,2.68,4120,0,False
L013655,C09068,4,91000,30100,10.95,1260,0,False
L013656,C09069,1,69000,30000,6.03,1190,0,False
L013657,C09070,2,52000,33200,18.14,2600,1,False
L013658,C09070,1,238000,187600,9.42,4280,0,False
L013659,C09071,4,19000,7000,9.04,500,0,False
L013660,C09072,2,64000,47200,16.36,3200,0,False
L013661,C09073,2,46000,17900,17.13,2300,0,False
L013662,C09074,3,2155000,1673900,2.85,9100,0,False
L013663,C09075,3,1707000,1326000,3.26,7010,0,False
L013664,C09076,3,1532000,1391300,3.16,7010,0,False
L013665,C09076,4,81000,35500,11.69,1450,0,False
L013666,C09077,1,205000,175600,5.29,3490,1,False
L013667,C09077,4,138000,71900,5.58,1640,0,False
L013668,C09077,3,1777000,1110400,3.39,9040,0,False
L013669,C09078,2,5000,2700,20.64,250,0,False
L013670,C09079,1,315000,193100,7.79,4540,0,False
L013671,C09080,4,199000,131100,11.43,4770,0,False
L013672,C09081,2,55000,20700,14.76,2750,0,False
L013673,C09081,3,1925000,1298300,3.47,7960,0,False
L013674,C09082,2,11000,6400,15.44,550,2,False
L013675,C09082,1,88000,36400,8.54,3180,0,False
L013676,C09082,3,300000,159400,5.3,1460,4,False
L013677,C09083,1,318000,234000,8.0,4740,0,False
L013678,C09083,3,2125000,1343900,2.83,8210,0,False
L013679,C09084,3,2257000,1817200,3.06,11110,0,False
L013680,C09084,2,36000,5500,19.53,1800,0,False
L013681,C09085,4,211000,58100,7.52,4670,2,False
L013682,C09086,3,915000,468300,2.33,4190,0,False
L013683,C09087,2,60000,11100,19.35,3000,0,False
L013684,C09087,1,177000,57400,7.59,2320,1,False
L013685,C09088,4,110000,36500,9.19,1370,0,False
L013686,C09089,2,19000,16100,14.03,950,0,False
L013687,C09089,3,1598000,1188500,2.48,6630,0,False
L013688,C09089,4,306000,233700,12.56,5850,0,False
L013689,C09090,4,117000,72000,12.02,1440,0,False
L013690,C09091,2,37000,21200,16.7,1850,1,True
L013691,C09091,3,1468000,1001600,2.83,5560,0,False
L013692,C09092,2,63000,29600,20.44,3150,0,False
L013693,C09093,2,53000,16400,17.22,2650,2,True
L013694,C09094,3,1697000,1584500,3.43,9590,1,False
L013695,C09094,1,294000,219300,6.04,6210,3,False
L013696,C09094,2,16000,7300,20.05,800,0,False
L013697,C09095,4,68000,55700,11.5,880,0,False
L013698,C09095,2,48000,39900,17.63,2400,1,False
L013699,C09095,3,1354000,1060700,3.18,6480,0,False
L013700,C09096,4,195000,85700,9.11,7500,0,False
L013701,C09097,1,131000,41700,5.05,2550,1,False
L013702,C09097,2,54000,16700,19.23,2700,0,False
L013703,C09098,3,921000,591500,3.34,4180,0,False
L013704,C09099,3,1245000,743000,2.84,5560,0,False
L013705,C09100,2,26000,1900,17.9,1300,0,False
L013706,C09101,2,19000,6900,20.21,950,0,False
L013707,C09101,4,52000,27700,10.73,860,0,False
L013708,C09102,2,13000,7300,15.83,650,0,False
L013709,C09103,2,45000,34200,14.87,2250,0,False
L013710,C09104,3,1766000,1483800,2.87,7960,0,False
L013711,C09104,2,57000,16400,16.22,2850,0,False
L013712,C09105,4,298000,250300,4.5,4070,0,False
L013713,C09106,3,2168000,1837600,3.03,9490,0,False
L013714,C09107,2,32000,7100,16.21,1600,0,False
L013715,C09108,4,143000,50500,9.39,1660,0,False
L013716,C09108,3,568000,278800,2.2,2230,0,False
L013717,C09109,4,283000,75000,11.01,3500,0,False
L013718,C09110,3,1108000,1006900,2.86,4660,0,False
L013719,C09110,2,23000,16400,12.28,1150,0,False
L013720,C09111,4,84000,20200,7.51,1260,0,False
L013721,C09111,3,986000,514100,2.2,3260,0,False
L013722,C09112,2,20000,13100,22.38,1000,0,False
L013723,C09113,3,902000,688700,2.75,3590,0,False
L013724,C09114,2,17000,8300,15.71,850,0,False
L013725,C09115,3,1461000,718400,3.06,5140,0,False
L013726,C09116,3,2754000,2504500,2.77,12970,0,False
L013727,C09117,3,1926000,1299700,2.92,8700,0,False
L013728,C09118,4,118000,42800,8.32,3010,0,False
L013729,C09118,1,145000,105100,7.42,3110,0,False
L013730,C09119,3,1464000,1187100,3.03,7240,0,False
L013731,C09120,3,1039000,630600,3.34,5180,0,False
L013732,C09121,1,81000,68800,5.97,1820,0,False
L013733,C09122,3,1118000,651100,2.51,5370,2,False
L013734,C09123,3,1170000,1017900,3.05,5570,0,False
L013735,C09124,2,16000,12900,19.38,800,3,False
L013736,C09125,2,14000,11800,17.22,700,0,False
L013737,C09125,3,1676000,797500,2.68,7070,0,False
L013738,C09126,2,16000,6900,14.38,800,0,False
L013739,C09127,1,132000,89300,6.14,3680,2,False
L013740,C09128,2,15000,6100,13.83,750,0,False
L013741,C09128,3,1509000,951100,3.22,5620,2,False
L013742,C09128,4,171000,132000,10.4,4280,0,False
L013743,C09129,3,1655000,835400,2.63,6770,0,False
L013744,C09129,2,40000,19400,17.11,2000,0,False
L013745,C09130,2,16000,9600,22.5,800,3,False
L013746,C09131,3,1521000,1363000,3.34,7680,0,True
L013747,C09131,4,189000,127800,8.14,4110,1,False
L013748,C09132,1,173000,114200,5.76,7010,1,False
L013749,C09133,2,14000,6300,18.74,700,0,False
L013750,C09133,1,50000,31500,7.29,1090,0,False
L013751,C09134,2,8000,3000,18.78,400,0,False
L013752,C09134,4,55000,12500,8.32,740,0,False
L013753,C09135,3,2278000,1184900,2.71,10000,0,False
L013754,C09136,3,2382000,2242300,2.43,9700,0,False
L013755,C09136,1,278000,195900,5.1,4610,0,False
L013756,C09137,4,268000,228400,10.06,4200,0,False
L013757,C09138,3,1323000,606700,3.36,4990,0,False
L013758,C09138,4,312000,92800,7.73,8770,1,False
L013759,C09139,2,67000,38100,19.77,3350,0,False
L013760,C09139,4,191000,78200,11.25,2510,3,False
L013761,C09139,3,3002000,2402100,3.29,14850,2,False
L013762,C09139,1,112000,68200,6.56,2400,2,False
L013763,C09140,3,2014000,1205500,2.64,8850,0,False
L013764,C09141,4,72000,56600,11.01,1250,1,False
L013765,C09142,3,1783000,1438700,3.15,7540,1,False
L013766,C09143,3,964000,731700,2.63,4330,0,False
L013767,C09144,1,310000,212900,5.99,5760,2,True
L013768,C09144,3,2604000,1391400,3.07,12590,0,False
L013769,C09145,2,69000,14100,15.34,3450,0,False
L013770,C09146,1,177000,150700,6.51,6460,0,False
L013771,C09147,2,10000,2600,22.2,500,4,False
L013772,C09147,4,65000,42000,9.12,1850,0,False
L013773,C09148,2,13000,5800,17.74,650,2,False
L013774,C09148,4,82000,73800,6.77,1500,2,False
L013775,C09148,1,127000,87400,8.77,2840,2,False
L013776,C09149,4,379000,150900,6.86,6050,0,False
L013777,C09149,1,137000,79600,8.06,3230,0,False
L013778,C09149,3,1741000,946600,2.46,6130,0,False
L013779,C09150,3,2076000,1047800,2.77,7530,0,False
L013780,C09151,3,964000,658400,2.5,3830,0,False
L013781,C09151,4,162000,98500,8.87,1770,0,False
L013782,C09152,4,261000,125400,7.56,4470,0,False
L013783,C09153,3,2194000,1467900,2.62,9570,1,False
L013784,C09154,3,1635000,1416400,3.05,6710,0,False
L013785,C09155,3,2092000,1426200,3.43,8220,0,False
L013786,C09156,3,1079000,794600,3.1,4620,0,False
L013787,C09156,4,183000,65300,12.69,2480,0,False
L013788,C09156,2,42000,20600,17.02,2100,0,False
L013789,C09157,3,983000,794500,3.27,4190,0,False
L013790,C09157,4,186000,104000,9.77,2200,0,False
L013791,C09158,3,1117000,735600,3.31,4980,0,False
L013792,C09158,4,129000,82800,4.96,2020,0,False
L013793,C09158,2,15000,2100,14.99,750,0,False
L013794,C09159,3,901000,629300,2.79,3640,0,False
L013795,C09160,3,1444000,1251100,4.07,6550,0,False
L013796,C09160,4,260000,185900,8.44,5240,3,False
L013797,C09160,1,340000,189700,8.81,5610,1,False
L013798,C09160,2,29000,2700,18.59,1450,2,False
L013799,C09161,3,2165000,1324700,2.63,8910,0,False
L013800,C09162,3,2376000,1248500,3.1,9840,1,False
L013801,C09163,3,2577000,2227900,3.04,13050,0,False
L013802,C09164,4,74000,27400,7.89,1470,0,False
L013803,C09165,3,758000,673000,2.91,3640,0,False
L013804,C09166,3,1372000,684500,2.83,5550,0,False
L013805,C09167,1,208000,111100,7.17,7770,0,False
L013806,C09168,2,16000,3500,15.3,800,3,False
L013807,C09169,2,8000,5500,13.6,400,2,False
L013808,C09169,4,38000,21800,10.97,460,0,False
L013809,C09170,1,50000,42100,9.92,920,0,False
L013810,C09171,4,36000,7900,8.36,420,1,False
L013811,C09171,3,1021000,624400,2.91,3770,1,False
L013812,C09171,1,217000,174900,5.53,5420,1,False
L013813,C09172,3,571000,405400,2.86,2740,0,False
L013814,C09173,2,16000,3900,14.47,800,1,False
L013815,C09173,3,1127000,594200,2.56,5200,0,False
L013816,C09174,2,19000,11700,15.27,950,1,False
L013817,C09175,3,1131000,555900,3.09,3910,0,True
L013818,C09175,2,30000,9800,18.02,1500,0,False
L013819,C09175,1,229000,143900,4.43,9880,0,False
L013820,C09175,4,123000,55300,10.02,2370,1,False
L013821,C09176,1,314000,276800,7.91,12510,0,False
L013822,C09176,3,1811000,1231700,3.88,9600,3,True
L013823,C09177,3,1448000,1369500,2.62,6530,0,False
L013824,C09177,4,192000,146000,4.96,2600,0,False
L013825,C09178,3,1921000,1480200,2.84,7410,0,False
L013826,C09179,3,2140000,1722300,3.18,8960,0,False
L013827,C09180,2,5000,4200,21.68,250,2,False
L013828,C09181,3,2261000,1939600,3.48,10720,0,False
L013829,C09182,3,1262000,600200,3.03,4370,3,False
L013830,C09182,2,38000,23700,18.25,1900,1,False
L013831,C09182,1,165000,65500,5.29,3430,0,False
L013832,C09182,4,45000,16500,6.22,830,2,False
L013833,C09183,3,905000,832000,3.3,3960,0,False
L013834,C09184,1,54000,41400,6.21,1450,0,False
L013835,C09185,4,158000,141700,5.26,4060,0,False
L013836,C09186,3,951000,598500,3.22,3760,0,False
L013837,C09186,1,244000,144100,7.49,4480,3,False
L013838,C09187,3,1500000,890600,2.74,6720,0,False
L013839,C09188,2,6000,2100,15.91,300,2,False
L013840,C09189,4,223000,179400,8.36,4330,0,False
L013841,C09190,2,28000,20100,13.81,1400,0,False
L013842,C09191,3,1747000,1256800,3.4,8270,0,False
L013843,C09192,2,13000,1500,18.18,650,0,False
L013844,C09193,3,928000,651200,2.59,4200,1,False
L013845,C09193,2,17000,11000,13.35,850,1,False
L013846,C09194,4,120000,25600,11.16,2100,0,False
L013847,C09195,3,1203000,976300,2.25,4960,0,False
L013848,C09195,2,35000,23100,17.42,1750,0,False
L013849,C09195,4,169000,74400,6.43,6980,1,False
L013850,C09196,2,29000,4000,18.59,1450,0,False
L013851,C09197,4,244000,172400,10.7,3980,0,False
L013852,C09198,3,398000,265100,4.17,1910,0,False
L013853,C09199,2,39000,4800,19.58,1950,0,False
L013854,C09199,4,109000,25600,10.47,2450,0,False
L013855,C09200,1,127000,74100,8.63,4190,0,False
L013856,C09200,3,1716000,1539100,2.71,8210,3,False
L013857,C09201,2,23000,8300,16.02,1150,0,False
L013858,C09202,2,39000,21700,22.0,1950,0,False
L013859,C09203,1,281000,128300,6.93,4820,0,False
L013860,C09204,2,26000,1600,17.06,1300,1,False
L013861,C09204,3,2008000,1311500,3.11,7600,0,False
L013862,C09205,4,157000,89400,6.15,4310,0,False
L013863,C09206,4,128000,76900,6.66,1330,0,False
L013864,C09207,3,1887000,1194800,2.82,7520,0,False
L013865,C09208,4,340000,160500,9.97,4640,0,False
L013866,C09209,2,44000,28600,19.2,2200,0,False
L013867,C09210,3,1682000,949700,2.94,7260,0,False
L013868,C09210,2,17000,6800,12.09,850,0,False
L013869,C09211,1,116000,65900,7.62,4930,0,False
L013870,C09212,3,2809000,1478900,3.07,11690,0,False
L013871,C09212,4,223000,187800,4.8,2420,0,False
L013872,C09213,2,5000,4200,20.25,250,0,False
L013873,C09214,3,2547000,1246700,2.59,10520,0,False
L013874,C09215,4,66000,25500,6.32,1050,0,False
L013875,C09216,3,1405000,1048000,3.11,6850,0,False
L013876,C09216,2,25000,8800,18.47,1250,0,False
L013877,C09217,2,15000,8400,18.88,750,0,False
L013878,C09217,3,1897000,1119700,2.44,6960,0,False
L013879,C09218,3,1123000,969700,3.17,5880,0,False
L013880,C09218,1,284000,119100,10.01,4380,0,False
L013881,C09218,2,8000,5300,18.03,400,0,False
L013882,C09219,2,11000,3500,14.2,550,0,False
L013883,C09220,2,34000,14700,14.14,1700,4,False
L013884,C09221,3,1715000,1419400,2.92,8610,0,False
L013885,C09221,2,36000,9500,17.81,1800,0,False
L013886,C09222,3,1398000,1109500,2.41,5890,0,False
L013887,C09222,4,163000,67200,10.66,3520,2,False
L013888,C09223,3,1048000,736700,3.72,5370,0,False
L013889,C09223,2,30000,18400,18.02,1500,0,False
L013890,C09224,3,1443000,1224200,3.18,6450,0,False
L013891,C09225,2,36000,25800,15.6,1800,0,False
L013892,C09226,2,12000,1200,18.41,600,0,False
L013893,C09227,2,42000,11500,11.92,2100,0,False
L013894,C09227,3,975000,482000,3.61,4060,0,False
L013895,C09228,2,16000,13300,17.82,800,0,False
L013896,C09229,3,2083000,1816300,2.91,8630,0,False
L013897,C09230,1,103000,92300,8.82,1670,1,False
L013898,C09231,3,1190000,878500,3.03,4680,0,False
L013899,C09232,3,1366000,1159100,3.07,6630,1,False
L013900,C09232,2,29000,18100,15.55,1450,2,False
L013901,C09233,3,1568000,1162000,2.48,7400,0,False
L013902,C09234,1,252000,221200,8.3,3950,0,False
L013903,C09235,2,59000,46500,16.28,2950,0,False
L013904,C09236,2,78000,30200,15.52,3900,1,False
L013905,C09237,3,1947000,1646500,4.04,8900,1,False
L013906,C09238,1,141000,101500,8.5,2230,0,False
L013907,C09239,2,19000,9100,14.44,950,0,False
L013908,C09240,3,2010000,1848700,2.83,9880,0,False
L013909,C09241,3,2051000,1430900,2.89,10170,0,False
L013910,C09241,2,23000,9000,14.3,1150,0,False
L013911,C09242,3,1350000,613000,2.62,4970,0,False
L013912,C09243,3,1885000,1665400,3.19,8540,0,False
L013913,C09244,2,5000,1000,22.83,250,0,False
L013914,C09244,1,100000,31900,9.54,2800,0,False
L013915,C09245,4,97000,46400,11.24,1320,0,False
L013916,C09246,1,256000,88500,8.0,3480,0,False
L013917,C09247,3,3057000,2370800,3.28,13770,0,False
L013918,C09248,2,57000,46600,22.0,2850,0,False
L013919,C09249,1,316000,242300,4.21,6660,0,False
L013920,C09249,2,22000,4800,15.88,1100,0,False
L013921,C09250,1,162000,132200,8.65,6810,1,True
L013922,C09251,2,11000,8700,18.69,550,0,False
L013923,C09252,2,75000,63100,17.61,3750,1,False
L013924,C09253,2,25000,20300,17.01,1250,0,False
L013925,C09253,3,1494000,1141900,3.15,7370,0,False
L013926,C09254,4,74000,60300,7.99,1120,0,False
L013927,C09255,3,2005000,1687100,3.01,10580,0,False
L013928,C09255,1,166000,56500,7.44,2760,1,True
L013929,C09255,2,45000,4200,21.05,2250,1,False
L013930,C09256,2,24000,11300,19.6,1200,0,False
L013931,C09257,3,1860000,1273200,3.22,7100,0,False
L013932,C09257,4,139000,38600,9.24,4460,0,False
L013933,C09258,4,270000,214800,7.36,4680,0,False
L013934,C09259,3,1082000,502200,2.9,5050,0,False
L013935,C09260,4,76000,43900,12.57,2830,0,False
L013936,C09260,3,1746000,883800,2.62,7040,0,False
L013937,C09261,3,1676000,1507500,2.68,6900,0,False
L013938,C09261,1,137000,41600,6.99,1790,0,False
L013939,C09262,2,57000,14700,19.17,2850,0,False
L013940,C09263,3,2068000,1324800,3.22,9250,1,False
L013941,C09263,1,522000,435400,7.84,15560,0,False
L013942,C09264,3,1612000,1300800,2.87,8290,0,False
L013943,C09265,2,17000,3400,14.93,850,1,False
L013944,C09265,4,36000,27600,8.37,700,0,False
L013945,C09266,2,23000,16900,17.52,1150,1,False
L013946,C09267,2,58000,36300,13.08,2900,0,False
L013947,C09267,4,257000,100600,8.77,2910,0,False
L013948,C09268,3,1599000,1114200,2.44,6090,0,False
L013949,C09268,2,15000,1900,15.62,750,0,False
L013950,C09269,3,1175000,1018600,3.21,5690,3,False
L013951,C09269,1,346000,134000,4.33,5410,0,False
L013952,C09270,4,64000,55700,11.1,2020,0,False
L013953,C09270,3,972000,574200,3.54,4210,0,False
L013954,C09271,3,1803000,915800,2.86,6790,0,False
L013955,C09271,1,186000,95000,5.77,6180,0,False
L013956,C09272,3,1516000,951100,3.03,7090,0,False
L013957,C09273,3,1024000,548800,3.32,4880,0,False
L013958,C09274,4,118000,32800,8.1,1210,0,False
L013959,C09275,3,3069000,1637400,3.5,12290,0,False
L013960,C09275,4,238000,106000,8.7,3620,1,False
L013961,C09275,2,84000,53800,16.54,4200,0,False
L013962,C09276,2,46000,21600,15.58,2300,0,False
L013963,C09276,4,253000,189000,6.89,3110,0,False
L013964,C09276,3,1551000,823000,2.73,6710,0,False
L013965,C09276,1,190000,150800,7.35,8430,0,False
L013966,C09277,3,2362000,2093400,2.72,10790,0,False
L013967,C09278,3,1824000,894500,2.44,7210,1,False
L013968,C09279,2,8000,1800,17.81,400,0,False
L013969,C09280,2,26000,8400,18.04,1300,0,False
L013970,C09281,1,266000,165500,5.25,11420,2,False
L013971,C09281,2,39000,7800,21.26,1950,1,False
L013972,C09282,1,68000,60800,7.65,1260,0,False
L013973,C09283,3,1273000,744200,2.81,5050,0,False
L013974,C09284,4,40000,10200,10.83,560,0,False
L013975,C09285,1,123000,88400,6.65,2140,0,False
L013976,C09286,2,19000,12500,18.28,950,0,False
L013977,C09286,3,1045000,917300,2.79,4520,0,False
L013978,C09287,3,896000,436000,3.37,3880,0,False
L013979,C09288,3,3849000,1742000,3.42,17530,1,False
L013980,C09289,2,67000,32300,15.34,3350,0,False
L013981,C09290,4,79000,34700,10.87,1750,0,False
L013982,C09291,3,1985000,1205800,2.22,8910,0,False
L013983,C09292,3,1460000,725300,3.66,6060,0,True
L013984,C09292,2,15000,7900,16.31,750,0,False
L013985,C09292,4,189000,49500,4.85,2460,0,False
L013986,C09292,1,408000,248900,7.35,16380,0,False
L013987,C09293,4,214000,173300,9.43,5180,0,False
L013988,C09293,3,784000,514000,3.33,3340,0,False
L013989,C09294,1,77000,27900,7.74,1490,0,False
L013990,C09294,3,1383000,1060100,2.78,6330,0,False
L013991,C09295,3,854000,597200,3.37,3400,0,False
L013992,C09296,4,153000,124600,4.5,1580,0,False
L013993,C09297,2,8000,500,18.04,400,0,False
L013994,C09297,3,785000,462500,2.54,3060,0,False
L013995,C09298,3,1251000,1144100,3.12,5260,0,False
L013996,C09298,2,33000,6900,14.48,1650,0,False
L013997,C09299,2,7000,1000,16.21,350,0,False
L013998,C09300,2,17000,6800,19.01,850,0,False
L013999,C09301,3,1531000,1389800,3.04,6550,0,False
L014000,C09301,2,13000,10400,18.24,650,0,False
L014001,C09302,2,13000,7100,22.0,650,0,False
L014002,C09303,1,162000,65600,7.4,2400,0,False
L014003,C09304,3,2125000,1147200,3.46,8590,4,True
L014004,C09304,2,48000,35400,12.97,2400,0,False
L014005,C09305,1,106000,89500,8.13,1870,0,False
L014006,C09306,3,2623000,2191700,3.56,11280,1,False
L014007,C09306,1,370000,201800,8.44,5350,1,False
L014008,C09307,2,15000,2100,19.79,750,0,False
L014009,C09307,1,90000,61800,9.12,1380,0,False
L014010,C09307,4,50000,11500,11.95,540,0,False
L014011,C09308,4,191000,91800,9.53,3010,0,False
L014012,C09309,4,144000,61100,9.77,2060,0,False
L014013,C09309,3,1697000,805200,3.03,7680,0,False
L014014,C09310,3,2011000,1145100,3.03,9840,0,False
L014015,C09310,2,23000,13400,17.35,1150,0,False
L014016,C09311,4,206000,82600,4.85,2350,0,False
L014017,C09311,3,1441000,1198300,2.49,5600,0,False
L014018,C09312,3,1412000,994900,2.84,5320,0,False
L014019,C09313,3,3002000,2118700,3.93,13920,0,False
L014020,C09314,2,6000,1900,18.31,300,0,False
L014021,C09315,3,1129000,563600,3.8,5360,0,False
L014022,C09316,3,692000,434100,3.54,3250,0,True
L014023,C09316,2,17000,10900,19.39,850,4,False
L014024,C09317,3,1354000,677700,2.78,5020,0,False
L014025,C09317,4,93000,19000,7.94,1190,0,False
L014026,C09318,3,2057000,1075400,3.46,9400,0,False
L014027,C09318,2,29000,3800,16.76,1450,0,False
L014028,C09319,3,2709000,1790700,3.58,11690,0,False
L014029,C09320,4,214000,110900,9.26,3540,4,False
L014030,C09321,2,31000,15500,17.86,1550,0,False
L014031,C09321,1,174000,144700,7.32,4380,1,False
L014032,C09322,2,35000,27200,15.88,1750,0,False
L014033,C09323,2,65000,40800,14.55,3250,0,False
L014034,C09323,3,2755000,1429700,2.58,9370,0,False
L014035,C09323,4,149000,64500,6.75,3000,1,False
L014036,C09324,3,2754000,2217600,2.85,12130,1,False
L014037,C09325,1,62000,54800,8.29,2230,1,False
L014038,C09326,3,1449000,1286600,3.45,7820,0,False
L014039,C09326,1,259000,228800,5.06,3650,3,False
L014040,C09327,3,1480000,938300,3.48,5760,0,False
L014041,C09328,1,61000,40100,5.66,920,0,False
L014042,C09329,3,1205000,941300,3.24,5080,0,False
L014043,C09330,3,1116000,585100,2.77,4520,1,False
L014044,C09330,4,237000,117300,4.66,2630,0,False
L014045,C09331,4,104000,43100,10.87,1320,0,False
L014046,C09332,2,50000,23800,18.95,2500,1,False
L014047,C09333,3,1353000,1233700,3.24,6150,0,False
L014048,C09334,2,43000,35300,21.21,2150,0,False
L014049,C09335,3,1029000,802800,3.22,4990,0,False
L014050,C09336,3,2487000,1808100,2.48,10540,0,False
L014051,C09337,2,57000,43700,19.89,2850,0,False
L014052,C09337,3,1312000,860400,3.43,5970,0,False
L014053,C09338,3,1542000,827000,3.14,6980,0,False
L014054,C09338,4,77000,16100,7.8,1210,0,False
L014055,C09339,3,2395000,1243900,2.86,9040,0,False
L014056,C09339,4,102000,58800,9.82,3940,0,False
L014057,C09340,3,2139000,1996300,3.51,10550,0,False
L014058,C09341,2,6000,700,18.04,300,0,False
L014059,C09342,3,2173000,1156500,3.34,10350,0,False
L014060,C09342,2,42000,32500,18.38,2100,0,False
L014061,C09343,3,926000,459700,3.03,3330,0,False
L014062,C09343,1,69000,56400,6.58,1930,0,False
L014063,C09344,2,32000,8100,15.17,1600,0,False
L014064,C09344,4,170000,62300,8.36,1830,0,False
L014065,C09345,2,34000,3200,11.75,1700,1,False
L014066,C09346,4,53000,24900,4.68,500,0,False
L014067,C09346,2,30000,7300,20.05,1500,0,False
L014068,C09347,1,50000,38800,6.81,1290,0,False
L014069,C09347,2,15000,8700,18.01,750,0,False
L014070,C09347,4,45000,11000,7.24,480,0,False
L014071,C09348,4,225000,119900,5.93,2280,0,False
L014072,C09349,3,2174000,1946500,2.2,8030,0,False
L014073,C09349,4,258000,181900,8.36,3260,0,False
L014074,C09350,3,736000,567400,3.23,3180,0,False
L014075,C09351,3,955000,492300,2.51,3270,3,True
L014076,C09352,3,1454000,785600,2.88,5740,0,False
L014077,C09353,3,761000,613000,2.49,2990,0,False
L014078,C09354,4,195000,82500,7.48,2240,0,False
L014079,C09354,3,1633000,1038400,2.47,6260,0,False
L014080,C09355,2,5000,2600,19.12,250,4,False
L014081,C09356,4,252000,95300,10.01,2940,0,False
L014082,C09356,3,1030000,845800,3.08,4450,3,False
L014083,C09357,3,970000,693100,3.17,4170,0,False
L014084,C09358,3,1943000,1746500,2.97,9570,2,False
L014085,C09359,3,1242000,988200,3.24,5050,1,False
L014086,C09360,3,819000,700800,3.14,3540,0,False
L014087,C09361,2,20000,6100,12.82,1000,0,False
L014088,C09362,4,24000,8700,10.25,270,2,False
L014089,C09362,2,7000,700,17.89,350,0,False
L014090,C09362,3,696000,486400,3.59,2900,2,False
L014091,C09363,3,1974000,1815700,3.16,10160,0,False
L014092,C09363,4,171000,106200,7.3,3000,0,False
L014093,C09364,3,975000,776500,2.5,4010,0,False
L014094,C09365,2,21000,12600,21.7,1050,0,False
L014095,C09366,2,30000,12300,17.52,1500,0,False
L014096,C09367,3,1544000,986300,3.53,7190,0,False
L014097,C09368,3,1115000,581200,3.17,4350,0,False
L014098,C09369,4,158000,53900,6.51,1790,0,False
L014099,C09369,3,1844000,1380000,2.79,8050,2,False
L014100,C09370,3,1615000,1339700,2.38,7340,0,False
L014101,C09370,4,56000,30000,7.31,610,0,False
L014102,C09371,3,1023000,777300,2.82,5210,0,False
L014103,C09371,4,55000,15400,9.42,760,0,False
L014104,C09372,2,8000,6100,14.12,400,0,False
L014105,C09373,2,20000,5500,20.91,1000,0,True
L014106,C09374,4,59000,12200,8.51,1160,0,False
L014107,C09375,2,5000,300,19.43,250,0,False
L014108,C09376,3,998000,794800,3.05,5090,0,False
L014109,C09376,2,45000,16500,15.31,2250,4,True
L014110,C09377,1,136000,57100,8.23,1840,1,True
L014111,C09378,4,435000,123300,9.09,8730,0,False
L014112,C09379,2,9000,5900,20.57,450,0,False
L014113,C09379,3,1018000,692800,2.77,4590,0,False
L014114,C09380,3,1754000,816200,2.63,7320,0,False
L014115,C09380,1,552000,447000,6.76,17890,0,False
L014116,C09381,2,17000,4400,20.94,850,0,False
L014117,C09382,1,399000,349300,4.8,6870,0,False
L014118,C09383,3,870000,517500,2.63,3780,0,False
L014119,C09383,2,7000,5600,17.73,350,0,False
L014120,C09384,3,1722000,1359300,3.08,7250,0,False
L014121,C09385,1,319000,200400,8.72,11920,0,False
L014122,C09386,3,933000,711300,3.09,4540,0,False
L014123,C09386,2,21000,4200,14.69,1050,1,False
L014124,C09387,3,611000,401100,3.06,2980,2,False
L014125,C09388,3,929000,734000,2.63,4380,1,False
L014126,C09389,4,86000,35100,9.72,3670,0,False
L014127,C09390,4,212000,184500,4.5,8050,1,False
L014128,C09390,2,9000,7400,17.69,450,2,False
L014129,C09390,3,1606000,1276800,2.35,6180,1,False
L014130,C09391,3,2289000,2103600,3.04,9530,0,False
L014131,C09392,1,112000,58200,7.5,1810,0,False
L014132,C09392,2,6000,1000,14.63,300,4,False
L014133,C09393,4,48000,37600,7.46,1090,0,False
L014134,C09394,3,1816000,1045600,2.84,8070,0,False
L014135,C09394,2,48000,20500,19.22,2400,0,False
L014136,C09395,2,23000,2300,14.5,1150,0,False
L014137,C09396,2,9000,2200,15.02,450,0,False
L014138,C09397,1,162000,72000,5.13,2650,0,False
L014139,C09397,4,108000,53100,7.62,3310,3,False
L014140,C09398,3,2309000,1407400,3.43,8740,0,False
L014141,C09398,2,43000,2700,21.93,2150,0,False
L014142,C09398,4,159000,59000,5.31,4680,1,False
L014143,C09399,3,1403000,837900,3.09,5680,0,False
L014144,C09399,1,250000,128500,6.44,10260,0,False
L014145,C09400,2,13000,4200,17.7,650,0,False
L014146,C09401,4,52000,27300,12.72,700,1,False
L014147,C09401,3,1076000,860000,2.54,4490,0,False
L014148,C09402,3,1081000,686100,3.31,4640,0,False
L014149,C09403,2,38000,14900,20.4,1900,0,False
L014150,C09404,3,1103000,643000,3.52,4640,0,False
L014151,C09404,4,115000,42600,6.09,1450,1,False
L014152,C09405,2,24000,2700,18.33,1200,1,False
L014153,C09405,4,74000,50900,12.92,1280,3,False
L014154,C09406,1,162000,111500,5.86,4580,0,False
L014155,C09406,2,43000,29000,18.55,2150,0,False
L014156,C09406,3,1172000,691400,3.37,5270,0,False
L014157,C09407,3,959000,774600,2.42,4730,0,False
L014158,C09408,1,331000,167700,6.38,9790,0,False
L014159,C09408,2,47000,36200,17.0,2350,0,False
L014160,C09409,2,27000,12900,18.03,1350,0,False
L014161,C09409,4,31000,8500,8.11,500,0,False
L014162,C09409,1,78000,28000,7.95,2260,0,False
L014163,C09410,3,1322000,1214900,3.15,6510,0,False
L014164,C09410,2,42000,11100,20.43,2100,0,False
L014165,C09411,3,1441000,747300,2.73,5250,0,False
L014166,C09412,4,247000,174600,9.45,7720,0,False
L014167,C09413,2,6000,4400,17.57,300,0,False
L014168,C09413,4,133000,43000,11.17,2170,0,False
L014169,C09413,3,914000,707500,3.3,4090,0,False
L014170,C09414,3,1588000,1119000,2.68,6630,0,False
L014171,C09414,2,19000,1200,16.01,950,0,False
L014172,C09415,3,2318000,1909500,2.51,9940,0,False
L014173,C09415,2,61000,43300,16.22,3050,0,False
L014174,C09415,4,327000,286000,6.56,4300,1,False
L014175,C09416,2,18000,3800,19.32,900,1,False
L014176,C09417,4,61000,42500,7.45,900,1,False
L014177,C09418,3,2242000,1164500,3.57,10680,0,False
L014178,C09418,2,70000,45100,18.96,3500,0,False
L014179,C09419,3,1419000,988100,2.98,6610,0,False
L014180,C09420,3,2228000,1617500,3.04,10480,3,False
L014181,C09420,2,28000,10700,16.46,1400,0,False
L014182,C09421,2,17000,13900,18.16,850,0,False
L014183,C09421,3,653000,366000,3.75,3330,1,False
L014184,C09422,2,17000,13300,14.2,850,0,False
L014185,C09423,2,69000,19000,15.5,3450,0,False
L014186,C09424,3,1793000,1246500,3.17,7910,0,False
L014187,C09425,3,1232000,822000,3.12,5220,2,False
L014188,C09426,4,76000,27300,8.58,1540,0,False
L014189,C09426,3,1079000,1007400,2.57,4690,3,False
L014190,C09426,1,109000,69200,5.11,1930,0,False
L014191,C09426,2,24000,16700,18.83,1200,1,False
L014192,C09427,4,167000,71100,8.65,2810,0,False
L014193,C09428,2,25000,9000,16.34,1250,0,False
L014194,C09429,3,1579000,1232400,3.17,7180,0,False
L014195,C09430,4,244000,90100,6.15,4750,0,False
L014196,C09430,3,2008000,1671200,2.41,7790,0,False
L014197,C09431,3,713000,565300,3.29,2890,1,False
L014198,C09432,3,1011000,533700,2.94,4680,0,False
L014199,C09433,2,21000,12600,21.94,1050,0,False
L014200,C09434,3,1782000,1112600,2.66,7120,0,False
L014201,C09435,3,1802000,1654200,2.2,7070,0,False
L014202,C09435,2,31000,8700,15.66,1550,0,False
L014203,C09436,4,177000,65900,6.15,2010,0,False
L014204,C09437,2,36000,15500,19.69,1800,0,False
L014205,C09437,3,1254000,970600,2.74,5780,0,False
L014206,C09437,4,197000,170300,6.35,2820,1,False
L014207,C09437,1,213000,119500,9.08,4220,0,False
L014208,C09438,3,1154000,965000,2.56,4930,0,False
L014209,C09438,1,339000,139600,5.33,4560,1,False
L014210,C09439,2,6000,3400,20.96,300,2,False
L014211,C09440,2,39000,29100,16.34,1950,0,False
L014212,C09440,1,248000,92600,6.78,5150,1,False
L014213,C09441,4,135000,90500,9.51,2240,0,False
L014214,C09442,2,32000,13100,15.24,1600,0,False
L014215,C09443,3,508000,281100,4.14,2030,0,False
L014216,C09443,1,50000,18600,7.37,1610,0,False
L014217,C09444,4,244000,95500,9.05,6010,0,False
L014218,C09444,2,50000,41200,17.63,2500,0,False
L014219,C09445,1,326000,271900,5.32,6300,0,False
L014220,C09446,2,34000,27000,16.28,1700,0,False
L014221,C09446,4,148000,56700,10.92,2640,0,False
L014222,C09447,2,21000,9500,22.03,1050,0,False
L014223,C09448,4,164000,87200,6.94,3620,3,False
L014224,C09448,2,35000,26200,17.86,1750,0,False
L014225,C09449,4,205000,174600,8.55,2590,0,False
L014226,C09450,4,270000,68000,10.81,5190,0,False
L014227,C09450,3,1477000,1099700,2.88,5790,0,False
L014228,C09450,2,36000,10100,14.08,1800,0,False
L014229,C09451,3,2210000,1894200,2.79,9970,0,False
L014230,C09452,4,119000,73600,9.14,2840,0,False
L014231,C09452,2,42000,24900,16.81,2100,0,False
L014232,C09453,1,101000,56000,7.61,3490,0,False
L014233,C09453,3,1489000,1156300,2.69,7270,3,False
L014234,C09454,1,53000,37700,7.89,870,0,False
L014235,C09455,2,22000,17900,18.5,1100,0,False
L014236,C09455,3,1684000,1326400,2.81,7890,0,False
L014237,C09456,4,38000,23400,5.9,550,0,False
L014238,C09457,3,2006000,1202100,3.62,7660,0,False
L014239,C09458,3,1277000,591300,2.49,4440,0,False
L014240,C09458,4,62000,42400,10.55,1450,3,False
L014241,C09459,2,56000,8700,17.12,2800,0,False
L014242,C09460,3,1469000,1379000,3.06,6200,0,False
L014243,C09460,4,87000,23800,14.26,880,2,True
L014244,C09460,1,325000,104600,5.67,6800,0,False
L014245,C09461,1,74000,41200,7.51,1140,0,False
L014246,C09461,2,6000,2700,19.38,300,0,False
L014247,C09462,2,22000,13700,17.56,1100,0,False
L014248,C09463,1,132000,89200,9.22,3150,0,False
L014249,C09463,2,19000,15800,20.12,950,0,False
L014250,C09464,4,249000,158200,9.93,2810,0,False
L014251,C09465,3,605000,431600,2.55,2470,0,False
L014252,C09466,3,1586000,1480400,2.83,6920,2,False
L014253,C09467,3,1223000,1049900,3.08,5070,0,False
L014254,C09468,3,811000,413500,3.14,2910,0,False
L014255,C09469,3,1199000,961700,2.8,5670,0,False
L014256,C09470,3,2499000,1884900,2.2,9910,0,False
L014257,C09471,4,246000,111000,6.42,2840,0,False
L014258,C09472,3,873000,404300,2.84,3240,0,False
L014259,C09473,4,80000,60900,8.12,3120,0,False
L014260,C09473,2,26000,12200,16.72,1300,0,False
L014261,C09474,2,69000,13600,17.38,3450,0,False
L014262,C09475,4,62000,36400,8.01,1270,0,False
L014263,C09476,4,322000,113400,9.77,3930,0,False
L014264,C09477,1,65000,56200,4.8,1010,0,False
L014265,C09478,4,184000,148000,8.28,3450,0,False
L014266,C09478,2,33000,16100,14.91,1650,0,False
L014267,C09479,3,1133000,856500,2.97,5140,0,False
L014268,C09479,2,45000,37900,16.91,2250,0,False
L014269,C09480,3,1984000,1238200,2.94,7930,0,False
L014270,C09481,2,12000,8500,15.48,600,2,True
L014271,C09481,4,92000,24000,12.28,2800,0,False
L014272,C09481,1,89000,23700,10.88,1700,0,False
L014273,C09482,4,125000,111500,9.78,1970,0,False
L014274,C09482,3,1308000,709100,3.13,6200,0,False
L014275,C09483,1,112000,84700,6.69,3930,0,False
L014276,C09484,3,1389000,1211600,2.88,6980,4,False
L014277,C09484,1,145000,102100,8.48,2470,0,False
L014278,C09485,2,62000,18600,17.13,3100,0,False
L014279,C09486,1,260000,169000,5.49,7170,0,False
L014280,C09487,2,5000,2600,20.59,250,0,False
L014281,C09488,1,64000,21000,6.02,1560,0,False
L014282,C09489,2,25000,12300,17.8,1250,2,False
L014283,C09490,3,1916000,1475400,2.2,8280,0,False
L014284,C09491,4,83000,18700,9.29,1010,0,False
L014285,C09491,1,335000,289200,5.5,7130,0,False
L014286,C09491,2,32000,20200,16.37,1600,0,False
L014287,C09492,4,70000,22800,7.24,950,0,False
L014288,C09493,2,58000,23100,15.25,2900,0,False
L014289,C09494,4,313000,121100,10.06,12680,1,False
L014290,C09495,2,15000,8900,20.77,750,0,False
L014291,C09496,2,15000,11100,18.78,750,1,False
L014292,C09497,4,122000,61100,10.39,2940,3,False
L014293,C09498,3,2284000,1770400,3.59,9910,0,False
L014294,C09499,4,143000,90100,6.41,1840,0,False
L014295,C09499,2,36000,25700,15.92,1800,0,False
L014296,C09500,2,33000,23600,13.27,1650,0,False
L014297,C09500,4,281000,195600,9.97,6310,0,False
L014298,C09501,3,2189000,1387900,3.03,8320,0,False
L014299,C09501,2,29000,11900,13.56,1450,0,False
L014300,C09501,4,173000,45300,8.19,1910,0,False
L014301,C09502,2,12000,2400,16.0,600,3,False
L014302,C09503,2,21000,12600,14.0,1050,0,False
L014303,C09503,3,1728000,1394300,3.84,7650,0,False
L014304,C09504,2,22000,1200,20.91,1100,0,False
L014305,C09505,3,1386000,900400,3.12,6330,2,False
L014306,C09505,4,179000,147200,11.08,4510,1,False
L014307,C09505,1,326000,157000,4.72,4940,0,False
L014308,C09506,4,40000,20800,11.06,680,0,False
L014309,C09506,3,1471000,1245400,3.06,7430,0,False
L014310,C09507,1,405000,277800,6.91,10110,0,False
L014311,C09508,3,1986000,1123500,2.82,8100,0,False
L014312,C09509,1,129000,37000,6.51,2580,0,False
L014313,C09509,3,2245000,1708100,2.52,10680,0,False
L014314,C09509,2,59000,4000,18.3,2950,0,False
L014315,C09510,2,18000,7900,16.21,900,2,False
L014316,C09511,2,21000,7200,12.32,1050,0,False
L014317,C09511,1,222000,120800,6.51,7060,2,False
L014318,C09512,3,2028000,1608100,3.04,9420,0,False
L014319,C09513,2,21000,14200,18.14,1050,0,False
L014320,C09514,3,1837000,941400,2.93,7590,0,False
L014321,C09514,1,169000,120400,7.51,2910,0,False
L014322,C09515,3,896000,468200,3.86,4070,0,False
L014323,C09515,4,121000,106400,12.75,2330,0,False
L014324,C09516,3,1675000,909200,2.74,7370,1,True
L014325,C09516,1,269000,184500,6.35,3880,0,False
L014326,C09517,2,27000,13300,15.57,1350,2,True
L014327,C09517,3,1649000,851900,3.36,6930,0,False
L014328,C09518,1,50000,25500,7.62,1500,0,False
L014329,C09519,2,8000,6200,20.11,400,4,False
L014330,C09519,4,31000,9700,12.02,490,0,False
L014331,C09520,3,1305000,941800,3.43,6480,0,False
L014332,C09520,4,290000,217800,7.81,8820,0,False
L014333,C09521,2,56000,4400,15.12,2800,0,False
L014334,C09521,1,141000,84900,7.67,2100,0,False
L014335,C09522,2,43000,23100,16.45,2150,0,False
L014336,C09522,3,2278000,1177300,2.34,7620,0,False
L014337,C09523,3,1317000,1153200,3.0,6170,0,False
L014338,C09523,2,34000,17900,15.24,1700,0,False
L014339,C09524,3,2027000,1793000,2.64,9910,1,False
L014340,C09524,4,253000,163600,7.51,3700,0,False
L014341,C09525,2,5000,1600,16.15,250,0,False
L014342,C09526,4,346000,76900,4.5,7850,2,False
L014343,C09527,3,641000,425800,3.44,3270,1,False
L014344,C09528,4,227000,192700,9.04,7660,0,False
L014345,C09529,3,1266000,719600,2.5,5500,0,False
L014346,C09530,4,59000,44000,9.0,2620,0,False
L014347,C09531,2,21000,5700,17.8,1050,0,False
L014348,C09532,4,66000,20500,8.39,740,0,False
L014349,C09532,3,1573000,851800,2.57,6160,0,False
L014350,C09532,2,29000,21100,14.81,1450,0,False
L014351,C09533,1,152000,83800,4.22,2020,0,False
L014352,C09534,2,10000,7300,15.3,500,0,False
L014353,C09535,4,70000,58100,9.5,2010,0,False
L014354,C09536,2,27000,19900,15.33,1350,0,False
L014355,C09536,3,1224000,1037400,3.55,5470,0,False
L014356,C09537,3,2159000,1780500,2.7,9050,0,False
L014357,C09537,2,65000,55100,15.97,3250,0,False
L014358,C09538,4,275000,197300,8.88,3620,0,False
L014359,C09539,2,5000,3900,19.14,250,1,False
L014360,C09540,3,2194000,1100000,2.74,7630,3,False
L014361,C09540,2,55000,19700,16.85,2750,0,False
L014362,C09540,1,278000,91300,5.01,11630,1,False
L014363,C09541,3,1174000,763600,3.53,5960,0,False
L014364,C09542,3,1522000,876900,3.03,7030,0,False
L014365,C09543,2,50000,34500,20.39,2500,0,False
L014366,C09544,2,53000,19200,20.46,2650,0,False
L014367,C09544,4,99000,65300,8.04,1490,0,False
L014368,C09544,3,1637000,1003800,3.11,6490,0,False
L014369,C09545,3,1072000,621400,2.75,3760,0,False
L014370,C09545,2,33000,11900,16.6,1650,0,False
L014371,C09546,3,1073000,889600,2.67,4460,0,False
L014372,C09546,4,211000,136200,8.75,2970,0,False
L014373,C09547,3,842000,646100,2.7,3940,0,False
L014374,C09547,2,18000,7400,16.8,900,0,False
L014375,C09548,4,221000,104500,8.78,7380,0,False
L014376,C09549,2,50000,13100,16.36,2500,0,False
L014377,C09550,2,19000,3000,16.23,950,0,False
L014378,C09551,3,2491000,1800600,3.53,11350,0,False
L014379,C09552,4,123000,36900,10.37,1930,0,False
L014380,C09552,2,23000,16200,17.28,1150,0,False
L014381,C09553,3,1978000,1501100,3.2,9280,0,False
L014382,C09554,2,42000,7100,19.53,2100,0,False
L014383,C09554,3,1264000,988800,2.98,5610,0,False
L014384,C09554,4,75000,28300,8.21,1240,0,False
L014385,C09555,1,128000,106300,5.77,3940,1,False
L014386,C09556,4,183000,70700,8.66,2710,0,False
L014387,C09557,2,24000,19800,14.18,1200,0,False
L014388,C09557,1,169000,80300,8.2,2410,0,False
L014389,C09558,3,1412000,1285500,2.99,6170,0,False
L014390,C09559,3,1029000,511800,2.89,4260,0,False
L014391,C09560,2,63000,12900,17.47,3150,0,False
L014392,C09561,2,32000,19600,13.39,1600,0,False
L014393,C09562,2,7000,1100,16.84,350,0,False
L014394,C09563,1,58000,23700,10.32,1690,0,False
L014395,C09564,2,65000,30600,13.99,3250,0,False
L014396,C09565,1,201000,171200,7.07,3710,0,False
L014397,C09566,3,872000,546800,3.0,3500,0,False
L014398,C09566,1,80000,58300,8.79,1440,0,False
L014399,C09567,4,172000,49500,6.57,3960,0,False
L014400,C09567,3,997000,619600,2.77,3800,0,False
L014401,C09568,3,2628000,1200200,3.01,9720,0,False
L014402,C09568,4,376000,244900,8.99,4370,0,False
L014403,C09569,1,430000,201000,10.5,14360,2,False
L014404,C09569,2,36000,8300,18.45,1800,0,False
L014405,C09570,2,10000,5000,13.74,500,1,True
L014406,C09571,2,67000,13000,14.01,3350,0,False
L014407,C09571,4,250000,131000,9.1,8730,0,False
L014408,C09572,3,1479000,1220800,2.25,6080,0,False
L014409,C09572,2,51000,30700,18.4,2550,0,False
L014410,C09573,2,20000,16500,18.61,1000,0,False
L014411,C09574,2,10000,8000,16.43,500,0,False
L014412,C09575,3,1227000,1164600,2.69,5550,0,False
L014413,C09576,3,874000,438200,3.33,4070,1,False
L014414,C09577,4,51000,33500,4.5,690,0,False
L014415,C09578,2,8000,1000,19.75,400,0,False
L014416,C09578,4,21000,16400,12.7,780,0,False
L014417,C09579,4,121000,59600,9.6,1790,0,False
L014418,C09580,2,41000,29800,14.56,2050,0,False
L014419,C09580,3,1420000,815300,3.27,6260,0,False
L014420,C09581,1,243000,104600,6.65,9030,0,False
L014421,C09582,3,1735000,1391200,2.83,7770,0,False
L014422,C09582,1,364000,312700,8.18,12310,0,True
L014423,C09582,2,62000,25600,16.73,3100,3,False
L014424,C09583,3,1841000,1632200,3.2,9750,0,False
L014425,C09584,2,30000,9200,16.49,1500,0,False
L014426,C09585,1,138000,46900,7.56,2390,0,False
L014427,C09586,2,9000,5100,16.29,450,1,False
L014428,C09586,3,776000,636100,4.23,4160,2,False
L014429,C09586,4,84000,17500,7.2,980,0,False
L014430,C09587,4,192000,110600,7.54,6520,0,False
L014431,C09587,2,43000,33700,20.26,2150,2,False
L014432,C09587,3,2371000,1673600,3.05,10730,0,False
L014433,C09588,2,12000,2000,19.03,600,0,False
L014434,C09589,2,21000,6500,12.88,1050,0,False
L014435,C09589,3,2495000,2066600,2.43,11690,0,False
L014436,C09590,4,184000,159000,10.49,3460,0,False
L014437,C09590,1,238000,163800,8.03,6230,0,False
L014438,C09591,2,15000,8300,20.36,750,0,False
L014439,C09591,3,1619000,896800,3.1,6320,0,False
L014440,C09591,1,160000,41300,8.01,3100,0,False
L014441,C09592,4,186000,62500,4.5,1860,0,False
L014442,C09593,4,50000,25400,9.52,600,0,False
L014443,C09594,3,3084000,2070800,3.39,15010,0,False
L014444,C09594,2,22000,13100,16.09,1100,0,False
L014445,C09595,3,2842000,2386000,2.58,14030,0,False
L014446,C09596,2,72000,29100,17.0,3600,0,False
L014447,C09596,3,1875000,1479400,3.13,9360,0,False
L014448,C09597,3,2250000,1070200,2.81,7750,0,False
L014449,C09598,3,2485000,1500300,2.89,9850,2,False
L014450,C09599,1,105000,70500,9.08,2360,0,False
L014451,C09600,2,16000,9000,20.95,800,2,False
L014452,C09600,4,309000,84600,7.86,10890,0,False
L014453,C09600,1,400000,277400,6.6,14020,3,False
L014454,C09601,2,11000,8600,20.32,550,0,False
L014455,C09602,4,118000,97100,9.02,4130,0,False
L014456,C09602,2,13000,1600,18.07,650,0,False
L014457,C09602,3,2030000,1715200,3.3,8730,0,False
L014458,C09603,3,1786000,1635900,2.93,9190,0,False
L014459,C09604,1,334000,249600,7.0,5010,1,False
L014460,C09605,3,1315000,993500,2.69,4980,0,False
L014461,C09605,4,261000,116700,9.45,3030,0,False
L014462,C09606,4,193000,132800,8.94,2870,0,False
L014463,C09607,2,16000,3700,16.05,800,0,False
L014464,C09608,2,34000,13200,18.59,1700,0,False
L014465,C09608,4,225000,73200,8.61,2160,0,False
L014466,C09609,1,72000,33400,9.25,1810,0,False
L014467,C09610,3,1335000,685500,2.88,6270,0,False
L014468,C09611,3,2019000,1401600,2.77,8790,0,False
L014469,C09612,2,36000,30200,20.13,1800,0,False
L014470,C09613,4,129000,62400,8.37,1460,0,False
L014471,C09614,3,1298000,1008800,2.61,6280,2,False
L014472,C09614,4,137000,49800,8.3,2180,1,False
L014473,C09615,4,100000,56200,12.43,1180,0,False
L014474,C09615,2,21000,10900,19.88,1050,1,False
L014475,C09616,2,45000,25500,18.25,2250,0,False
L014476,C09616,3,787000,622100,3.26,3420,0,False
L014477,C09617,3,1460000,818100,3.05,6360,0,False
L014478,C09618,1,255000,210000,6.01,4840,3,False
L014479,C09619,3,1561000,1039000,2.86,7740,0,False
L014480,C09620,2,20000,3000,18.57,1000,0,False
L014481,C09620,1,60000,41500,5.47,1250,1,False
L014482,C09621,1,50000,23800,7.72,1910,0,False
L014483,C09622,2,41000,19300,11.66,2050,0,False
L014484,C09623,3,1442000,1157300,3.71,6270,0,False
L014485,C09623,2,57000,14000,19.32,2850,0,False
L014486,C09624,4,88000,62400,6.69,1490,0,False
L014487,C09625,2,48000,12100,16.81,2400,0,False
L014488,C09625,1,238000,74700,6.61,3090,2,False
L014489,C09626,3,2744000,1480400,3.25,10360,0,False
L014490,C09626,4,105000,24500,6.05,3570,0,False
L014491,C09627,4,57000,32600,10.59,670,0,False
L014492,C09627,2,59000,37400,16.97,2950,0,False
L014493,C09627,3,1788000,1388000,3.03,9090,0,False
L014494,C09628,2,7000,3000,11.49,350,0,False
L014495,C09629,1,103000,40700,4.54,1590,0,False
L014496,C09630,3,888000,705000,3.88,4030,0,False
L014497,C09631,4,112000,68700,8.85,2180,1,False
L014498,C09631,2,22000,4300,17.93,1100,0,False
L014499,C09632,4,226000,77500,14.45,6970,0,False
L014500,C09632,1,83000,74400,6.88,1240,0,False
L014501,C09633,3,2054000,1606400,2.91,9560,0,False
L014502,C09634,3,2774000,1253000,3.21,12220,0,False
L014503,C09635,2,26000,7900,17.4,1300,0,False
L014504,C09636,1,267000,184600,6.18,7100,3,False
L014505,C09636,3,1409000,881600,3.25,6660,0,False
L014506,C09636,4,136000,65400,12.9,2250,0,False
L014507,C09637,3,1021000,689800,2.4,4590,0,False
L014508,C09638,2,7000,5400,19.51,350,2,False
L014509,C09639,3,2891000,2319500,2.93,12030,0,False
L014510,C09639,4,121000,63400,6.1,1350,0,False
L014511,C09639,1,278000,133900,7.17,4480,0,False
L014512,C09640,2,25000,17000,21.08,1250,2,False
L014513,C09641,2,5000,1600,17.27,250,1,False
L014514,C09642,3,1116000,556500,2.44,5010,1,False
L014515,C09642,2,20000,3900,19.01,1000,3,False
L014516,C09642,1,134000,40600,8.9,2010,0,False
L014517,C09643,3,2376000,1291600,2.33,9350,4,False
L014518,C09643,2,25000,7800,13.77,1250,1,False
L014519,C09644,3,1026000,829200,3.2,5440,0,False
L014520,C09644,4,216000,94700,9.17,3090,0,False
L014521,C09645,2,26000,4800,20.99,1300,0,False
L014522,C09645,3,2430000,1143500,2.43,10290,0,False
L014523,C09645,4,272000,233400,10.68,3840,0,False
L014524,C09646,2,51000,27500,19.26,2550,0,False
L014525,C09647,3,1550000,1439000,3.74,8040,0,False
L014526,C09647,1,297000,160800,6.52,4810,0,True
L014527,C09648,3,2126000,1614800,2.93,9100,0,False
L014528,C09648,2,21000,5600,18.61,1050,0,False
L014529,C09649,3,1518000,1071600,2.45,6280,0,False
L014530,C09650,3,1350000,643600,2.55,5260,0,False
L014531,C09650,4,110000,94000,7.83,2510,0,False
L014532,C09651,3,1503000,1349800,3.21,6440,0,False
L014533,C09652,1,62000,32200,7.58,1110,0,False
L014534,C09652,4,34000,10500,9.07,350,0,False
L014535,C09653,3,1385000,747000,2.86,5590,4,True
L014536,C09653,1,488000,430800,7.55,15800,0,False
L014537,C09654,3,1304000,1203100,3.57,5870,0,False
L014538,C09654,2,27000,8300,19.73,1350,0,False
L014539,C09655,3,2932000,2215400,3.3,13220,0,False
L014540,C09656,2,11000,1500,15.31,550,0,False
L014541,C09656,1,97000,42000,7.56,1540,1,False
L014542,C09656,4,107000,86100,9.67,1750,0,False
L014543,C09657,3,911000,805800,2.8,4440,1,False
L014544,C09658,3,1223000,618100,2.99,5060,0,False
L014545,C09658,2,44000,3100,21.66,2200,0,False
L014546,C09658,1,228000,147300,5.12,3680,0,False
L014547,C09659,3,1957000,1527600,3.06,10110,0,False
L014548,C09660,3,1440000,1023300,3.0,7230,0,False
L014549,C09660,4,212000,120300,8.93,3100,0,False
L014550,C09661,3,1553000,1422600,2.97,6420,0,False
L014551,C09662,3,1356000,980200,2.95,5720,0,False
L014552,C09663,3,1478000,907400,2.73,5400,0,False
L014553,C09664,2,17000,3400,22.81,850,1,False
L014554,C09664,1,90000,74600,7.49,1350,0,False
L014555,C09665,3,1483000,1071200,2.9,6460,1,False
L014556,C09666,4,270000,196700,6.56,7130,1,False
L014557,C09667,2,5000,3300,17.63,250,0,False
L014558,C09668,2,15000,5500,15.65,750,1,True
L014559,C09668,4,49000,18600,12.02,840,0,True
L014560,C09668,1,71000,24300,10.47,1010,0,False
L014561,C09669,3,2026000,1869300,2.93,9830,1,False
L014562,C09670,3,1865000,1506900,3.38,8450,0,False
L014563,C09670,4,174000,129300,8.17,2710,0,False
L014564,C09671,3,2215000,1913600,3.07,11540,3,False
L014565,C09671,4,407000,203000,5.67,10660,0,False
L014566,C09671,2,40000,17200,16.32,2000,2,True
L014567,C09672,4,241000,197000,7.34,3930,0,False
L014568,C09672,2,39000,4800,15.88,1950,1,False
L014569,C09673,3,2280000,1968700,3.09,11580,0,False
L014570,C09674,4,38000,17500,11.59,690,0,False
L014571,C09674,2,6000,4300,21.47,300,0,False
L014572,C09675,3,1011000,634400,3.07,4810,0,False
L014573,C09675,4,120000,87700,9.25,2800,0,False
L014574,C09676,3,2041000,1641400,3.23,10240,0,False
L014575,C09677,4,10000,8900,7.4,340,0,False
L014576,C09678,2,37000,3200,18.17,1850,0,False
L014577,C09679,3,1576000,1214000,3.83,8430,0,False
L014578,C09680,4,81000,53900,10.95,1680,0,False
L014579,C09681,1,198000,58300,7.57,5060,1,False
L014580,C09681,2,74000,52500,19.06,3700,4,False
L014581,C09681,4,190000,64700,7.99,4280,3,False
L014582,C09681,3,2380000,1895700,3.42,10150,1,False
L014583,C09682,4,160000,77600,7.5,2110,1,False
L014584,C09683,3,1827000,1225200,2.74,6640,0,False
L014585,C09683,4,212000,48400,9.23,3230,0,False
L014586,C09684,1,94000,84000,6.39,4240,1,False
L014587,C09685,3,1463000,786400,3.09,5800,1,False
L014588,C09686,2,52000,15200,18.52,2600,0,False
L014589,C09687,3,1059000,966600,3.41,5240,2,False
L014590,C09688,2,43000,7000,18.41,2150,0,False
L014591,C09689,3,1858000,1379500,3.8,8860,0,False
L014592,C09689,4,97000,39400,8.34,2470,0,False
L014593,C09690,2,11000,5600,20.04,550,0,False
L014594,C09690,4,58000,30800,7.38,1720,0,False
L014595,C09691,3,1265000,673700,3.29,5260,0,False
L014596,C09691,4,118000,49000,7.43,4250,0,False
L014597,C09691,2,24000,19800,18.86,1200,2,False
L014598,C09692,2,11000,5900,17.44,550,2,False
L014599,C09693,3,1613000,1134000,2.54,6640,0,False
L014600,C09693,2,34000,17200,18.75,1700,0,False
L014601,C09694,2,17000,3400,22.0,850,0,False
L014602,C09694,3,978000,564000,2.81,3780,0,False
L014603,C09694,1,66000,53300,6.91,1690,0,False
L014604,C09695,3,1005000,671500,2.92,3740,0,False
L014605,C09696,1,175000,156700,5.38,6640,0,False
L014606,C09697,3,970000,680300,3.15,3850,0,False
L014607,C09697,2,40000,23200,16.23,2000,0,False
L014608,C09698,4,198000,127100,8.7,2200,1,False
L014609,C09699,3,2429000,1908400,3.48,11420,0,False
L014610,C09700,3,741000,434200,3.01,3580,0,False
L014611,C09701,3,3118000,1755300,2.83,14140,0,True
L014612,C09701,1,262000,193700,7.8,9900,0,False
L014613,C09702,1,319000,148100,6.72,13920,0,False
L014614,C09703,3,1549000,1340200,2.8,6900,0,False
L014615,C09704,3,2273000,1912000,3.43,10120,0,False
L014616,C09704,1,394000,177000,6.29,7870,0,False
L014617,C09705,4,310000,66500,9.21,11380,0,False
L014618,C09705,3,1926000,1411700,2.57,8650,0,False
L014619,C09705,2,65000,36600,19.72,3250,0,False
L014620,C09705,1,168000,61600,7.14,2560,0,False
L014621,C09706,4,251000,195600,10.91,3240,0,False
L014622,C09707,2,18000,1900,13.53,900,0,False
L014623,C09708,3,1780000,1440800,3.01,7830,0,False
L014624,C09708,1,456000,207200,6.91,6230,0,False
L014625,C09708,4,207000,105000,4.5,1990,0,False
L014626,C09709,1,470000,284400,6.66,11370,0,False
L014627,C09710,4,261000,165700,10.9,3510,0,False
L014628,C09710,1,383000,191000,5.3,8750,0,False
L014629,C09711,1,344000,141300,4.42,12060,1,False
L014630,C09712,2,18000,13500,16.11,900,0,False
L014631,C09713,4,116000,89800,5.68,1320,1,False
L014632,C09714,3,1821000,1320800,2.2,8700,1,False
L014633,C09714,4,150000,125600,9.09,2930,2,False
L014634,C09714,1,115000,35600,3.73,1480,2,False
L014635,C09715,4,79000,61000,6.05,860,0,False
L014636,C09716,2,9000,4700,17.23,450,0,False
L014637,C09717,4,25000,21500,9.08,540,0,False
L014638,C09718,1,171000,149900,6.88,3520,0,False
L014639,C09718,3,2168000,1081300,3.41,8820,0,False
L014640,C09719,1,75000,23500,5.2,1170,0,False
L014641,C09719,2,20000,6700,20.83,1000,0,False
L014642,C09720,3,1633000,991000,2.94,6130,0,False
L014643,C09721,3,1442000,902900,2.2,5730,0,False
L014644,C09721,4,45000,16500,10.65,450,0,False
L014645,C09722,3,1860000,1007900,2.64,6850,0,False
L014646,C09723,4,250000,176100,7.21,3370,0,False
L014647,C09724,1,294000,206100,7.54,12820,0,False
L014648,C09725,3,1123000,850700,3.57,5020,0,False
L014649,C09725,1,122000,31100,6.72,2320,0,False
L014650,C09726,3,1606000,1199800,3.24,6360,0,False
L014651,C09727,1,221000,90900,7.97,6390,0,False
L014652,C09727,4,138000,44900,8.15,1770,0,False
L014653,C09728,3,777000,377200,3.64,3470,3,False
L014654,C09729,3,1498000,998000,2.6,6670,1,False
L014655,C09730,3,2374000,2107100,2.29,10920,0,False
L014656,C09731,3,1953000,1533800,2.93,7870,1,False
L014657,C09732,2,7000,2500,15.97,350,2,False
L014658,C09732,1,111000,65700,5.87,1700,1,False
L014659,C09733,4,361000,110600,12.25,7990,1,False
L014660,C09733,3,2511000,1386800,3.3,11180,0,False
L014661,C09734,1,229000,185600,6.04,4280,0,False
L014662,C09735,3,2733000,1319500,2.51,10200,0,False
L014663,C09736,3,2239000,2022400,2.93,9290,0,False
L014664,C09736,2,61000,15800,13.22,3050,0,False
L014665,C09737,3,695000,494900,3.66,2890,0,False
L014666,C09737,1,132000,39400,6.07,1980,0,False
L014667,C09738,1,61000,26600,7.35,850,0,False
L014668,C09739,1,109000,54600,6.61,2640,0,False
L014669,C09740,2,51000,12500,14.83,2550,0,False
L014670,C09740,4,80000,32700,5.28,1240,1,False
L014671,C09740,3,1308000,997800,2.82,5130,0,False
L014672,C09741,3,1867000,1087700,3.92,7720,0,False
L014673,C09742,2,5000,1600,13.76,250,0,False
L014674,C09743,1,203000,83300,6.99,4890,0,False
L014675,C09744,2,23000,5600,15.87,1150,0,False
L014676,C09744,1,175000,49300,8.6,2540,0,False
L014677,C09744,3,794000,746300,3.55,3840,1,False
L014678,C09744,4,65000,14900,8.9,770,0,False
L014679,C09745,1,379000,130200,5.42,11170,0,False
L014680,C09746,2,53000,36800,16.55,2650,0,False
L014681,C09747,1,130000,84700,5.92,2950,0,False
L014682,C09748,3,1946000,1215100,2.36,8770,0,False
L014683,C09748,2,19000,6300,17.8,950,0,False
L014684,C09749,2,17000,6000,17.31,850,0,False
L014685,C09749,4,126000,43600,9.83,1400,0,False
L014686,C09750,3,905000,819800,2.53,3580,0,False
L014687,C09751,1,59000,32400,6.47,830,0,False
L014688,C09751,4,80000,29400,12.74,870,0,False
L014689,C09751,2,10000,1800,18.97,500,0,False
L014690,C09752,2,12000,2000,20.47,600,0,False
L014691,C09753,3,1407000,949400,2.47,6790,0,False
L014692,C09754,2,70000,27900,19.8,3500,0,False
L014693,C09755,2,39000,6300,18.31,1950,0,False
L014694,C09756,3,2055000,1375400,3.47,8870,0,False
L014695,C09756,1,297000,146300,7.0,5680,0,False
L014696,C09756,4,148000,53500,8.74,1620,0,False
L014697,C09757,2,9000,1400,16.32,450,0,False
L014698,C09757,3,1598000,811300,2.91,6220,1,False
L014699,C09758,2,10000,900,14.95,500,0,False
L014700,C09759,3,1628000,1131800,2.44,6080,3,True
L014701,C09760,3,1552000,766500,3.43,6940,0,False
L014702,C09761,2,20000,2600,17.46,1000,1,False
L014703,C09762,2,31000,16200,20.75,1550,0,False
L014704,C09763,3,610000,334000,2.85,2150,0,False
L014705,C09764,2,8000,2700,18.18,400,0,False
L014706,C09765,2,22000,2800,19.29,1100,0,False
L014707,C09765,3,924000,673800,3.46,4410,0,False
L014708,C09766,2,28000,3700,14.1,1400,0,False
L014709,C09767,3,2597000,1226500,3.06,9210,0,False
L014710,C09767,2,45000,34800,16.22,2250,0,False
L014711,C09768,1,126000,89200,6.01,2520,0,False
L014712,C09768,2,59000,49700,16.64,2950,3,False
L014713,C09769,2,16000,6400,17.91,800,1,False
L014714,C09769,1,109000,87100,6.51,2970,0,False
L014715,C09770,3,952000,607900,3.03,4600,0,False
L014716,C09770,4,200000,73800,8.32,3790,3,False
L014717,C09771,3,2052000,1896200,3.07,9780,0,False
L014718,C09771,4,378000,288700,8.3,14820,0,False
L014719,C09771,1,480000,177100,4.97,18120,2,False
L014720,C09772,4,47000,26900,7.72,1890,0,False
L014721,C09772,2,18000,3500,21.06,900,0,False
L014722,C09773,3,1956000,1854500,2.79,10030,0,False
L014723,C09774,2,16000,11600,18.66,800,1,False
L014724,C09774,3,1860000,868700,3.07,7670,0,False
L014725,C09774,4,141000,47900,10.67,2410,3,False
L014726,C09775,4,139000,107200,9.01,1770,0,False
L014727,C09776,3,1042000,544500,3.23,4940,0,False
L014728,C09776,4,84000,51700,6.98,1880,0,False
L014729,C09777,3,1548000,1181700,2.84,6210,2,False
L014730,C09777,4,102000,39100,11.02,2370,0,False
L014731,C09777,2,44000,13600,15.44,2200,0,False
L014732,C09778,4,88000,73100,7.41,1400,1,False
L014733,C09779,4,275000,109600,7.62,11350,0,False
L014734,C09779,3,2354000,1728500,2.64,11540,0,False
L014735,C09779,2,57000,41900,15.1,2850,1,False
L014736,C09780,2,27000,8100,19.19,1350,0,False
L014737,C09781,2,53000,26100,17.86,2650,0,False
L014738,C09781,1,266000,231000,5.82,8840,0,False
L014739,C09782,4,59000,24000,11.13,670,0,False
L014740,C09783,4,142000,83200,8.73,1900,0,False
L014741,C09783,3,1148000,873500,2.92,4900,0,False
L014742,C09784,4,22000,8200,9.21,720,0,False
L014743,C09784,3,936000,553700,3.31,4200,0,False
L014744,C09785,1,351000,105400,6.96,13520,0,False
L014745,C09786,2,61000,40000,19.7,3050,0,False
L014746,C09786,3,2074000,966400,3.32,9480,0,False
L014747,C09787,3,1356000,654700,2.59,5530,0,False
L014748,C09788,3,1874000,863600,2.67,8030,0,False
L014749,C09789,2,32000,25500,19.03,1600,0,False
L014750,C09790,2,17000,6000,22.63,850,0,False
L014751,C09791,4,270000,168400,7.58,3530,0,False
L014752,C09792,2,39000,2400,19.04,1950,0,False
L014753,C09792,1,259000,225200,6.12,4560,0,False
L014754,C09793,2,8000,500,21.51,400,1,False
L014755,C09794,2,14000,9300,19.94,700,0,False
L014756,C09795,2,41000,19000,13.14,2050,0,False
L014757,C09795,4,152000,52400,9.9,3320,0,False
L014758,C09796,2,30000,14400,18.99,1500,1,False
L014759,C09797,4,140000,96500,8.18,2360,1,False
L014760,C09797,2,25000,1700,19.57,1250,0,False
L014761,C09798,2,17000,13600,12.88,850,0,False
L014762,C09799,3,1833000,1289300,3.27,8160,0,False
L014763,C09799,2,60000,48900,21.59,3000,0,False
L014764,C09799,1,281000,152300,4.62,3930,0,False
L014765,C09800,1,113000,65100,7.14,2530,0,False
L014766,C09800,2,12000,1500,20.49,600,0,False
L014767,C09801,1,420000,153000,4.61,6960,0,False
L014768,C09802,3,1950000,1586700,2.79,8970,0,False
L014769,C09803,1,334000,101500,7.59,4960,0,False
L014770,C09804,2,22000,12300,17.43,1100,0,False
L014771,C09804,4,39000,16600,10.29,650,0,False
L014772,C09805,2,46000,17100,15.72,2300,0,False
L014773,C09805,1,207000,77100,5.74,3410,0,False
L014774,C09806,3,1926000,1296000,2.54,7890,4,True
L014775,C09806,1,384000,302100,7.29,13570,0,False
L014776,C09807,4,33000,15900,7.56,460,2,False
L014777,C09807,3,807000,381900,2.82,3460,0,False
L014778,C09808,3,1072000,1000900,2.23,5430,2,False
L014779,C09809,2,26000,10200,11.08,1300,0,False
L014780,C09809,3,1922000,964000,3.13,7530,0,False
L014781,C09810,1,176000,44400,5.87,2230,0,False
L014782,C09811,2,14000,7100,19.38,700,0,False
L014783,C09812,3,668000,417600,2.53,2340,0,False
L014784,C09813,3,1529000,800200,3.52,6340,0,False
L014785,C09814,2,26000,12200,18.83,1300,0,True
L014786,C09814,3,1527000,1327300,3.2,7390,0,False
L014787,C09814,1,243000,113000,7.9,3930,0,False
L014788,C09815,3,954000,840300,2.92,4240,0,False
L014789,C09816,2,12000,8100,16.45,600,0,False
L014790,C09817,2,6000,4900,23.0,300,0,False
L014791,C09817,1,89000,72300,6.68,2800,0,False
L014792,C09817,4,57000,17100,7.73,560,0,False
L014793,C09818,4,78000,58100,8.72,1200,1,False
L014794,C09818,3,833000,405000,3.62,3080,0,False
L014795,C09819,1,280000,117300,6.13,4100,0,False
L014796,C09819,3,868000,417300,3.42,3950,0,False
L014797,C09819,2,38000,16200,12.79,1900,0,False
L014798,C09819,4,76000,48000,8.99,1970,0,False
L014799,C09820,3,1568000,925600,2.72,5650,0,False
L014800,C09820,2,18000,1700,22.0,900,0,False
L014801,C09821,4,261000,106800,10.05,5340,0,False
L014802,C09822,3,2142000,1494300,3.47,9740,0,False
L014803,C09823,2,19000,10600,15.87,950,0,False
L014804,C09823,1,73000,41000,8.26,1860,0,False
L014805,C09823,3,1847000,1259900,2.54,6620,0,False
L014806,C09824,2,23000,14100,14.22,1150,0,False
L014807,C09824,3,928000,663000,2.35,3630,0,False
L014808,C09825,1,435000,231800,5.89,15100,1,False
L014809,C09826,4,125000,106200,10.67,2020,0,False
L014810,C09826,3,1130000,705000,2.5,5390,0,False
L014811,C09827,2,53000,39100,21.91,2650,0,False
L014812,C09828,3,955000,630800,3.78,4030,0,False
L014813,C09828,4,117000,37600,4.5,1150,0,False
L014814,C09829,2,51000,15300,19.58,2550,4,False
L014815,C09830,3,1371000,1190500,2.6,6450,0,False
L014816,C09831,3,1058000,765400,3.32,4230,0,False
L014817,C09831,1,380000,117600,8.29,6040,0,False
L014818,C09832,4,91000,61100,7.89,1310,0,False
L014819,C09833,3,1312000,1207700,3.01,6680,0,False
L014820,C09834,1,129000,35900,8.46,2380,0,False
L014821,C09835,2,54000,40100,21.75,2700,0,False
L014822,C09836,4,67000,50600,10.56,830,0,False
L014823,C09837,2,20000,9200,14.76,1000,0,False
L014824,C09837,1,202000,135900,7.61,7260,3,True
L014825,C09838,3,1205000,552700,2.53,4350,0,False
L014826,C09839,3,2258000,1902600,3.1,10550,0,False
L014827,C09840,3,561000,339800,2.94,2160,2,True
L014828,C09841,3,1253000,713100,3.14,6200,1,False
L014829,C09842,3,1538000,1050700,3.06,6180,0,False
L014830,C09842,2,35000,12500,18.43,1750,0,False
L014831,C09842,1,92000,28300,7.94,1230,0,False
L014832,C09843,3,2378000,1720400,2.7,9310,0,False
L014833,C09844,4,44000,32400,7.57,1120,2,False
L014834,C09845,1,64000,36600,9.76,970,1,True
L014835,C09845,2,5000,3600,13.9,250,0,False
L014836,C09846,3,999000,875800,2.59,4930,0,False
L014837,C09847,4,112000,89500,8.64,1790,0,False
L014838,C09848,2,10000,800,20.65,500,0,False
L014839,C09849,2,51000,17100,14.48,2550,0,False
L014840,C09850,3,1233000,830500,3.77,6260,0,False
L014841,C09851,3,1661000,976600,3.14,6250,0,False
L014842,C09852,2,7000,2400,15.7,350,0,False
L014843,C09853,1,50000,20100,9.55,1270,0,True
L014844,C09854,1,356000,169400,8.28,6670,1,False
L014845,C09854,2,15000,12300,16.25,750,0,False
L014846,C09854,3,1992000,1229100,2.94,7810,0,False
L014847,C09855,2,14000,6700,18.02,700,0,False
L014848,C09855,4,13000,7400,8.7,150,1,False
L014849,C09856,3,1605000,1215400,3.05,6460,0,False
L014850,C09856,1,92000,36400,6.42,1500,0,False
L014851,C09857,2,6000,2500,19.27,300,0,False
L014852,C09858,4,54000,30600,11.54,710,1,False
L014853,C09859,3,1839000,861500,3.18,7950,0,False
L014854,C09860,3,960000,804100,2.59,3680,2,False
L014855,C09861,3,3094000,2175100,2.76,14510,0,False
L014856,C09862,3,1026000,572600,3.58,4480,0,False
L014857,C09863,3,443000,216500,3.02,1650,0,False
L014858,C09864,2,60000,3900,13.57,3000,0,False
L014859,C09864,1,214000,99200,9.13,3500,0,False
L014860,C09864,3,1082000,886400,3.49,4680,0,False
L014861,C09865,1,50000,26300,9.7,1660,0,True
L014862,C09866,1,112000,84200,4.73,1890,0,False
L014863,C09867,3,2164000,1263200,3.19,8090,0,False
L014864,C09867,1,142000,73800,7.58,5520,0,False
L014865,C09867,2,13000,4000,19.75,650,1,False
L014866,C09868,3,1571000,1173600,3.3,7910,0,False
L014867,C09868,4,220000,182700,11.85,2880,1,False
L014868,C09869,2,21000,17700,18.37,1050,0,False
L014869,C09869,3,1116000,765400,2.92,5300,0,False
L014870,C09869,4,168000,103700,7.25,2370,0,False
L014871,C09870,2,16000,4900,21.35,800,2,False
L014872,C09870,4,198000,167100,10.35,7740,0,False
L014873,C09871,3,2052000,1640600,2.99,9150,0,True
L014874,C09871,2,50000,8900,18.49,2500,0,False
L014875,C09872,4,184000,78300,10.7,2340,1,False
L014876,C09873,3,1230000,790100,3.04,5040,0,False
L014877,C09873,1,142000,82700,4.53,2280,1,False
L014878,C09873,4,272000,207800,10.55,11380,3,False
L014879,C09874,3,1672000,1376300,2.9,8750,0,False
L014880,C09875,3,1863000,1506600,2.59,8670,0,False
L014881,C09876,1,211000,172300,9.4,3350,0,False
L014882,C09876,3,1138000,739200,2.73,4680,0,False
L014883,C09877,2,5000,800,18.62,250,0,False
L014884,C09878,4,19000,13400,12.68,320,0,False
L014885,C09878,3,392000,185200,4.46,1840,0,False
L014886,C09878,2,5000,2400,22.31,250,1,False
L014887,C09879,3,786000,571700,2.78,2910,0,False
L014888,C09879,4,160000,76200,13.29,3280,0,False
L014889,C09879,2,27000,16700,17.21,1350,0,False
L014890,C09880,3,2602000,1498800,2.51,9570,0,False
L014891,C09880,4,238000,196800,7.93,4350,0,False
L014892,C09881,3,1415000,1020500,3.27,6700,0,False
L014893,C09882,3,1022000,608300,3.09,5030,4,True
L014894,C09882,4,237000,149000,8.14,4570,0,False
L014895,C09882,1,200000,105200,5.71,7790,1,False
L014896,C09883,2,5000,3700,18.55,250,0,False
L014897,C09884,2,9000,2000,19.16,450,3,False
L014898,C09884,4,73000,52000,10.48,930,0,False
L014899,C09884,1,58000,45900,9.78,2200,0,False
L014900,C09885,2,45000,12900,17.68,2250,0,False
L014901,C09886,3,1305000,887300,2.96,5540,0,False
L014902,C09887,2,14000,8900,19.24,700,0,False
L014903,C09887,1,164000,126200,7.01,3900,0,False
L014904,C09888,2,42000,3600,16.88,2100,0,False
L014905,C09889,3,1516000,1347600,3.12,7260,0,False
L014906,C09890,4,329000,199800,5.75,3250,0,False
L014907,C09890,3,1273000,724400,2.5,4490,0,False
L014908,C09891,4,202000,130100,8.53,2540,0,False
L014909,C09892,3,1871000,1774600,2.2,8490,0,False
L014910,C09892,2,13000,3200,14.83,650,0,False
L014911,C09893,3,1752000,821500,3.03,6060,0,False
L014912,C09894,2,14000,6400,15.13,700,0,False
L014913,C09895,3,1560000,734700,3.16,6860,0,False
L014914,C09896,2,30000,16100,18.33,1500,0,False
L014915,C09897,1,166000,111600,7.1,2890,0,False
L014916,C09897,3,1977000,1698600,2.62,8800,0,False
L014917,C09898,2,10000,3900,20.19,500,0,False
L014918,C09898,1,156000,131100,8.93,2440,0,False
L014919,C09899,3,850000,723100,2.56,3230,1,False
L014920,C09900,2,7000,4200,17.63,350,0,False
L014921,C09901,2,44000,28200,15.1,2200,0,False
L014922,C09902,3,2001000,1044500,2.2,7750,2,False
L014923,C09903,2,10000,5900,14.95,500,0,False
L014924,C09904,3,1431000,1245200,2.64,5780,0,False
L014925,C09905,2,20000,1200,19.18,1000,0,False
L014926,C09906,2,6000,2100,17.53,300,0,False
L014927,C09906,4,56000,48800,11.58,910,1,False
L014928,C09907,3,1225000,671900,3.35,5140,0,False
L014929,C09907,2,10000,2900,14.12,500,0,False
L014930,C09908,2,23000,1500,17.87,1150,0,False
L014931,C09909,2,40000,25800,15.1,2000,1,False
L014932,C09910,4,158000,41500,6.41,2420,0,False
L014933,C09911,3,2927000,1630300,3.08,12440,0,False
L014934,C09911,4,124000,108000,7.45,2320,0,False
L014935,C09912,2,18000,12900,12.15,900,0,False
L014936,C09913,2,30000,5100,19.16,1500,0,False
L014937,C09913,1,95000,57300,6.4,1310,0,False
L014938,C09914,3,1251000,807600,3.33,4800,0,False
L014939,C09915,3,1773000,1655800,2.96,7430,1,False
L014940,C09915,2,37000,8100,18.18,1850,0,False
L014941,C09915,4,58000,41200,7.48,780,0,False
L014942,C09916,2,6000,4600,17.13,300,0,False
L014943,C09917,1,126000,51900,7.06,2020,0,False
L014944,C09918,2,17000,6200,15.25,850,1,False
L014945,C09919,2,5000,3000,18.37,250,1,False
L014946,C09919,4,10000,2700,15.06,130,4,True
L014947,C09920,4,199000,66000,8.46,2690,1,False
L014948,C09920,3,1781000,1133600,3.0,8040,0,False
L014949,C09921,3,1975000,1261800,2.81,7170,0,False
L014950,C09922,1,479000,267000,6.92,6750,0,False
L014951,C09923,2,24000,4000,13.1,1200,0,False
L014952,C09923,4,110000,69500,8.44,1810,0,False
L014953,C09924,4,372000,283100,12.48,7650,0,False
L014954,C09924,3,1848000,1189900,2.26,6470,0,False
L014955,C09924,2,73000,60300,13.0,3650,0,False
L014956,C09925,3,2031000,1826800,2.63,10090,0,False
L014957,C09925,2,38000,12600,17.87,1900,0,False
L014958,C09926,2,33000,5100,17.73,1650,0,False
L014959,C09927,4,191000,79500,9.91,3970,0,False
L014960,C09928,4,217000,64500,12.28,2580,0,False
L014961,C09928,3,831000,746600,2.71,3760,3,False
L014962,C09928,2,18000,9800,18.9,900,0,False
L014963,C09929,3,1264000,712900,3.2,4830,0,False
L014964,C09930,3,1478000,741700,3.26,5480,0,False
L014965,C09931,1,180000,131700,7.16,2910,0,False
L014966,C09932,2,51000,7700,15.6,2550,0,False
L014967,C09932,3,958000,697400,3.65,4640,0,False
L014968,C09933,1,559000,164600,8.13,21210,0,False
L014969,C09933,3,1920000,1800800,3.25,9460,0,False
L014970,C09934,2,5000,3000,16.48,250,4,True
L014971,C09935,2,12000,6700,16.06,600,1,False
L014972,C09935,3,848000,533300,3.23,3150,0,False
L014973,C09935,1,284000,118900,4.86,8750,0,False
L014974,C09936,2,37000,10400,17.24,1850,0,False
L014975,C09936,1,284000,177500,6.46,6850,0,False
L014976,C09937,3,1878000,1051700,3.22,7220,0,False
L014977,C09937,4,122000,103200,8.73,1720,0,False
L014978,C09938,3,2282000,1437600,2.79,10450,0,False
L014979,C09939,4,302000,128400,11.12,4420,1,False
L014980,C09939,1,345000,89000,4.96,10090,0,False
L014981,C09939,2,12000,9100,18.14,600,0,False
L014982,C09940,3,1104000,973300,3.27,5200,0,False
L014983,C09941,1,109000,57200,6.69,1600,0,False
L014984,C09942,2,8000,500,21.96,400,0,False
L014985,C09942,1,135000,93800,6.6,3400,0,False
L014986,C09943,2,7000,2500,18.39,350,0,False
L014987,C09944,1,342000,284000,6.84,8970,0,False
L014988,C09944,2,38000,15700,16.32,1900,0,False
L014989,C09945,3,1701000,1151800,2.48,6210,0,False
L014990,C09945,2,39000,27000,18.05,1950,0,False
L014991,C09946,3,1677000,862200,2.46,6760,0,False
L014992,C09946,4,60000,49000,5.6,840,0,False
L014993,C09947,3,3335000,1622000,3.43,12000,0,False
L014994,C09947,2,64000,51000,19.26,3200,0,False
L014995,C09947,4,500000,326600,8.91,7360,2,False
L014996,C09948,3,1706000,1264500,2.76,8360,0,False
L014997,C09949,3,2446000,1650900,2.96,10350,0,False
L014998,C09950,3,2565000,2105700,2.81,10010,0,False
L014999,C09950,1,430000,187400,7.48,6670,1,False
L015000,C09951,2,54000,38700,20.2,2700,0,False
L015001,C09952,2,38000,26800,14.95,1900,0,False
L015002,C09953,3,1654000,758500,2.87,7440,1,False
L015003,C09954,3,1154000,622700,2.96,4740,0,False
L015004,C09955,1,101000,37300,5.42,1950,0,False
L015005,C09956,3,1765000,1081200,3.88,6940,1,False
L015006,C09957,4,247000,150600,7.05,2600,2,False
L015007,C09957,2,44000,25300,13.54,2200,0,False
L015008,C09958,4,203000,100900,13.37,3670,0,False
L015009,C09959,4,360000,283600,8.04,4170,4,False
L015010,C09959,2,63000,10000,18.38,3150,0,False
L015011,C09960,4,92000,78600,7.04,1500,0,False
L015012,C09961,4,343000,194900,9.04,4690,0,False
L015013,C09962,3,2291000,1697100,2.99,11220,0,False
L015014,C09963,2,59000,18200,15.92,2950,0,False
L015015,C09963,1,282000,76500,7.12,9820,0,False
L015016,C09964,3,1639000,841600,3.06,7520,0,False
L015017,C09965,2,12000,4900,17.76,600,0,False
L015018,C09965,4,85000,19400,8.03,2500,0,False
L015019,C09966,2,16000,6200,12.11,800,0,False
L015020,C09967,4,251000,208600,6.04,4220,0,False
L015021,C09967,3,1677000,1377200,2.98,7490,0,False
L015022,C09967,2,21000,13000,17.51,1050,0,False
L015023,C09968,4,66000,25100,6.01,740,0,False
L015024,C09968,1,117000,103500,8.41,3040,0,False
L015025,C09969,4,290000,101300,9.81,4500,0,False
L015026,C09969,3,2023000,1881700,2.69,8260,0,False
L015027,C09970,3,1240000,850300,2.76,4640,0,False
L015028,C09970,4,95000,46400,8.95,1840,0,False
L015029,C09970,1,234000,59700,8.32,3210,0,False
L015030,C09971,2,9000,2200,18.54,450,0,False
L015031,C09972,3,810000,525300,2.75,3130,0,False
L015032,C09973,2,34000,2900,13.92,1700,2,False
L015033,C09974,2,8000,5600,19.15,400,0,False
L015034,C09974,4,18000,13500,9.64,520,0,False
L015035,C09975,2,89000,72000,16.68,4450,1,False
L015036,C09975,3,2229000,1962700,3.2,9980,1,False
L015037,C09975,1,559000,199500,6.11,7420,0,False
L015038,C09976,3,1057000,870400,2.46,4490,0,False
L015039,C09976,4,175000,113600,11.62,6910,0,False
L015040,C09977,3,2271000,1845200,2.68,10660,3,False
L015041,C09977,4,132000,80300,4.5,1320,0,False
L015042,C09977,1,318000,104900,5.89,4310,1,False
L015043,C09978,4,137000,57700,7.76,2420,0,False
L015044,C09979,2,44000,5800,16.27,2200,0,False
L015045,C09980,1,211000,160800,6.42,4800,1,False
L015046,C09981,3,1144000,785600,2.73,4350,0,False
L015047,C09982,3,2194000,1140800,2.97,8230,0,False
L015048,C09982,4,128000,94000,7.94,2250,0,False
L015049,C09983,3,1598000,1064000,2.29,7190,0,False
L015050,C09983,4,167000,54100,6.37,1960,0,False
L015051,C09983,2,64000,49900,15.76,3200,0,False
L015052,C09984,2,24000,17200,19.63,1200,0,False
L015053,C09984,1,167000,117200,5.61,2500,0,False
L015054,C09985,3,313000,273900,3.31,1490,0,False
L015055,C09986,3,1549000,833600,2.99,6080,0,False
L015056,C09986,4,362000,291400,9.36,4950,0,False
L015057,C09986,1,209000,97800,7.61,3390,0,False
L015058,C09987,4,149000,103300,10.74,3080,0,False
L015059,C09987,3,2951000,2455700,3.22,15310,0,False
L015060,C09988,1,267000,158000,7.49,11070,0,False
L015061,C09989,2,5000,1300,21.66,250,0,False
L015062,C09990,4,65000,23400,6.81,660,0,False
L015063,C09991,2,10000,3900,13.62,500,1,False
L015064,C09991,1,109000,45400,4.31,2610,0,False
L015065,C09992,3,1672000,1293800,2.68,8030,1,False
L015066,C09992,1,298000,243700,6.47,4290,0,False
L015067,C09993,4,333000,85900,5.6,7380,1,False
L015068,C09994,3,1259000,1114500,2.82,5030,0,False
L015069,C09994,2,20000,3800,17.79,1000,0,False
L015070,C09995,2,11000,3700,16.05,550,0,False
L015071,C09996,2,16000,13200,17.67,800,0,False
L015072,C09997,2,14000,4300,10.99,700,0,False
L015073,C09998,2,19000,8400,18.44,950,0,False
L015074,C09998,4,91000,73900,10.16,1280,0,False
L015075,C09999,3,1007000,953700,3.21,5410,0,False
L015076,C09999,2,59000,16000,19.37,2950,0,False
L015077,C09999,1,297000,127300,6.48,4110,3,False
L015078,C10000,2,19000,4500,19.46,950,0,False
L015079,C10000,3,1054000,645900,3.22,4920,0,False
